YearMonth,Station,Day_1,Day_2,Day_3,Day_4,Day_5,Day_6,Day_7,Day_8,Day_9,Day_10,Day_11,Day_12,Day_13,Day_14,Day_15,Day_16,Day_17,Day_18,Day_19,Day_20,Day_21,Day_22,Day_23,Day_24,Day_25,Day_26,Day_27,Day_28,Day_29,Day_30,Day_31
201501,Badgerys Creek AWS,34.7,30.5,34.3,34.8,27.2,30.2,32.5,33.7,35.1,30.1,21.0,24.4,28.6,31.8,30.3,32.5,34.8,32.2,19.9,25.2,28.2,31.3,34.5,32.8,34.9,20.6,19.2,21.4,24.1,27.0,28.4
201501,Bankstown Airport AWS,32.9,30.1,32.4,35.8,27.2,29.4,31.9,31.6,35.7,29.7,23.3,25.5,29.9,33.2,28.3,32.2,35.1,29.0,22.2,26.5,29.8,30.1,32.2,32.5,37.0,21.3,20.3,22.2,24.8,27.9,27.5
201501,Camden Airport AWS,34.0,30.0,34.2,34.0,28.2,30.2,32.1,33.4,34.4,29.9,21.3,26.3,29.6,31.8,30.5,32.4,33.7,31.3,20.1,25.5,29.6,30.4,33.3,32.6,35.1,20.9,20.1,22.3,24.9,27.7,27.8
201501,Campbelltown (Mount Annan),34.0,30.5,34.0,35.1,27.8,30.4,32.3,33.5,35.7,29.5,21.1,25.0,29.6,31.3,28.9,32.2,33.5,30.3,21.2,25.1,29.6,30.4,33.1,32.6,34.8,20.6,20.4,22.1,25.0,26.8,27.6
201501,Canterbury Racecourse AWS,29.4,27.1,29.9,33.2,25.1,28.2,29.8,29.0,33.5,28.9,22.6,23.8,28.0,32.5,27.3,30.2,34.2,27.9,22.0,25.4,28.1,28.5,30.1,30.6,35.9,20.4,19.8,20.9,22.9,26.5,25.0
201501,Holsworthy Aerodrome AWS,32.8,29.1,33.0,36.8,27.6,29.3,31.5,32.0,35.1,29.7,22.0,24.8,29.6,33.3,28.4,32.4,34.8,29.4,20.6,25.8,28.8,29.8,32.1,32.5,37.3,20.8,19.9,21.8,24.5,26.8,26.3
201501,Horsley Park Equestrian Centre AWS,32.9,29.1,33.1,34.7,27.0,29.2,32.2,33.0,35.8,29.4,21.1,24.3,28.5,31.6,29.5,32.6,34.1,30.2,19.9,25.6,29.1,29.9,33.1,32.8,35.7,20.1,18.8,21.5,24.6,27.1,27.0
201501,Parramatta North (Masons Drive),32.8,28.7,32.0,35.0,26.5,28.7,30.3,31.5,34.4,30.0,22.4,23.3,28.8,32.2,28.3,31.5,34.7,29.7,21.6,26.0,28.8,29.4,31.8,31.8,36.5,21.0,19.8,20.5,24.4,27.9,27.0
201501,Penrith Lakes AWS,35.8,31.8,35.8,37.3,27.5,31.9,33.6,34.9,35.9,30.0,22.2,25.0,30.1,32.7,31.7,33.6,35.9,32.1,20.4,27.4,30.8,31.4,34.7,34.0,36.7,20.7,19.4,20.8,24.9,28.0,29.4
201501,Prospect Reservoir,34.5,29.6,33.1,35.4,27.1,29.2,32.0,33.8,35.4,30.5,24.0,24.5,29.5,32.1,29.9,33.1,34.4,30.6,20.8,27.0,30.0,30.3,32.9,32.6,35.7,20.5,19.2,21.4,24.7,28.0,28.0
201501,Richmond RAAF,34.8,31.9,33.9,36.5,27.5,30.5,32.7,33.6,35.7,30.5,21.7,25.6,30.1,32.3,30.9,32.9,34.5,31.6,20.3,27.4,30.2,31.3,34.1,34.2,36.3,20.4,20.2,20.3,25.1,27.5,28.0
201501,Riverview Observatory,33.5,27.0,30.1,32.4,,28.4,,30.4,31.9,,,,,,,,,,,,,,,,,,,,,,
201501,Springwood (Valley Heights),32.7,28.4,32.7,34.4,25.2,28.9,30.2,31.5,32.6,27.2,19.5,22.8,27.5,30.0,29.2,31.7,33.2,29.6,18.5,,,,,,,,,,,,
201501,Sydney (Observatory Hill),28.4,28.5,28.8,30.4,26.3,28.2,29.3,28.0,29.9,28.7,22.9,24.4,28.8,34.2,29.0,27.6,35.7,29.1,22.7,24.8,28.0,28.3,29.1,29.1,34.4,20.4,20.4,20.5,24.3,27.3,26.1
201501,Sydney Airport AMO,30.7,27.5,31.4,33.8,25.8,28.8,31.5,30.8,33.3,28.4,23.1,23.2,29.9,35.0,27.1,29.1,35.8,27.2,23.0,27.1,29.1,29.3,31.7,31.6,36.6,21.1,20.6,21.5,21.7,25.2,25.6
201501,Terrey Hills AWS,,26.9,28.8,31.5,23.9,26.6,28.4,27.7,32.5,27.9,20.5,21.6,27.4,31.5,26.7,27.4,33.4,26.7,19.9,24.5,27.1,27.1,28.3,29.3,33.2,19.2,19.4,18.5,,,23.8
201501,"Values are the maximum temperature, usually in the 24 hoursfrom9 am on the day indicated,and typically occurred in the afternoon of that day.",,,,,,,,,,,,,,,,,,,,,,,,,,,,,,,
201501,Temperatures coloured according to their differencefrom the long-termaveragefor the period,-10.0,-9.0,-8.0,-7.0,-6.0,-5.0,-4.0,-3.0,-2.0,-1.0,0.0,+1.0,+2.0,+3.0,+4.0,+5.0,+6.0,+7.0,+8.0,+9.0,+10.0,°C,Grey outline marks highestand lowest for the period,,,,,,,,
201502,Badgerys Creek AWS,27.3,25.4,25.9,26.0,23.1,25.3,28.6,36.4,26.4,29.7,31.4,30.8,26.7,27.8,30.3,30.5,30.4,30.5,28.4,28.4,24.4,26.2,28.2,27.3,23.0,26.8,29.1,31.6,,,
201502,Bankstown Airport AWS,26.3,26.0,25.9,25.1,24.6,25.5,28.6,35.4,27.5,28.5,30.2,30.4,28.1,29.0,29.9,30.0,29.9,29.2,28.9,28.0,25.4,28.5,28.3,26.4,24.2,27.8,28.3,29.4,,,
201502,Camden Airport AWS,27.3,26.5,26.3,25.4,23.8,25.6,28.7,37.3,26.5,30.1,30.8,30.2,26.8,27.5,29.9,30.5,31.1,29.9,28.3,28.5,24.7,27.4,28.6,27.9,22.9,26.3,28.5,31.5,,,
201502,Campbelltown (Mount Annan),26.4,25.7,26.2,25.4,22.6,24.8,28.8,35.7,26.6,29.0,30.5,29.4,27.6,28.2,29.2,30.4,30.4,29.7,28.0,28.1,24.9,27.4,28.1,26.9,23.1,26.7,28.3,30.0,,,
201502,Canterbury Racecourse AWS,25.4,23.9,23.7,24.1,22.8,24.4,26.9,33.2,25.7,28.1,28.8,29.1,26.4,27.4,29.0,28.1,27.9,27.6,27.6,27.3,25.5,27.6,27.4,24.3,22.5,26.6,26.3,27.7,,,
201502,Holsworthy Aerodrome AWS,25.7,25.1,25.7,25.0,22.6,24.8,28.5,35.3,26.5,28.3,30.1,29.4,27.6,28.2,29.1,29.2,29.4,29.1,27.8,27.2,25.3,26.6,27.7,26.4,23.4,27.1,27.1,28.8,,,
201502,Horsley Park Equestrian Centre AWS,26.6,24.9,25.5,25.1,23.7,25.5,28.9,35.5,26.4,29.3,29.9,30.0,27.4,28.1,29.6,29.9,29.7,29.3,28.4,27.7,25.2,26.6,28.4,26.0,22.5,26.9,28.2,30.7,,,
201502,Parramatta North (Masons Drive),26.2,25.0,25.3,25.0,23.8,24.8,27.3,35.2,26.2,28.4,29.0,29.0,26.5,27.7,29.8,29.3,29.0,28.9,28.0,27.2,25.2,27.3,28.0,26.4,23.0,27.2,27.2,30.6,,,
201502,Penrith Lakes AWS,28.1,26.5,27.1,26.1,24.3,25.7,29.3,37.3,26.4,30.8,31.4,31.6,27.1,28.2,31.3,31.1,31.4,30.7,29.5,28.2,25.6,26.2,28.5,28.9,23.9,26.6,29.4,31.9,,,
201502,Prospect Reservoir,27.1,24.8,25.7,25.2,23.7,25.8,29.0,35.9,26.9,29.4,29.9,29.8,27.5,28.2,30.6,30.4,30.0,29.1,28.0,27.8,26.0,27.7,28.4,27.3,22.4,28.2,28.1,31.4,,,
201502,Richmond RAAF,27.4,25.8,26.5,25.3,23.9,25.5,28.8,36.2,27.6,30.6,30.8,31.1,26.6,28.6,30.9,30.9,30.7,30.1,27.0,27.4,28.0,27.4,28.4,29.0,25.0,26.5,28.8,31.3,,,
201502,Springwood (Valley Heights),,,,22.9,21.2,22.9,26.1,35.5,25.4,28.0,28.7,29.0,25.0,25.9,28.3,27.8,28.5,28.4,26.3,26.0,23.7,23.8,25.9,26.5,22.5,24.0,26.5,28.0,,,
201502,Sydney (Observatory Hill),26.6,25.0,26.5,25.6,24.3,25.6,26.5,32.1,25.9,28.2,28.6,28.8,28.1,27.2,29.4,28.0,27.8,27.6,27.6,26.8,25.6,27.4,27.6,25.6,23.8,25.8,27.5,27.0,,,
201502,Sydney Airport AMO,25.2,22.7,24.0,23.5,24.0,25.8,27.7,33.1,27.1,28.8,30.7,30.2,27.0,29.5,29.1,29.8,29.8,30.0,27.5,27.4,24.7,27.7,28.0,24.1,23.6,28.4,27.0,29.4,,,
201502,Terrey Hills AWS,24.2,23.0,23.2,23.0,22.9,23.1,25.2,31.3,23.3,26.6,27.4,27.3,26.2,26.6,27.2,27.3,26.9,27.1,27.3,24.9,24.3,24.7,26.8,24.0,21.8,25.7,25.5,27.4,,,
201502,"Values are the maximum temperature, usually in the 24 hoursfrom9 am on the day indicated,and typically occurred in the afternoon of that day.",,,,,,,,,,,,,,,,,,,,,,,,,,,,,,,
201502,Temperatures coloured according to their differencefrom the long-termaveragefor the period,-10.0,-9.0,-8.0,-7.0,-6.0,-5.0,-4.0,-3.0,-2.0,-1.0,0.0,+1.0,+2.0,+3.0,+4.0,+5.0,+6.0,+7.0,+8.0,+9.0,+10.0,°C,Grey outline marks highestand lowest for the period,,,,,,,,
201503,Badgerys Creek AWS,36.6,22.9,30.2,30.8,27.9,30.3,28.6,30.3,33.7,27.8,30.6,28.4,19.3,26.1,24.8,24.1,23.0,30.3,32.0,31.2,21.6,23.3,29.4,24.7,24.4,28.1,26.7,24.9,26.9,25.0,22.9
201503,Bankstown Airport AWS,36.9,24.0,30.1,29.8,28.0,30.4,26.8,27.8,33.5,26.8,30.6,28.1,21.4,26.7,24.7,24.3,24.6,29.3,31.4,30.7,23.9,24.9,29.5,26.9,24.3,27.8,26.6,23.7,26.6,25.7,23.4
201503,Camden Airport AWS,34.2,23.1,29.9,30.5,27.8,29.2,28.2,30.1,33.6,27.4,31.5,28.8,19.5,26.2,24.3,23.9,23.3,29.5,31.5,31.9,21.6,23.1,29.1,23.2,23.9,26.2,25.6,24.4,25.6,25.6,24.0
201503,Campbelltown (Mount Annan),34.2,23.3,30.3,30.3,27.6,29.0,27.4,29.6,33.2,27.2,31.3,28.1,19.2,26.1,24.9,24.0,22.7,29.7,31.3,31.5,21.5,23.9,28.9,22.9,24.2,26.0,25.2,24.8,26.3,24.8,25.0
201503,Canterbury Racecourse AWS,35.9,23.2,27.0,27.6,26.6,29.3,25.0,25.4,31.9,24.3,28.9,26.6,21.2,24.4,22.8,22.5,22.5,28.2,27.2,28.7,22.0,24.2,26.7,25.6,21.8,26.9,25.3,21.3,24.7,24.4,21.8
201503,Holsworthy Aerodrome AWS,35.5,23.5,29.5,29.7,27.6,29.8,26.2,27.4,33.8,26.4,30.2,27.4,20.4,26.2,23.9,23.2,23.3,29.4,31.4,29.4,22.9,23.9,29.0,25.6,22.9,27.1,26.2,23.2,26.5,24.8,23.0
201503,Horsley Park Equestrian Centre AWS,35.9,23.0,30.5,30.2,27.2,30.3,27.2,29.0,33.5,28.0,31.0,28.5,19.3,26.7,24.6,23.4,23.1,29.6,32.2,31.2,21.9,23.5,29.4,26.8,23.4,27.2,26.4,24.4,27.8,25.7,23.3
201503,Parramatta North (Masons Drive),36.2,23.7,30.0,29.5,28.0,30.2,26.1,26.5,32.8,26.6,30.5,27.3,21.0,25.8,24.0,22.8,23.0,30.0,31.6,31.5,22.3,23.6,29.0,28.0,23.3,27.5,26.7,24.2,27.2,25.2,22.0
201503,Penrith Lakes AWS,37.4,23.8,31.1,32.1,29.0,30.9,29.5,31.2,34.6,27.8,31.8,29.4,19.4,27.2,25.4,24.3,23.6,29.7,32.5,33.6,21.1,22.7,29.8,26.3,25.2,27.6,27.4,25.1,28.4,26.3,23.0
201503,Prospect Reservoir,36.5,23.9,30.6,30.7,28.1,30.4,27.0,28.3,33.7,26.9,31.9,28.4,20.7,27.7,24.2,24.5,24.1,30.2,32.7,32.6,22.4,24.0,29.7,28.0,24.5,27.8,26.8,25.2,27.0,25.0,22.7
201503,Richmond RAAF,36.9,23.4,31.0,30.6,28.6,30.7,29.0,30.2,33.6,28.0,31.4,29.6,19.9,26.5,25.4,24.3,23.5,30.2,32.0,33.9,21.3,23.3,29.4,26.4,25.1,27.6,27.4,24.9,28.1,25.3,23.8
201503,Springwood (Valley Heights),35.3,20.9,28.5,28.5,28.1,29.0,26.5,28.2,31.1,26.0,28.5,27.5,17.0,24.0,23.0,22.3,21.4,27.2,29.4,33.2,18.3,20.2,26.7,24.7,22.1,25.8,26.0,22.1,25.3,22.8,
201503,Sydney (Observatory Hill),36.4,24.6,27.7,27.9,28.6,30.9,25.4,27.6,31.2,24.5,27.9,28.7,21.9,24.5,24.9,23.6,24.4,29.9,28.9,31.4,23.1,24.4,26.5,27.6,24.8,28.7,27.6,24.5,24.7,23.9,24.1
201503,Sydney Airport AMO,37.9,24.2,28.7,28.4,27.5,30.5,27.0,24.6,31.3,25.5,30.2,25.6,22.6,24.8,22.8,23.8,25.3,29.8,28.1,30.7,23.4,25.3,28.2,26.5,23.2,29.2,27.1,23.1,26.4,24.4,23.8
201503,Terrey Hills AWS,35.6,22.3,26.4,26.3,26.3,29.0,24.8,26.1,29.1,24.7,28.0,26.5,19.2,22.9,22.6,21.2,22.1,29.5,27.4,33.8,20.5,22.8,25.6,26.4,22.2,26.2,25.0,22.4,24.2,23.7,23.0
201503,"Values are the maximum temperature, usually in the 24 hoursfrom9 am on the day indicated,and typically occurred in the afternoon of that day.",,,,,,,,,,,,,,,,,,,,,,,,,,,,,,,
201503,Temperatures coloured according to their differencefrom the long-termaveragefor the period,-10.0,-9.0,-8.0,-7.0,-6.0,-5.0,-4.0,-3.0,-2.0,-1.0,0.0,+1.0,+2.0,+3.0,+4.0,+5.0,+6.0,+7.0,+8.0,+9.0,+10.0,°C,Grey outline marks highestand lowest for the period,,,,,,,,
201504,Badgerys Creek AWS,26.1,28.9,17.3,19.3,25.7,24.5,21.6,21.9,22.3,21.6,23.0,22.9,22.9,23.3,27.3,30.2,21.1,27.3,23.4,15.0,15.8,18.5,23.1,25.3,24.0,20.0,19.7,21.0,18.9,18.5,
201504,Bankstown Airport AWS,26.2,29.8,18.7,19.2,26.2,26.2,23.2,22.7,22.6,22.6,22.5,23.9,22.1,24.1,28.0,31.7,24.1,28.0,23.5,17.0,17.8,18.8,22.6,26.0,24.9,18.7,20.1,20.6,19.4,19.6,
201504,Camden Airport AWS,26.7,28.7,17.6,19.6,26.5,24.4,22.6,22.2,22.8,21.0,23.4,22.6,22.8,23.8,27.3,31.1,20.4,26.4,23.6,15.2,16.2,18.8,23.7,25.6,23.5,20.1,20.4,21.0,19.9,19.7,
201504,Campbelltown (Mount Annan),26.4,28.9,17.4,19.2,26.3,24.7,23.2,21.2,23.1,21.9,23.3,22.6,21.8,23.3,27.8,30.9,20.2,27.1,23.9,15.0,15.7,18.2,23.8,25.1,23.6,19.4,20.3,21.1,20.7,19.7,
201504,Canterbury Racecourse AWS,23.7,28.0,17.7,16.6,22.8,25.4,22.4,21.0,20.0,20.0,21.0,21.5,19.6,22.3,25.7,30.2,22.8,26.9,21.7,15.7,16.3,17.3,20.9,24.4,24.0,17.2,18.3,18.3,17.9,18.4,
201504,Holsworthy Aerodrome AWS,25.8,29.6,18.4,19.4,25.7,25.4,22.9,22.1,21.8,21.8,22.5,22.8,21.3,23.3,27.8,31.4,21.1,27.7,22.3,16.2,16.9,18.8,22.5,25.3,24.0,18.4,19.6,,19.7,19.0,
201504,Horsley Park Equestrian Centre AWS,26.2,29.4,17.3,19.4,26.0,24.8,22.4,22.0,22.5,22.6,23.0,22.9,21.8,23.2,27.6,30.7,22.6,27.7,23.3,15.6,16.1,18.8,22.6,25.4,24.2,19.0,20.8,20.7,19.4,19.1,
201504,Parramatta North (Masons Drive),23.5,29.0,18.0,19.8,25.8,25.9,23.0,22.7,21.3,22.2,22.0,23.0,21.8,23.7,28.0,31.2,23.8,27.4,23.0,16.3,17.0,18.2,21.0,25.3,25.1,18.5,20.5,20.6,18.5,,
201504,Penrith Lakes AWS,26.7,29.1,17.7,20.9,26.2,24.1,21.7,23.1,22.8,21.2,23.6,24.2,23.6,24.1,28.0,31.2,21.9,27.8,23.8,14.6,15.8,19.4,24.0,26.1,24.4,20.5,20.3,21.2,19.9,19.8,
201504,Prospect Reservoir,27.0,29.0,,20.2,26.5,25.9,23.1,22.2,22.4,22.5,24.0,23.4,22.3,24.4,28.4,30.4,23.2,27.7,24.1,16.2,16.6,18.0,22.9,25.6,25.0,19.2,20.3,,,18.8,
201504,Richmond RAAF,26.6,29.7,17.5,20.2,25.0,25.4,21.7,23.3,22.6,21.6,23.6,24.4,22.7,24.0,27.9,31.3,23.2,27.7,23.9,15.0,16.1,18.7,23.2,26.0,24.9,20.5,20.5,20.9,19.7,19.0,
201504,Springwood (Valley Heights),25.5,26.8,16.0,20.0,23.9,22.5,20.0,21.1,21.0,20.1,21.0,22.6,21.0,21.8,25.2,29.9,20.7,26.2,22.5,12.6,14.5,18.3,22.0,24.9,22.0,18.3,18.8,18.7,17.5,,
201504,Sydney (Observatory Hill),25.3,27.9,19.0,20.1,25.9,24.9,23.0,22.3,22.2,22.4,22.7,23.5,22.2,22.4,24.2,31.7,23.7,28.6,22.5,17.2,17.7,17.9,23.8,25.1,25.9,17.1,20.9,20.9,18.9,20.9,
201504,Sydney Airport AMO,27.0,31.0,19.8,19.7,23.2,25.7,24.3,23.0,20.4,20.3,21.1,21.5,20.8,23.3,26.7,32.6,25.2,29.4,21.9,17.2,18.0,18.8,21.2,27.9,24.6,17.5,18.2,18.6,18.4,19.4,
201504,Terrey Hills AWS,24.5,27.2,17.8,17.7,23.1,25.4,22.3,20.8,19.7,19.5,20.3,21.7,20.1,21.5,25.1,30.1,21.8,25.8,21.7,15.6,16.8,17.6,20.6,24.7,23.7,16.5,17.8,18.3,17.4,18.1,
201504,"Values are the maximum temperature, usually in the 24 hoursfrom9 am on the day indicated,and typically occurred in the afternoon of that day.",,,,,,,,,,,,,,,,,,,,,,,,,,,,,,,
201504,Temperatures coloured according to their differencefrom the long-termaveragefor the period,-10.0,-9.0,-8.0,-7.0,-6.0,-5.0,-4.0,-3.0,-2.0,-1.0,0.0,+1.0,+2.0,+3.0,+4.0,+5.0,+6.0,+7.0,+8.0,+9.0,+10.0,°C,Grey outline marks highestand lowest for the period,,,,,,,,
201505,Badgerys Creek AWS,20.6,21.2,23.2,22.1,25.8,19.3,18.5,20.4,20.1,20.4,20.1,20.8,15.0,16.9,19.5,19.0,20.4,19.3,17.9,23.7,21.0,15.6,17.9,19.0,17.1,18.0,20.0,20.5,19.0,14.8,12.8
201505,Bankstown Airport AWS,21.0,22.5,22.8,22.2,27.0,20.5,20.0,20.5,21.1,21.4,21.7,22.5,16.6,17.8,20.3,20.4,20.3,19.5,20.8,24.2,21.4,17.1,18.8,19.3,18.3,18.1,20.7,21.8,19.9,17.7,15.2
201505,Camden Airport AWS,21.2,22.6,24.3,23.2,26.7,19.5,18.8,20.3,20.2,21.3,20.3,21.5,15.6,17.2,20.2,19.9,19.9,19.8,16.0,24.3,20.9,16.1,18.5,19.1,17.6,18.2,19.8,20.8,19.9,15.3,14.8
201505,Campbelltown (Mount Annan),21.5,22.8,23.5,23.1,26.7,19.5,18.7,19.8,20.0,21.1,20.0,21.4,16.0,17.1,20.7,20.8,20.8,19.8,16.6,24.4,20.6,16.8,18.7,18.7,17.6,18.8,19.5,21.2,20.0,15.8,13.9
201505,Canterbury Racecourse AWS,19.5,21.9,20.6,20.9,26.3,19.4,18.8,19.7,20.0,20.2,20.4,21.2,15.9,17.1,18.5,18.6,18.5,18.9,20.8,23.7,20.0,16.5,17.2,18.1,17.9,17.9,20.3,21.4,18.6,18.1,14.6
201505,Holsworthy Aerodrome AWS,20.5,21.6,22.9,21.6,26.5,19.6,19.1,20.2,20.5,21.0,20.5,22.0,16.4,17.4,19.7,19.5,20.1,19.4,18.7,24.4,20.9,16.7,18.1,19.1,17.4,17.9,,21.0,19.6,16.4,14.3
201505,Horsley Park Equestrian Centre AWS,20.4,21.5,23.3,21.9,26.5,20.0,19.4,20.0,20.4,20.7,21.0,21.8,15.8,17.2,20.1,19.9,19.4,19.6,19.6,23.8,21.6,16.3,18.2,19.3,17.2,18.4,20.1,21.1,18.9,15.8,13.3
201505,Parramatta North (Masons Drive),20.7,22.0,22.0,22.0,26.8,20.7,20.2,20.5,20.8,21.0,21.5,22.2,16.8,18.0,20.2,20.3,19.2,20.2,21.7,24.3,22.3,17.0,18.7,19.2,18.8,18.4,20.2,22.0,19.2,17.0,14.2
201505,Penrith Lakes AWS,21.1,21.4,23.7,23.0,27.1,20.9,20.3,21.1,21.2,21.8,21.9,22.2,17.1,18.9,20.8,20.5,21.0,19.2,18.4,24.2,21.7,16.1,18.8,20.0,16.1,17.6,19.6,20.0,19.1,15.8,13.4
201505,Prospect Reservoir,21.8,22.0,23.5,22.2,26.8,19.9,20.0,19.7,20.6,20.6,21.3,21.3,,,20.2,20.2,19.8,19.1,19.2,23.6,21.4,16.8,19.0,18.7,17.1,18.1,20.1,21.5,,16.6,
201505,Richmond RAAF,21.5,21.5,23.4,22.5,27.0,20.8,20.3,20.2,21.2,21.5,22.0,22.4,17.3,18.8,20.4,19.8,20.5,17.8,19.2,24.5,21.5,16.8,18.9,18.9,16.5,16.7,19.0,20.5,19.4,16.9,14.8
201505,Springwood (Valley Heights),18.2,18.8,21.6,21.3,25.9,19.1,18.5,18.0,20.4,19.6,19.4,20.6,15.1,17.5,19.4,18.6,17.5,16.5,18.0,23.5,20.4,13.5,16.7,17.3,15.6,16.9,19.0,19.3,17.8,15.4,14.4
201505,Sydney (Observatory Hill),21.7,23.0,20.9,21.8,27.5,21.0,20.3,21.0,21.0,21.2,21.9,22.5,17.3,19.3,20.0,20.8,20.5,19.3,21.5,25.4,21.8,17.7,19.0,20.3,19.5,19.0,21.6,21.0,19.2,18.3,15.0
201505,Sydney Airport AMO,21.7,23.6,20.6,20.9,28.6,21.5,20.9,21.4,22.2,22.0,22.2,23.5,17.4,18.2,17.9,18.3,19.2,19.0,22.5,25.4,20.7,17.4,16.9,18.6,19.7,18.8,22.3,23.1,21.1,19.1,16.5
201505,Terrey Hills AWS,19.6,20.3,18.8,19.8,24.9,19.1,18.6,18.7,19.5,19.8,20.4,21.0,15.3,16.1,17.6,18.3,17.5,17.8,19.9,23.4,19.5,15.7,16.8,17.3,18.1,17.1,19.0,21.1,17.6,17.4,13.3
201505,"Values are the maximum temperature, usually in the 24 hoursfrom9 am on the day indicated,and typically occurred in the afternoon of that day.",,,,,,,,,,,,,,,,,,,,,,,,,,,,,,,
201505,Temperatures coloured according to their differencefrom the long-termaveragefor the period,-10.0,-9.0,-8.0,-7.0,-6.0,-5.0,-4.0,-3.0,-2.0,-1.0,0.0,+1.0,+2.0,+3.0,+4.0,+5.0,+6.0,+7.0,+8.0,+9.0,+10.0,°C,Grey outline marks highestand lowest for the period,,,,,,,,
201506,Badgerys Creek AWS,14.2,15.2,17.1,16.8,15.1,20.3,20.0,21.9,21.5,14.9,17.8,17.6,18.1,19.6,18.1,14.6,15.2,16.4,15.0,14.8,16.0,16.9,18.3,18.3,19.2,18.1,19.4,18.0,18.2,17.5,
201506,Bankstown Airport AWS,15.1,16.0,17.3,17.5,16.1,20.3,21.2,22.3,22.1,15.6,17.9,19.4,18.9,19.7,16.6,15.6,16.7,17.5,15.3,15.8,14.8,18.1,20.6,21.4,19.7,18.5,19.4,18.4,19.1,18.5,
201506,Camden Airport AWS,14.6,15.5,17.1,17.4,15.6,20.1,20.0,22.3,21.2,16.0,17.6,17.4,18.3,19.6,19.3,15.0,15.2,16.0,16.1,16.2,16.5,17.3,18.6,18.5,19.4,17.9,19.6,17.8,18.0,18.6,
201506,Campbelltown (Mount Annan),14.5,15.4,17.1,17.6,16.0,19.9,20.2,21.9,21.3,15.9,17.3,18.5,18.3,19.6,18.0,14.6,15.0,16.1,15.7,15.8,15.1,17.5,18.9,19.2,20.3,18.1,20.0,18.0,18.7,19.2,
201506,Canterbury Racecourse AWS,14.5,15.2,16.7,17.2,15.6,19.8,20.7,21.7,21.1,14.6,16.5,18.4,18.6,18.8,16.2,14.7,16.9,17.0,14.0,14.9,13.3,17.9,19.5,21.1,18.3,18.0,19.0,17.5,18.9,18.7,
201506,Holsworthy Aerodrome AWS,14.8,15.7,17.1,17.0,15.7,20.0,20.2,21.8,21.8,15.0,17.2,18.6,18.2,19.4,18.8,15.0,15.8,17.1,14.8,15.8,15.1,16.9,19.1,20.3,19.1,18.2,19.1,18.1,18.5,18.2,
201506,Horsley Park Equestrian Centre AWS,14.4,15.1,16.6,16.9,15.0,19.7,20.3,21.7,21.7,14.5,16.9,17.5,18.3,19.6,17.2,14.6,16.0,16.7,15.0,15.0,15.1,16.8,18.9,20.1,19.0,18.0,19.0,17.7,18.4,17.8,
201506,Parramatta North (Masons Drive),15.2,16.0,16.8,17.8,16.3,20.5,21.2,22.3,22.0,14.0,16.8,18.3,18.8,19.4,16.8,15.4,17.8,17.2,14.5,16.0,14.5,18.2,20.0,20.5,19.2,18.8,18.5,18.2,19.0,19.0,
201506,Penrith Lakes AWS,15.3,15.3,16.9,17.4,16.0,20.2,20.7,22.6,23.1,15.1,18.3,19.1,19.1,18.8,17.4,14.6,16.3,17.4,15.9,14.9,16.5,16.6,18.1,20.8,19.7,18.6,17.8,17.1,18.6,17.6,
201506,Prospect Reservoir,14.4,15.2,16.9,17.4,15.4,19.1,20.7,21.7,21.9,14.7,17.3,18.0,18.6,18.7,17.0,15.0,16.8,16.6,15.2,14.9,15.0,17.0,19.2,19.3,19.2,17.6,18.6,17.0,18.5,17.7,
201506,Richmond RAAF,15.3,15.4,16.5,17.4,15.9,19.7,21.9,23.0,22.7,14.2,16.9,18.7,19.2,18.9,16.9,15.1,16.4,17.9,14.7,15.0,16.5,18.2,19.7,20.3,19.0,18.2,18.5,16.6,18.3,16.8,
201506,Springwood (Valley Heights),13.7,14.3,15.1,15.1,14.0,17.9,21.0,21.8,22.0,12.5,15.8,16.5,16.7,17.0,16.5,13.7,14.5,16.0,13.5,13.5,14.2,16.0,19.0,19.0,17.5,16.5,16.4,15.3,16.0,17.0,
201506,Sydney (Observatory Hill),15.9,16.6,18.4,19.0,17.7,21.0,22.6,22.9,22.6,14.6,16.1,19.4,19.7,19.9,16.9,17.9,17.6,17.4,14.5,16.6,14.1,19.2,20.3,21.3,19.4,19.2,19.4,19.6,19.5,19.1,
201506,Sydney Airport AMO,14.6,14.8,16.5,19.3,16.9,21.0,22.3,23.6,23.3,15.2,17.0,19.1,20.3,19.7,18.6,17.9,18.3,17.4,14.1,14.8,13.9,19.3,20.6,21.9,18.3,17.9,19.7,17.6,19.0,20.3,
201506,Terrey Hills AWS,13.1,14.2,15.6,16.7,14.4,18.4,19.3,21.6,21.3,12.9,15.8,17.4,17.9,18.5,17.3,16.2,15.1,15.9,13.3,13.7,14.5,16.8,18.6,19.5,18.3,16.5,17.8,16.3,17.6,18.3,
201506,"Values are the maximum temperature, usually in the 24 hoursfrom9 am on the day indicated,and typically occurred in the afternoon of that day.",,,,,,,,,,,,,,,,,,,,,,,,,,,,,,,
201506,Temperatures coloured according to their differencefrom the long-termaveragefor the period,-10.0,-9.0,-8.0,-7.0,-6.0,-5.0,-4.0,-3.0,-2.0,-1.0,0.0,+1.0,+2.0,+3.0,+4.0,+5.0,+6.0,+7.0,+8.0,+9.0,+10.0,°C,Grey outline marks highestand lowest for the period,,,,,,,,
201507,Badgerys Creek AWS,15.3,15.7,15.4,16.4,17.0,16.0,14.8,16.1,16.2,11.9,18.3,13.5,15.9,16.7,15.8,11.8,13.2,14.2,16.4,17.6,17.1,15.1,17.7,18.2,19.8,18.4,14.2,16.2,17.6,19.2,19.7
201507,Bankstown Airport AWS,16.2,16.0,15.8,16.5,17.5,16.8,15.0,15.8,17.5,14.1,19.1,14.3,16.8,16.8,16.3,12.3,14.3,14.7,16.6,17.1,18.9,17.7,18.3,19.9,20.3,20.5,14.9,17.6,17.9,20.3,20.0
201507,Camden Airport AWS,15.8,15.4,15.4,16.3,17.9,16.0,15.6,16.2,16.6,12.2,18.0,14.6,16.7,15.9,15.8,11.1,14.4,15.1,16.5,17.5,18.0,15.5,18.5,18.2,19.8,20.1,14.4,17.1,17.4,19.3,19.9
201507,Campbelltown (Mount Annan),16.2,15.6,15.1,16.4,17.5,15.6,15.7,15.9,16.4,12.4,18.1,13.7,16.4,15.7,15.7,10.2,14.5,15.5,17.0,17.4,17.9,15.1,18.3,17.8,19.6,20.0,14.1,17.5,17.4,18.6,19.7
201507,Canterbury Racecourse AWS,15.8,15.5,14.2,15.3,17.7,15.9,14.3,14.5,16.7,14.8,18.2,13.9,16.5,16.2,15.6,12.0,13.9,14.0,15.2,15.8,18.5,16.3,17.8,18.9,19.4,19.6,14.3,17.0,17.1,19.1,19.6
201507,Holsworthy Aerodrome AWS,16.3,15.6,15.5,16.0,17.2,16.2,15.3,15.2,16.7,13.3,18.2,14.2,16.5,16.2,15.3,10.7,14.0,14.2,15.8,16.9,18.2,16.7,17.5,18.4,19.9,19.6,14.4,17.1,17.6,19.4,19.8
201507,Horsley Park Equestrian Centre AWS,15.5,15.8,15.6,15.9,16.8,16.4,15.0,15.8,16.5,12.5,18.3,13.1,16.4,16.4,15.8,12.0,13.4,14.6,17.0,17.0,17.5,16.2,18.4,19.1,19.7,19.7,14.7,16.8,17.2,19.4,19.7
201507,Parramatta North (Masons Drive),16.7,16.2,16.2,15.8,17.5,16.5,14.3,16.2,17.3,14.3,18.8,13.8,17.2,17.3,16.2,12.8,14.0,14.3,16.5,16.9,19.0,16.5,17.3,19.5,20.2,19.8,15.3,17.2,18.0,19.8,20.2
201507,Penrith Lakes AWS,16.1,17.1,15.8,15.8,16.0,16.5,16.9,16.5,17.0,12.9,19.2,15.0,17.2,17.6,15.8,13.1,14.6,15.2,17.1,17.0,18.6,14.9,17.7,20.2,20.3,20.4,15.9,17.1,17.9,20.0,20.3
201507,Prospect Reservoir,15.8,15.4,15.2,15.2,16.6,16.1,14.9,15.7,16.4,13.0,18.7,13.8,15.8,16.2,15.7,12.3,13.5,14.3,16.6,17.2,18.1,16.9,17.6,19.2,20.0,19.6,14.6,17.2,17.4,19.8,19.5
201507,Richmond RAAF,15.6,17.2,15.5,14.9,16.2,16.7,16.0,15.9,16.6,11.8,18.6,14.6,17.9,17.2,15.8,12.9,14.6,15.7,17.2,17.5,18.7,15.7,17.4,20.6,20.3,20.6,15.9,17.4,17.1,20.0,20.2
201507,Springwood (Valley Heights),15.0,15.0,13.1,13.5,15.1,15.6,15.1,14.0,14.7,12.3,17.2,12.0,14.8,15.6,13.5,10.7,12.7,13.3,14.5,15.0,17.1,15.8,16.5,18.0,18.5,18.0,14.2,15.6,15.4,19.3,18.1
201507,Sydney (Observatory Hill),17.5,16.4,16.2,16.1,18.6,17.3,14.7,16.5,17.6,16.9,19.9,15.1,16.9,17.6,16.8,13.4,14.3,14.6,16.7,17.9,19.3,16.9,19.1,20.0,20.8,20.2,15.7,17.3,18.4,20.5,21.0
201507,Sydney Airport AMO,17.9,17.2,14.1,16.4,18.5,17.4,14.2,14.6,17.4,15.9,20.0,15.4,17.7,18.0,16.1,13.4,13.8,13.3,14.5,15.6,20.1,18.5,16.2,20.8,21.6,21.6,16.1,17.3,17.0,20.7,21.5
201507,Terrey Hills AWS,15.3,14.7,13.5,14.7,16.7,15.2,14.3,13.6,15.6,18.0,17.7,13.2,15.9,15.7,13.9,11.3,11.7,13.2,14.8,14.9,17.7,15.5,17.1,19.1,18.6,18.6,13.5,15.4,15.6,18.7,18.7
201507,"Values are the maximum temperature, usually in the 24 hoursfrom9 am on the day indicated,and typically occurred in the afternoon of that day.",,,,,,,,,,,,,,,,,,,,,,,,,,,,,,,
201507,Temperatures coloured according to their differencefrom the long-termaveragefor the period,-10.0,-9.0,-8.0,-7.0,-6.0,-5.0,-4.0,-3.0,-2.0,-1.0,0.0,+1.0,+2.0,+3.0,+4.0,+5.0,+6.0,+7.0,+8.0,+9.0,+10.0,°C,Grey outline marks highestand lowest for the period,,,,,,,,
201508,Badgerys Creek AWS,21.5,24.2,17.1,13.9,14.7,15.8,16.6,17.3,16.9,20.2,19.6,16.0,18.2,19.6,19.3,20.3,19.4,16.2,18.1,20.6,22.9,28.1,16.7,16.1,19.1,19.2,20.6,19.0,19.0,17.8,18.9
201508,Bankstown Airport AWS,22.4,24.8,18.8,14.8,16.1,17.0,17.9,16.7,18.0,20.3,20.0,17.5,19.2,19.6,18.5,20.9,20.5,16.4,17.9,21.2,23.3,28.1,18.0,17.1,19.7,20.2,21.1,20.0,19.9,18.3,19.7
201508,Camden Airport AWS,21.0,24.4,17.3,14.4,15.7,16.5,17.4,17.5,17.7,20.1,20.2,15.6,18.3,19.5,18.5,20.7,19.6,16.9,18.3,20.3,22.9,27.3,18.0,16.8,19.7,19.5,21.3,19.4,19.2,18.9,19.8
201508,Campbelltown (Mount Annan),21.5,24.4,16.8,14.0,15.1,16.1,18.0,17.6,17.8,19.7,19.4,14.9,18.1,19.5,19.0,20.1,19.4,16.9,17.3,20.2,23.1,27.2,17.8,17.4,17.9,19.6,20.7,19.8,19.2,18.9,20.1
201508,Canterbury Racecourse AWS,21.7,23.9,17.8,14.0,14.6,16.3,17.9,16.2,17.9,20.2,19.8,17.8,18.7,19.3,17.1,20.2,19.9,15.3,17.8,20.3,23.1,27.6,18.3,17.2,20.1,19.2,20.9,19.5,19.7,17.0,18.0
201508,Holsworthy Aerodrome AWS,21.5,24.1,17.4,14.4,15.2,16.3,18.1,16.3,17.4,19.5,19.9,16.4,18.8,19.9,16.9,20.8,20.1,15.8,16.8,20.6,22.9,27.8,17.5,16.8,19.5,19.5,20.3,19.7,19.4,17.7,19.4
201508,Horsley Park Equestrian Centre AWS,21.6,24.3,17.9,13.8,14.8,15.8,17.3,16.7,17.4,20.5,19.4,16.4,18.8,19.7,18.3,20.8,20.1,17.1,17.6,20.9,23.1,27.7,16.8,16.5,18.9,19.5,20.5,19.3,19.3,18.6,19.2
201508,Parramatta North (Masons Drive),22.0,24.5,18.6,13.4,14.8,17.2,18.2,16.7,18.3,20.8,20.0,16.6,19.2,20.0,18.5,20.8,20.0,16.3,16.8,21.0,23.2,27.2,18.0,16.7,19.4,20.0,20.2,19.9,19.5,18.3,20.0
201508,Penrith Lakes AWS,22.1,24.8,18.3,14.5,15.0,17.2,18.0,17.8,18.2,21.5,21.4,17.8,19.4,19.9,19.4,21.2,20.6,17.2,18.9,21.5,23.8,28.4,17.6,16.6,19.9,20.1,20.6,19.6,20.5,19.2,20.2
201508,Prospect Reservoir,22.0,24.5,18.3,14.3,14.8,16.2,17.3,17.7,18.1,20.3,19.7,16.7,18.3,19.2,19.2,20.8,19.5,17.2,17.7,20.7,23.4,27.7,17.5,16.2,18.8,20.5,20.5,20.0,19.7,19.3,19.9
201508,Richmond RAAF,22.3,25.5,18.3,14.1,15.7,17.3,17.9,17.4,18.1,21.5,20.7,17.4,19.7,19.3,19.4,20.9,20.7,17.2,18.2,21.0,24.0,28.0,17.5,16.3,21.5,20.4,21.5,19.8,20.5,19.4,19.9
201508,Springwood (Valley Heights),20.4,23.5,16.5,12.4,13.0,16.1,16.5,15.0,15.3,19.8,18.7,15.9,17.3,17.4,20.1,18.2,18.7,15.0,15.7,18.2,21.6,27.0,16.0,14.4,19.0,18.6,19.2,18.4,19.0,18.9,
201508,Sydney (Observatory Hill),22.3,24.7,19.4,15.1,14.2,16.4,18.5,17.5,17.6,20.6,21.0,17.5,19.8,20.4,18.1,19.8,20.5,16.2,17.0,18.9,21.0,28.3,18.5,17.4,19.9,20.2,20.5,20.8,20.3,18.7,19.7
201508,Sydney Airport AMO,23.3,25.2,19.9,15.7,15.9,15.4,18.1,15.0,17.8,21.3,21.8,19.1,19.7,19.0,16.8,20.8,21.2,14.9,17.6,20.9,23.9,28.9,19.7,17.6,21.1,18.8,22.7,18.9,20.9,16.1,16.6
201508,Terrey Hills AWS,21.5,23.5,17.1,12.5,13.1,15.2,15.9,15.0,17.0,18.2,19.2,15.6,17.8,17.8,16.9,19.4,18.6,14.8,16.7,19.2,21.7,26.0,15.9,16.0,19.2,18.0,19.6,17.8,18.3,16.4,
201508,"Values are the maximum temperature, usually in the 24 hoursfrom9 am on the day indicated,and typically occurred in the afternoon of that day.",,,,,,,,,,,,,,,,,,,,,,,,,,,,,,,
201508,Temperatures coloured according to their differencefrom the long-termaveragefor the period,-10.0,-9.0,-8.0,-7.0,-6.0,-5.0,-4.0,-3.0,-2.0,-1.0,0.0,+1.0,+2.0,+3.0,+4.0,+5.0,+6.0,+7.0,+8.0,+9.0,+10.0,°C,Grey outline marks highestand lowest for the period,,,,,,,,
201509,Badgerys Creek AWS,20.1,18.7,19.3,19.4,20.6,17.0,22.8,18.6,19.9,19.5,22.3,25.7,25.6,26.2,28.9,22.2,20.3,19.7,18.7,19.2,24.7,20.1,16.6,16.0,16.4,19.1,20.0,22.9,25.9,22.2,
201509,Bankstown Airport AWS,19.5,20.3,20.6,19.4,20.9,16.9,23.7,19.3,20.2,19.2,23.3,25.8,24.9,25.6,29.6,21.4,19.9,20.4,19.6,18.7,25.0,19.4,17.2,17.1,17.0,19.0,20.0,22.2,26.3,21.7,
201509,Camden Airport AWS,20.4,19.0,20.2,19.5,20.5,17.2,23.1,18.8,21.2,20.0,22.5,26.3,25.4,26.5,28.9,21.8,20.7,19.8,18.6,19.7,25.4,20.4,16.9,16.1,17.5,20.1,20.4,22.9,26.5,23.0,
201509,Campbelltown (Mount Annan),20.1,19.0,19.8,19.6,21.1,17.0,22.7,18.1,20.7,19.6,22.5,26.2,25.3,26.5,28.8,21.5,20.2,20.4,19.7,20.2,25.3,19.9,17.5,16.2,16.8,19.8,20.1,23.0,26.3,22.4,
201509,Canterbury Racecourse AWS,18.0,19.5,20.5,18.6,20.1,16.5,23.1,19.2,18.1,18.2,22.4,25.4,23.9,23.5,28.9,20.0,18.9,18.8,19.3,18.4,24.8,18.2,15.1,16.0,17.2,18.5,18.1,20.5,24.8,20.6,
201509,Holsworthy Aerodrome AWS,19.6,19.4,20.1,18.4,21.1,16.6,23.4,18.8,20.1,18.9,22.4,25.8,25.3,25.7,29.7,20.6,19.6,19.7,19.6,18.8,25.9,19.1,16.6,16.1,15.6,18.4,19.2,21.6,26.5,20.9,
201509,Horsley Park Equestrian Centre AWS,19.5,19.8,20.3,18.8,21.0,16.9,23.6,19.2,20.1,19.4,22.8,25.6,25.9,26.7,29.3,21.4,20.5,19.9,19.8,19.4,24.7,19.2,16.7,16.5,16.1,18.9,19.6,22.3,26.7,21.7,
201509,Parramatta North (Masons Drive),20.0,20.2,20.3,19.4,21.0,16.8,,20.0,19.7,18.8,23.0,25.3,25.7,25.7,29.2,21.7,19.6,20.1,19.4,18.7,25.0,19.5,16.3,16.3,16.4,19.3,20.0,22.0,26.7,21.6,
201509,Penrith Lakes AWS,20.6,20.4,20.3,20.4,21.4,17.9,23.5,19.8,20.9,20.2,23.4,26.0,26.2,27.5,29.9,22.8,21.8,20.8,18.5,20.0,25.2,21.7,18.4,17.5,16.5,19.2,20.8,23.8,27.3,24.6,
201509,Prospect Reservoir,20.1,20.2,19.5,19.5,21.9,15.2,24.1,19.1,20.7,19.9,23.4,26.0,26.1,27.5,29.5,22.6,20.6,20.2,20.3,19.9,25.2,20.0,16.9,16.3,15.8,19.1,20.1,22.9,27.0,21.8,
201509,Richmond RAAF,20.3,20.7,20.4,19.7,21.5,18.0,24.7,20.3,20.7,19.8,23.1,25.1,25.6,27.2,29.6,22.1,21.4,20.3,19.1,19.8,25.4,21.7,18.5,17.9,16.8,20.0,21.3,23.1,26.6,23.4,
201509,Springwood (Valley Heights),17.7,17.4,18.7,17.0,18.0,16.5,22.4,18.5,18.9,17.3,21.0,23.0,23.2,24.5,27.9,20.2,19.2,18.7,16.7,17.5,24.0,20.4,16.0,17.0,14.2,17.5,19.1,21.0,23.8,21.6,
201509,Sydney (Observatory Hill),19.7,18.8,20.8,19.5,21.7,17.5,24.9,20.0,20.2,19.6,21.3,25.4,22.3,23.6,29.8,21.1,19.9,20.0,19.5,18.6,22.5,19.5,16.2,16.3,16.4,20.1,19.2,20.8,23.4,21.4,
201509,Sydney Airport AMO,17.4,20.0,20.8,17.2,19.4,17.4,24.9,20.1,17.7,18.9,22.9,26.1,24.4,23.9,30.5,20.2,18.3,17.9,20.8,18.4,24.5,17.6,14.3,14.5,17.3,19.4,18.2,20.3,25.0,21.6,
201509,Terrey Hills AWS,18.0,18.0,18.6,16.8,19.2,15.4,21.7,17.9,18.0,17.6,20.4,22.8,23.0,22.6,27.9,19.6,17.7,17.4,17.8,17.1,22.1,17.5,13.6,14.0,14.6,17.1,16.6,19.6,23.1,19.9,
201509,"Values are the maximum temperature, usually in the 24 hoursfrom9 am on the day indicated,and typically occurred in the afternoon of that day.",,,,,,,,,,,,,,,,,,,,,,,,,,,,,,,
201509,Temperatures coloured according to their differencefrom the long-termaveragefor the period,-10.0,-9.0,-8.0,-7.0,-6.0,-5.0,-4.0,-3.0,-2.0,-1.0,0.0,+1.0,+2.0,+3.0,+4.0,+5.0,+6.0,+7.0,+8.0,+9.0,+10.0,°C,Grey outline marks highestand lowest for the period,,,,,,,,
201510,Badgerys Creek AWS,30.2,26.5,33.0,32.9,36.6,37.4,19.0,19.7,26.0,28.6,26.6,31.9,19.7,25.4,29.8,34.2,29.2,22.8,29.3,32.7,24.6,23.0,20.4,25.6,28.8,24.4,18.3,21.9,24.9,25.0,25.3
201510,Bankstown Airport AWS,27.2,26.5,33.0,33.2,37.3,37.4,20.3,20.4,24.9,28.1,27.4,31.5,21.0,25.2,28.6,35.3,26.4,22.4,27.3,32.4,27.4,21.7,20.2,24.2,27.7,26.2,19.8,21.8,23.9,24.6,26.3
201510,Camden Airport AWS,28.9,25.8,32.4,32.8,36.8,36.5,19.2,19.9,25.8,28.1,27.4,31.1,18.7,26.4,29.8,34.3,29.8,23.3,29.5,33.1,25.9,22.7,20.5,26.3,29.1,27.2,18.5,21.6,24.4,25.3,25.0
201510,Campbelltown (Mount Annan),27.6,25.2,32.2,32.7,36.7,36.4,19.2,19.4,25.8,27.0,27.3,29.8,19.0,24.8,29.2,33.8,28.8,22.4,27.9,32.0,25.4,23.4,20.0,25.1,28.1,26.5,18.9,22.0,24.3,24.9,25.2
201510,Canterbury Racecourse AWS,24.5,23.4,32.4,32.9,36.6,35.7,20.0,21.2,23.1,26.5,27.1,30.7,20.0,24.6,25.7,31.5,25.5,22.3,25.3,31.0,27.5,20.9,20.2,22.7,25.3,29.3,18.8,21.3,22.9,23.4,25.4
201510,Holsworthy Aerodrome AWS,27.5,24.4,33.2,33.5,38.0,37.7,20.0,19.8,25.3,27.5,27.3,30.9,20.2,24.5,29.1,34.3,26.6,23.1,27.6,32.5,25.7,22.3,19.4,24.1,27.6,26.5,19.0,21.2,23.6,25.0,25.9
201510,Horsley Park Equestrian Centre AWS,29.3,25.1,33.5,32.9,36.7,37.5,19.1,19.8,26.4,27.9,27.4,32.2,19.7,25.8,29.6,34.4,28.2,22.2,28.8,33.5,27.9,22.1,19.7,24.8,28.8,25.2,18.3,21.2,24.4,25.0,25.4
201510,Parramatta North (Masons Drive),28.2,23.7,33.0,,37.6,37.2,19.7,19.7,25.3,27.8,27.2,32.3,19.7,24.0,29.0,33.8,26.8,22.2,26.7,32.2,28.2,20.7,20.8,24.7,28.2,28.2,18.8,21.2,23.3,24.7,25.7
201510,Penrith Lakes AWS,30.4,27.2,34.8,32.4,37.9,38.6,20.0,20.5,26.7,28.4,27.8,33.4,19.6,26.8,31.1,35.3,31.8,22.9,29.5,33.3,24.5,22.0,20.6,25.9,29.7,26.2,19.0,21.9,25.5,25.6,25.6
201510,Prospect Reservoir,28.8,25.0,33.2,33.3,37.1,37.5,19.6,20.2,26.4,28.1,28.0,31.7,20.2,25.4,30.6,34.2,27.7,22.5,28.7,33.0,27.8,23.0,21.0,25.4,29.4,25.4,18.9,21.2,24.7,25.3,26.4
201510,Richmond RAAF,29.6,26.3,33.6,33.2,37.5,37.5,20.2,20.4,26.9,28.3,26.0,32.6,18.5,26.6,30.6,34.4,31.7,22.1,29.2,32.4,25.1,23.9,20.6,25.9,29.7,25.7,19.1,22.6,25.3,25.3,25.8
201510,Springwood (Valley Heights),23.2,25.5,33.0,30.0,36.2,36.9,19.2,18.3,24.1,25.4,25.2,31.4,19.2,24.2,28.0,32.0,29.0,19.9,26.6,29.6,24.6,20.5,18.0,23.0,26.1,26.5,16.7,19.2,22.5,23.0,22.8
201510,Sydney (Observatory Hill),22.9,23.0,27.5,33.8,37.0,32.3,21.5,21.1,22.7,24.3,24.3,29.5,20.4,23.3,24.0,27.5,26.0,23.2,24.6,26.8,27.9,20.5,21.4,22.3,24.9,29.4,19.6,21.2,23.0,23.1,24.2
201510,Sydney Airport AMO,24.8,23.5,31.3,34.9,37.5,36.4,20.3,21.5,24.7,26.2,26.1,29.7,21.7,25.4,26.2,32.0,24.5,22.6,27.1,30.7,29.1,20.3,19.4,24.0,25.8,26.4,18.4,21.8,23.3,24.8,25.9
201510,Terrey Hills AWS,23.4,21.8,30.0,32.5,34.9,34.5,17.8,19.2,22.2,25.5,24.9,28.6,19.8,22.7,23.8,30.2,23.0,20.9,24.1,29.9,27.8,20.2,19.7,21.3,24.1,28.2,16.8,19.4,20.9,22.0,24.0
201510,"Values are the maximum temperature, usually in the 24 hoursfrom9 am on the day indicated,and typically occurred in the afternoon of that day.",,,,,,,,,,,,,,,,,,,,,,,,,,,,,,,
201510,Temperatures coloured according to their differencefrom the long-termaveragefor the period,-10.0,-9.0,-8.0,-7.0,-6.0,-5.0,-4.0,-3.0,-2.0,-1.0,0.0,+1.0,+2.0,+3.0,+4.0,+5.0,+6.0,+7.0,+8.0,+9.0,+10.0,°C,Grey outline marks highestand lowest for the period,,,,,,,,
201511,Badgerys Creek AWS,31.9,31.4,19.2,18.5,21.9,28.1,26.8,21.1,25.8,29.9,24.1,25.0,28.6,,,,27.6,35.3,36.5,39.4,22.9,21.1,29.2,29.0,34.3,36.8,24.6,23.1,29.6,32.4,
201511,Bankstown Airport AWS,31.6,31.7,20.1,19.4,22.0,29.0,25.7,22.0,25.0,29.1,23.5,27.1,29.9,20.1,21.1,22.8,28.0,36.4,38.6,40.7,22.7,21.8,26.5,27.4,33.9,37.7,23.5,23.6,28.3,29.1,
201511,Camden Airport AWS,31.3,31.7,19.7,18.6,22.1,28.2,27.4,22.5,25.5,30.5,23.8,25.3,29.6,18.8,20.8,24.5,28.8,36.1,37.5,40.6,24.3,22.3,29.5,28.9,34.7,36.7,24.7,22.9,29.3,31.8,
201511,Campbelltown (Mount Annan),30.9,31.4,19.5,18.6,21.6,27.2,26.4,22.5,25.1,30.2,24.4,26.3,29.8,20.0,20.8,23.4,28.0,35.9,37.6,40.4,23.8,21.5,28.8,28.6,34.0,36.4,24.3,22.8,29.2,30.8,
201511,Canterbury Racecourse AWS,28.9,31.0,19.7,19.3,22.6,28.4,24.9,20.5,23.5,26.8,23.1,25.7,29.2,20.0,20.5,21.4,25.0,35.8,34.0,40.6,21.5,21.7,24.8,25.4,32.3,36.9,22.6,23.6,27.5,26.9,
201511,Holsworthy Aerodrome AWS,31.7,31.3,19.6,19.1,20.8,28.1,24.5,21.4,24.4,28.6,23.4,26.3,29.5,19.2,20.3,22.5,27.4,36.9,38.9,41.5,22.5,21.6,26.3,27.7,34.5,37.7,22.9,22.8,28.3,28.5,
201511,Horsley Park Equestrian Centre AWS,31.4,31.4,18.9,18.8,21.7,27.9,26.5,20.7,24.9,29.4,23.2,26.0,29.1,19.7,20.7,23.5,27.9,35.4,37.8,39.9,23.0,21.7,27.8,28.3,34.5,36.2,23.4,22.9,28.9,30.4,
201511,Parramatta North (Masons Drive),31.0,31.7,19.2,19.3,23.2,27.8,25.7,21.4,24.5,28.4,23.0,27.6,29.0,19.4,20.8,23.5,27.2,36.0,36.7,41.0,22.2,22.0,26.2,27.0,34.0,37.2,23.0,23.3,28.0,,
201511,Penrith Lakes AWS,32.3,31.9,18.9,19.3,22.3,28.1,28.5,21.3,26.4,31.3,23.6,25.1,29.9,18.9,20.7,24.8,28.9,36.4,39.0,41.9,23.1,22.0,30.8,30.4,36.4,37.8,25.4,24.0,30.7,33.6,
201511,Prospect Reservoir,32.2,31.8,19.2,19.0,21.9,29.5,26.9,21.1,26.2,30.2,23.3,26.7,29.3,19.8,20.7,24.4,29.0,35.2,38.5,40.2,22.8,22.2,28.1,29.4,35.2,36.3,23.8,24.0,29.3,,
201511,Richmond RAAF,32.3,32.0,19.0,20.3,22.9,28.6,28.4,21.3,25.6,30.8,23.6,25.8,29.9,19.9,19.9,24.2,28.6,35.8,38.2,39.7,23.5,22.3,30.1,29.4,34.8,37.3,25.0,24.6,29.7,33.6,
201511,Springwood (Valley Heights),29.7,30.1,17.2,17.3,23.1,28.0,26.0,19.0,23.0,28.5,21.6,23.5,24.2,16.8,18.0,22.0,26.3,35.0,34.4,39.2,21.0,22.3,30.0,27.2,34.0,35.1,22.4,21.5,27.0,34.9,
201511,Sydney (Observatory Hill),26.8,30.7,20.0,19.6,23.4,28.3,24.6,21.7,23.3,25.6,23.9,25.5,28.8,20.1,20.9,22.6,25.1,36.5,31.2,40.9,22.1,22.4,26.5,25.2,32.7,37.8,22.6,23.8,26.0,26.3,
201511,Sydney Airport AMO,28.7,31.6,19.6,19.6,23.6,30.0,24.1,20.2,23.3,27.3,24.4,26.4,28.4,20.8,19.7,22.0,26.2,37.1,35.0,42.8,22.1,23.2,23.8,26.7,33.8,39.2,24.4,24.6,27.8,28.5,
201511,Terrey Hills AWS,27.9,28.6,18.0,18.2,22.4,27.0,22.6,20.0,21.7,25.0,21.0,24.5,27.3,19.0,18.8,20.2,25.2,34.6,32.5,39.5,20.0,20.8,24.6,24.0,30.4,36.8,21.5,22.5,25.7,26.8,
201511,"Values are the maximum temperature, usually in the 24 hoursfrom9 am on the day indicated,and typically occurred in the afternoon of that day.",,,,,,,,,,,,,,,,,,,,,,,,,,,,,,,
201511,Temperatures coloured according to their differencefrom the long-termaveragefor the period,-10.0,-9.0,-8.0,-7.0,-6.0,-5.0,-4.0,-3.0,-2.0,-1.0,0.0,+1.0,+2.0,+3.0,+4.0,+5.0,+6.0,+7.0,+8.0,+9.0,+10.0,°C,Grey outline marks highestand lowest for the period,,,,,,,,
201512,Badgerys Creek AWS,38.3,26.1,24.6,25.2,30.5,32.0,28.7,26.0,36.0,30.3,35.7,26.2,27.4,35.5,32.9,24.3,30.5,36.6,39.1,41.8,31.8,21.0,24.8,26.6,26.2,29.3,24.0,23.4,27.1,29.2,31.1
201512,Bankstown Airport AWS,39.2,23.2,22.5,24.6,28.5,30.0,27.8,27.8,35.2,28.0,35.5,23.9,25.8,33.6,30.0,24.2,28.9,33.1,36.6,38.3,30.7,21.2,23.8,25.9,25.7,31.0,23.3,23.2,25.0,26.4,29.3
201512,Camden Airport AWS,38.5,25.8,23.4,25.7,30.8,31.9,29.1,25.6,35.7,30.0,34.8,25.8,27.0,34.6,31.9,23.8,29.8,36.0,38.7,40.9,31.2,20.9,24.6,25.3,26.1,28.5,23.9,24.2,26.5,28.6,30.8
201512,Campbelltown (Mount Annan),38.2,25.2,23.1,25.4,30.1,30.9,28.2,26.0,35.2,29.6,34.2,25.2,26.9,34.8,31.5,24.3,30.1,35.4,37.9,40.1,31.3,20.9,25.0,25.5,25.6,28.9,23.7,23.1,25.9,28.0,30.1
201512,Canterbury Racecourse AWS,37.4,21.4,22.2,23.6,26.1,27.8,26.6,26.0,32.8,26.3,34.5,23.0,24.8,30.6,28.1,23.4,27.1,30.0,33.4,33.6,27.3,21.2,23.1,24.9,25.9,27.7,21.2,21.2,23.1,24.5,26.8
201512,Holsworthy Aerodrome AWS,39.0,22.5,22.1,24.2,28.2,29.3,26.7,27.2,35.2,27.0,35.4,23.1,25.6,33.7,29.8,23.8,27.9,33.9,36.8,39.0,29.0,21.0,22.9,24.9,25.6,29.8,22.2,21.3,25.3,26.4,29.2
201512,Horsley Park Equestrian Centre AWS,38.4,23.8,22.5,24.9,29.2,30.5,27.5,26.8,35.4,28.8,35.0,24.2,26.6,33.4,30.8,23.5,29.0,34.5,37.3,40.0,31.5,21.2,22.4,25.4,25.3,29.6,23.5,21.9,25.7,27.2,29.6
201512,Parramatta North (Masons Drive),38.0,23.0,22.0,23.5,27.5,28.8,26.0,26.8,35.0,27.0,35.2,22.9,25.2,33.0,30.0,22.6,27.5,33.4,35.5,39.7,30.7,21.0,23.0,25.0,25.3,30.1,27.8,22.5,24.4,26.0,28.3
201512,Penrith Lakes AWS,40.5,27.6,22.4,25.7,31.8,33.0,29.7,25.9,36.5,32.0,35.3,27.1,27.4,35.4,33.2,26.3,29.7,35.5,37.8,39.9,32.9,20.7,22.2,25.6,25.8,28.9,23.2,22.6,26.6,29.3,31.2
201512,Prospect Reservoir,39.2,23.9,22.3,25.1,28.9,30.1,27.7,27.4,35.2,28.8,34.6,23.8,26.2,34.2,31.0,24.0,29.1,35.2,36.9,40.4,30.7,21.2,23.1,25.4,25.6,30.5,22.7,22.4,25.3,27.1,29.5
201512,Richmond RAAF,38.8,26.1,22.5,25.1,30.9,32.3,28.5,26.0,35.5,31.7,35.5,26.6,27.3,35.6,33.8,25.6,29.2,34.8,37.3,39.7,33.3,20.0,21.9,25.7,26.0,29.4,24.0,22.7,26.2,28.8,30.2
201512,Springwood (Valley Heights),37.0,24.0,20.0,22.9,28.5,29.9,26.7,24.2,34.5,29.4,34.2,25.2,24.5,32.7,30.2,23.7,26.6,32.4,35.3,38.1,30.3,18.8,20.5,23.1,23.7,26.0,20.5,19.8,24.4,26.7,28.0
201512,Sydney (Observatory Hill),33.3,22.8,21.7,23.6,24.9,25.8,25.5,25.0,33.3,25.5,35.3,22.6,24.4,29.6,26.9,23.4,26.1,27.5,29.0,30.3,29.1,21.8,23.0,24.6,25.2,26.1,23.0,22.6,24.9,25.6,26.7
201512,Sydney Airport AMO,37.9,20.4,23.4,24.2,27.5,27.8,26.7,26.4,33.3,26.5,37.0,23.0,26.4,29.2,28.6,24.6,27.6,29.9,33.4,32.0,27.0,21.7,23.8,25.4,26.6,28.1,20.6,21.4,23.8,24.9,28.7
201512,Terrey Hills AWS,35.9,20.6,20.6,21.8,24.4,26.7,24.4,23.5,33.2,24.1,34.0,21.2,22.9,28.5,26.5,,24.9,28.1,32.0,33.6,,,21.4,22.8,23.7,,,,22.3,22.8,25.4
201512,"Values are the maximum temperature, usually in the 24 hoursfrom9 am on the day indicated,and typically occurred in the afternoon of that day.",,,,,,,,,,,,,,,,,,,,,,,,,,,,,,,
201512,Temperatures coloured according to their differencefrom the long-termaveragefor the period,-10.0,-9.0,-8.0,-7.0,-6.0,-5.0,-4.0,-3.0,-2.0,-1.0,0.0,+1.0,+2.0,+3.0,+4.0,+5.0,+6.0,+7.0,+8.0,+9.0,+10.0,°C,Grey outline marks highestand lowest for the period,,,,,,,,
201601,Badgerys Creek AWS,31.1,28.8,24.6,22.1,19.3,21.2,25.2,28.8,28.9,32.4,,34.6,33.4,40.8,22.9,22.7,26.5,29.5,35.0,38.9,38.5,27.3,27.6,24.6,24.7,29.2,24.3,31.5,27.8,29.1,28.9
201601,Bankstown Airport AWS,28.6,26.1,25.6,23.6,20.5,20.0,25.0,27.1,28.4,30.0,38.6,34.4,31.1,40.4,22.0,23.6,25.4,28.5,35.0,38.6,38.6,28.9,27.1,25.3,24.8,28.5,24.9,30.9,30.1,28.2,29.5
201601,Camden Airport AWS,30.2,27.5,24.6,23.0,19.8,21.4,24.9,28.3,28.3,31.6,37.6,34.9,32.8,40.2,22.9,23.0,25.6,29.1,34.7,38.4,36.7,27.8,27.5,25.4,23.9,28.6,23.5,30.5,28.0,29.4,29.2
201601,Campbelltown (Mount Annan),29.9,27.6,24.6,23.1,20.4,20.8,24.3,28.3,28.0,31.0,37.4,34.6,32.0,39.3,22.0,22.9,25.5,28.6,34.2,37.5,36.4,27.9,27.8,24.5,23.7,28.1,24.2,30.1,28.3,28.4,28.6
201601,Canterbury Racecourse AWS,26.1,24.8,23.6,23.4,19.7,19.2,23.1,25.3,26.1,27.4,34.2,34.1,29.5,39.3,21.0,22.6,24.1,26.7,33.4,37.8,36.5,28.3,25.7,24.6,24.8,27.5,24.6,29.3,29.0,27.0,29.5
201601,Holsworthy Aerodrome AWS,27.9,26.2,24.1,23.5,19.9,20.5,23.8,26.6,27.1,30.2,38.2,32.8,30.2,40.6,21.4,22.7,24.6,27.7,35.2,39.1,38.7,28.2,25.9,24.3,24.4,27.4,24.6,30.4,29.6,27.6,29.8
201601,Horsley Park Equestrian Centre AWS,28.9,26.7,23.3,22.8,18.9,20.3,,27.7,28.3,30.6,36.8,32.6,31.9,39.3,21.7,22.8,25.3,28.9,34.6,37.8,37.8,27.5,26.9,24.7,23.5,27.8,24.1,31.4,28.3,28.5,29.0
201601,Parramatta North (Masons Drive),27.5,24.9,25.0,21.8,19.8,19.0,24.0,27.0,27.3,30.0,37.2,34.2,31.7,39.0,21.4,23.2,24.2,27.8,35.0,38.0,38.2,27.5,26.5,25.0,24.2,27.4,24.2,30.0,29.2,28.1,29.2
201601,Penrith Lakes AWS,31.4,28.2,23.6,21.1,18.8,21.4,25.1,29.0,29.0,32.4,37.7,34.3,34.3,40.7,22.7,22.8,25.8,29.8,35.0,39.2,40.1,26.9,28.7,24.4,25.5,29.4,24.3,31.4,28.8,30.8,29.4
201601,Prospect Reservoir,29.0,26.1,24.0,23.0,19.2,19.7,23.8,28.6,28.5,31.3,37.7,33.5,32.0,40.0,21.3,23.2,25.0,29.2,35.9,38.7,38.4,28.0,26.7,25.0,24.0,28.7,24.7,32.2,29.3,28.9,
201601,Richmond RAAF,29.9,26.6,24.3,22.3,19.8,21.2,25.4,28.0,28.8,31.8,36.8,35.7,34.0,40.0,23.0,24.1,24.9,29.2,34.3,37.7,38.6,27.1,28.3,25.0,26.0,29.0,24.9,30.6,28.8,31.0,29.3
201601,Springwood (Valley Heights),28.3,25.2,21.0,20.1,16.2,18.4,22.5,25.8,26.3,29.8,35.0,32.8,33.1,39.0,21.4,20.0,23.5,27.0,33.0,37.5,37.2,27.8,27.5,22.0,23.4,26.6,21.8,28.2,25.6,27.0,28.8
201601,Sydney (Observatory Hill),25.6,25.4,24.6,23.6,20.3,18.6,24.4,25.4,25.5,27.1,31.6,34.0,31.0,39.2,21.7,23.8,26.1,27.0,30.2,37.5,33.5,29.2,26.0,25.0,25.2,27.8,24.9,27.6,28.1,28.7,31.1
201601,Sydney Airport AMO,26.5,25.3,24.3,25.4,21.0,19.2,22.3,25.8,26.0,28.8,34.6,33.6,31.1,40.6,20.4,22.9,25.1,27.6,33.3,40.3,37.8,26.9,24.7,25.3,25.0,27.5,26.4,29.4,29.9,26.3,31.8
201601,Terrey Hills AWS,24.3,23.3,,,,,21.6,24.2,24.6,26.2,32.5,34.1,30.5,38.9,19.7,21.9,23.5,24.7,30.4,36.8,35.8,28.1,26.1,23.4,23.7,25.7,23.0,27.9,27.7,26.5,28.8
201601,"Values are the maximum temperature, usually in the 24 hoursfrom9 am on the day indicated,and typically occurred in the afternoon of that day.",,,,,,,,,,,,,,,,,,,,,,,,,,,,,,,
201601,Temperatures coloured according to their differencefrom the long-termaveragefor the period,-10.0,-9.0,-8.0,-7.0,-6.0,-5.0,-4.0,-3.0,-2.0,-1.0,0.0,+1.0,+2.0,+3.0,+4.0,+5.0,+6.0,+7.0,+8.0,+9.0,+10.0,°C,Grey outline marks highestand lowest for the period,,,,,,,,
201602,Badgerys Creek AWS,26.9,28.6,32.3,24.9,25.8,25.9,27.9,30.1,28.1,30.8,29.9,31.1,32.7,38.1,31.7,28.5,26.7,28.7,33.6,29.2,29.6,31.4,32.7,36.6,39.9,27.7,29.3,30.3,28.3,,
201602,Bankstown Airport AWS,25.6,27.7,32.3,25.4,26.1,26.6,27.3,29.1,28.0,30.4,31.0,30.6,32.2,37.3,32.3,,25.9,27.9,33.8,28.8,28.6,32.1,32.8,34.6,40.7,29.3,28.6,29.5,26.9,,
201602,Camden Airport AWS,26.2,28.8,32.2,25.5,25.7,25.2,27.8,30.1,28.3,31.0,29.4,31.0,32.7,37.8,31.3,27.9,26.9,28.8,33.4,29.2,29.4,31.0,32.5,36.1,39.5,27.8,29.0,30.0,27.4,,
201602,Campbelltown (Mount Annan),25.6,28.4,31.1,25.5,26.0,25.5,27.4,29.6,27.2,30.7,29.4,30.4,32.9,36.8,30.6,27.6,26.3,28.2,33.3,29.1,28.8,31.3,32.7,36.2,39.5,27.6,28.5,30.0,27.3,,
201602,Canterbury Racecourse AWS,25.2,25.9,30.1,24.2,24.5,25.7,26.4,27.4,25.5,28.5,28.1,29.1,29.8,37.0,28.5,26.2,23.6,27.0,30.9,27.9,27.6,30.1,30.4,31.5,37.9,27.1,27.8,28.6,27.3,,
201602,Holsworthy Aerodrome AWS,25.3,27.2,31.8,24.8,25.0,25.8,27.1,28.5,27.1,30.6,29.2,30.3,32.6,38.2,30.0,26.7,26.0,27.2,33.4,27.5,28.3,31.4,32.8,34.9,40.3,28.0,27.7,28.6,26.3,,
201602,Horsley Park Equestrian Centre AWS,26.7,28.0,31.9,24.4,24.6,25.7,27.2,29.0,27.0,30.6,28.9,30.9,32.4,36.9,31.2,27.0,25.9,27.9,33.8,28.2,28.5,31.4,32.3,36.0,39.8,27.4,28.3,29.0,27.1,,
201602,Parramatta North (Masons Drive),26.0,28.0,31.2,24.3,25.4,26.0,27.0,28.5,26.3,30.3,28.2,29.8,31.8,37.0,31.0,27.2,26.5,27.2,33.0,28.0,28.0,31.4,32.2,34.5,40.0,27.2,27.8,28.2,27.0,,
201602,Penrith Lakes AWS,26.7,29.8,32.5,24.9,25.9,26.9,28.4,31.0,28.5,32.1,30.9,32.0,,,,29.6,28.2,29.6,34.8,29.6,30.6,32.5,33.6,37.5,42.2,28.4,30.0,31.0,28.7,,
201602,Prospect Reservoir,26.2,28.2,32.3,24.6,24.8,26.4,27.6,29.7,27.2,31.7,29.2,31.4,33.3,37.0,31.5,28.0,26.2,29.0,34.4,28.7,28.5,32.0,33.2,36.2,41.0,27.4,28.0,29.2,27.8,,
201602,Richmond RAAF,26.9,29.0,32.6,25.6,26.4,26.7,28.2,30.3,28.4,30.9,30.3,30.8,,37.7,32.4,29.1,26.9,28.5,33.7,29.1,29.6,31.7,32.7,36.2,39.6,28.5,29.7,30.2,28.8,,
201602,Springwood (Valley Heights),27.0,26.9,29.5,22.0,23.5,23.1,26.0,27.0,26.3,28.9,27.7,28.9,30.5,37.5,29.7,28.0,24.5,26.0,31.2,27.1,27.4,29.4,30.4,33.7,39.5,26.0,27.2,27.9,26.8,,
201602,Sydney (Observatory Hill),26.5,27.9,28.3,24.8,26.1,27.0,27.4,28.0,27.7,28.5,28.4,28.8,28.9,32.5,29.3,27.9,26.0,26.4,29.4,29.3,27.0,28.8,29.7,29.5,32.8,27.8,27.5,28.1,27.7,,
201602,Sydney Airport AMO,24.8,26.1,31.0,23.7,23.9,26.7,26.5,27.1,26.7,30.0,27.9,29.2,30.6,36.9,27.3,26.5,24.0,26.7,31.9,27.9,26.7,31.1,31.1,32.0,37.8,27.5,28.5,27.9,24.9,,
201602,Terrey Hills AWS,26.0,24.9,28.7,21.7,23.0,24.5,25.2,26.5,24.8,26.8,27.3,27.7,28.5,34.9,27.9,25.5,22.6,24.9,29.5,26.0,25.9,28.4,28.9,29.6,35.5,25.0,25.8,26.7,26.4,,
201602,"Values are the maximum temperature, usually in the 24 hoursfrom9 am on the day indicated,and typically occurred in the afternoon of that day.",,,,,,,,,,,,,,,,,,,,,,,,,,,,,,,
201602,Temperatures coloured according to their differencefrom the long-termaveragefor the period,-10.0,-9.0,-8.0,-7.0,-6.0,-5.0,-4.0,-3.0,-2.0,-1.0,0.0,+1.0,+2.0,+3.0,+4.0,+5.0,+6.0,+7.0,+8.0,+9.0,+10.0,°C,Grey outline marks highestand lowest for the period,,,,,,,,
201603,Badgerys Creek AWS,30.6,33.5,34.5,31.4,33.0,32.3,33.0,31.5,35.5,31.9,30.8,34.1,31.3,33.1,27.3,27.9,28.2,28.9,24.8,24.9,22.4,25.5,28.0,30.1,26.2,29.0,28.1,26.4,23.6,27.3,26.7
201603,Bankstown Airport AWS,29.8,32.1,32.9,30.0,31.1,30.5,32.6,30.3,34.9,30.7,30.5,33.0,30.0,32.1,27.0,28.1,27.8,28.4,23.7,24.5,21.5,24.6,26.5,30.1,25.2,27.7,26.2,26.4,24.3,28.1,26.1
201603,Camden Airport AWS,30.0,33.5,33.9,31.4,32.7,31.4,33.1,31.4,35.2,32.2,30.0,34.2,30.5,32.8,27.8,27.6,27.2,29.5,23.9,24.0,23.3,24.8,27.8,29.3,24.9,28.7,26.8,26.1,23.8,27.5,27.2
201603,Campbelltown (Mount Annan),30.2,33.7,34.2,31.3,32.5,31.9,33.3,31.4,35.6,31.4,30.0,34.2,31.0,33.4,28.4,28.3,26.9,26.6,24.0,24.9,22.9,25.3,28.0,29.9,24.7,29.4,26.9,26.7,24.5,27.6,26.8
201603,Canterbury Racecourse AWS,29.3,30.4,30.7,29.4,29.2,29.4,30.9,29.3,32.1,28.1,29.4,31.4,29.6,31.6,25.8,25.3,26.5,28.2,22.2,22.4,21.3,23.0,25.5,28.7,25.1,26.2,25.1,25.3,22.9,27.3,24.2
201603,Holsworthy Aerodrome AWS,29.7,31.6,32.7,30.0,31.2,30.1,32.1,30.2,33.8,29.6,29.9,32.0,29.5,31.7,26.4,25.9,26.5,27.2,22.8,23.0,20.8,23.6,25.8,28.6,24.3,27.0,25.4,25.6,23.9,26.9,24.8
201603,Horsley Park Equestrian Centre AWS,29.5,33.3,33.5,31.0,31.9,31.4,32.5,30.5,34.8,31.3,30.1,33.4,30.8,32.7,26.1,27.4,27.3,27.1,24.6,23.6,21.4,24.7,27.8,29.9,26.7,29.1,26.4,25.8,24.5,27.1,26.1
201603,Parramatta North (Masons Drive),29.8,32.0,32.8,29.5,31.0,30.0,32.2,29.6,33.5,29.7,30.7,32.2,29.7,32.2,26.2,26.3,26.0,27.3,23.2,23.0,20.7,23.8,27.0,29.0,26.2,27.3,25.0,25.2,24.2,27.0,25.3
201603,Penrith Lakes AWS,31.1,34.5,35.4,32.1,34.0,33.2,34.1,32.0,35.6,33.2,31.1,34.1,32.8,34.0,26.1,28.3,28.2,30.1,25.4,25.1,22.9,26.3,27.9,30.6,26.8,30.0,26.9,27.5,23.6,27.9,27.5
201603,Prospect Reservoir,29.5,31.5,34.0,31.0,32.5,31.0,32.9,30.5,34.9,31.0,31.1,33.5,31.0,33.0,25.5,27.0,28.0,27.6,24.2,23.4,22.0,24.0,27.5,30.0,26.0,29.4,25.8,26.4,24.2,28.1,26.8
201603,Richmond RAAF,30.2,33.7,34.6,32.1,32.8,32.3,33.2,31.3,35.4,33.4,32.0,33.4,32.1,33.8,25.3,28.1,28.4,30.4,25.6,24.8,21.5,26.3,27.2,30.4,27.5,29.5,28.4,27.9,23.7,28.3,27.4
201603,Springwood (Valley Heights),27.0,30.7,31.9,29.0,29.9,29.2,30.6,29.6,32.7,31.0,28.5,30.7,29.2,30.9,22.9,25.4,25.0,27.1,22.2,21.9,21.0,24.8,25.0,27.4,27.0,26.3,25.7,24.8,20.9,26.8,25.2
201603,Sydney (Observatory Hill),28.2,28.8,28.7,28.3,27.6,27.9,28.3,28.1,29.3,30.6,27.8,28.7,27.7,30.7,25.6,26.2,26.1,28.2,24.4,22.0,21.2,23.8,25.3,27.4,25.2,26.0,24.2,26.0,23.3,28.7,25.6
201603,Sydney Airport AMO,30.2,30.6,31.0,30.4,30.0,29.9,30.4,29.8,31.7,25.3,29.5,30.9,29.6,29.9,23.9,24.0,27.0,29.1,21.6,21.0,20.3,21.3,25.0,29.4,25.4,26.3,25.5,24.4,22.0,27.8,23.0
201603,Terrey Hills AWS,26.8,28.8,29.4,27.1,28.0,28.3,29.5,27.8,30.9,29.8,28.2,29.8,28.3,29.6,22.4,24.3,25.3,27.0,21.7,20.0,19.6,21.6,23.9,27.0,25.5,25.1,23.2,25.4,21.9,26.3,22.9
201603,"Values are the maximum temperature, usually in the 24 hoursfrom9 am on the day indicated,and typically occurred in the afternoon of that day.",,,,,,,,,,,,,,,,,,,,,,,,,,,,,,,
201603,Temperatures coloured according to their differencefrom the long-termaveragefor the period,-10.0,-9.0,-8.0,-7.0,-6.0,-5.0,-4.0,-3.0,-2.0,-1.0,0.0,+1.0,+2.0,+3.0,+4.0,+5.0,+6.0,+7.0,+8.0,+9.0,+10.0,°C,Grey outline marks highestand lowest for the period,,,,,,,,
201604,Badgerys Creek AWS,28.6,30.6,26.8,25.5,31.0,36.0,20.8,22.1,26.5,29.3,27.7,23.2,24.6,24.1,28.6,29.5,23.8,24.2,25.9,26.9,28.8,26.4,20.7,22.8,24.5,25.1,25.7,27.2,25.0,25.5,
201604,Bankstown Airport AWS,28.9,31.4,25.7,24.5,30.0,35.8,22.2,20.8,25.4,29.2,27.4,23.1,24.7,23.9,28.0,28.7,24.1,23.2,24.8,26.9,28.2,27.0,20.7,22.5,23.6,25.1,25.7,27.4,26.0,26.8,
201604,Camden Airport AWS,28.1,30.6,25.3,25.5,30.7,36.3,20.7,21.2,26.9,29.9,27.1,23.0,24.6,23.6,28.4,29.5,22.9,23.5,25.5,26.6,28.7,25.9,20.9,22.9,24.0,25.0,25.9,26.9,24.1,25.9,
201604,Campbelltown (Mount Annan),28.3,31.0,26.8,25.6,31.0,35.6,21.2,20.4,27.0,29.1,28.1,23.1,24.6,24.0,28.9,29.2,24.3,24.1,25.0,26.9,29.2,26.6,21.4,22.5,24.4,25.4,26.1,27.3,24.3,26.2,
201604,Canterbury Racecourse AWS,27.4,30.8,24.3,23.5,28.1,34.5,20.1,20.7,23.7,27.9,25.2,21.6,23.1,22.5,26.5,27.6,22.1,22.3,23.1,25.8,26.8,25.1,20.4,21.3,22.6,25.0,24.8,26.3,25.1,26.2,
201604,Holsworthy Aerodrome AWS,28.3,31.1,25.1,23.7,29.1,35.1,20.7,20.5,24.7,28.7,26.0,21.6,23.7,22.6,27.2,27.7,22.6,22.6,23.6,25.8,27.9,26.2,19.5,21.5,22.7,24.4,25.3,26.1,23.8,26.6,
201604,Horsley Park Equestrian Centre AWS,28.7,30.7,26.1,25.2,31.2,35.8,20.8,20.8,26.4,28.8,26.9,23.9,25.0,23.1,27.9,29.4,23.1,24.2,23.9,26.7,28.7,26.4,19.6,22.5,23.8,25.1,26.2,26.8,24.9,26.2,
201604,Parramatta North (Masons Drive),28.5,31.2,25.5,23.8,29.5,35.2,20.0,21.0,25.3,28.2,26.5,22.0,23.8,22.4,27.0,28.0,23.0,24.0,23.6,26.0,27.1,26.2,18.5,22.2,23.3,24.0,25.0,27.6,26.2,25.5,
201604,Penrith Lakes AWS,30.1,32.0,27.6,26.1,32.1,36.6,20.7,21.9,26.6,30.6,28.8,24.8,25.1,25.1,28.9,29.7,23.3,24.4,25.6,26.8,28.6,26.8,21.5,24.0,24.2,25.5,26.7,27.3,24.3,24.7,
201604,Prospect Reservoir,28.9,31.2,26.1,24.8,31.0,35.7,20.8,21.1,26.2,28.5,,22.6,24.3,23.9,27.9,29.3,22.6,24.6,26.2,26.5,28.5,27.2,19.6,23.1,23.6,25.1,25.4,26.7,25.6,26.0,
201604,Richmond RAAF,30.6,32.0,27.9,25.6,32.2,36.6,21.2,21.0,26.3,30.2,28.1,24.0,25.8,25.6,28.8,29.7,22.6,24.7,25.8,27.4,28.8,27.4,20.4,24.1,24.1,25.0,27.0,27.7,26.1,25.2,
201604,Springwood (Valley Heights),27.0,29.5,25.2,23.0,28.3,34.3,17.9,21.7,23.7,28.9,25.3,21.5,23.0,22.1,26.0,26.5,20.4,21.7,23.0,24.1,25.9,24.6,18.8,20.3,21.5,22.5,23.7,24.0,24.2,22.6,
201604,Sydney (Observatory Hill),25.6,31.2,25.2,23.5,26.2,34.2,20.5,20.6,25.0,27.3,26.5,22.9,24.2,22.9,24.6,25.5,23.2,24.2,23.9,25.5,24.5,25.9,20.2,23.1,22.8,23.7,23.7,25.1,24.2,26.5,
201604,Sydney Airport AMO,27.1,30.4,24.3,24.3,27.3,34.7,20.5,21.7,23.2,28.0,24.1,21.5,23.5,24.2,26.3,27.1,21.7,22.1,22.8,25.0,27.0,23.4,21.0,22.0,21.9,23.2,25.3,27.2,26.5,26.9,
201604,Terrey Hills AWS,24.9,29.1,23.9,20.9,25.7,32.2,18.7,18.9,22.8,25.3,23.8,20.6,22.1,22.2,24.3,26.3,20.1,22.1,21.7,24.3,24.9,24.0,18.1,20.3,21.2,22.5,23.4,24.8,23.8,23.8,
201604,"Values are the maximum temperature, usually in the 24 hoursfrom9 am on the day indicated,and typically occurred in the afternoon of that day.",,,,,,,,,,,,,,,,,,,,,,,,,,,,,,,
201604,Temperatures coloured according to their differencefrom the long-termaveragefor the period,-10.0,-9.0,-8.0,-7.0,-6.0,-5.0,-4.0,-3.0,-2.0,-1.0,0.0,+1.0,+2.0,+3.0,+4.0,+5.0,+6.0,+7.0,+8.0,+9.0,+10.0,°C,Grey outline marks highestand lowest for the period,,,,,,,,
201605,Badgerys Creek AWS,29.4,23.2,26.2,25.5,24.2,26.8,26.1,20.1,21.3,24.3,22.8,24.3,25.6,26.7,24.3,24.7,27.8,21.2,23.1,24.0,22.5,24.8,27.1,22.1,20.3,20.5,18.2,15.8,19.5,19.2,18.4
201605,Bankstown Airport AWS,28.8,23.1,26.0,25.4,24.5,27.0,25.8,20.9,22.8,25.0,22.5,24.6,25.9,26.8,24.1,25.0,28.5,21.1,23.3,25.8,22.1,24.6,28.3,21.9,21.1,21.7,18.6,15.3,19.0,18.9,18.4
201605,Camden Airport AWS,29.5,23.5,26.2,25.6,24.1,28.0,26.3,20.2,21.1,24.1,21.1,23.0,24.8,27.9,22.9,24.3,27.5,21.1,22.0,23.6,22.3,24.6,26.2,21.7,20.7,21.2,17.5,15.8,18.9,19.4,19.1
201605,Campbelltown (Mount Annan),28.8,22.7,25.9,26.0,24.1,28.0,26.3,20.4,20.8,24.5,21.1,23.1,25.2,27.9,22.9,24.4,27.4,21.5,22.0,24.0,22.1,25.0,25.9,21.8,20.8,20.8,17.4,15.9,19.2,19.2,19.4
201605,Canterbury Racecourse AWS,27.6,23.2,25.6,25.3,24.0,26.8,24.9,20.7,22.5,24.2,22.2,24.1,25.2,26.6,25.0,24.2,27.8,21.2,22.7,23.4,21.5,24.2,27.1,21.4,21.3,20.4,18.1,15.4,18.8,19.1,17.3
201605,Holsworthy Aerodrome AWS,28.2,22.0,25.1,25.6,23.7,26.8,25.1,19.9,22.2,24.0,22.1,24.0,25.3,26.7,22.6,24.1,27.6,21.4,22.4,24.0,21.7,24.1,27.2,21.6,20.3,20.5,17.5,15.1,18.8,18.5,17.3
201605,Horsley Park Equestrian Centre AWS,28.1,22.9,25.8,25.6,24.0,26.4,25.8,20.3,22.6,23.8,22.9,24.0,25.6,26.7,23.7,24.8,28.0,20.5,22.8,24.0,21.6,24.6,27.2,21.8,20.8,20.6,18.1,15.6,19.1,19.1,19.5
201605,Parramatta North (Masons Drive),27.5,23.0,25.8,25.8,24.2,26.2,25.2,21.0,23.0,24.2,23.0,24.2,25.7,27.6,24.7,24.8,28.1,21.2,23.2,24.2,21.1,24.3,27.2,22.5,21.2,20.7,19.0,16.5,19.6,19.7,
201605,Penrith Lakes AWS,29.4,23.0,26.1,26.2,24.9,26.3,25.8,19.9,22.3,23.6,23.2,23.9,25.6,26.6,25.0,25.3,28.2,21.2,23.8,24.9,22.7,24.4,26.6,22.6,20.7,20.9,18.6,17.1,20.3,18.8,19.3
201605,Prospect Reservoir,27.2,23.8,25.4,25.9,24.0,25.3,25.4,20.6,22.7,23.9,22.1,24.1,25.0,26.2,24.3,24.8,27.4,20.8,22.4,23.4,21.9,24.4,26.2,21.1,20.0,20.6,17.8,15.6,18.6,18.2,18.6
201605,Richmond RAAF,28.3,24.6,26.5,26.7,25.4,26.4,26.4,20.2,23.1,25.1,23.0,24.5,25.8,27.3,24.5,25.4,28.5,21.8,24.3,25.0,22.3,26.2,27.3,23.0,21.7,21.7,19.7,17.3,20.0,18.7,
201605,Springwood (Valley Heights),26.6,20.6,24.1,25.2,21.9,24.4,22.7,18.4,22.0,22.0,21.1,21.8,23.1,25.0,23.2,22.6,26.5,20.1,22.1,22.3,19.8,22.9,25.3,21.0,18.0,20.2,16.5,15.0,18.2,16.2,16.3
201605,Sydney (Observatory Hill),26.1,21.3,26.4,26.2,22.4,26.7,22.9,20.8,22.2,24.6,23.1,24.5,25.9,26.6,24.4,22.9,28.2,21.9,23.2,24.9,21.5,22.0,26.8,22.3,21.2,20.2,18.6,14.8,19.3,19.9,17.5
201605,Sydney Airport AMO,28.1,23.8,26.9,25.8,24.5,25.1,24.5,21.8,23.4,25.2,23.7,25.0,26.1,26.4,26.0,24.5,28.9,22.4,23.8,22.6,21.2,23.7,28.3,22.3,21.7,21.8,18.6,15.2,18.9,18.0,16.5
201605,Terrey Hills AWS,23.9,21.7,24.3,23.6,22.4,24.3,24.0,19.9,20.5,22.8,20.7,22.4,23.7,26.0,25.0,22.6,26.4,19.3,,22.1,20.6,23.2,25.4,20.1,19.2,18.9,17.6,14.4,17.1,16.6,16.4
201605,"Values are the maximum temperature, usually in the 24 hoursfrom9 am on the day indicated,and typically occurred in the afternoon of that day.",,,,,,,,,,,,,,,,,,,,,,,,,,,,,,,
201605,Temperatures coloured according to their differencefrom the long-termaveragefor the period,-10.0,-9.0,-8.0,-7.0,-6.0,-5.0,-4.0,-3.0,-2.0,-1.0,0.0,+1.0,+2.0,+3.0,+4.0,+5.0,+6.0,+7.0,+8.0,+9.0,+10.0,°C,Grey outline marks highestand lowest for the period,,,,,,,,
201606,"Badgerys
              Creek AWS",16.5,20.1,17.9,18.5,18.1,17.7,20.2,20.6,22.2,21.3,19.7,16.9,19.4,21.2,20.0,20.4,17.9,18.5,16.2,19.2,17.8,19.5,18.2,16.2,14.1,14.7,12.2,16.1,18.6,13.3,
201606,"Bankstown
              Airport AWS",17.4,20.2,18.5,20.8,19.5,18.4,20.8,20.7,22.5,21.3,20.2,17.3,19.1,20.8,20.0,21.5,19.7,19.6,18.9,19.5,18.7,20.0,17.7,17.0,14.7,14.7,12.3,16.6,18.4,15.2,
201606,"Camden
              Airport AWS",16.7,20.7,18.1,18.2,18.5,18.0,18.7,20.0,22.6,19.9,18.8,16.8,19.3,20.9,19.4,19.8,16.0,17.8,17.2,19.6,18.3,19.1,18.1,15.8,14.3,15.4,12.4,16.2,18.4,13.9,
201606,"Campbelltown
              (Mount Annan)",16.7,20.7,18.3,17.9,18.2,18.0,19.3,20.2,22.6,20.3,19.3,17.0,19.3,20.8,19.6,20.3,17.6,18.2,17.2,19.7,18.9,18.5,17.7,15.9,14.4,15.5,12.0,16.7,18.3,13.6,
201606,"Canterbury
              Racecourse AWS",18.4,19.2,18.1,21.1,19.4,18.3,19.8,20.6,22.2,21.1,19.8,17.5,19.4,21.1,20.4,21.7,19.6,21.0,19.2,20.3,18.5,19.8,17.8,16.2,14.6,14.7,11.7,16.5,19.1,17.3,
201606,"Holsworthy
              Aerodrome AWS",16.1,18.7,17.4,19.9,18.7,17.9,19.2,20.2,21.9,20.4,19.2,17.2,18.4,20.2,19.0,20.0,17.6,18.6,18.0,18.9,17.4,19.0,17.1,16.7,14.5,15.3,11.2,16.3,17.9,12.7,
201606,"Horsley
              Park Equestrian Centre AWS",17.3,19.6,17.8,19.1,18.2,17.7,18.8,20.0,21.6,21.1,19.9,17.1,18.9,20.8,19.4,20.8,18.8,18.6,16.8,19.6,17.7,19.0,17.6,16.2,14.0,14.7,11.8,15.7,18.3,14.1,
201606,"Parramatta
              North (Masons Drive)",17.2,18.8,18.2,20.5,18.8,18.7,19.0,20.2,22.2,21.7,20.1,17.9,19.8,21.2,20.0,21.7,19.3,20.7,18.7,19.6,18.2,19.2,18.2,16.0,14.7,15.2,12.2,16.3,18.5,16.2,
201606,"Penrith
              Lakes AWS",16.8,19.6,17.7,18.3,17.6,19.1,19.3,20.6,21.4,21.1,19.6,17.4,19.2,20.8,20.0,20.6,17.3,18.6,15.5,19.5,18.0,18.8,18.1,15.8,14.5,14.8,13.1,16.9,17.6,12.9,
201606,"Prospect
              Reservoir",17.3,18.0,18.2,18.8,18.3,17.9,19.2,19.8,21.6,20.2,18.9,16.7,18.5,19.7,19.7,21.1,19.5,19.1,16.9,20.4,17.7,18.6,17.6,15.5,13.9,15.0,12.1,15.4,17.0,,
201606,"Richmond
              RAAF",17.7,19.4,18.1,18.5,17.8,19.7,19.9,20.8,22.4,21.2,20.4,17.8,18.8,22.0,19.9,22.2,19.3,21.7,15.4,19.5,18.1,20.0,18.7,16.6,14.7,14.5,12.9,17.1,17.4,15.0,
201606,"Springwood
              (Valley Heights)",15.0,17.7,15.2,15.4,16.2,17.4,17.6,18.4,19.9,19.7,18.1,15.2,17.2,17.2,17.6,18.6,18.5,16.4,14.7,18.0,15.5,17.3,15.5,14.1,14.5,13.4,11.1,15.3,15.0,14.5,
201606,"Sydney
              (Observatory Hill)",17.9,19.1,18.3,21.1,19.7,18.4,19.9,20.7,22.0,21.4,19.8,18.1,20.3,21.2,20.5,22.2,19.3,21.1,19.5,20.4,18.4,19.7,18.5,16.3,15.1,15.3,11.7,17.3,18.8,16.5,
201606,"Sydney
              Airport AMO",16.8,18.0,18.8,21.7,20.2,18.2,19.4,21.7,23.1,22.4,20.3,18.2,19.6,22.2,20.6,22.5,20.5,20.8,20.4,20.9,19.3,20.9,19.5,17.6,13.6,16.1,11.6,15.4,18.1,17.8,
201606,"Terrey
              Hills AWS",16.0,17.6,16.8,19.0,18.2,18.1,18.9,18.8,19.6,20.0,17.9,15.1,18.2,19.9,18.6,19.4,17.4,20.0,17.4,18.3,16.8,17.9,16.6,15.6,12.4,14.1,10.8,14.4,17.3,15.3,
201606,"Values are the maximum
            temperature, usually in the 24 hoursfrom9 am on the day
            indicated,and typically occurred in the afternoon of that day.",,,,,,,,,,,,,,,,,,,,,,,,,,,,,,,
201606,"Temperatures coloured according to
            their differencefrom the long-termaveragefor the period",-10.0,-9.0,-8.0,-7.0,-6.0,-5.0,-4.0,-3.0,-2.0,-1.0,0.0,+1.0,+2.0,+3.0,+4.0,+5.0,+6.0,+7.0,+8.0,+9.0,+10.0,°C,"Grey
            outline marks highestand lowest for the period",,,,,,,,
201607,Badgerys Creek AWS,16.1,17.3,17.6,14.3,16.1,17.3,18.1,16.5,17.8,18.8,19.9,20.0,13.6,16.7,18.1,18.9,20.4,24.4,25.2,16.4,19.9,25.7,17.1,14.4,17.0,19.3,18.1,19.6,18.5,19.3,20.6
201607,Bankstown Airport AWS,17.4,17.8,17.3,14.7,18.3,18.1,17.1,15.9,17.7,18.7,19.6,20.3,13.9,16.7,17.9,19.0,20.3,24.2,25.0,16.9,19.9,25.8,17.3,14.5,17.7,19.6,18.9,19.3,19.0,19.5,20.8
201607,Camden Airport AWS,16.0,17.2,17.7,15.1,15.1,16.8,18.0,16.9,17.6,18.5,21.2,20.0,13.3,16.2,19.1,19.2,20.1,23.7,25.6,16.7,19.9,26.0,17.1,14.4,16.8,18.8,17.9,19.2,18.1,19.0,20.4
201607,Campbelltown (Mount Annan),16.1,17.1,17.5,15.0,15.5,16.9,17.6,16.2,17.6,18.9,18.5,19.8,13.0,16.4,19.0,19.6,19.9,23.4,24.8,16.1,19.8,25.7,16.4,14.2,16.3,18.7,17.9,19.1,18.2,19.4,20.2
201607,Canterbury Racecourse AWS,16.5,17.6,17.3,15.2,18.6,17.9,16.9,15.5,17.8,19.2,18.8,20.2,13.7,16.9,18.6,,,,25.0,16.7,19.0,25.5,17.5,14.3,17.5,18.8,18.5,19.2,18.8,18.3,21.0
201607,Holsworthy Aerodrome AWS,16.2,17.5,16.7,13.9,16.3,16.4,17.0,15.6,17.2,17.9,18.4,19.6,13.1,16.2,17.7,18.1,19.0,23.4,24.6,16.2,18.9,25.4,16.9,14.2,16.9,18.6,17.6,19.1,18.5,19.0,20.4
201607,Horsley Park Equestrian Centre AWS,16.1,17.1,17.2,14.3,17.0,17.1,17.6,15.7,17.2,18.3,18.4,19.4,13.7,16.6,17.7,18.4,19.4,23.6,24.2,16.1,20.2,25.5,16.5,13.6,17.0,19.4,18.1,19.0,18.6,18.9,20.6
201607,Parramatta North (Masons Drive),15.7,17.7,17.2,15.0,18.0,17.6,16.7,14.9,17.2,18.0,18.3,20.2,14.3,16.8,18.0,18.4,19.7,24.0,25.2,16.7,19.4,25.5,17.0,13.3,17.3,19.3,18.2,19.0,18.4,19.1,
201607,Penrith Lakes AWS,16.9,17.9,17.1,13.6,15.9,17.3,18.5,16.9,17.7,17.8,19.3,19.4,14.0,17.2,16.7,17.4,19.3,24.0,24.3,16.6,20.8,25.5,16.5,14.4,17.0,18.9,17.8,20.1,18.1,19.3,20.2
201607,Prospect Reservoir,15.5,16.5,16.2,13.5,17.2,17.0,17.6,15.4,17.4,18.3,18.4,19.9,12.1,16.7,17.3,18.5,19.2,23.3,24.5,16.8,19.1,25.2,16.4,13.5,17.1,19.6,17.3,18.8,18.8,18.6,19.7
201607,Richmond RAAF,17.2,17.6,16.8,14.2,17.9,17.7,18.8,16.7,18.0,18.0,19.4,20.1,14.6,16.9,17.0,17.4,19.5,24.9,25.2,16.4,19.3,25.7,17.2,14.2,17.4,19.7,19.0,19.5,18.3,18.9,20.4
201607,Springwood (Valley Heights),15.4,16.1,14.9,12.4,15.0,15.2,15.7,14.6,16.1,15.4,16.9,17.5,12.0,16.4,15.0,16.6,17.2,23.1,24.5,15.5,18.6,24.0,14.5,12.4,15.4,18.0,16.0,18.2,17.2,17.0,17.5
201607,Sydney (Observatory Hill),16.7,18.2,18.1,15.6,18.8,17.7,17.2,15.6,18.0,17.9,18.6,20.2,14.0,17.0,17.7,18.9,18.8,24.2,24.9,16.9,19.3,25.7,17.4,14.3,17.9,17.9,18.6,19.4,18.5,19.8,20.9
201607,Sydney Airport AMO,16.4,18.3,18.0,15.8,19.1,18.4,17.2,17.6,16.7,19.0,19.6,21.4,14.5,17.3,17.1,17.4,20.1,25.3,25.7,16.8,19.8,27.0,18.7,15.3,18.8,18.7,19.6,20.4,19.7,18.4,21.0
201607,Terrey Hills AWS,14.6,15.7,15.7,15.6,17.0,15.9,14.9,14.3,16.2,16.8,19.2,18.1,12.6,14.9,16.1,16.8,18.8,22.9,,15.6,18.0,23.8,15.5,11.9,16.0,,,,,16.6,18.8
201607,"Values are the maximum temperature, usually in the 24 hoursfrom9 am on the day indicated,and typically occurred in the afternoon of that day.",,,,,,,,,,,,,,,,,,,,,,,,,,,,,,,
201607,Temperatures coloured according to their differencefrom the long-termaveragefor the period,-10.0,-9.0,-8.0,-7.0,-6.0,-5.0,-4.0,-3.0,-2.0,-1.0,0.0,+1.0,+2.0,+3.0,+4.0,+5.0,+6.0,+7.0,+8.0,+9.0,+10.0,°C,Grey outline marks highestand lowest for the period,,,,,,,,
201608,Badgerys Creek AWS,15.9,14.0,14.8,16.5,16.3,17.0,18.3,19.4,18.1,25.0,19.4,17.8,19.6,19.8,20.4,22.5,23.9,23.3,23.5,17.5,19.6,13.6,16.7,12.4,16.7,16.4,19.0,19.5,18.9,20.9,23.5
201608,Bankstown Airport AWS,17.1,14.9,14.8,16.3,16.6,16.6,17.9,19.1,18.5,25.6,19.6,18.3,20.0,19.4,21.4,23.7,24.3,23.5,23.6,17.9,19.9,14.2,17.7,13.5,17.2,16.6,19.6,20.2,19.3,22.4,24.4
201608,Camden Airport AWS,15.7,13.6,16.0,16.5,16.7,17.2,18.0,19.5,17.9,25.1,18.9,18.1,19.9,20.0,20.6,22.4,23.8,23.3,23.1,16.7,19.2,14.9,17.3,12.6,18.1,17.5,19.0,,18.4,21.2,22.5
201608,Campbelltown (Mount Annan),15.7,14.0,15.1,16.3,17.6,17.6,18.4,19.3,18.1,25.0,18.4,18.1,19.3,20.4,20.9,22.9,24.0,23.3,23.2,16.8,18.9,14.4,17.5,12.9,17.2,17.1,18.9,19.3,19.0,21.4,22.3
201608,Canterbury Racecourse AWS,17.7,15.3,13.5,16.3,15.1,16.3,17.6,19.0,19.2,24.9,19.2,18.2,19.9,19.0,20.7,22.6,24.3,22.9,23.3,17.2,20.0,14.1,17.0,13.8,17.2,16.2,19.4,19.7,19.5,20.9,23.2
201608,Holsworthy Aerodrome AWS,15.3,14.1,13.9,15.2,15.7,15.4,16.5,18.6,17.2,25.0,18.9,17.6,19.5,18.9,20.4,22.5,23.9,22.8,23.0,17.0,19.6,14.3,17.6,12.9,17.1,16.0,19.2,20.1,18.3,21.6,22.5
201608,Horsley Park Equestrian Centre AWS,15.6,13.9,14.2,15.8,15.5,16.8,16.9,18.9,18.0,25.0,19.2,17.4,19.5,18.7,20.6,22.8,23.8,23.3,22.9,17.5,19.6,13.6,16.7,12.6,17.5,15.9,18.9,19.5,19.1,21.6,22.3
201608,Parramatta North (Masons Drive),17.2,15.5,13.0,15.7,16.2,16.0,17.0,19.2,19.0,25.2,20.0,18.0,20.1,19.7,21.0,24.0,23.3,23.4,22.7,17.5,20.0,13.0,17.0,13.2,17.5,16.6,19.3,20.0,19.2,22.2,23.2
201608,Penrith Lakes AWS,14.9,14.6,14.9,17.0,16.8,16.5,18.3,18.8,17.9,25.9,20.1,18.5,20.1,20.0,20.8,23.1,25.0,23.3,23.5,17.9,19.7,13.5,17.7,12.6,18.0,17.7,19.9,20.7,19.3,22.2,23.6
201608,Prospect Reservoir,16.1,14.6,14.4,16.3,15.7,16.8,17.6,19.0,18.7,24.9,19.2,18.0,19.7,20.4,20.7,23.5,23.9,23.6,23.2,18.0,19.9,13.0,18.2,12.8,18.2,16.0,20.0,20.2,19.3,22.4,23.2
201608,Richmond RAAF,15.5,15.5,14.0,16.6,15.8,16.4,18.2,18.9,19.4,24.9,20.9,18.6,20.3,19.6,21.1,23.2,24.3,23.4,23.4,18.0,19.2,12.7,17.5,12.6,17.9,17.5,19.6,20.2,18.9,22.8,24.1
201608,Springwood (Valley Heights),15.7,13.2,12.9,13.7,14.4,14.3,15.3,16.4,17.2,23.4,18.7,15.7,19.8,17.7,18.5,20.5,23.2,20.9,21.9,15.5,18.0,13.2,15.1,10.8,16.6,15.9,17.1,19.1,16.5,19.0,
201608,Sydney (Observatory Hill),18.4,15.8,14.6,18.1,16.2,15.5,16.4,19.7,19.1,25.2,20.3,19.4,20.3,20.0,19.6,20.3,24.2,22.9,24.3,17.9,20.4,13.8,18.4,14.7,17.3,17.3,19.9,20.5,19.6,19.9,23.6
201608,Sydney Airport AMO,18.6,15.2,15.0,17.2,14.5,15.4,16.7,18.1,19.9,26.7,20.3,19.8,20.6,18.4,21.4,21.7,24.1,23.7,24.7,18.4,20.7,15.6,16.1,14.5,17.1,15.4,20.4,19.3,20.5,21.5,24.8
201608,Terrey Hills AWS,,14.3,13.7,14.7,14.2,14.8,15.0,17.3,17.9,23.6,18.6,17.4,18.3,18.3,19.8,20.9,22.6,21.9,21.5,16.5,18.2,12.5,15.7,12.8,15.6,14.6,17.8,18.7,17.3,19.6,21.6
201608,"Values are the maximum
            temperature, usually in the 24 hoursfrom9 am on the day
            indicated,and typically occurred in the afternoon of that day.",,,,,,,,,,,,,,,,,,,,,,,,,,,,,,,
201608,"Temperatures coloured according to
            their differencefrom the long-termaveragefor the period",-10.0,-9.0,-8.0,-7.0,-6.0,-5.0,-4.0,-3.0,-2.0,-1.0,0.0,+1.0,+2.0,+3.0,+4.0,+5.0,+6.0,+7.0,+8.0,+9.0,+10.0,°C,"Grey
            outline marks highestand lowest for the period",,,,,,,,
201609,Badgerys Creek AWS,22.4,16.6,19.4,19.4,21.1,24.3,22.5,23.4,24.5,21.2,21.2,21.2,20.0,23.8,19.9,20.9,21.8,16.6,20.4,18.9,19.3,19.8,21.8,24.0,22.4,22.1,22.0,20.9,21.1,18.7,
201609,Bankstown Airport AWS,22.8,17.8,20.4,20.1,21.8,24.2,22.4,23.4,25.3,22.8,21.0,22.2,20.7,25.0,21.8,22.2,22.4,17.8,20.6,20.6,20.7,20.1,21.5,23.5,23.3,21.4,24.4,21.0,22.4,19.8,
201609,Camden Airport AWS,22.3,16.9,19.0,20.2,21.3,23.4,23.2,24.0,25.7,22.3,21.2,21.4,20.2,24.3,21.1,21.1,22.4,17.4,19.9,19.6,19.3,19.2,22.3,23.9,23.5,22.2,22.2,21.2,21.3,18.7,
201609,Campbelltown (Mount Annan),22.5,17.1,20.0,19.7,21.3,23.7,23.3,23.7,25.7,21.9,21.3,21.2,20.8,23.8,20.8,20.8,22.1,16.6,19.6,19.4,19.3,18.3,22.0,23.6,23.1,22.5,21.8,20.9,21.3,18.1,
201609,Canterbury Racecourse AWS,22.9,18.1,20.3,20.2,21.1,22.8,21.8,22.6,23.9,22.2,20.5,21.2,19.8,24.2,21.5,21.9,22.4,17.6,20.8,20.3,20.4,20.0,21.0,22.1,21.7,20.6,23.1,20.5,22.3,19.2,
201609,Holsworthy Aerodrome AWS,22.0,17.3,19.2,20.4,20.9,23.5,21.8,22.9,24.8,21.6,20.3,21.1,20.0,24.4,20.7,21.4,22.0,17.0,20.2,20.1,20.3,19.1,21.3,23.2,22.8,21.3,22.6,20.5,21.5,19.0,
201609,Horsley Park Equestrian Centre AWS,22.1,16.6,18.9,19.6,20.9,23.6,22.7,23.2,24.6,21.3,20.8,21.5,19.7,24.0,20.4,21.0,21.8,17.1,20.2,19.9,19.6,19.9,21.9,23.7,22.9,21.5,22.8,20.8,21.6,18.6,
201609,Parramatta North (Masons Drive),23.0,17.7,20.1,20.5,22.0,24.3,22.0,23.3,24.7,22.2,20.7,21.0,20.4,24.0,20.3,21.8,22.0,17.7,21.2,20.3,20.0,20.2,21.4,23.3,22.0,22.0,23.0,20.6,22.0,19.4,
201609,Penrith Lakes AWS,22.7,16.9,19.7,20.8,22.0,24.8,23.4,23.6,25.6,21.9,21.7,21.9,20.1,24.2,21.0,22.3,22.0,17.8,22.3,19.8,19.6,20.4,23.3,24.7,23.1,22.9,23.1,21.8,22.1,19.0,
201609,Prospect Reservoir,22.5,16.9,19.0,20.2,21.7,24.8,22.8,24.4,25.8,21.2,21.9,22.4,20.4,24.0,21.2,21.7,22.1,17.5,21.1,20.4,20.5,20.3,22.0,24.4,22.2,21.7,22.3,22.2,22.2,19.1,
201609,Richmond RAAF,22.5,17.8,18.6,20.5,21.3,24.2,22.5,23.5,25.8,22.7,21.0,21.4,20.2,25.5,21.7,22.4,21.5,17.5,21.7,19.9,19.7,21.2,22.3,24.7,22.8,21.8,22.8,21.7,22.3,19.5,
201609,Springwood (Valley Heights),19.9,14.3,17.0,20.0,18.8,21.5,20.9,21.0,23.9,20.4,19.4,18.9,17.7,22.7,19.3,20.3,19.5,15.7,20.7,17.4,18.9,19.1,21.7,21.5,21.6,21.4,21.4,18.9,20.3,15.5,
201609,Sydney (Observatory Hill),22.5,18.0,20.5,21.3,21.2,20.5,22.0,21.2,22.7,22.7,21.0,20.9,20.2,24.6,22.1,22.5,22.4,17.8,21.4,20.6,21.2,20.1,22.0,22.3,22.1,21.8,23.2,21.3,22.8,20.1,
201609,Sydney Airport AMO,23.2,19.1,20.9,19.3,21.3,22.7,21.7,23.0,24.8,23.4,19.5,21.4,19.4,24.9,22.8,22.7,22.6,18.1,21.7,21.5,22.3,19.7,19.3,22.2,20.8,19.2,23.3,20.1,23.5,20.2,
201609,Terrey Hills AWS,20.9,16.5,18.6,18.3,20.0,21.7,20.6,21.8,22.4,21.0,19.1,19.8,18.9,21.9,19.7,20.8,20.8,16.0,20.0,19.0,18.9,20.5,19.1,21.1,20.9,19.6,21.5,18.7,19.4,17.7,
201609,"Values are the maximum
            temperature, usually in the 24 hoursfrom9 am on the day
            indicated,and typically occurred in the afternoon of that day.",,,,,,,,,,,,,,,,,,,,,,,,,,,,,,,
201609,"Temperatures coloured according to
            their differencefrom the long-termaveragefor the period",-10.0,-9.0,-8.0,-7.0,-6.0,-5.0,-4.0,-3.0,-2.0,-1.0,0.0,+1.0,+2.0,+3.0,+4.0,+5.0,+6.0,+7.0,+8.0,+9.0,+10.0,°C,"Grey
            outline marks highestand lowest for the period",,,,,,,,
201610,Badgerys Creek AWS,20.7,26.3,24.7,22.5,22.5,27.3,30.1,23.5,23.2,32.1,20.0,22.2,19.2,21.9,27.1,30.8,19.5,25.6,22.9,23.0,29.0,20.6,20.5,23.1,27.9,30.9,25.4,19.3,26.1,28.1,22.8
201610,Bankstown Airport AWS,22.3,27.2,25.8,23.8,23.5,28.0,31.1,22.2,23.6,33.1,20.7,22.8,19.5,21.6,27.5,30.8,19.4,26.0,23.6,22.2,29.4,18.9,20.0,20.9,27.9,30.1,22.8,19.6,25.5,29.6,23.5
201610,Camden Airport AWS,21.4,26.4,24.6,23.2,22.2,27.1,29.9,21.8,23.4,31.6,19.6,23.1,19.1,22.2,27.2,30.2,19.7,25.3,22.3,23.1,28.1,22.5,20.9,23.4,27.8,30.0,24.7,19.8,26.7,28.2,21.7
201610,Campbelltown (Mount Annan),20.1,26.4,24.0,23.0,21.6,27.1,29.7,22.5,23.7,31.4,19.7,22.3,19.5,22.0,26.7,30.2,19.8,24.7,22.5,23.4,28.1,21.1,20.7,23.1,27.0,29.6,24.2,19.4,25.3,27.5,22.1
201610,Canterbury Racecourse AWS,21.3,25.7,25.0,23.2,22.7,27.6,29.9,20.8,25.5,32.8,20.2,22.7,17.6,20.4,25.4,29.7,19.1,25.0,23.0,21.3,28.2,17.8,18.2,19.0,24.6,28.9,21.7,19.3,25.0,28.5,23.0
201610,Holsworthy Aerodrome AWS,21.6,26.5,25.1,22.7,22.6,27.6,30.0,20.7,23.0,32.4,20.5,23.2,18.5,21.0,27.3,30.4,18.9,25.2,23.1,21.3,29.1,18.4,18.4,20.9,27.3,30.3,22.7,19.1,24.2,28.1,22.5
201610,Horsley Park Equestrian Centre AWS,20.9,26.7,24.0,23.2,22.6,27.4,29.8,22.2,23.8,32.1,,22.4,18.7,21.8,27.5,30.3,19.1,24.8,22.7,21.8,28.7,18.7,19.4,21.8,27.9,30.4,23.9,18.5,25.3,28.1,22.5
201610,Parramatta North (Masons Drive),21.0,27.0,24.6,23.2,23.2,27.0,30.2,23.3,24.2,33.5,20.6,22.8,18.0,21.6,26.6,30.0,21.3,25.0,23.7,21.8,28.8,18.2,19.2,20.7,28.0,29.7,23.0,19.3,26.2,28.0,23.3
201610,Penrith Lakes AWS,21.1,28.1,25.2,23.4,22.9,29.0,30.8,24.7,24.4,33.4,20.7,22.9,20.8,23.0,28.5,30.7,20.0,25.6,24.9,23.5,30.2,21.7,22.0,23.8,29.1,30.9,26.1,19.1,25.3,28.7,24.9
201610,Prospect Reservoir,20.6,27.6,24.7,22.7,22.7,26.7,29.6,22.4,24.2,32.6,20.2,23.1,18.4,22.4,27.7,30.5,19.6,25.2,23.1,22.1,29.4,18.5,20.0,21.8,28.3,30.2,23.3,19.3,25.5,28.8,22.9
201610,Richmond RAAF,20.9,27.5,24.8,23.6,22.9,28.2,30.6,25.7,24.3,34.0,21.1,22.5,19.8,22.2,28.0,30.4,19.8,25.7,24.2,24.0,29.8,22.6,21.6,23.3,28.5,30.8,26.3,19.0,24.7,28.9,24.3
201610,Springwood (Valley Heights),18.6,26.1,22.5,21.0,21.4,27.1,28.7,25.0,22.3,31.2,19.1,20.9,17.2,20.0,25.8,29.5,18.2,23.4,22.5,21.5,28.2,22.0,20.1,21.1,27.1,28.8,23.7,17.0,21.4,27.0,23.0
201610,Sydney (Observatory Hill),22.1,24.7,25.6,23.4,23.7,27.8,31.0,22.2,25.5,33.6,21.3,23.6,18.3,21.3,23.9,29.0,22.4,25.8,24.5,21.6,25.2,18.0,19.8,21.5,23.3,27.0,21.7,19.6,24.3,25.5,23.3
201610,Sydney Airport AMO,22.5,26.6,27.0,24.5,24.2,28.9,31.4,19.6,27.3,34.3,19.0,23.3,17.2,20.3,26.3,28.9,19.3,26.6,23.4,23.2,27.1,17.6,16.9,18.7,25.4,28.3,22.2,20.1,25.5,26.8,21.5
201610,Terrey Hills AWS,20.0,24.4,24.3,22.3,21.6,26.6,29.1,23.3,20.9,32.9,19.0,21.1,16.1,19.2,23.9,28.4,20.6,24.5,22.0,19.6,25.2,15.7,16.8,19.2,23.2,27.6,21.0,18.4,23.1,26.6,21.2
201610,"Values are the maximum
            temperature, usually in the 24 hoursfrom9 am on the day
            indicated,and typically occurred in the afternoon of that day.",,,,,,,,,,,,,,,,,,,,,,,,,,,,,,,
201610,"Temperatures coloured according to
            their differencefrom the long-termaveragefor the period",-10.0,-9.0,-8.0,-7.0,-6.0,-5.0,-4.0,-3.0,-2.0,-1.0,0.0,+1.0,+2.0,+3.0,+4.0,+5.0,+6.0,+7.0,+8.0,+9.0,+10.0,°C,"Grey
            outline marks highestand lowest for the period",,,,,,,,
201611,Badgerys Creek AWS,25.0,27.6,29.7,31.4,25.3,26.4,34.6,30.2,23.6,30.3,27.9,35.7,29.9,27.0,24.7,28.2,28.2,36.7,27.3,30.6,34.7,36.8,35.1,26.8,29.1,30.8,27.2,32.0,29.5,,
201611,Bankstown Airport AWS,25.0,27.0,28.8,31.6,25.5,26.6,34.4,27.3,23.0,27.9,25.3,36.0,30.0,25.4,23.7,25.3,27.0,36.9,25.1,29.3,31.6,36.6,33.6,24.3,25.9,28.4,25.7,30.6,26.4,27.0,
201611,Camden Airport AWS,24.8,26.8,29.4,30.6,23.9,25.2,34.1,29.2,23.7,30.9,26.9,35.1,28.5,25.5,24.5,26.7,28.3,36.7,26.8,30.8,35.0,37.2,32.4,26.2,28.3,30.7,26.9,32.8,28.2,29.0,
201611,Campbelltown (Mount Annan),24.7,26.9,29.6,30.3,23.8,24.9,33.9,28.5,24.1,28.4,26.4,34.7,28.6,24.2,24.0,25.4,27.6,37.4,26.1,30.6,34.7,36.3,32.5,24.6,27.1,30.3,26.4,32.4,26.8,27.4,
201611,Canterbury Racecourse AWS,23.2,24.3,26.5,30.7,24.9,23.8,31.3,24.6,21.6,25.6,24.2,34.0,28.8,23.1,21.8,23.1,24.7,34.9,22.4,26.4,29.9,34.2,31.1,21.9,23.9,25.6,25.0,28.9,24.0,26.1,
201611,Holsworthy Aerodrome AWS,23.7,26.6,29.3,31.2,24.4,25.9,34.8,27.2,22.5,27.7,24.5,35.3,28.9,24.0,22.3,25.2,25.9,36.6,23.9,29.2,31.4,37.1,33.7,23.4,26.2,28.5,24.1,29.9,25.5,26.2,
201611,Horsley Park Equestrian Centre AWS,24.3,27.1,28.9,30.9,25.1,25.8,34.9,29.6,24.4,29.8,26.2,35.1,29.1,25.9,24.0,25.3,27.9,36.5,26.2,29.9,33.0,36.6,33.9,25.1,27.2,29.4,26.0,31.8,27.3,28.2,
201611,Parramatta North (Masons Drive),24.0,27.0,29.0,31.0,25.6,26.0,34.0,27.8,22.4,27.8,24.8,35.2,29.8,24.8,22.8,24.6,26.0,36.2,24.0,27.0,33.0,36.5,33.0,23.0,28.2,23.5,24.0,30.0,25.2,27.2,
201611,Penrith Lakes AWS,25.8,28.2,29.7,31.7,25.9,27.6,35.5,30.9,24.3,30.2,29.3,35.6,29.5,26.9,25.1,28.1,28.9,37.0,28.6,29.3,33.5,37.4,34.3,27.2,29.7,31.5,27.9,31.0,29.3,30.4,
201611,Prospect Reservoir,24.7,27.1,29.4,30.7,25.0,26.0,34.6,28.4,23.2,29.0,25.5,34.4,29.0,24.8,23.4,25.5,27.5,36.4,25.5,29.0,32.7,35.6,32.5,24.8,26.8,29.5,25.4,31.9,26.2,28.7,
201611,Richmond RAAF,25.1,27.6,29.6,30.9,25.8,27.2,35.1,32.8,26.0,31.0,28.5,35.1,30.0,26.4,23.9,27.5,28.6,36.1,27.7,30.0,35.6,36.7,35.2,26.6,29.3,31.0,28.1,31.0,29.2,29.6,
201611,Springwood (Valley Heights),24.1,26.3,26.7,29.5,24.0,25.6,33.2,29.4,20.6,29.6,26.3,33.8,27.2,24.7,21.5,25.4,26.6,35.0,26.1,26.5,31.5,35.1,34.0,25.1,28.7,28.5,24.8,28.5,27.0,,
201611,Sydney (Observatory Hill),24.5,24.1,25.2,30.6,25.7,26.0,28.1,28.3,22.7,24.6,24.3,32.5,30.3,24.4,23.2,25.2,23.9,31.4,24.8,25.1,28.4,31.0,26.2,23.4,25.5,24.4,23.5,26.1,25.3,25.2,
201611,Sydney Airport AMO,23.4,23.5,27.3,32.6,25.6,23.8,30.8,22.4,20.5,25.0,24.1,34.7,30.8,22.8,21.5,23.8,25.3,35.1,22.9,26.7,30.8,33.1,29.2,22.2,23.7,26.3,24.4,28.8,23.8,26.2,
201611,Terrey Hills AWS,21.0,22.4,24.2,28.7,24.5,23.1,31.4,29.4,20.3,23.1,22.5,33.5,29.5,21.8,20.0,22.7,24.3,33.0,22.1,25.4,30.0,32.7,30.1,21.5,24.3,24.5,21.5,27.1,23.6,24.7,
201611,"Values are the maximum
            temperature, usually in the 24 hoursfrom9 am on the day
            indicated,and typically occurred in the afternoon of that day.",,,,,,,,,,,,,,,,,,,,,,,,,,,,,,,
201611,"Temperatures coloured according to
            their differencefrom the long-termaveragefor the period",-10.0,-9.0,-8.0,-7.0,-6.0,-5.0,-4.0,-3.0,-2.0,-1.0,0.0,+1.0,+2.0,+3.0,+4.0,+5.0,+6.0,+7.0,+8.0,+9.0,+10.0,°C,"Grey
            outline marks highestand lowest for the period",,,,,,,,
201612,Badgerys Creek AWS,,,,,,,,,,,,,,,,,34.2,22.6,,37.8,31.3,26.6,28.6,29.9,31.9,34.5,32.4,35.8,40.5,34.7,34.2
201612,Bankstown Airport AWS,34.4,38.0,27.7,30.3,33.7,25.0,26.0,33.0,27.6,25.1,28.2,31.2,39.4,37.4,18.8,26.4,34.7,21.9,24.0,35.7,26.9,24.7,26.7,30.5,29.6,33.4,29.5,32.5,39.9,36.1,30.1
201612,Camden Airport AWS,33.9,36.3,29.7,32.2,34.8,26.0,27.2,35.3,26.7,26.7,29.9,32.5,38.5,34.6,17.6,25.6,33.5,22.4,25.4,36.6,29.9,24.9,28.2,30.1,31.2,34.6,32.0,35.6,39.7,32.5,33.7
201612,Campbelltown (Mount Annan),33.6,35.8,29.2,31.0,34.2,25.8,26.8,33.7,26.8,25.8,29.0,32.4,38.7,35.1,18.1,25.2,33.3,21.2,24.5,36.1,29.5,24.4,27.5,30.1,30.7,34.5,31.2,34.6,38.6,34.7,32.4
201612,Canterbury Racecourse AWS,31.8,36.4,25.6,28.1,33.4,24.7,25.4,29.4,26.8,24.6,27.3,28.3,38.5,36.9,18.6,25.5,33.8,21.2,23.4,30.1,24.7,24.6,25.5,29.1,28.0,30.2,27.0,30.3,38.5,34.6,27.4
201612,Holsworthy Aerodrome AWS,33.5,37.3,26.2,29.8,32.9,24.4,25.0,30.8,27.2,24.3,27.2,29.5,39.2,35.0,17.9,24.9,33.7,21.1,23.7,35.3,27.1,24.5,26.1,29.4,29.2,33.8,29.4,32.3,39.7,35.0,29.9
201612,Horsley Park Equestrian Centre AWS,33.9,36.6,28.5,30.9,34.3,25.9,26.8,36.9,27.2,27.0,29.6,32.1,39.5,37.9,17.6,25.4,33.3,23.2,25.0,36.7,28.6,25.0,27.5,29.4,30.1,34.4,30.6,34.3,39.5,34.9,31.9
201612,Parramatta North (Masons Drive),33.0,37.0,26.7,30.2,34.5,25.0,25.2,34.3,28.0,24.8,28.0,30.3,39.0,,18.8,26.2,34.2,22.0,24.5,36.8,27.0,24.5,25.9,30.4,29.3,33.6,29.0,34.0,38.8,35.2,29.3
201612,Penrith Lakes AWS,34.0,37.2,30.6,34.1,36.7,26.0,28.3,38.0,28.2,29.6,31.6,34.7,39.5,36.9,18.0,25.8,34.6,23.3,26.5,37.1,32.3,26.4,28.9,30.2,32.1,34.9,32.8,37.5,40.6,35.1,35.0
201612,Prospect Reservoir,33.9,35.8,27.3,30.5,35.6,25.4,25.4,36.2,27.0,25.5,28.5,32.5,,36.3,17.9,26.5,33.2,22.2,24.7,36.2,27.8,25.0,26.9,30.7,29.9,34.7,30.0,34.0,38.9,34.5,30.3
201612,Richmond RAAF,34.6,37.1,30.6,33.3,35.8,25.4,28.1,37.6,28.0,28.5,30.7,34.9,39.6,38.2,18.5,26.1,34.2,23.6,25.8,36.9,31.5,25.8,28.2,31.7,30.9,35.2,32.3,36.6,39.5,35.7,34.9
201612,Springwood (Valley Heights),33.7,35.7,27.3,31.0,36.0,23.3,26.0,35.5,26.0,26.2,28.0,31.0,37.2,33.7,17.5,25.2,31.6,20.8,24.5,35.0,30.0,23.7,26.0,27.8,29.0,32.3,30.2,34.8,38.5,32.0,33.5
201612,Sydney (Observatory Hill),28.5,35.7,26.8,26.9,29.9,23.6,25.1,27.9,27.8,23.7,26.3,27.6,37.8,37.2,19.1,25.4,33.7,21.3,22.9,27.1,26.7,24.3,24.4,27.2,27.4,29.3,29.6,28.9,36.6,33.3,30.0
201612,Sydney Airport AMO,30.9,35.7,25.9,28.1,32.4,24.8,24.9,29.6,26.8,24.0,27.1,29.0,39.2,37.5,18.9,26.0,34.5,21.9,24.9,29.6,25.4,25.0,26.4,28.1,29.4,30.9,26.8,30.5,38.2,35.6,26.3
201612,Terrey Hills AWS,28.8,34.1,23.8,27.3,33.9,22.0,23.2,27.4,26.0,22.6,25.0,27.7,37.4,36.9,17.6,25.0,32.3,19.2,21.6,28.3,24.6,23.1,23.8,26.9,26.3,29.1,28.1,28.9,36.3,34.1,29.2
201612,"Values are the maximum
            temperature, usually in the 24 hoursfrom9 am on the day
            indicated,and typically occurred in the afternoon of that day.",,,,,,,,,,,,,,,,,,,,,,,,,,,,,,,
201612,"Temperatures coloured according to
            their differencefrom the long-termaveragefor the period",-10.0,-9.0,-8.0,-7.0,-6.0,-5.0,-4.0,-3.0,-2.0,-1.0,0.0,+1.0,+2.0,+3.0,+4.0,+5.0,+6.0,+7.0,+8.0,+9.0,+10.0,°C,"Grey
            outline marks highestand lowest for the period",,,,,,,,
201701,Badgerys Creek AWS,28.4,26.7,28.9,28.1,27.0,24.7,30.5,36.7,35.7,38.4,42.8,31.5,45.1,40.6,30.1,34.7,42.5,44.4,23.2,30.4,29.8,30.9,39.3,37.2,25.2,25.7,28.2,39.4,34.3,43.5,42.1
201701,Bankstown Airport AWS,28.8,26.6,27.8,26.5,24.8,26.3,28.2,32.6,31.4,36.4,41.5,29.9,38.4,37.3,27.6,31.0,40.9,39.9,24.2,31.0,26.4,28.2,34.4,38.1,24.9,25.2,27.3,35.8,30.5,43.0,
201701,Camden Airport AWS,27.8,26.4,28.1,26.8,23.3,26.2,29.7,34.4,35.3,36.4,41.7,31.8,44.2,39.1,30.2,33.9,42.7,44.6,22.8,30.0,28.8,30.0,38.2,38.2,25.0,25.2,27.3,39.1,33.8,43.8,39.9
201701,Campbelltown (Mount Annan),28.0,26.9,29.6,27.1,23.1,26.0,29.6,34.3,34.5,35.5,40.8,30.8,39.9,38.3,28.5,33.0,41.8,42.7,22.4,30.6,28.0,29.2,36.7,37.1,24.7,25.2,27.7,38.2,33.0,43.3,37.3
201701,Canterbury Racecourse AWS,27.5,24.8,25.4,25.5,25.4,26.7,27.2,29.7,31.2,34.6,41.4,28.7,33.3,31.7,26.2,28.9,38.7,38.5,24.2,30.8,24.7,27.5,34.0,36.8,24.1,24.8,26.9,32.0,28.5,40.3,40.7
201701,Holsworthy Aerodrome AWS,27.6,26.0,27.3,26.0,23.8,24.0,27.5,32.5,31.8,35.1,40.9,28.8,37.3,36.3,27.1,30.4,41.7,40.0,22.6,30.3,26.2,27.5,33.9,36.8,23.9,25.3,26.2,36.7,30.9,42.6,40.0
201701,Horsley Park Equestrian Centre AWS,28.8,26.9,28.0,26.9,23.2,25.0,28.9,34.7,34.7,37.1,41.3,30.6,43.5,38.0,28.4,33.3,41.6,41.9,22.1,29.8,28.1,29.2,37.9,36.5,23.8,25.4,27.3,37.7,32.7,42.5,41.4
201701,Parramatta North (Masons Drive),27.8,25.7,25.7,25.5,24.5,26.7,27.0,32.8,34.0,36.3,40.8,29.2,43.0,36.6,27.7,31.0,40.3,39.2,22.7,30.5,26.6,27.6,36.0,37.0,23.5,25.5,27.0,36.7,30.5,43.0,42.0
201701,Penrith Lakes AWS,27.8,26.1,28.7,27.2,25.5,25.4,31.2,36.5,37.2,38.5,42.0,32.5,44.8,40.8,29.9,35.8,43.9,45.1,22.5,32.1,29.6,31.6,40.2,36.0,24.6,27.0,28.7,39.0,34.0,43.6,41.7
201701,Prospect Reservoir,28.8,26.0,27.0,26.6,23.6,26.0,28.6,34.2,33.3,36.9,40.4,29.8,43.4,38.1,27.3,32.7,41.2,41.0,22.5,30.1,27.2,28.7,37.4,36.2,25.0,25.0,27.0,32.9,31.5,43.0,40.8
201701,Richmond RAAF,28.7,26.9,28.9,27.8,24.3,27.2,31.0,36.4,38.7,37.6,41.9,32.6,44.5,40.9,30.7,35.8,43.7,44.4,23.0,34.1,30.0,31.0,39.2,37.9,23.2,27.4,28.9,39.1,35.1,43.8,43.2
201701,Springwood (Valley Heights),24.7,23.6,25.1,23.8,22.5,24.9,28.3,33.2,35.1,36.5,39.5,29.5,41.6,38.5,27.2,32.6,41.1,43.0,19.8,30.0,26.8,28.5,36.0,34.3,22.0,24.1,26.5,35.4,31.4,41.2,
201701,Sydney (Observatory Hill),26.6,26.3,26.6,25.9,24.3,26.5,26.8,28.5,29.9,31.3,37.7,28.4,30.5,32.5,27.0,27.2,36.6,38.1,24.5,29.2,27.4,26.5,32.6,37.0,24.3,25.5,27.1,29.7,30.2,34.3,39.4
201701,Sydney Airport AMO,27.2,24.9,24.1,26.0,25.5,27.1,27.9,29.9,29.9,35.3,38.8,29.0,32.8,30.0,27.3,30.0,37.7,37.7,25.0,31.4,25.3,27.2,35.2,38.5,24.1,23.5,26.6,31.9,28.7,36.4,39.6
201701,Terrey Hills AWS,24.5,23.6,23.9,24.6,23.2,25.1,25.8,29.1,30.2,33.6,40.1,28.0,32.3,31.8,26.2,27.4,37.2,38.4,22.2,29.0,24.5,25.7,32.6,36.5,22.4,24.2,26.1,31.1,29.6,38.9,38.6
201701,"Values are the maximum
            temperature, usually in the 24 hoursfrom9 am on the day
            indicated,and typically occurred in the afternoon of that day.",,,,,,,,,,,,,,,,,,,,,,,,,,,,,,,
201701,"Temperatures coloured according to
            their differencefrom the long-termaveragefor the period",-10.0,-9.0,-8.0,-7.0,-6.0,-5.0,-4.0,-3.0,-2.0,-1.0,0.0,+1.0,+2.0,+3.0,+4.0,+5.0,+6.0,+7.0,+8.0,+9.0,+10.0,°C,"Grey
            outline marks highestand lowest for the period",,,,,,,,
201702,Badgerys Creek AWS,24.7,29.2,27.2,35.4,41.8,37.6,25.5,25.4,36.0,44.4,46.4,37.1,30.4,26.8,29.8,37.9,38.1,31.5,29.1,28.5,29.2,32.2,35.8,30.9,21.6,24.7,27.2,27.4,,,
201702,Bankstown Airport AWS,24.0,27.2,26.8,34.0,42.7,34.3,25.7,27.5,35.5,44.5,43.7,32.9,27.8,24.3,28.3,36.2,38.6,29.6,28.1,28.5,27.8,30.1,32.3,28.9,22.3,25.5,27.6,27.6,,,
201702,Camden Airport AWS,24.8,28.6,26.6,35.1,41.2,37.4,26.3,26.4,35.3,43.8,45.6,36.6,29.7,25.3,29.5,37.2,36.9,31.4,28.6,27.4,28.0,31.3,35.4,29.4,21.5,24.1,27.3,27.5,,,
201702,Campbelltown (Mount Annan),25.1,27.8,26.8,34.8,39.7,36.8,26.0,26.2,35.0,44.1,45.6,35.5,29.5,25.0,28.8,37.8,37.5,31.0,28.4,27.6,28.6,31.3,35.5,29.9,22.0,25.0,26.9,27.2,,,
201702,Canterbury Racecourse AWS,23.6,26.1,26.7,32.7,41.0,31.5,24.9,27.7,32.4,43.1,39.9,29.9,25.7,22.5,26.3,32.2,33.0,27.2,25.9,27.6,26.4,28.0,29.2,26.6,21.2,24.5,25.7,27.0,,,
201702,Holsworthy Aerodrome AWS,23.6,26.6,26.7,33.0,41.5,34.6,25.3,26.2,34.6,44.0,45.1,33.4,26.9,22.6,27.5,35.7,38.4,28.2,26.6,28.1,26.9,29.5,32.6,27.7,21.9,24.3,25.8,26.8,,,
201702,Horsley Park Equestrian Centre AWS,24.6,27.7,25.6,34.4,41.5,36.3,25.2,25.9,35.2,43.8,44.5,35.2,29.4,25.1,28.5,36.7,37.1,29.7,27.9,28.0,28.3,30.3,33.9,29.8,21.3,24.5,26.3,26.7,,,
201702,Parramatta North (Masons Drive),23.8,27.0,26.3,33.6,41.6,35.0,25.0,26.3,35.0,44.5,42.5,33.0,27.8,24.6,27.0,35.7,37.0,28.3,27.0,,26.6,29.0,31.8,27.3,21.1,25.2,26.5,26.4,,,
201702,Penrith Lakes AWS,25.8,29.1,26.8,36.0,42.3,39.0,24.3,27.0,36.3,44.9,46.9,38.1,31.5,27.6,30.6,38.3,38.5,32.2,29.1,29.4,29.3,32.9,37.3,31.1,21.7,25.2,28.3,26.6,,,
201702,Prospect Reservoir,24.1,27.5,26.0,34.8,41.5,34.5,25.2,26.5,36.0,42.7,43.3,34.8,28.5,24.9,29.0,36.5,37.7,29.2,27.0,28.5,27.7,30.0,33.6,28.5,21.5,25.3,26.6,27.3,,,
201702,Richmond RAAF,27.1,28.6,26.1,35.1,41.1,38.9,24.7,29.2,35.9,44.6,47.0,38.3,31.6,28.5,31.1,39.0,40.9,32.0,29.1,29.4,29.8,32.9,37.0,32.0,21.5,26.7,28.6,26.1,,,
201702,Springwood (Valley Heights),23.7,26.7,23.9,33.0,40.1,35.4,22.5,24.5,33.2,42.8,44.6,34.9,28.5,25.1,27.1,34.0,36.4,29.5,26.1,27.5,26.7,30.2,33.5,28.9,19.0,21.5,24.7,23.8,,,
201702,Sydney (Observatory Hill),23.6,27.1,26.4,30.4,34.9,34.7,24.9,27.0,30.9,37.5,36.2,31.9,27.3,24.0,26.1,30.0,29.9,29.4,26.1,28.3,27.6,27.7,28.1,28.0,20.8,25.5,26.6,26.7,,,
201702,Sydney Airport AMO,23.8,25.2,28.4,32.3,38.6,28.9,25.7,28.0,32.2,42.9,39.0,28.4,25.9,22.8,27.7,33.1,32.6,28.4,26.0,29.3,27.0,30.1,30.1,26.0,22.1,23.8,26.6,27.7,,,
201702,Terrey Hills AWS,22.8,24.7,24.9,32.5,40.9,32.3,24.0,24.9,30.1,39.5,38.4,30.5,24.6,22.4,25.5,32.4,35.8,27.2,23.5,26.0,25.1,26.3,27.7,26.6,19.7,22.6,24.5,24.4,,,
201702,"Values are the maximum
            temperature, usually in the 24 hoursfrom9 am on the day
            indicated,and typically occurred in the afternoon of that day.",,,,,,,,,,,,,,,,,,,,,,,,,,,,,,,
201702,"Temperatures coloured according to
            their differencefrom the long-termaveragefor the period",-10.0,-9.0,-8.0,-7.0,-6.0,-5.0,-4.0,-3.0,-2.0,-1.0,0.0,+1.0,+2.0,+3.0,+4.0,+5.0,+6.0,+7.0,+8.0,+9.0,+10.0,°C,"Grey
            outline marks highestand lowest for the period",,,,,,,,
201703,Badgerys Creek AWS,26.5,27.6,25.0,23.0,25.1,26.2,25.4,23.2,23.5,26.5,27.6,32.1,30.0,22.7,26.2,24.5,21.7,24.4,27.9,29.1,27.2,31.6,22.7,24.7,24.0,29.3,29.1,24.4,33.4,22.8,23.2
201703,Bankstown Airport AWS,26.0,26.7,25.1,23.6,23.9,26.4,24.4,23.1,24.2,26.8,26.7,30.0,30.0,24.9,26.6,27.1,22.3,25.5,28.0,29.0,29.0,32.5,23.1,24.8,25.0,28.9,30.2,24.5,33.1,24.4,23.1
201703,Camden Airport AWS,27.8,27.3,24.5,23.7,25.1,26.1,24.9,21.9,23.8,26.7,27.9,31.5,29.6,23.3,25.5,23.9,21.9,25.1,27.0,29.1,26.5,31.4,22.4,24.4,23.5,29.0,29.1,24.5,31.1,22.4,23.0
201703,Campbelltown (Mount Annan),28.0,27.2,24.2,24.6,24.6,26.6,25.4,22.9,23.8,26.6,27.6,31.1,29.5,24.4,26.5,24.1,21.6,24.8,27.2,29.5,26.4,32.3,22.2,24.8,24.1,29.3,29.5,23.7,32.3,22.1,23.4
201703,Canterbury Racecourse AWS,25.0,26.4,25.4,23.9,23.2,24.8,21.6,22.0,23.7,24.8,25.0,28.3,28.8,25.8,26.1,26.8,22.1,24.3,27.4,28.5,28.4,32.2,22.9,23.8,26.2,28.7,27.9,23.4,31.8,24.9,22.0
201703,Holsworthy Aerodrome AWS,26.1,25.6,24.1,22.9,23.5,25.8,24.0,21.7,23.0,25.2,26.4,29.7,30.0,25.0,24.8,25.8,21.7,24.3,26.8,28.6,28.1,32.0,22.6,24.2,24.6,28.4,29.5,23.5,32.6,23.4,22.2
201703,Horsley Park Equestrian Centre AWS,26.6,27.0,24.6,22.9,23.7,26.1,24.3,23.0,22.9,25.8,26.9,30.9,29.7,22.1,24.9,26.7,21.2,24.4,27.6,29.5,28.1,31.2,22.7,24.8,23.9,29.2,29.3,24.2,33.5,24.8,22.6
201703,Parramatta North (Masons Drive),26.2,27.0,24.5,22.4,23.8,25.0,23.5,23.0,23.3,25.7,26.2,30.5,29.5,23.2,25.7,26.7,22.2,24.3,28.0,29.2,29.7,31.0,23.0,24.2,24.0,28.5,29.3,24.2,34.5,26.2,23.0
201703,Penrith Lakes AWS,28.2,29.5,26.9,24.2,25.2,27.5,26.6,24.0,24.0,27.9,28.5,33.0,30.7,22.4,25.7,25.6,22.6,25.4,28.5,29.6,28.0,31.6,23.1,24.9,24.5,30.0,30.2,24.5,33.7,23.7,23.6
201703,Prospect Reservoir,26.0,26.0,25.6,22.6,24.5,26.2,24.0,23.4,23.5,26.1,27.9,31.7,30.2,23.0,25.4,26.6,21.9,24.6,28.3,30.0,29.3,31.9,23.2,25.2,24.8,29.5,30.5,24.5,34.6,26.6,23.0
201703,Richmond RAAF,27.8,29.2,26.6,24.1,25.2,27.4,26.1,24.8,23.6,27.4,28.0,32.8,30.9,22.7,25.0,26.4,22.7,25.6,28.9,29.4,29.2,31.6,23.4,25.2,25.6,29.7,30.4,25.4,35.2,25.6,24.0
201703,Springwood (Valley Heights),25.3,26.2,24.0,22.0,23.7,25.0,24.2,24.3,21.8,25.3,25.6,29.5,28.5,20.1,22.1,22.8,22.4,22.5,23.6,26.7,24.8,28.6,21.2,22.3,22.1,26.9,27.7,21.5,30.2,24.4,21.5
201703,Sydney (Observatory Hill),27.2,26.3,24.8,23.3,23.0,25.7,23.2,23.5,25.1,25.8,26.1,26.4,27.4,25.9,25.9,24.9,22.7,25.8,26.2,27.9,27.1,31.9,23.3,24.1,24.5,26.5,27.0,23.8,28.8,26.0,22.6
201703,Sydney Airport AMO,24.9,26.2,25.1,24.2,23.1,23.6,22.2,23.9,23.9,23.5,24.7,28.8,28.4,27.1,27.1,27.3,23.2,25.2,27.6,29.2,29.2,31.9,22.6,23.2,26.5,27.8,28.7,24.3,30.7,28.5,20.8
201703,Terrey Hills AWS,25.3,25.0,23.5,21.5,22.0,23.4,20.7,21.4,22.4,23.0,23.3,26.8,26.3,21.8,23.8,23.5,20.7,22.5,25.4,25.8,28.6,30.1,21.6,23.3,22.6,25.6,26.0,22.4,30.2,,
201703,"Values are the maximum
            temperature, usually in the 24 hoursfrom9 am on the day
            indicated,and typically occurred in the afternoon of that day.",,,,,,,,,,,,,,,,,,,,,,,,,,,,,,,
201703,"Temperatures coloured according to
            their differencefrom the long-termaveragefor the period",-10.0,-9.0,-8.0,-7.0,-6.0,-5.0,-4.0,-3.0,-2.0,-1.0,0.0,+1.0,+2.0,+3.0,+4.0,+5.0,+6.0,+7.0,+8.0,+9.0,+10.0,°C,"Grey
            outline marks highestand lowest for the period",,,,,,,,
201704,Badgerys Creek AWS,25.0,22.2,20.0,21.0,22.2,23.8,24.5,24.7,27.5,19.2,24.1,21.8,23.3,24.7,24.0,25.4,24.5,25.1,23.6,24.7,24.3,23.9,26.2,24.8,25.7,23.2,19.7,20.3,22.0,23.0,
201704,Bankstown Airport AWS,25.7,21.4,20.6,22.6,23.0,23.5,24.2,25.8,28.0,19.0,24.8,22.5,23.2,24.8,24.3,26.1,24.8,25.6,24.5,24.6,27.4,24.8,26.8,26.0,27.9,24.2,19.5,20.8,22.6,22.6,
201704,Camden Airport AWS,25.4,22.1,20.6,20.9,22.3,23.5,24.2,24.9,26.9,19.3,23.9,21.6,23.5,25.0,24.6,25.8,24.2,25.2,23.2,24.6,23.6,23.7,26.1,24.7,23.1,23.9,19.1,20.5,22.9,22.7,
201704,Campbelltown (Mount Annan),25.7,22.6,20.4,20.8,22.5,23.3,24.2,24.9,27.2,18.8,23.9,21.9,23.5,25.5,24.8,25.5,24.3,25.3,24.0,24.4,23.9,24.4,26.4,25.0,23.5,22.7,19.2,20.6,22.7,22.0,
201704,Canterbury Racecourse AWS,25.3,21.2,20.4,21.5,22.3,24.2,23.9,25.5,27.9,18.0,23.5,22.8,22.0,24.0,23.9,26.4,24.5,25.6,23.1,24.8,25.6,25.0,26.2,25.6,27.5,24.3,19.0,20.2,22.2,21.8,
201704,Holsworthy Aerodrome AWS,25.7,21.0,20.3,21.0,22.3,23.2,23.7,25.0,27.6,18.4,23.6,22.0,22.4,24.5,23.6,25.2,23.8,25.0,23.6,24.3,24.6,24.5,25.9,24.9,26.6,23.6,19.0,20.7,22.0,22.2,
201704,Horsley Park Equestrian Centre AWS,25.6,21.5,20.9,21.4,22.5,23.5,23.9,24.9,27.0,18.8,23.4,21.6,23.4,25.0,24.4,25.5,25.3,25.2,23.1,23.8,24.1,24.4,26.6,25.0,26.2,23.5,19.1,20.1,22.5,22.5,
201704,Parramatta North (Masons Drive),25.3,21.2,20.0,21.8,22.2,23.5,24.0,25.0,27.5,18.6,23.6,21.2,22.5,25.2,24.2,26.2,25.0,25.0,23.8,24.0,24.6,24.7,26.3,25.0,26.0,23.8,19.7,21.0,23.2,22.8,
201704,Penrith Lakes AWS,25.7,23.1,20.7,22.0,22.3,23.6,24.7,25.4,28.3,20.1,24.7,23.0,24.0,25.5,25.1,26.3,25.0,26.0,24.2,25.3,24.8,24.1,26.3,24.5,27.4,24.4,20.0,20.5,23.0,23.6,
201704,Prospect Reservoir,26.0,21.2,20.9,21.3,22.4,24.7,24.6,24.0,27.9,18.8,23.7,22.4,23.0,25.1,24.3,25.6,24.2,26.8,24.3,25.0,24.7,24.5,25.9,25.8,26.0,23.8,20.1,20.5,22.4,23.9,
201704,Richmond RAAF,25.5,22.0,21.1,22.2,22.7,23.8,25.0,25.7,28.0,20.0,25.1,23.3,23.7,25.5,25.2,26.1,25.1,25.9,24.2,25.0,25.1,24.0,26.1,25.6,27.0,24.7,19.9,20.4,22.5,23.3,
201704,Springwood (Valley Heights),23.2,20.0,18.5,19.5,20.2,20.8,22.4,22.5,26.5,19.0,22.7,20.2,21.2,23.1,22.1,23.5,22.2,22.8,22.0,22.9,22.5,22.0,23.7,22.0,25.6,25.4,18.4,17.8,20.2,20.6,
201704,Sydney (Observatory Hill),25.6,22.0,22.0,22.8,23.3,23.4,23.8,24.9,28.7,17.9,23.0,22.7,23.6,24.7,23.8,26.9,24.1,24.3,24.9,24.0,23.9,24.1,26.7,23.9,26.7,24.8,20.0,21.8,22.7,22.6,
201704,Sydney Airport AMO,24.8,21.0,21.9,22.5,23.1,23.5,24.2,26.0,29.4,19.4,21.9,20.7,21.2,23.0,22.9,26.7,23.7,24.5,23.4,25.1,25.7,25.9,25.4,25.2,28.4,25.5,17.9,19.2,21.0,20.8,
201704,Terrey Hills AWS,22.6,19.7,20.3,20.7,20.5,21.9,22.2,23.4,25.8,,,,20.6,22.7,22.1,24.1,21.6,22.2,21.8,22.7,23.1,23.3,24.1,23.3,25.1,23.0,17.3,18.7,20.5,20.3,
201704,"Values are the maximum
            temperature, usually in the 24 hoursfrom9 am on the day
            indicated,and typically occurred in the afternoon of that day.",,,,,,,,,,,,,,,,,,,,,,,,,,,,,,,
201704,"Temperatures coloured according to
            their differencefrom the long-termaveragefor the period",-10.0,-9.0,-8.0,-7.0,-6.0,-5.0,-4.0,-3.0,-2.0,-1.0,0.0,+1.0,+2.0,+3.0,+4.0,+5.0,+6.0,+7.0,+8.0,+9.0,+10.0,°C,"Grey
            outline marks highestand lowest for the period",,,,,,,,
201705,Badgerys Creek AWS,24.5,23.0,17.8,19.0,22.0,24.2,20.3,19.6,20.7,21.3,20.9,19.8,21.7,21.1,20.6,20.7,20.4,22.2,18.5,22.5,22.5,21.5,23.2,22.1,20.2,19.8,20.6,23.0,17.3,17.9,15.7
201705,Bankstown Airport AWS,25.0,23.2,19.4,20.1,22.7,25.2,21.2,19.0,21.1,21.7,21.8,19.7,22.8,21.0,21.3,21.0,21.2,22.2,20.6,23.0,22.6,21.7,23.9,22.8,20.8,20.6,21.7,23.3,17.3,17.8,16.4
201705,Camden Airport AWS,24.0,22.1,18.5,19.5,22.1,24.1,20.3,19.2,21.1,21.0,21.4,19.9,21.9,19.8,21.0,20.9,20.2,21.9,17.9,22.6,22.5,21.7,23.0,21.6,20.4,20.5,20.6,22.2,16.5,17.9,15.8
201705,Campbelltown (Mount Annan),23.9,22.6,18.7,18.9,22.2,24.3,20.8,19.0,21.3,21.2,21.3,20.0,21.9,20.1,20.9,21.2,20.4,22.3,18.4,22.9,22.4,21.6,22.9,21.4,20.4,20.5,21.0,22.0,16.5,17.8,15.9
201705,Canterbury Racecourse AWS,24.9,22.9,18.5,19.8,22.5,25.2,20.9,18.7,19.3,20.5,20.4,19.6,22.2,19.2,20.3,20.9,20.8,22.9,20.4,23.0,21.7,21.8,23.9,22.3,21.3,20.1,21.9,22.9,17.1,17.5,15.5
201705,Holsworthy Aerodrome AWS,24.4,22.4,18.5,19.7,22.2,24.7,20.7,18.6,20.5,21.5,20.9,19.3,22.3,20.3,20.8,21.2,20.4,21.3,19.4,22.6,22.0,21.6,23.3,21.8,20.4,20.2,20.7,22.7,17.0,17.6,15.7
201705,Horsley Park Equestrian Centre AWS,24.4,22.9,17.9,19.9,22.3,24.4,20.1,19.8,20.8,21.4,21.3,19.9,21.6,20.2,20.9,20.7,20.3,22.3,18.9,22.5,22.6,21.3,23.0,22.1,20.4,20.4,20.4,22.3,17.1,17.2,15.3
201705,Parramatta North (Masons Drive),24.5,23.3,18.3,19.8,22.3,25.0,21.0,19.5,20.3,21.7,21.6,19.8,21.8,19.7,21.0,21.5,21.3,21.7,20.3,23.0,23.0,21.5,23.5,22.6,21.2,20.6,22.0,22.8,18.0,17.2,17.0
201705,Penrith Lakes AWS,26.1,23.7,18.2,19.5,22.7,25.3,21.1,19.8,21.2,21.9,22.6,20.4,22.1,21.3,21.2,21.0,21.1,22.1,17.1,22.5,22.3,21.8,23.7,23.2,20.7,20.4,21.3,23.7,18.6,17.7,16.6
201705,Prospect Reservoir,24.3,23.7,18.5,20.0,22.1,24.7,20.5,19.5,20.8,21.1,21.2,20.1,22.1,20.4,20.9,,20.7,21.8,19.5,21.9,22.0,21.8,24.4,22.0,20.4,19.6,21.0,22.0,16.9,17.0,15.5
201705,Richmond RAAF,25.8,24.2,18.1,20.9,22.7,25.7,21.2,19.9,20.5,21.4,21.4,19.2,21.9,19.4,21.1,20.8,20.9,22.2,17.6,22.0,21.7,21.4,23.8,23.6,20.2,19.9,20.6,23.2,18.5,18.3,16.5
201705,Springwood (Valley Heights),23.9,22.9,16.4,17.2,20.2,24.0,19.5,16.8,17.8,19.9,19.3,18.2,19.4,18.2,19.5,18.2,18.0,19.2,16.1,20.0,19.6,18.9,21.0,21.3,18.0,18.2,18.5,21.7,16.8,17.2,14.5
201705,Sydney (Observatory Hill),25.6,23.9,18.4,20.0,21.6,26.2,22.2,20.1,21.0,21.7,22.1,19.6,21.3,18.7,20.8,21.9,20.2,21.5,20.4,23.2,23.5,21.0,22.6,22.7,21.4,20.8,20.6,23.7,18.3,17.1,16.3
201705,Sydney Airport AMO,26.4,24.6,18.6,20.1,23.3,26.1,21.0,17.9,18.8,19.5,19.7,19.6,22.7,19.9,19.1,20.2,21.5,21.8,21.8,23.6,21.0,21.0,24.3,23.7,20.7,19.0,20.9,24.6,18.2,19.0,15.2
201705,Terrey Hills AWS,22.8,22.3,15.5,17.8,21.3,22.7,19.3,17.9,18.4,19.6,18.7,18.4,20.0,16.8,18.6,18.8,19.0,20.0,18.1,21.4,20.4,19.4,21.6,21.5,19.1,18.3,20.0,21.1,15.8,15.6,14.1
201705,"Values are the maximum
            temperature, usually in the 24 hoursfrom9 am on the day
            indicated,and typically occurred in the afternoon of that day.",,,,,,,,,,,,,,,,,,,,,,,,,,,,,,,
201705,"Temperatures coloured according to
            their differencefrom the long-termaveragefor the period",-10.0,-9.0,-8.0,-7.0,-6.0,-5.0,-4.0,-3.0,-2.0,-1.0,0.0,+1.0,+2.0,+3.0,+4.0,+5.0,+6.0,+7.0,+8.0,+9.0,+10.0,°C,"Grey
            outline marks highestand lowest for the period",,,,,,,,
201706,Badgerys Creek AWS,17.1,17.9,17.9,19.6,19.1,16.7,14.5,18.8,19.0,16.2,17.9,20.7,19.2,20.3,19.1,16.8,18.3,18.2,19.6,20.2,19.0,18.3,16.8,18.8,18.6,17.7,15.7,14.0,16.7,15.3,
201706,Bankstown Airport AWS,17.9,17.9,18.5,19.5,19.2,17.1,15.7,18.3,19.1,17.4,17.5,20.2,18.8,20.2,19.7,16.9,18.7,18.8,19.8,19.9,19.0,19.1,18.0,19.1,18.8,18.3,16.1,14.5,16.8,15.6,
201706,Camden Airport AWS,16.9,17.8,18.0,19.2,18.9,16.6,15.6,18.4,19.0,16.1,18.4,20.7,19.1,20.2,,16.5,18.3,18.1,20.1,19.8,18.9,18.3,17.0,18.9,18.1,17.8,15.7,14.1,16.8,15.5,
201706,Campbelltown (Mount Annan),17.7,18.2,18.1,19.8,18.8,17.2,14.8,19.0,19.4,16.0,18.1,21.3,20.0,20.3,19.6,16.2,18.6,18.1,19.7,20.2,19.2,18.4,17.1,18.6,17.8,18.0,15.7,14.4,17.1,15.5,
201706,Canterbury Racecourse AWS,16.9,17.6,17.6,18.5,19.6,17.2,15.8,18.0,18.5,17.2,17.6,20.1,18.1,18.9,20.4,17.4,19.2,18.0,18.5,19.1,18.3,18.2,17.8,18.9,18.6,18.6,16.4,14.6,16.9,15.5,
201706,Holsworthy Aerodrome AWS,17.2,17.4,17.8,18.9,19.0,16.7,15.5,17.3,18.5,16.6,17.3,19.7,18.1,20.3,19.9,16.1,18.9,17.9,19.1,19.0,18.3,18.7,16.9,18.5,17.9,18.3,17.1,14.4,17.1,15.0,
201706,Horsley Park Equestrian Centre AWS,17.1,17.9,17.6,19.9,18.4,16.9,14.3,18.2,18.7,16.3,17.2,20.3,18.5,20.3,18.8,16.7,18.4,17.9,19.4,19.5,18.3,18.1,16.8,18.6,18.4,17.5,14.6,13.4,16.4,15.1,
201706,Parramatta North (Masons Drive),18.0,18.2,18.3,19.5,19.5,17.5,14.2,17.3,18.2,17.0,16.7,20.0,18.6,19.0,19.5,16.4,18.8,18.0,19.5,19.8,18.0,18.8,17.8,19.0,19.3,18.3,14.8,13.3,16.6,15.6,
201706,Penrith Lakes AWS,17.4,18.8,18.9,20.0,19.2,17.5,15.0,19.1,19.5,16.6,17.5,20.7,19.6,20.6,18.7,17.4,18.4,19.0,20.0,20.1,19.6,18.7,16.8,20.3,20.0,19.1,16.1,12.1,15.7,16.1,
201706,Prospect Reservoir,17.2,18.1,18.5,19.7,18.4,16.5,14.0,17.7,18.7,16.8,17.1,,19.3,20.0,18.0,16.8,17.9,18.1,,19.3,18.5,18.2,17.4,18.4,18.1,17.4,14.2,14.5,15.9,15.3,
201706,Richmond RAAF,17.5,18.2,18.6,20.0,18.8,17.6,14.0,18.6,19.9,17.1,16.8,18.9,19.3,20.5,19.2,17.4,17.2,19.3,19.4,20.1,19.1,18.1,17.7,19.8,20.0,18.5,16.2,12.4,15.9,16.1,
201706,Springwood (Valley Heights),15.2,16.5,16.7,16.7,16.5,15.7,13.5,16.1,16.2,14.0,15.3,18.1,16.9,18.2,17.8,15.2,15.1,16.6,17.9,18.0,17.1,16.0,18.1,18.3,18.1,16.9,14.3,12.5,14.1,14.9,
201706,Sydney (Observatory Hill),18.3,18.1,17.4,19.7,19.6,17.9,15.5,18.1,18.9,18.1,17.2,20.4,18.7,17.8,20.1,17.3,19.1,18.0,18.3,20.0,19.6,19.2,17.7,19.3,19.3,18.8,14.8,14.3,16.9,16.5,
201706,Sydney Airport AMO,16.1,16.6,17.0,17.8,20.4,17.7,17.5,17.6,18.6,17.9,17.6,20.0,17.5,18.4,21.8,18.1,17.8,17.2,17.4,18.4,18.6,17.8,19.4,19.9,19.5,18.3,17.5,16.5,18.9,15.0,
201706,Terrey Hills AWS,15.4,15.9,15.7,17.5,17.8,15.3,13.6,16.8,17.2,16.3,15.3,18.1,16.8,16.6,19.5,15.5,16.6,15.8,16.4,17.1,16.7,16.6,17.1,17.0,16.9,16.5,15.7,14.4,14.7,13.5,
201706,"Values are the maximum
            temperature, usually in the 24 hoursfrom9 am on the day
            indicated,and typically occurred in the afternoon of that day.",,,,,,,,,,,,,,,,,,,,,,,,,,,,,,,
201706,"Temperatures coloured according to
            their differencefrom the long-termaveragefor the period",-10.0,-9.0,-8.0,-7.0,-6.0,-5.0,-4.0,-3.0,-2.0,-1.0,0.0,+1.0,+2.0,+3.0,+4.0,+5.0,+6.0,+7.0,+8.0,+9.0,+10.0,°C,"Grey
            outline marks highestand lowest for the period",,,,,,,,
201707,Badgerys Creek AWS,15.4,15.9,13.1,21.6,20.4,17.9,18.7,17.1,17.3,16.8,18.1,16.6,16.9,17.7,18.3,16.5,17.0,22.8,16.8,16.7,16.7,17.3,21.5,20.4,20.0,20.7,17.6,19.1,19.1,27.0,15.0
201707,Bankstown Airport AWS,16.3,16.4,14.3,22.1,20.3,17.8,18.9,17.9,17.5,17.4,19.3,16.0,17.6,19.9,18.7,17.3,18.2,23.7,17.7,16.8,17.4,18.7,21.8,20.6,20.4,21.2,19.4,19.1,20.2,26.8,15.3
201707,Camden Airport AWS,16.1,16.1,12.8,21.4,19.9,17.7,18.4,18.3,17.1,17.1,17.8,17.0,17.3,18.1,18.5,16.4,17.4,22.7,16.3,15.3,16.6,18.2,21.5,19.6,20.8,20.0,17.7,18.3,19.4,27.0,14.8
201707,Campbelltown (Mount Annan),16.4,16.0,13.8,21.4,20.0,17.6,18.2,17.1,17.0,17.0,18.0,17.0,17.1,18.6,18.4,16.6,17.9,22.3,16.3,15.3,16.9,17.8,21.5,19.6,20.6,20.0,18.1,18.3,19.3,27.1,14.8
201707,Canterbury Racecourse AWS,15.6,17.2,14.7,22.0,19.9,17.9,18.4,17.7,17.4,17.1,17.4,15.0,17.3,19.9,18.3,17.5,18.3,23.0,17.1,16.7,16.4,18.8,21.7,20.1,20.5,21.1,18.4,19.0,20.2,26.1,15.9
201707,Holsworthy Aerodrome AWS,15.8,16.0,12.7,21.5,19.7,17.6,18.0,17.1,17.2,17.3,17.3,15.6,17.0,19.2,18.4,16.8,17.4,22.3,17.4,16.2,16.7,17.5,21.5,20.4,20.8,20.3,17.9,18.3,19.3,26.5,14.9
201707,Horsley Park Equestrian Centre AWS,15.2,15.4,13.4,21.0,20.1,17.3,,,,16.6,17.6,16.5,16.8,18.7,17.9,16.4,16.7,23.0,16.5,16.6,16.3,17.3,21.2,20.3,19.8,20.5,17.5,18.9,19.3,27.3,15.3
201707,Parramatta North (Masons Drive),16.0,17.3,15.5,21.5,20.2,18.4,18.3,18.0,18.0,16.8,18.3,15.7,17.5,20.0,17.7,17.3,18.0,22.8,17.0,17.2,17.3,18.2,21.7,20.8,20.2,21.2,18.3,19.4,20.3,26.8,15.8
201707,Penrith Lakes AWS,16.1,16.3,11.4,21.6,21.4,18.3,19.3,17.8,18.7,17.8,18.4,17.0,17.4,17.9,18.6,16.8,17.5,23.8,18.0,17.6,17.0,18.6,22.1,21.9,20.8,20.9,18.0,20.0,20.5,28.2,15.4
201707,Prospect Reservoir,15.2,15.9,,21.1,20.0,17.1,18.2,17.2,17.2,,18.1,17.0,17.0,19.5,17.8,16.5,,22.9,16.0,16.6,16.1,17.3,21.0,,19.8,19.7,18.3,18.0,18.5,27.1,
201707,Richmond RAAF,15.9,16.2,12.4,22.4,21.3,18.0,19.2,18.1,18.4,17.6,18.1,16.7,17.5,19.1,17.3,16.8,18.5,23.5,18.2,17.7,16.6,19.1,22.7,21.8,20.6,21.3,18.0,20.4,20.7,27.9,15.6
201707,Springwood (Valley Heights),14.2,14.1,15.9,20.1,19.3,16.3,17.1,15.2,17.1,16.4,15.9,14.8,15.4,18.6,16.7,14.0,16.3,21.5,16.0,15.3,15.2,16.4,20.6,19.7,20.4,18.9,15.7,18.2,19.5,25.9,14.9
201707,Sydney (Observatory Hill),16.4,17.6,15.8,21.8,20.8,18.2,19.1,18.1,18.0,17.3,18.4,14.8,17.4,20.8,19.8,18.4,19.3,22.9,17.5,17.5,18.0,19.1,22.1,21.3,20.6,21.3,17.5,19.1,21.2,26.5,16.5
201707,Sydney Airport AMO,14.9,18.0,17.0,23.5,21.2,19.5,19.9,19.1,18.2,18.3,16.7,14.1,18.5,21.5,18.0,18.8,19.9,24.2,17.4,17.6,15.6,19.4,22.9,21.4,21.7,22.2,17.6,19.4,21.3,27.0,16.4
201707,Terrey Hills AWS,14.3,15.6,15.9,20.1,18.0,16.3,16.8,16.1,15.7,15.1,16.2,13.4,15.9,17.8,16.9,16.0,17.4,21.4,15.2,15.9,15.1,17.2,20.9,19.1,18.5,19.4,16.5,17.8,18.1,23.6,15.7
201707,"Values are the maximum temperature, usually in the 24 hoursfrom9 am on the day indicated,and typically occurred in the afternoon of that day.",,,,,,,,,,,,,,,,,,,,,,,,,,,,,,,
201707,Temperatures coloured according to their differencefrom the long-termaveragefor the period,-10.0,-9.0,-8.0,-7.0,-6.0,-5.0,-4.0,-3.0,-2.0,-1.0,0.0,+1.0,+2.0,+3.0,+4.0,+5.0,+6.0,+7.0,+8.0,+9.0,+10.0,°C,Grey outline marks highestand lowest for the period,,,,,,,,
201708,Badgerys Creek AWS,18.1,17.9,17.4,16.7,19.0,21.4,17.8,18.9,19.9,23.9,24.6,21.6,20.4,21.1,23.7,20.9,21.6,15.9,16.1,16.9,14.6,20.2,22.0,18.7,,19.3,18.6,16.3,18.0,19.2,17.5
201708,Bankstown Airport AWS,17.8,18.1,17.2,17.5,19.6,21.6,18.2,18.4,20.3,23.8,25.2,21.2,20.6,22.9,24.1,21.8,22.4,17.1,16.7,16.5,16.7,19.9,23.1,18.7,18.1,20.2,19.2,16.3,17.6,18.7,18.0
201708,Camden Airport AWS,17.8,18.4,18.0,17.4,19.1,20.9,17.6,18.1,19.7,22.4,23.4,21.3,21.1,23.1,23.4,19.9,21.8,15.7,16.5,17.1,15.2,20.4,22.2,18.8,18.1,20.2,18.6,16.3,17.8,18.7,17.7
201708,Campbelltown (Mount Annan),18.0,18.2,17.6,16.6,19.2,20.4,17.2,18.1,19.9,22.6,23.1,21.0,21.1,23.4,22.5,19.8,21.6,15.7,16.6,17.5,15.0,20.3,21.9,18.5,18.7,20.0,18.8,16.9,17.9,19.1,18.1
201708,Canterbury Racecourse AWS,17.1,17.0,17.0,17.2,19.6,20.8,18.1,18.3,19.6,23.7,25.2,21.2,19.9,22.7,22.7,21.5,22.0,16.9,15.7,15.6,16.8,19.4,21.6,17.8,16.7,20.0,19.0,15.1,16.2,17.5,16.6
201708,Cooranbong (Lake Macquarie AWS),18.2,18.9,18.3,17.2,20.7,21.4,19.4,19.5,20.7,24.3,29.3,22.1,20.3,23.2,24.6,24.6,23.4,17.6,16.7,16.5,17.2,19.9,21.5,19.3,18.7,21.1,20.7,16.9,17.3,20.2,17.6
201708,Gosford AWS,16.9,16.9,17.3,16.3,19.8,21.0,19.1,18.5,19.3,24.7,27.0,21.6,19.9,22.3,23.3,23.3,22.6,17.0,15.7,15.7,16.0,19.1,21.0,18.6,16.9,19.0,18.9,14.8,16.1,18.6,16.7
201708,Holsworthy Aerodrome AWS,17.3,16.9,17.2,16.8,18.7,21.3,17.2,18.1,19.9,22.9,23.9,21.1,20.5,22.7,22.5,20.9,21.9,15.9,16.0,16.3,15.3,20.1,22.0,18.2,17.5,19.8,18.5,15.6,16.8,18.4,17.0
201708,Horsley Park Equestrian Centre AWS,17.0,17.5,16.4,16.4,18.8,21.0,17.2,18.3,19.4,23.1,24.6,20.7,20.2,21.5,22.8,21.3,21.6,16.0,16.3,16.0,14.9,19.8,22.4,18.4,17.8,19.3,18.4,15.9,18.1,18.5,17.6
201708,Katoomba (Murri St),12.9,12.2,,9.9,10.8,12.4,8.2,9.9,14.9,16.9,15.6,13.9,16.4,17.8,18.2,10.9,13.4,6.7,9.4,,12.2,15.7,17.3,12.7,12.2,15.3,10.2,11.4,10.6,13.9,11.8
201708,Mangrove Mountain AWS,16.1,16.1,15.6,13.9,17.6,19.4,16.9,17.4,18.8,23.1,25.4,19.9,19.8,20.9,21.4,21.2,21.0,15.0,14.4,14.4,13.8,19.1,22.4,17.9,16.1,18.9,17.5,14.6,15.3,17.8,15.9
201708,Mount Boyce AWS,11.6,11.1,10.7,4.7,9.1,11.4,6.7,9.0,13.1,15.3,13.3,12.5,15.3,15.6,17.7,10.2,11.9,5.6,7.0,11.1,9.8,14.9,15.8,13.1,10.8,13.6,7.8,10.4,11.3,13.2,10.9
201708,Norah Head AWS,16.3,16.6,17.8,16.7,19.9,21.0,19.3,18.0,18.6,23.8,27.6,19.7,20.5,21.8,23.9,24.3,22.6,17.4,14.7,15.0,16.0,19.1,22.1,18.2,16.0,19.4,18.6,14.6,17.6,18.0,15.6
201708,Parramatta North (Masons Drive),17.8,17.6,17.0,16.7,19.2,20.7,18.0,18.8,20.0,24.0,25.5,21.7,20.8,22.2,24.0,21.8,21.8,16.7,16.3,16.3,17.0,20.0,22.8,18.7,17.7,20.3,18.4,16.0,18.0,18.7,18.0
201708,Penrith Lakes AWS,,,,,,,,,20.4,24.0,25.9,22.3,21.8,23.2,24.2,21.1,22.4,16.9,17.1,17.7,15.0,20.4,22.5,20.4,19.4,20.6,19.1,17.4,18.6,19.7,18.4
201708,Prospect Reservoir,17.4,18.0,18.7,16.4,19.0,21.3,17.4,17.7,19.5,23.5,24.2,20.6,21.1,21.6,22.5,20.2,21.2,15.9,16.2,16.5,16.0,20.5,21.9,19.2,18.1,20.1,18.5,16.3,18.2,19.1,18.1
201708,Richmond RAAF,18.2,17.6,16.8,17.3,20.1,21.4,19.2,19.4,20.2,24.7,25.7,22.7,20.6,23.0,24.5,22.6,22.8,17.1,16.9,16.9,17.6,20.1,22.6,19.5,18.6,20.3,19.0,17.3,18.1,19.4,18.4
201708,Springwood (Valley Heights),16.1,16.0,15.0,14.8,17.8,19.4,15.3,17.8,18.8,24.3,23.7,20.8,19.0,21.3,24.0,18.6,20.0,14.3,15.2,15.5,13.9,17.6,19.3,18.5,17.0,17.5,16.7,15.9,15.5,18.5,16.0
201708,Sydney (Observatory Hill),18.1,18.2,17.4,17.3,19.9,21.3,18.4,19.3,20.9,24.2,25.9,21.4,20.6,23.1,22.4,21.8,22.4,16.9,16.5,16.2,17.7,20.2,19.9,18.0,17.9,20.4,19.5,16.3,16.7,19.0,17.7
201708,Sydney Airport AMO,15.9,16.4,18.1,18.5,21.2,22.1,20.0,19.6,19.9,25.3,25.1,21.9,19.6,24.3,23.9,23.3,23.7,17.7,14.8,15.0,17.9,18.7,21.6,17.1,15.8,20.5,19.8,14.3,17.0,16.7,15.3
201708,Sydney Harbour (Wedding Cake West),15.9,15.8,17.8,16.5,19.1,20.5,17.5,17.7,18.3,21.8,24.6,19.4,19.2,21.5,23.9,21.2,21.5,15.8,14.3,14.3,16.0,18.0,17.5,16.1,15.3,18.4,17.3,14.0,16.1,16.5,14.4
201708,Sydney Olympic Park AWS (Archery Centre),17.8,17.8,17.4,17.7,20.0,21.1,18.6,18.9,20.6,24.2,25.8,22.0,21.2,22.9,23.7,22.4,22.6,17.2,16.5,16.1,17.2,20.9,22.2,18.7,17.2,21.3,19.1,15.5,17.7,18.3,17.0
201708,Terrey Hills AWS,15.8,15.6,15.2,15.3,18.3,19.6,17.2,16.7,18.1,22.6,24.6,19.6,18.4,21.3,21.0,20.3,20.8,15.4,14.4,14.1,14.3,18.0,20.3,16.8,16.1,17.5,17.1,13.4,14.9,16.9,15.0
201708,"Values are the maximum temperature, usually in the 24 hoursfrom9 am on the day indicated,and typically occurred in the afternoon of that day.",,,,,,,,,,,,,,,,,,,,,,,,,,,,,,,
201708,Temperatures coloured according to their differencefrom the long-termaveragefor the period,-10.0,-9.0,-8.0,-7.0,-6.0,-5.0,-4.0,-3.0,-2.0,-1.0,0.0,+1.0,+2.0,+3.0,+4.0,+5.0,+6.0,+7.0,+8.0,+9.0,+10.0,°C,Grey outline marks highestand lowest for the period,,,,,,,,
201709,Badgerys Creek AWS,18.7,22.2,29.4,21.4,18.1,19.0,20.7,20.1,19.5,20.1,24.2,28.5,33.7,17.2,21.9,23.1,19.4,27.0,23.1,21.1,26.9,30.0,36.4,29.9,26.1,23.4,25.5,25.4,26.1,24.2,
201709,Bankstown Airport AWS,18.2,23.3,29.4,22.9,18.8,19.4,21.2,20.1,19.2,19.5,24.8,28.9,35.0,17.7,22.4,24.2,18.8,27.2,24.2,21.4,27.2,31.2,,,,23.2,24.8,26.2,26.4,24.6,
201709,Camden Airport AWS,18.7,22.3,29.4,21.4,17.8,18.3,19.7,19.5,19.7,20.7,25.2,28.3,33.3,17.4,20.9,22.8,20.0,27.2,22.2,21.2,26.9,30.0,36.5,29.3,26.0,24.9,25.9,25.8,26.1,24.3,
201709,Campbelltown (Mount Annan),19.3,21.8,28.7,21.1,17.8,17.7,19.6,19.2,19.9,20.2,25.0,28.4,33.0,16.8,20.7,22.5,19.6,26.6,22.1,21.1,26.7,29.9,35.7,28.9,25.8,23.6,25.1,25.6,25.7,23.6,
201709,Canterbury Racecourse AWS,17.1,21.8,29.0,21.8,18.4,19.2,20.7,19.9,17.7,18.7,24.4,27.9,33.6,16.8,22.2,23.1,17.2,24.9,23.8,20.1,24.6,30.1,34.4,29.1,27.1,21.2,23.0,25.2,25.9,23.8,
201709,Cooranbong (Lake Macquarie AWS),18.0,23.3,29.7,23.8,20.2,21.6,22.0,21.5,18.9,19.7,25.1,29.6,33.9,17.5,23.6,25.9,18.0,26.8,27.3,20.6,27.9,31.1,34.8,34.1,29.6,22.9,23.9,27.2,26.9,25.7,
201709,Gosford AWS,17.0,21.7,28.9,22.9,19.5,20.4,21.8,20.6,17.6,19.5,22.4,29.4,34.2,17.1,23.2,25.1,17.7,24.9,25.3,19.0,25.7,31.6,33.8,33.0,27.4,22.1,23.5,25.6,26.4,25.5,
201709,Holsworthy Aerodrome AWS,18.0,22.0,28.6,21.7,18.1,18.5,20.4,19.7,18.8,18.8,24.1,28.4,34.1,17.1,21.4,22.7,18.9,26.7,22.9,20.9,26.2,30.4,36.0,29.5,26.6,22.4,23.8,25.2,26.0,23.5,
201709,Horsley Park Equestrian Centre AWS,18.7,22.7,28.8,21.3,17.8,18.9,20.8,20.0,19.4,20.0,24.5,29.3,33.7,16.9,22.0,23.4,19.3,27.4,23.4,21.1,27.5,30.6,36.0,29.6,26.5,22.8,25.1,25.2,25.8,23.7,
201709,Katoomba (Murri St),15.4,19.7,22.0,12.6,9.0,9.6,11.6,11.4,16.1,15.6,18.4,22.8,24.7,8.0,12.4,13.4,16.4,20.8,15.2,18.6,24.0,25.0,28.6,18.7,17.4,20.6,21.4,15.7,18.3,15.8,
201709,Mangrove Mountain AWS,17.1,22.3,27.6,20.9,18.0,19.1,20.1,19.1,17.5,18.6,23.8,28.6,32.5,15.7,21.7,23.2,18.1,26.1,25.0,20.0,27.4,30.5,34.0,31.1,25.4,23.1,24.1,24.8,25.6,23.7,
201709,Mount Boyce AWS,14.2,16.6,21.0,11.1,7.7,8.5,10.4,9.9,14.0,15.7,17.5,21.9,24.0,6.1,11.2,12.4,16.0,19.9,13.2,18.0,22.8,24.2,27.6,17.7,13.9,19.3,23.1,14.5,16.3,13.9,
201709,Norah Head AWS,16.4,22.8,24.0,23.1,19.9,20.8,21.9,21.0,16.4,19.8,22.9,27.0,33.0,17.6,22.2,25.3,18.8,22.9,25.0,20.0,24.0,27.3,31.8,32.8,27.1,21.4,22.8,25.0,24.3,25.4,
201709,Parramatta North (Masons Drive),18.6,22.2,28.8,18.8,18.2,19.2,21.0,20.0,19.0,19.7,24.3,29.0,33.8,17.0,22.6,23.3,19.4,27.2,,21.0,26.7,31.0,36.5,29.6,26.5,22.3,24.2,25.3,25.2,24.0,
201709,Penrith Lakes AWS,19.4,22.1,29.9,22.2,18.7,19.7,21.5,20.3,20.2,20.9,25.1,28.9,34.4,17.9,22.6,23.8,20.3,28.7,24.7,21.9,27.6,31.7,37.3,30.4,26.6,25.2,27.1,25.6,26.9,24.8,
201709,Prospect Reservoir,19.0,23.0,29.4,21.5,18.4,19.0,20.9,19.5,20.1,20.9,24.5,29.8,34.4,16.7,22.3,23.3,20.4,28.2,23.6,21.8,28.8,31.4,31.1,29.1,26.0,23.6,25.9,,26.0,24.0,
201709,Richmond RAAF,19.0,23.4,30.4,22.4,18.8,19.3,21.5,20.9,19.6,20.6,24.6,30.5,34.0,18.2,23.0,24.4,19.8,28.5,24.5,22.0,28.7,31.8,36.9,30.1,26.7,24.6,27.6,26.5,26.7,25.5,
201709,Springwood (Valley Heights),16.7,20.7,28.5,20.0,16.0,18.0,19.2,18.6,17.5,18.4,22.3,28.0,32.0,15.0,21.0,21.7,17.5,27.1,22.5,19.6,25.1,29.1,34.6,28.0,24.1,22.4,23.9,23.3,24.9,22.7,
201709,Sydney (Observatory Hill),19.2,19.4,27.2,22.2,18.7,19.9,21.9,20.4,19.4,19.1,22.7,27.2,33.8,17.3,22.8,24.2,18.6,21.0,25.2,19.0,21.3,27.7,32.2,29.2,26.7,22.2,22.7,25.7,26.9,24.1,
201709,Sydney Airport AMO,16.6,21.0,28.9,23.7,19.8,20.6,21.8,21.1,17.3,18.6,25.0,28.0,35.3,18.2,23.2,24.8,17.4,23.9,24.5,20.0,24.5,30.6,33.9,30.8,28.8,20.6,24.5,26.6,27.6,24.7,
201709,Sydney Harbour (Wedding Cake West),15.9,17.9,27.2,20.8,17.3,18.4,19.7,18.7,16.1,17.3,19.2,25.7,33.3,15.6,21.2,22.1,16.1,20.6,22.0,18.1,19.4,22.9,30.7,28.9,25.0,18.4,23.4,24.1,23.3,23.2,
201709,Sydney Olympic Park AWS (Archery Centre),18.3,22.8,29.8,22.0,18.5,19.8,21.9,20.5,18.9,20.1,25.0,29.3,33.6,17.2,22.9,24.5,18.4,27.4,24.2,20.3,24.5,31.4,35.6,29.8,26.8,22.5,24.1,25.3,26.8,24.7,
201709,Terrey Hills AWS,16.0,20.1,27.5,20.6,17.2,18.3,19.8,19.2,16.5,18.2,22.1,26.6,33.0,15.6,21.6,22.8,16.3,24.2,23.7,18.0,24.2,29.6,33.1,28.6,25.2,20.8,21.6,23.9,25.2,23.4,
201709,"Values are the maximum temperature, usually in the 24 hoursfrom9 am on the day indicated,and typically occurred in the afternoon of that day.",,,,,,,,,,,,,,,,,,,,,,,,,,,,,,,
201709,Temperatures coloured according to their differencefrom the long-termaveragefor the period,-10.0,-9.0,-8.0,-7.0,-6.0,-5.0,-4.0,-3.0,-2.0,-1.0,0.0,+1.0,+2.0,+3.0,+4.0,+5.0,+6.0,+7.0,+8.0,+9.0,+10.0,°C,Grey outline marks highestand lowest for the period,,,,,,,,
201710,Badgerys Creek AWS,24.9,25.7,24.0,25.8,30.2,23.9,21.9,20.5,33.1,23.5,26.5,29.3,27.3,18.2,22.0,25.2,26.5,26.0,31.5,19.3,19.8,21.9,23.0,29.7,31.2,24.0,25.5,29.1,32.9,35.3,22.4
201710,Bankstown Airport AWS,24.4,24.9,24.5,23.8,28.9,21.7,21.4,22.2,33.8,23.0,25.6,29.3,26.1,20.5,22.1,24.8,25.4,25.9,29.8,20.1,20.8,22.6,23.3,30.2,32.4,25.0,25.0,29.9,33.1,36.3,21.4
201710,Camden Airport AWS,26.3,25.7,24.9,26.9,30.3,24.5,22.8,21.1,33.4,23.4,26.0,28.0,27.9,19.2,22.9,25.5,26.8,26.5,31.9,19.3,20.8,22.1,23.8,29.5,31.5,24.3,25.7,29.0,32.6,34.9,23.1
201710,Campbelltown (Mount Annan),25.9,26.0,25.2,26.3,30.2,24.1,22.9,20.7,33.2,23.5,25.8,28.2,27.6,19.7,22.6,26.0,26.4,26.6,31.5,19.5,20.0,23.0,23.2,29.5,31.9,24.8,26.4,28.7,32.3,35.0,22.4
201710,Canterbury Racecourse AWS,23.4,23.5,23.9,21.9,26.3,20.6,20.7,21.8,33.5,,24.8,28.8,24.6,20.0,22.4,24.3,24.6,25.3,27.3,19.6,19.0,21.3,20.8,27.4,31.3,23.3,23.4,28.0,30.8,35.3,19.8
201710,Cooranbong (Lake Macquarie AWS),22.9,24.4,23.5,23.9,26.6,21.8,21.1,23.4,32.8,20.1,26.3,31.5,24.1,18.6,22.3,23.0,23.1,23.7,27.8,20.1,20.1,22.1,21.0,26.1,32.2,26.5,24.6,27.4,31.9,36.3,20.5
201710,Gosford AWS,22.2,24.3,23.2,22.3,26.5,20.0,20.4,23.7,31.6,21.1,25.2,30.3,24.1,17.9,20.6,22.6,23.4,24.0,26.8,20.1,18.6,21.2,20.9,26.0,31.9,24.0,23.1,27.5,30.7,35.9,19.3
201710,Holsworthy Aerodrome AWS,23.7,24.2,24.0,24.2,29.1,22.1,21.0,21.6,,22.4,25.3,28.7,26.2,19.7,21.9,24.2,25.6,26.0,29.9,19.4,19.9,22.5,21.9,29.4,31.5,23.7,24.7,29.5,32.9,36.1,20.6
201710,Horsley Park Equestrian Centre AWS,25.0,25.4,23.9,24.9,30.3,22.4,21.3,20.9,33.3,23.5,26.7,29.4,27.1,18.6,20.8,25.6,26.5,25.9,31.2,19.6,20.9,23.3,23.3,29.3,31.1,24.6,25.6,29.2,32.0,35.1,22.1
201710,Katoomba (Murri St),19.9,20.4,20.4,22.0,,25.3,17.4,16.6,24.6,18.9,22.0,20.6,23.2,10.6,14.3,18.4,19.6,20.4,27.3,15.6,14.7,16.1,16.7,22.7,24.1,18.8,19.0,23.7,24.7,25.6,13.7
201710,Mangrove Mountain AWS,23.7,24.7,24.8,23.3,29.9,19.6,20.5,20.9,32.3,19.4,25.3,30.1,25.6,15.5,19.2,22.4,22.2,22.6,29.0,19.0,17.6,21.5,20.4,28.0,29.9,24.6,21.2,28.1,31.2,33.8,20.4
201710,Mount Boyce AWS,18.5,20.4,20.1,22.3,24.2,19.1,17.2,15.3,23.4,20.4,25.8,19.3,21.6,10.6,14.8,19.1,20.6,21.7,25.7,15.4,14.8,15.3,17.8,21.9,22.8,19.1,18.7,22.8,24.9,25.4,15.7
201710,Norah Head AWS,21.2,22.0,21.8,20.9,25.5,20.3,18.7,23.0,28.3,22.1,24.6,29.5,26.0,19.3,21.3,25.0,25.7,25.0,25.4,19.8,17.6,20.8,20.1,24.5,30.9,22.9,22.9,26.3,27.8,35.8,18.2
201710,Parramatta North (Masons Drive),24.9,24.2,24.0,23.0,29.5,22.0,20.7,22.0,32.7,22.0,26.0,30.0,25.7,19.5,21.2,24.6,25.0,24.6,30.5,20.0,20.7,21.7,22.3,29.5,31.8,24.4,24.5,30.2,32.0,36.0,
201710,Penrith Lakes AWS,25.9,27.5,26.8,26.7,31.8,24.4,23.0,21.4,34.1,24.5,28.2,30.0,28.7,18.1,22.0,25.7,27.8,27.8,33.1,19.8,21.3,22.4,24.7,31.0,33.0,25.1,26.2,30.4,33.8,36.1,23.5
201710,Prospect Reservoir,25.0,25.5,24.0,24.4,30.7,22.3,22.5,21.5,32.4,22.7,26.5,29.5,27.5,20.0,23.0,26.0,26.1,26.2,31.0,20.0,21.0,23.0,,,,25.0,25.0,29.5,33.0,36.0,
201710,Richmond RAAF,25.9,27.4,27.6,27.3,31.7,23.8,22.5,21.7,33.7,24.2,28.9,30.3,28.9,18.0,22.2,26.1,26.6,26.9,33.1,20.0,20.5,22.7,24.0,29.9,32.0,26.4,25.4,29.7,33.0,35.8,23.3
201710,Springwood (Valley Heights),23.1,24.4,24.2,24.6,28.1,21.5,20.1,22.3,31.2,21.4,25.0,28.0,25.7,16.8,18.2,23.0,24.2,24.2,30.0,18.4,18.3,19.9,21.2,29.7,30.8,22.6,23.4,28.3,31.9,33.2,21.7
201710,Sydney (Observatory Hill),23.1,22.9,22.1,23.8,23.4,22.1,22.0,21.4,30.0,21.3,23.2,29.6,23.2,22.3,22.4,23.3,23.5,23.2,25.3,19.6,20.0,21.7,23.0,24.3,26.9,24.6,24.2,25.1,29.6,35.4,20.5
201710,Sydney Airport AMO,22.1,24.2,24.4,21.9,26.8,21.1,19.0,22.9,34.0,22.8,25.3,29.1,25.5,20.9,22.4,24.9,25.4,26.0,27.6,19.2,18.4,21.7,21.3,26.9,31.0,21.6,23.1,28.2,32.7,37.3,
201710,Sydney Harbour (Wedding Cake West),18.7,20.3,19.2,19.7,20.7,19.2,17.8,19.7,24.5,20.0,24.3,26.3,21.1,19.3,20.3,20.9,20.4,20.7,20.8,19.2,17.3,18.5,19.2,21.1,24.2,21.2,20.9,23.2,27.9,34.6,18.2
201710,Sydney Olympic Park AWS (Archery Centre),24.1,23.5,24.4,22.7,28.7,21.5,20.9,22.8,33.2,22.4,25.8,29.5,25.0,19.8,22.2,23.5,25.3,25.8,28.8,20.0,19.5,22.4,22.3,29.4,32.1,23.8,23.8,29.0,32.8,35.9,20.8
201710,Terrey Hills AWS,21.4,22.5,22.3,21.7,25.0,20.1,19.7,21.0,31.6,19.8,22.8,28.9,22.9,17.0,20.1,22.2,23.1,23.1,25.5,18.7,17.6,20.3,20.5,25.3,30.1,22.8,22.7,26.5,29.6,35.4,19.2
201710,"Values are the maximum temperature, usually in the 24 hoursfrom9 am on the day indicated,and typically occurred in the afternoon of that day.",,,,,,,,,,,,,,,,,,,,,,,,,,,,,,,
201710,Temperatures coloured according to their differencefrom the long-termaveragefor the period,-10.0,-9.0,-8.0,-7.0,-6.0,-5.0,-4.0,-3.0,-2.0,-1.0,0.0,+1.0,+2.0,+3.0,+4.0,+5.0,+6.0,+7.0,+8.0,+9.0,+10.0,°C,Grey outline marks highestand lowest for the period,,,,,,,,
201711,Badgerys Creek AWS,25.1,24.6,30.5,16.1,17.2,24.5,22.8,21.5,24.7,25.9,25.4,24.8,24.3,25.2,28.1,27.0,26.0,24.3,26.1,24.2,25.5,25.4,29.2,32.8,30.5,31.2,28.2,29.1,27.7,30.6,
201711,Bankstown Airport AWS,24.6,23.3,32.0,17.5,18.4,24.7,22.3,21.3,23.9,25.1,24.9,23.6,23.6,24.6,26.8,25.9,26.1,23.9,24.9,24.2,24.5,24.8,27.4,31.7,29.7,29.3,27.6,27.9,28.0,29.3,
201711,Camden Airport AWS,24.7,24.4,30.8,16.5,17.2,24.0,22.7,21.5,25.5,25.8,25.3,24.5,24.2,25.3,28.3,26.6,26.8,24.5,26.1,24.1,25.9,25.6,29.4,33.5,30.3,30.9,27.9,28.1,27.7,30.5,
201711,Campbelltown (Mount Annan),24.7,24.2,29.9,16.9,17.2,24.2,22.6,21.2,24.6,25.4,24.7,24.3,24.0,25.4,27.6,26.8,27.2,24.0,26.3,23.7,25.4,25.0,29.2,33.6,30.7,30.8,28.5,28.0,27.1,29.4,
201711,Canterbury Racecourse AWS,21.3,22.1,29.9,16.9,18.9,24.9,19.9,19.6,22.7,23.1,23.9,22.6,22.3,23.3,25.4,25.5,25.6,23.3,25.0,23.3,23.3,24.7,26.0,29.9,27.7,28.2,26.6,26.4,27.6,28.2,
201711,Cooranbong (Lake Macquarie AWS),22.6,23.0,32.3,20.5,19.8,29.2,20.8,20.1,21.9,22.5,23.2,22.7,22.0,22.7,24.3,24.7,24.8,23.6,23.9,23.2,23.9,23.9,24.9,27.4,26.0,26.2,24.6,27.0,26.1,26.5,
201711,Gosford AWS,20.8,21.9,31.5,18.5,19.1,26.1,19.4,19.4,21.5,22.0,22.4,21.6,21.9,22.1,24.1,23.8,24.5,22.9,23.3,23.7,23.3,23.8,24.8,26.9,26.7,26.4,24.8,27.7,25.9,27.1,
201711,Holsworthy Aerodrome AWS,23.5,22.4,30.3,17.1,17.1,24.1,21.2,20.7,23.4,24.0,25.2,23.0,22.8,24.0,26.5,25.4,25.9,23.1,24.5,23.6,24.2,23.9,27.2,30.7,29.0,29.4,26.7,27.6,27.0,28.2,
201711,Horsley Park Equestrian Centre AWS,24.1,23.9,29.6,16.3,17.1,24.3,22.8,21.5,23.9,25.0,25.7,24.6,23.9,24.7,27.9,26.1,26.6,24.6,25.8,24.3,25.2,26.0,28.6,33.2,30.8,31.1,27.6,29.2,28.2,,
201711,Katoomba (Murri St),19.2,18.9,22.6,10.4,12.3,16.7,17.1,15.2,19.4,20.7,19.3,20.0,18.7,20.0,23.1,19.4,17.6,13.7,18.8,17.3,19.1,20.0,22.2,25.2,25.2,25.3,22.4,22.8,22.0,25.4,
201711,Mangrove Mountain AWS,21.8,22.3,29.8,18.9,17.9,24.3,19.3,19.0,21.2,22.2,22.2,21.8,21.4,22.2,24.9,24.3,23.5,22.3,23.8,23.3,23.2,23.5,25.6,30.0,27.3,27.5,24.6,28.0,23.7,26.3,
201711,Mount Boyce AWS,17.9,21.1,21.6,11.5,13.1,15.9,18.7,17.4,19.1,20.4,20.5,20.2,19.8,21.3,24.1,20.1,,,20.2,17.5,19.1,22.0,22.2,24.0,24.9,26.2,22.3,24.1,22.5,25.1,
201711,Norah Head AWS,20.0,23.7,28.0,20.7,19.6,26.0,19.3,20.9,23.0,23.8,23.8,23.7,23.2,22.6,26.0,25.4,23.1,24.3,23.1,23.1,24.2,23.7,25.6,26.2,26.6,26.9,23.3,24.9,24.5,26.8,
201711,Parramatta North (Masons Drive),24.2,22.7,31.0,16.5,18.3,25.0,21.0,21.2,22.9,24.2,24.0,23.8,23.0,23.3,26.0,25.2,26.0,23.6,24.6,23.5,24.7,24.8,27.3,30.3,29.3,29.5,28.0,27.4,26.8,29.0,
201711,Penrith Lakes AWS,26.6,26.7,31.6,16.1,16.2,25.6,24.2,23.0,25.6,27.0,26.8,25.9,25.4,27.2,29.6,26.0,25.1,24.6,27.5,25.3,27.1,26.6,30.7,33.9,32.5,32.9,28.8,31.6,28.8,32.5,
201711,Prospect Reservoir,24.8,24.8,30.5,16.6,16.0,24.7,22.5,21.4,24.6,25.2,25.0,24.4,24.0,25.1,28.0,27.0,26.5,24.5,25.0,24.3,24.6,24.7,28.0,32.5,30.5,31.4,28.3,25.8,28.8,30.4,
201711,Richmond RAAF,24.7,25.8,31.5,15.7,17.0,26.1,23.8,22.0,24.8,26.4,25.7,25.8,25.2,26.6,29.2,26.0,27.4,24.8,27.3,25.9,27.7,27.0,30.3,33.0,32.5,32.8,28.8,29.7,28.4,31.7,
201711,Springwood (Valley Heights),25.0,23.8,30.0,13.9,14.6,23.4,21.6,20.0,22.9,24.0,23.5,23.2,22.0,24.1,26.5,23.2,22.1,20.4,23.9,21.5,23.4,23.5,22.2,29.9,29.0,29.9,25.9,26.2,25.7,29.5,
201711,Sydney (Observatory Hill),22.2,22.6,26.9,17.1,19.5,26.3,21.8,21.7,22.1,23.4,23.7,22.5,22.3,22.9,24.4,24.4,24.0,22.6,23.6,22.9,23.6,24.4,24.7,25.9,26.4,26.8,25.1,27.7,26.4,26.7,
201711,Sydney Airport AMO,20.9,22.3,31.3,17.1,20.3,27.1,19.8,20.2,23.0,23.7,23.8,23.3,22.8,23.6,26.7,26.2,26.4,23.3,24.7,22.9,23.9,24.6,27.2,28.9,27.9,28.3,27.1,26.7,27.4,29.4,
201711,Sydney Harbour (Wedding Cake West),19.2,20.1,23.4,17.7,19.5,23.5,18.3,18.5,20.9,20.9,21.3,19.9,20.1,20.9,21.3,21.2,21.1,21.4,21.6,21.3,21.5,21.9,21.5,22.3,22.1,22.6,22.6,23.5,23.9,23.3,
201711,Sydney Olympic Park AWS (Archery Centre),22.9,22.6,30.1,16.8,18.7,26.0,20.6,20.5,23.6,23.8,24.2,23.1,22.2,22.6,26.0,26.1,26.7,23.3,23.9,23.6,23.8,24.2,26.7,29.4,28.7,29.2,26.8,27.1,26.7,29.2,
201711,Terrey Hills AWS,20.7,20.9,29.9,15.8,17.6,24.9,19.3,19.5,21.5,21.3,22.6,21.2,20.9,21.3,23.8,22.8,23.6,21.8,22.7,21.5,22.6,23.2,24.5,26.9,26.2,26.3,24.3,26.0,25.3,26.5,
201711,"Values are the maximum temperature, usually in the 24 hoursfrom9 am on the day indicated,and typically occurred in the afternoon of that day.",,,,,,,,,,,,,,,,,,,,,,,,,,,,,,,
201711,Temperatures coloured according to their differencefrom the long-termaveragefor the period,-10.0,-9.0,-8.0,-7.0,-6.0,-5.0,-4.0,-3.0,-2.0,-1.0,0.0,+1.0,+2.0,+3.0,+4.0,+5.0,+6.0,+7.0,+8.0,+9.0,+10.0,°C,Grey outline marks highestand lowest for the period,,,,,,,,
201712,Badgerys Creek AWS,34.9,29.4,28.8,19.8,26.2,26.3,33.2,30.5,26.8,29.8,32.0,32.4,36.9,41.8,26.6,37.8,29.9,34.2,42.7,41.7,24.7,28.2,37.2,41.4,21.5,22.7,28.0,34.7,39.6,37.2,29.4
201712,Bankstown Airport AWS,31.8,30.9,29.5,22.1,25.1,26.2,33.3,30.3,26.2,27.4,29.3,29.5,32.8,41.7,26.6,34.8,27.8,32.5,38.4,40.0,24.6,27.9,34.6,42.6,22.7,24.1,28.2,31.3,35.7,37.3,27.8
201712,Camden Airport AWS,33.8,31.3,27.9,21.3,24.9,25.7,32.3,29.8,27.4,29.8,32.1,31.8,37.8,42.4,26.4,37.9,28.9,35.4,41.9,40.3,24.9,28.9,37.2,40.4,21.4,22.4,29.3,35.4,39.3,36.9,29.2
201712,Campbelltown (Mount Annan),33.1,28.9,28.2,20.5,25.3,26.0,31.9,30.3,26.9,29.2,31.5,30.9,35.7,41.5,26.4,37.6,29.0,34.6,40.0,39.8,25.8,28.5,37.3,39.3,21.2,22.5,29.1,34.0,38.4,36.6,29.1
201712,Canterbury Racecourse AWS,29.8,30.7,28.8,18.7,23.7,26.1,31.6,29.9,24.6,25.6,27.5,27.7,29.8,39.2,26.8,33.9,25.9,30.3,34.4,39.5,23.9,27.4,31.9,40.6,21.6,23.7,27.0,29.6,33.0,35.6,27.5
201712,Cooranbong (Lake Macquarie AWS),30.0,30.3,28.5,21.1,25.0,27.0,33.0,29.0,24.6,25.4,26.7,26.7,29.8,38.7,29.9,30.6,30.4,29.7,38.0,41.5,23.4,25.7,31.0,40.0,21.7,24.4,25.8,28.5,31.6,36.1,25.8
201712,Gosford AWS,28.8,30.1,27.9,19.1,24.0,26.1,31.8,28.3,23.6,24.8,26.3,26.4,30.4,38.2,26.9,31.0,27.6,29.1,36.1,39.6,23.1,25.9,30.0,40.5,21.9,24.4,26.4,29.7,32.1,36.2,25.9
201712,Holsworthy Aerodrome AWS,31.7,30.1,28.9,19.8,24.6,25.3,32.9,30.3,25.5,27.4,29.3,29.5,33.0,41.7,26.0,35.5,27.0,31.3,37.6,40.4,24.1,27.3,35.2,40.0,21.7,23.0,28.2,32.3,35.4,36.9,26.5
201712,Horsley Park Equestrian Centre AWS,34.7,29.3,28.8,20.2,24.7,25.6,33.1,31.6,27.2,29.4,31.7,31.9,36.4,42.6,27.2,37.6,29.4,34.8,41.8,41.0,23.8,28.4,36.3,41.0,20.6,22.9,28.4,33.8,38.7,36.8,28.7
201712,Katoomba (Murri St),26.8,20.0,18.6,13.6,18.0,17.6,24.0,24.2,20.4,24.1,26.2,26.1,31.1,32.4,23.0,32.0,26.2,31.2,33.8,31.6,16.4,22.7,30.2,31.3,12.8,13.9,20.4,27.2,29.7,26.6,23.7
201712,Mangrove Mountain AWS,31.1,28.1,27.4,17.0,23.4,26.0,31.0,29.9,23.1,25.3,28.0,27.5,33.5,39.7,28.4,35.0,30.2,32.5,38.8,40.8,20.3,25.2,32.7,39.5,19.8,22.3,24.9,31.0,36.4,33.9,25.3
201712,Mount Boyce AWS,27.8,19.5,17.5,16.3,18.8,16.6,24.2,23.3,22.2,25.1,26.9,28.8,29.9,31.7,23.2,31.3,28.4,30.2,33.0,30.4,16.5,24.1,29.2,31.2,13.1,14.6,22.5,28.3,29.8,26.0,25.5
201712,Norah Head AWS,26.5,24.9,26.9,19.3,21.8,26.4,31.8,26.9,24.9,24.8,27.1,27.1,27.9,26.5,23.9,26.6,26.2,28.0,28.5,30.3,22.8,25.1,28.2,29.6,21.9,24.2,26.6,28.4,28.7,33.7,27.4
201712,Parramatta North (Masons Drive),31.0,31.2,29.0,19.2,25.0,25.7,33.0,31.2,25.5,28.2,29.8,29.7,34.2,41.7,27.2,35.0,28.5,33.0,41.8,41.2,23.8,27.2,35.2,40.6,21.4,24.3,28.0,33.0,36.0,37.2,27.5
201712,Penrith Lakes AWS,37.4,31.0,30.1,21.5,27.8,27.7,34.4,33.0,28.6,31.4,34.2,34.5,39.8,43.5,28.9,39.9,32.9,35.9,44.1,43.6,23.7,29.4,37.8,42.1,21.6,23.8,30.0,36.4,40.4,38.2,31.8
201712,Prospect Reservoir,34.3,30.0,29.6,19.8,24.8,26.1,32.6,31.5,27.0,29.6,,31.5,35.7,41.5,28.1,37.2,28.6,35.3,42.3,41.5,24.8,28.0,36.7,41.0,,,,,,,
201712,Richmond RAAF,36.5,29.7,29.4,20.4,27.3,27.2,33.5,32.0,27.1,30.0,32.9,33.5,38.3,42.1,30.0,39.3,31.8,34.7,42.9,42.5,23.8,29.6,37.5,42.5,21.0,22.7,29.3,36.5,39.3,37.6,30.6
201712,Springwood (Valley Heights),33.6,27.0,26.6,18.3,24.4,24.2,24.7,30.1,24.0,27.7,30.4,30.9,36.9,40.1,28.6,35.5,,,,41.2,,,35.1,,,38.9,25.5,32.5,35.7,34.5,28.2
201712,Sydney (Observatory Hill),27.5,26.8,29.2,18.6,25.3,26.0,31.3,27.7,24.1,24.8,26.5,27.0,28.0,30.8,26.6,28.5,26.8,27.6,35.3,38.3,24.5,26.1,28.3,37.7,21.7,23.8,26.2,27.4,28.8,36.2,25.3
201712,Sydney Airport AMO,30.3,29.9,28.8,18.7,22.7,26.4,32.3,29.8,24.7,26.9,29.1,29.0,30.6,36.1,24.8,31.8,26.5,30.3,34.2,39.9,25.2,28.1,31.7,41.6,22.4,24.4,27.7,29.3,33.0,35.7,27.1
201712,Sydney Harbour (Wedding Cake West),22.2,21.5,24.4,18.0,21.7,24.9,28.4,23.4,22.2,21.7,22.2,22.5,22.5,27.2,24.5,23.5,23.8,23.5,28.7,31.0,23.0,23.2,26.9,30.4,21.4,22.5,22.9,23.5,25.9,33.2,23.6
201712,Sydney Olympic Park AWS (Archery Centre),31.5,31.1,29.7,18.9,24.9,26.4,33.2,30.4,25.0,26.8,29.2,29.3,32.9,41.0,26.9,32.3,27.4,31.4,38.9,40.9,23.7,27.6,33.4,40.7,21.3,24.4,28.2,30.5,34.4,36.5,27.8
201712,Terrey Hills AWS,27.9,29.7,27.8,17.1,23.0,25.6,31.6,28.0,22.3,25.7,26.4,26.6,28.9,38.8,26.8,33.1,26.9,29.2,35.4,39.0,21.3,25.1,30.4,39.4,20.5,21.8,26.6,28.6,32.6,34.7,24.9
201712,"Values are the maximum temperature, usually in the 24 hoursfrom9 am on the day indicated,and typically occurred in the afternoon of that day.",,,,,,,,,,,,,,,,,,,,,,,,,,,,,,,
201712,Temperatures coloured according to their differencefrom the long-termaveragefor the period,-10.0,-9.0,-8.0,-7.0,-6.0,-5.0,-4.0,-3.0,-2.0,-1.0,0.0,+1.0,+2.0,+3.0,+4.0,+5.0,+6.0,+7.0,+8.0,+9.0,+10.0,°C,Grey outline marks highestand lowest for the period,,,,,,,,
201801,Badgerys Creek AWS,33.9,31.9,25.4,27.1,33.6,38.9,45.0,38.4,31.0,24.5,27.0,34.0,34.0,25.6,29.0,24.9,28.5,35.1,38.9,38.9,37.7,41.8,31.5,37.0,30.1,32.8,33.3,32.1,32.8,36.5,21.9
201801,Bankstown Airport AWS,31.4,29.6,25.7,25.3,30.7,35.2,45.2,37.8,32.9,24.6,25.5,31.1,35.5,25.4,27.8,24.8,27.5,33.3,36.0,37.6,33.7,38.5,30.5,34.3,29.4,30.2,31.2,30.3,31.0,33.5,23.3
201801,Camden Airport AWS,33.0,32.5,26.2,27.4,34.6,39.3,45.7,39.0,31.1,24.8,27.4,33.8,34.0,25.3,28.7,24.7,28.3,34.4,38.5,38.3,37.7,41.2,33.8,38.6,30.5,32.8,33.9,32.9,32.8,36.6,23.0
201801,Campbelltown (Mount Annan),32.4,31.9,26.5,26.9,33.2,38.4,45.1,38.6,30.7,23.9,26.8,33.3,33.5,26.0,28.8,25.5,27.9,34.9,38.7,38.3,37.2,41.8,32.5,38.2,31.0,33.1,34.0,32.9,32.4,36.2,23.6
201801,Canterbury Racecourse AWS,29.5,28.8,23.8,24.5,28.2,31.7,44.9,35.9,32.4,24.4,24.8,29.5,34.8,23.9,25.4,23.0,24.0,30.2,33.5,36.1,30.4,35.7,28.8,32.0,30.3,29.8,30.5,30.0,30.7,31.0,22.1
201801,Cooranbong (Lake Macquarie AWS),30.4,27.6,25.8,25.0,26.9,35.5,43.4,36.0,30.1,23.0,24.9,29.6,37.4,24.4,26.1,25.0,25.0,29.5,30.8,32.0,28.7,37.6,34.1,31.8,30.2,30.4,31.0,29.6,29.3,30.4,20.8
201801,Gosford AWS,30.1,27.7,24.6,24.4,27.8,35.0,43.7,36.5,29.8,23.5,24.8,29.4,35.8,23.1,23.8,22.5,23.4,27.4,30.6,33.5,30.0,34.8,28.8,30.5,29.1,28.8,30.1,29.0,29.9,30.3,20.6
201801,Holsworthy Aerodrome AWS,30.7,29.2,24.4,24.8,30.5,34.6,45.2,37.5,31.8,23.5,25.4,31.4,34.3,24.9,27.1,24.0,26.0,32.6,35.7,37.4,34.3,38.0,30.3,33.3,28.1,29.5,31.0,30.2,30.8,33.7,22.8
201801,Horsley Park Equestrian Centre AWS,33.4,31.8,26.5,27.1,33.0,38.5,45.6,40.1,30.8,25.0,26.6,33.5,34.9,25.7,28.3,25.4,27.5,34.6,38.1,38.6,36.4,41.0,30.8,37.2,29.0,32.7,33.7,32.6,32.9,36.0,23.6
201801,Katoomba (Murri St),28.2,26.1,21.1,22.3,27.7,33.6,36.7,32.4,26.6,16.0,24.8,30.2,22.3,18.4,24.0,21.4,25.6,30.0,34.6,33.0,33.0,34.6,27.2,,30.8,30.0,26.7,26.1,27.2,30.4,13.6
201801,Mangrove Mountain AWS,31.1,27.9,23.0,24.0,29.9,36.6,44.0,39.9,29.3,21.8,24.0,30.5,35.1,22.9,25.4,23.0,25.8,32.5,35.9,35.9,32.4,39.8,31.3,34.4,29.8,30.8,31.9,29.4,29.6,33.1,17.9
201801,Mount Boyce AWS,27.9,26.6,22.3,23.0,28.4,33.3,37.0,32.3,26.2,16.9,27.2,30.5,21.7,18.1,22.9,20.8,24.3,30.0,33.9,33.6,34.4,35.7,28.8,32.7,27.5,29.0,28.4,26.1,26.4,31.1,13.9
201801,Norah Head AWS,27.9,27.8,25.3,26.1,28.0,28.9,33.6,31.0,26.9,24.3,25.1,29.2,29.2,21.8,22.3,21.8,22.1,26.2,28.9,28.7,29.5,29.7,27.8,30.3,29.7,29.4,30.6,28.4,30.5,30.6,20.9
201801,Parramatta North (Masons Drive),32.0,29.5,25.2,25.4,32.0,37.3,45.0,39.7,31.7,25.0,25.0,33.0,35.0,25.2,27.3,25.0,25.8,32.3,36.0,36.7,34.6,38.2,30.0,33.8,28.6,30.5,31.2,30.7,30.8,34.3,22.2
201801,Penrith Lakes AWS,36.1,34.9,27.3,29.1,36.2,42.3,47.3,42.5,32.5,26.6,29.1,36.3,35.6,27.4,30.5,26.8,29.9,36.5,40.5,40.2,40.3,43.2,32.4,38.7,34.0,35.2,36.1,34.1,34.9,38.9,22.9
201801,Prospect Reservoir,,,,,,,45.3,38.9,31.6,24.5,25.5,34.0,34.0,24.7,26.8,24.4,26.7,33.3,36.2,,35.4,39.5,30.2,35.0,28.8,31.5,32.8,,32.0,35.2,23.1
201801,Richmond RAAF,35.0,33.7,28.0,28.7,35.9,41.2,46.3,43.6,32.1,26.2,28.1,35.9,35.9,26.8,29.1,26.5,29.1,36.1,40.2,39.6,39.1,42.0,30.9,39.2,30.8,35.1,35.2,34.7,34.3,38.4,23.5
201801,Springwood (Valley Heights),32.0,31.1,23.5,25.0,32.2,38.2,43.2,39.8,29.5,22.1,23.9,32.0,31.2,24.0,27.5,23.3,27.3,32.5,37.5,36.2,36.5,,31.2,34.6,29.4,32.2,32.0,29.8,31.8,34.5,19.2
201801,Sydney (Observatory Hill),29.8,27.0,25.1,24.0,26.1,29.8,43.4,31.9,30.2,24.9,24.0,27.2,34.3,24.5,26.5,23.5,25.8,26.2,28.3,30.4,27.3,29.6,26.8,28.0,27.1,27.4,27.9,27.0,28.6,28.7,22.0
201801,Sydney Airport AMO,28.3,28.7,23.8,24.5,27.9,30.8,43.7,36.3,32.8,23.8,25.3,29.9,35.7,22.4,23.4,21.5,22.9,28.4,32.0,34.6,30.6,34.5,29.2,31.3,28.9,28.7,30.4,29.2,30.8,32.0,21.8
201801,Sydney Harbour (Wedding Cake West),25.2,24.0,22.4,22.2,22.7,24.9,31.9,28.7,26.2,22.1,23.3,26.8,33.0,21.1,22.4,20.6,21.1,22.6,23.6,24.5,23.6,25.6,25.1,24.9,24.7,24.6,25.0,24.8,24.9,24.9,20.7
201801,Sydney Olympic Park AWS (Archery Centre),30.9,28.8,25.3,25.4,28.9,33.9,44.5,37.1,32.3,24.8,25.4,30.8,34.5,24.1,26.2,23.2,24.9,30.1,33.5,34.9,32.1,35.8,29.7,31.3,28.6,29.5,30.4,30.7,31.0,33.0,21.7
201801,Terrey Hills AWS,28.7,26.2,22.4,22.7,27.2,34.0,42.7,35.7,28.5,22.9,22.8,27.5,33.9,22.1,23.9,21.5,23.4,27.7,31.6,34.6,29.1,35.8,,29.7,27.8,27.2,28.9,27.6,28.2,30.0,19.1
201801,"Values are the maximum temperature, usually in the 24 hoursfrom9 am on the day indicated,and typically occurred in the afternoon of that day.",,,,,,,,,,,,,,,,,,,,,,,,,,,,,,,
201801,Temperatures coloured according to their differencefrom the long-termaveragefor the period,-10.0,-9.0,-8.0,-7.0,-6.0,-5.0,-4.0,-3.0,-2.0,-1.0,0.0,+1.0,+2.0,+3.0,+4.0,+5.0,+6.0,+7.0,+8.0,+9.0,+10.0,°C,Grey outline marks highestand lowest for the period,,,,,,,,
201802,Badgerys Creek AWS,24.3,24.1,26.6,27.9,31.3,30.2,31.1,37.1,35.6,35.0,33.6,33.4,30.4,39.2,33.4,33.0,31.8,34.2,30.1,23.7,27.1,28.2,31.1,37.1,21.9,21.3,25.8,33.9,,,
201802,Bankstown Airport AWS,25.0,24.3,26.4,26.7,29.5,29.5,29.7,33.4,31.4,32.6,30.0,31.1,29.9,39.6,30.8,31.0,28.9,31.4,29.6,25.2,26.6,27.8,29.2,36.7,21.9,22.6,25.1,33.4,,,
201802,Camden Airport AWS,23.8,24.3,27.0,28.7,31.4,30.9,31.8,36.6,36.1,35.4,33.0,34.2,31.6,38.9,33.8,33.1,31.5,34.1,31.2,24.3,27.4,28.8,30.9,37.2,20.8,23.1,26.6,33.6,,,
201802,Campbelltown (Mount Annan),25.4,25.3,27.3,28.4,31.3,30.6,31.3,36.0,36.2,34.7,32.2,33.3,31.5,38.6,33.4,31.9,31.1,34.0,30.4,23.8,26.3,28.2,30.6,35.6,21.0,22.3,26.7,33.7,,,
201802,Canterbury Racecourse AWS,23.3,23.0,24.0,24.7,27.1,28.2,28.1,30.1,29.4,30.4,28.9,29.1,28.6,38.8,28.5,30.8,28.3,29.7,28.1,22.5,24.6,27.0,28.8,33.5,21.8,22.5,24.2,29.4,,,
201802,Cooranbong (Lake Macquarie AWS),23.2,23.0,25.8,25.9,27.3,28.0,28.6,29.6,32.4,30.4,35.0,29.4,29.5,40.3,29.1,31.6,27.9,30.3,28.6,22.2,26.4,27.7,28.4,37.0,28.2,20.3,25.5,31.8,,,
201802,Gosford AWS,22.3,21.6,24.1,24.5,25.9,26.9,27.1,29.3,30.8,29.1,34.0,28.5,28.7,39.0,27.7,30.3,27.9,29.7,28.3,23.3,25.5,26.2,27.4,32.9,24.3,20.9,24.0,29.5,,,
201802,Holsworthy (Defence),23.1,23.5,23.8,25.3,29.8,29.1,30.1,34.7,33.6,33.0,30.9,32.3,29.0,39.1,33.2,29.0,30.6,32.0,27.5,21.7,24.4,27.1,29.3,37.2,19.9,20.1,24.0,33.8,,,
201802,Holsworthy Aerodrome AWS,24.3,23.9,25.5,26.7,28.7,28.6,29.1,33.3,31.4,31.0,30.3,30.8,29.3,38.8,31.7,29.8,29.0,31.4,29.2,23.6,24.6,27.0,28.4,35.7,21.1,21.0,24.8,32.6,,,
201802,Horsley Park Equestrian Centre AWS,23.5,24.6,27.3,28.0,29.9,30.4,30.6,36.4,34.6,34.3,33.0,33.2,30.5,39.1,32.7,31.1,30.9,33.9,30.6,23.4,26.7,28.1,31.1,37.6,21.6,22.2,25.7,34.2,,,
201802,Katoomba (Murri St),,16.7,19.8,22.0,26.4,24.9,25.9,30.9,,33.8,30.8,29.1,26.1,30.0,30.4,27.7,26.9,28.8,25.4,16.4,20.9,,,28.3,21.1,13.6,20.7,28.1,,,
201802,Mangrove Mountain AWS,20.3,20.4,23.9,24.0,27.5,27.1,28.1,32.6,36.2,32.7,33.3,31.7,28.8,38.6,30.5,32.6,27.7,31.9,28.6,20.5,24.0,26.1,28.7,34.6,24.2,18.6,23.8,33.1,,,
201802,Mount Boyce AWS,16.8,16.5,20.0,22.7,26.6,25.6,27.0,30.6,34.3,31.5,29.0,27.9,27.8,29.6,29.1,27.7,28.1,30.0,26.0,14.5,20.8,22.1,25.9,29.4,21.6,15.0,20.2,26.7,,,
201802,Norah Head AWS,22.5,21.9,23.8,26.8,27.2,28.2,28.6,30.3,29.8,28.6,34.5,28.8,29.4,30.7,29.6,29.5,29.7,31.1,28.8,21.9,27.0,27.2,29.9,29.0,24.0,21.1,25.1,27.3,,,
201802,Parramatta North (Masons Drive),23.7,23.3,25.3,25.8,28.3,28.5,28.7,33.7,33.0,32.2,32.8,31.2,29.7,39.5,30.2,31.7,29.5,32.5,29.7,23.5,26.0,27.0,29.5,37.0,23.0,23.4,25.2,33.8,,,
201802,Penrith Lakes AWS,24.6,26.1,27.9,29.7,33.0,32.3,34.1,38.1,38.9,37.0,37.3,36.0,33.5,40.0,36.3,33.7,33.8,37.2,33.2,24.8,29.0,29.5,32.3,40.0,24.0,23.6,27.3,35.4,,,
201802,Prospect Reservoir,22.5,23.6,25.6,,30.0,29.4,29.9,35.5,34.0,33.4,33.0,32.0,30.0,37.4,32.3,31.0,31.1,33.4,29.4,23.3,26.9,27.6,29.7,37.6,22.4,21.6,26.1,34.5,,,
201802,Richmond RAAF,23.8,24.7,26.8,28.6,32.3,31.5,32.5,37.8,38.6,36.5,37.1,35.0,33.0,40.6,36.0,33.1,32.7,36.3,31.4,23.3,27.7,29.1,31.3,39.6,24.6,23.9,27.1,35.4,,,
201802,Springwood (Valley Heights),20.9,22.0,23.7,25.8,29.5,29.1,29.8,34.3,34.3,33.5,34.5,33.0,34.9,36.8,32.9,30.7,30.2,33.0,28.2,21.0,24.7,25.7,28.4,35.5,22.3,19.1,24.2,34.8,,,
201802,Sydney (Observatory Hill Comparison),24.7,23.7,25.2,26.3,27.4,28.1,28.4,29.7,31.1,30.1,29.1,28.9,30.5,33.9,28.8,30.1,29.0,30.2,29.5,23.4,27.8,28.7,28.6,34.0,21.8,23.6,25.2,27.6,,,
201802,Sydney (Observatory Hill),24.6,24.4,26.0,26.1,25.9,27.0,27.2,28.6,30.4,28.2,29.6,27.6,28.4,34.5,27.0,30.7,26.9,28.2,29.5,23.6,25.0,26.5,26.8,31.0,22.1,23.6,26.1,26.6,,,
201802,Sydney Airport AMO,22.1,22.8,24.5,25.8,26.7,27.9,29.1,30.5,28.1,29.6,28.1,29.0,28.8,40.0,29.7,28.7,29.2,30.1,28.8,23.1,25.6,27.9,29.8,33.3,21.8,22.2,24.8,30.5,,,
201802,Sydney Harbour (Wedding Cake West),20.7,21.5,22.7,22.9,23.6,23.9,25.1,24.2,26.9,25.8,28.3,25.6,26.0,28.9,24.9,27.2,24.4,25.1,26.2,21.8,23.4,23.7,24.3,25.4,22.8,22.0,23.0,26.0,,,
201802,Sydney Olympic Park AWS (Archery Centre),24.3,23.9,25.4,25.7,27.4,28.2,28.1,32.3,31.9,30.3,31.3,28.9,28.6,39.1,29.5,31.1,29.2,30.9,28.7,23.3,25.8,27.6,29.2,35.3,22.3,23.6,25.2,30.4,,,
201802,Terrey Hills AWS,22.1,21.6,23.4,24.2,25.2,26.7,26.7,28.6,30.5,28.5,31.9,28.0,27.9,37.3,27.3,30.4,27.1,29.2,26.5,21.6,23.9,25.0,26.6,32.1,22.0,20.9,23.0,29.0,,,
201802,"Values are the maximum temperature, usually in the 24 hoursfrom9 am on the day indicated,and typically occurred in the afternoon of that day.",,,,,,,,,,,,,,,,,,,,,,,,,,,,,,,
201802,Temperatures coloured according to their differencefrom the long-termaveragefor the period,-10.0,-9.0,-8.0,-7.0,-6.0,-5.0,-4.0,-3.0,-2.0,-1.0,0.0,+1.0,+2.0,+3.0,+4.0,+5.0,+6.0,+7.0,+8.0,+9.0,+10.0,°C,Grey outline marks highestand lowest for the period,,,,,,,,
201803,Badgerys Creek AWS,27.8,27.0,32.5,28.6,24.0,24.6,25.1,24.8,25.7,26.6,30.4,28.9,20.5,28.4,35.3,26.8,35.3,40.0,35.1,30.2,21.1,20.7,21.6,27.7,33.3,25.9,25.2,29.7,30.1,35.1,26.7
201803,Bankstown Airport AWS,26.8,26.3,31.1,27.2,26.0,26.9,25.9,28.0,25.9,26.3,29.8,28.4,22.0,27.9,35.1,25.9,33.9,40.1,34.4,29.6,22.4,22.7,24.0,27.8,33.2,26.2,25.8,29.4,29.3,32.7,27.0
201803,Camden Airport AWS,28.1,27.9,32.4,28.5,23.0,25.0,25.3,25.9,26.4,27.4,30.9,29.2,20.4,28.8,35.8,26.8,36.9,39.7,34.6,30.1,19.0,22.3,21.7,27.1,33.0,25.2,25.5,29.4,30.4,35.2,26.1
201803,Campbelltown (Mount Annan),27.0,27.0,32.2,28.2,23.8,25.4,25.3,26.1,27.1,27.2,31.2,29.2,20.4,28.8,35.7,27.0,36.8,39.7,35.4,30.5,19.5,21.9,22.4,27.8,32.8,25.3,25.8,30.0,31.0,35.0,26.6
201803,Canterbury Racecourse AWS,25.0,25.1,28.6,25.5,24.3,24.3,24.2,24.3,24.9,26.1,28.3,27.3,21.5,26.7,33.9,25.1,33.3,38.9,31.3,27.3,21.2,22.6,24.6,26.6,32.1,25.9,24.0,27.7,28.0,30.6,24.4
201803,Cooranbong (Lake Macquarie AWS),25.7,27.1,29.1,29.6,25.5,24.8,25.0,25.3,25.5,26.8,27.1,26.8,23.3,27.6,35.4,26.9,34.6,38.8,29.7,29.4,22.1,21.4,23.8,27.7,32.7,26.9,24.0,28.2,27.1,32.5,26.0
201803,Gosford AWS,25.3,25.4,27.5,25.4,24.5,23.6,23.9,24.1,24.7,25.1,26.5,26.3,22.4,26.7,33.3,25.6,30.8,38.2,28.4,27.4,22.2,22.4,23.8,26.7,32.5,25.8,23.9,26.8,27.3,31.9,25.1
201803,Holsworthy (Defence),25.4,24.9,31.9,24.8,23.4,23.0,23.8,23.9,24.0,25.9,31.1,27.4,19.9,28.2,35.0,25.1,35.4,40.4,35.0,27.1,19.1,20.4,22.0,28.0,33.4,25.1,26.1,29.7,30.1,34.6,25.4
201803,Holsworthy Aerodrome AWS,25.6,26.0,30.9,26.2,24.6,24.4,24.9,25.1,25.1,26.0,30.1,28.1,21.2,26.7,34.9,25.5,34.5,39.8,34.1,28.6,22.6,21.9,23.2,27.4,33.2,25.6,25.1,29.6,29.5,32.6,25.8
201803,Horsley Park Equestrian Centre AWS,27.1,27.5,32.5,28.1,24.5,25.1,25.4,25.8,26.1,26.5,30.2,28.9,20.7,27.9,34.5,26.6,35.3,39.2,34.8,30.0,21.7,21.4,23.1,27.7,32.2,25.9,24.9,29.9,30.0,34.7,26.4
201803,Katoomba (Murri St),23.7,22.4,28.1,26.1,17.4,16.7,18.6,18.3,,19.8,26.3,24.3,15.3,22.0,26.7,19.3,30.0,30.2,29.4,,25.2,13.0,16.7,23.4,,17.3,19.2,25.4,25.9,28.9,22.4
201803,Mangrove Mountain AWS,25.4,25.5,31.0,27.1,24.8,22.1,23.2,23.1,22.9,25.0,26.9,26.2,22.1,26.3,33.3,25.4,33.7,36.4,33.4,27.4,19.4,20.3,21.5,27.3,30.9,24.7,21.6,27.4,27.4,32.8,24.2
201803,Mount Boyce AWS,24.6,21.9,27.7,27.1,18.7,16.8,18.7,19.0,18.8,20.3,25.4,25.1,17.3,23.0,26.5,22.4,28.6,29.8,28.6,24.7,13.5,12.6,16.4,23.5,23.6,16.8,19.3,25.9,26.3,27.5,22.0
201803,Norah Head AWS,25.9,25.5,29.4,25.1,26.3,23.8,26.5,25.3,25.5,27.1,27.7,27.0,24.1,29.2,30.5,26.4,29.7,37.1,28.8,24.9,23.0,23.3,25.5,27.4,33.0,26.2,23.7,29.5,29.7,28.0,24.4
201803,Parramatta North (Masons Drive),26.2,26.0,31.0,27.3,24.8,25.0,24.8,25.5,25.8,25.8,29.3,26.2,20.3,27.0,34.5,26.0,34.0,38.5,33.0,29.0,20.3,22.8,22.8,28.0,32.0,26.0,24.6,28.8,29.0,33.5,26.0
201803,Penrith Lakes AWS,29.8,29.1,33.9,31.2,24.7,25.8,26.5,26.9,26.8,28.2,31.2,29.8,20.4,29.3,35.8,29.1,36.2,38.8,35.3,31.3,22.1,21.4,25.1,28.1,33.3,26.2,26.2,30.0,31.2,35.6,28.7
201803,Prospect Reservoir,26.7,27.0,32.0,28.2,24.7,25.0,25.0,26.0,25.8,26.5,30.2,28.4,20.0,27.7,34.5,26.4,35.0,39.1,34.1,29.7,20.7,21.8,22.8,28.5,33.5,26.1,25.0,29.0,29.8,34.5,25.7
201803,Richmond RAAF,28.5,27.9,33.0,30.1,24.7,25.9,26.7,26.2,27.1,27.3,30.7,29.6,20.0,29.0,36.3,27.9,35.4,39.6,35.1,31.1,19.9,21.5,24.1,27.6,33.0,26.4,26.0,30.0,30.5,34.7,27.9
201803,Springwood (Valley Heights),26.8,25.8,30.0,27.7,21.2,22.7,23.4,23.7,23.2,24.6,28.4,26.8,18.1,25.4,33.4,24.5,32.2,37.1,32.1,29.0,18.1,18.0,21.4,25.3,30.7,24.0,22.9,26.6,27.8,32.2,24.7
201803,Sydney (Observatory Hill Comparison),26.4,26.3,28.7,25.1,25.4,25.2,25.2,26.5,27.5,29.2,29.0,29.1,20.5,27.3,29.7,27.0,32.6,38.0,29.1,27.5,21.9,23.6,26.3,27.6,31.9,26.2,26.5,27.3,28.6,29.0,25.5
201803,Sydney (Observatory Hill),26.3,26.5,27.3,24.9,25.7,25.4,24.9,26.9,26.7,26.5,27.2,27.0,21.1,25.6,29.7,26.2,31.9,38.4,28.4,27.6,22.2,23.3,24.8,25.6,32.4,26.4,24.7,26.8,27.0,29.3,25.6
201803,Sydney Airport AMO,25.3,25.0,29.5,23.9,23.5,23.5,25.6,25.4,25.7,26.1,28.9,27.3,22.6,28.2,34.8,26.1,32.1,40.5,31.4,26.3,21.9,23.6,24.8,27.3,33.8,27.8,24.1,28.4,29.5,29.6,25.3
201803,Sydney Harbour (Wedding Cake West),23.7,23.4,25.0,23.1,23.3,22.7,23.6,23.3,24.5,24.6,24.6,23.9,22.3,23.9,26.6,24.3,26.6,38.2,25.7,24.9,22.3,22.4,22.7,24.1,31.7,25.7,23.9,24.2,24.2,25.5,23.7
201803,Sydney Olympic Park AWS (Archery Centre),25.7,26.1,29.4,26.1,24.2,24.7,24.5,25.2,25.6,25.8,28.5,28.4,20.9,26.7,34.1,26.0,33.5,38.5,31.6,28.2,21.1,22.6,23.6,28.5,32.4,26.5,24.6,28.1,29.0,32.0,25.4
201803,Terrey Hills AWS,24.1,24.1,27.4,23.8,22.7,22.4,23.3,23.3,24.3,24.4,26.3,26.0,21.0,25.1,32.0,24.1,30.2,37.1,27.6,25.8,19.9,20.6,21.9,25.0,31.0,24.3,22.6,26.2,26.2,32.2,23.4
201803,"Values are the maximum temperature, usually in the 24 hoursfrom9 am on the day indicated,and typically occurred in the afternoon of that day.",,,,,,,,,,,,,,,,,,,,,,,,,,,,,,,
201803,Temperatures coloured according to their differencefrom the long-termaveragefor the period,-10.0,-9.0,-8.0,-7.0,-6.0,-5.0,-4.0,-3.0,-2.0,-1.0,0.0,+1.0,+2.0,+3.0,+4.0,+5.0,+6.0,+7.0,+8.0,+9.0,+10.0,°C,Grey outline marks highestand lowest for the period,,,,,,,,
201804,Badgerys Creek AWS,33.9,35.3,23.6,26.3,30.0,29.2,30.3,31.5,35.7,26.2,31.0,34.5,34.3,31.1,24.3,29.4,24.4,22.4,26.2,27.4,24.9,25.2,26.6,26.5,25.5,27.5,21.4,19.9,22.6,21.3,
201804,Bankstown Airport AWS,34.2,34.6,24.6,26.0,30.2,27.3,30.9,29.8,35.9,25.1,31.8,34.7,34.5,31.6,24.8,30.1,23.2,25.7,27.0,26.3,27.3,24.3,26.5,26.0,25.3,28.3,22.2,20.7,22.1,21.8,
201804,Camden Airport AWS,33.4,33.9,23.0,26.6,30.3,29.6,30.6,31.6,35.8,26.2,31.9,34.9,34.7,31.2,24.9,29.0,24.3,23.6,27.7,27.8,24.3,25.2,26.8,27.3,27.9,27.2,21.9,20.3,22.3,22.6,
201804,Campbelltown (Mount Annan),34.3,34.7,23.2,27.0,30.7,29.7,30.8,31.6,36.1,26.5,31.8,34.9,35.2,30.6,24.0,28.6,24.9,23.9,28.2,28.1,24.1,25.9,26.7,27.4,26.8,27.1,22.6,22.1,22.8,22.7,
201804,Canterbury Racecourse AWS,30.2,33.3,24.1,24.8,28.5,25.6,28.6,28.3,35.4,24.7,29.1,34.0,33.0,30.8,24.4,29.5,22.2,24.0,27.1,24.2,23.8,23.3,25.2,23.7,24.1,24.0,20.5,20.1,21.2,20.9,
201804,Cooranbong (Lake Macquarie AWS),30.6,32.5,25.9,25.1,27.5,27.1,29.7,29.2,34.2,24.7,28.5,31.9,31.9,31.0,26.0,30.5,23.5,22.4,26.3,25.8,23.1,23.6,24.2,23.9,22.4,24.7,20.7,21.8,20.7,20.8,
201804,Gosford AWS,29.4,32.4,24.2,24.7,26.8,25.7,28.3,27.6,34.2,24.2,27.7,32.5,32.5,30.3,24.8,29.5,22.4,21.9,25.5,23.8,23.3,23.0,23.7,23.4,22.8,23.6,20.4,20.6,20.5,20.2,
201804,Holsworthy (Defence),34.2,33.5,22.0,24.9,30.8,27.9,30.7,30.3,36.0,23.6,31.6,35.3,34.1,30.7,24.7,28.6,21.8,22.8,27.1,24.9,21.9,23.7,25.9,25.1,23.3,24.0,19.5,18.8,20.9,19.6,
201804,Holsworthy Aerodrome AWS,34.2,34.3,24.1,25.8,30.1,27.2,30.9,29.1,35.8,24.6,31.4,34.6,34.8,31.2,24.3,29.5,22.9,23.2,26.6,26.1,23.6,24.4,25.6,26.0,24.8,25.4,20.9,20.1,21.8,20.8,
201804,Horsley Park Equestrian Centre AWS,34.0,34.7,25.1,26.4,30.1,28.7,30.4,31.1,35.9,26.4,31.2,34.7,34.1,30.8,24.2,29.6,24.7,22.8,26.8,27.1,24.9,24.9,26.3,26.5,24.6,27.3,21.2,19.9,22.9,21.8,
201804,Katoomba (Murri St),,28.1,15.4,20.2,25.4,,27.0,27.2,28.2,21.5,29.6,26.4,26.2,21.0,15.6,19.7,19.8,16.4,20.0,22.2,18.1,18.3,,,21.3,21.6,15.4,11.1,,17.0,
201804,Mangrove Mountain AWS,31.2,33.1,23.1,23.3,26.9,26.6,28.6,29.6,32.8,24.0,29.9,31.2,31.3,28.5,23.6,28.8,22.3,20.4,26.3,23.9,22.3,22.5,23.7,22.9,20.8,23.6,18.9,18.5,18.8,18.7,
201804,Mount Boyce AWS,27.1,24.9,16.0,21.5,24.2,26.0,25.8,26.5,26.7,21.6,27.9,25.1,25.9,20.1,14.6,19.1,19.5,14.7,19.4,21.4,17.7,18.5,20.2,20.6,20.6,20.5,13.9,11.0,15.4,16.0,
201804,Norah Head AWS,28.3,28.5,24.4,24.9,28.8,26.4,29.3,27.0,32.7,26.1,26.7,32.4,32.4,30.2,25.0,29.2,22.2,23.0,26.6,22.6,24.0,22.7,23.5,22.4,21.6,22.4,21.1,21.5,20.1,19.3,
201804,Parramatta North (Masons Drive),33.5,33.5,24.0,26.0,29.0,27.6,30.2,30.2,35.3,25.0,31.3,34.2,33.0,30.5,24.7,29.0,23.8,22.2,26.7,26.0,25.7,24.4,25.6,25.2,25.4,25.4,21.5,20.7,21.8,22.0,
201804,Penrith Lakes AWS,34.4,34.0,24.7,27.9,30.5,29.4,31.3,32.0,35.8,29.0,32.3,35.2,35.0,31.9,25.0,29.1,26.8,23.1,26.6,28.7,26.2,26.1,27.9,27.6,27.4,28.7,23.4,20.8,24.3,23.6,
201804,Prospect Reservoir,33.5,34.0,24.0,25.8,29.5,28.1,30.1,30.8,34.6,26.5,30.8,34.0,34.2,30.5,24.2,29.4,24.0,23.8,26.5,27.0,24.7,25.0,25.8,26.0,25.1,26.5,21.0,20.1,22.2,22.9,
201804,Richmond RAAF,33.7,33.3,25.1,27.3,29.8,29.7,31.0,32.1,35.9,27.2,31.4,35.0,34.3,31.8,25.6,29.7,25.9,22.5,26.1,27.6,25.3,25.8,26.9,26.8,26.0,28.7,22.0,21.3,23.8,22.4,
201804,Springwood (Valley Heights),31.0,33.5,21.4,24.2,27.5,26.2,28.3,28.6,32.9,25.0,29.0,32.7,32.8,28.6,23.0,26.9,23.9,19.3,23.5,25.2,23.0,22.7,23.9,24.5,24.3,25.8,19.0,18.5,20.5,20.2,
201804,Sydney (Observatory Hill Comparison),27.8,31.3,26.2,26.6,28.6,28.3,27.8,27.5,35.6,26.2,28.2,34.2,33.1,30.7,24.3,29.8,22.5,24.4,25.4,25.4,24.5,26.6,26.6,25.5,24.8,23.9,21.0,19.9,22.3,20.5,
201804,Sydney (Observatory Hill),27.1,30.4,26.7,26.5,26.5,26.9,26.6,26.2,35.4,24.0,26.5,34.6,32.6,30.5,24.5,29.9,22.9,22.2,24.2,25.7,23.8,24.7,23.9,25.1,25.2,24.1,21.7,20.3,22.7,20.8,
201804,Sydney Airport AMO,30.6,32.6,24.4,25.4,28.8,25.2,29.2,26.9,36.8,24.5,28.9,35.5,34.9,31.9,25.4,30.8,21.4,22.9,26.9,23.2,22.8,23.1,24.7,23.3,23.2,22.8,20.1,19.3,20.2,19.8,
201804,Sydney Harbour (Wedding Cake West),23.9,26.5,23.4,24.0,23.8,24.5,24.5,24.3,32.1,23.8,23.3,31.7,31.4,30.0,24.0,28.2,21.7,21.5,22.1,22.2,22.0,22.6,23.3,22.3,22.5,21.7,19.5,19.1,19.8,19.1,
201804,Sydney Olympic Park AWS (Archery Centre),33.0,34.4,24.7,25.6,29.8,26.7,30.5,27.8,35.8,25.0,31.4,34.9,33.9,31.5,25.4,30.5,23.2,23.2,27.3,25.2,24.9,24.8,25.8,24.9,25.1,24.7,21.0,20.5,21.5,21.1,
201804,Terrey Hills AWS,29.1,31.9,23.2,23.7,25.9,24.5,27.7,25.9,33.2,23.1,26.7,30.9,31.4,29.0,23.3,27.7,21.2,20.8,25.3,23.6,22.1,22.3,22.8,22.8,23.2,22.2,18.7,18.6,19.5,18.9,
201804,"Values are the maximum temperature, usually in the 24 hoursfrom9 am on the day indicated,and typically occurred in the afternoon of that day.",,,,,,,,,,,,,,,,,,,,,,,,,,,,,,,
201804,Temperatures coloured according to their differencefrom the long-termaveragefor the period,-10.0,-9.0,-8.0,-7.0,-6.0,-5.0,-4.0,-3.0,-2.0,-1.0,0.0,+1.0,+2.0,+3.0,+4.0,+5.0,+6.0,+7.0,+8.0,+9.0,+10.0,°C,Grey outline marks highestand lowest for the period,,,,,,,,
201805,Badgerys Creek AWS,24.7,20.6,27.1,26.1,23.6,23.1,24.7,26.0,25.2,26.1,17.9,18.5,19.2,20.1,22.2,19.6,20.1,21.4,20.7,22.0,21.4,23.7,22.6,20.9,20.5,21.5,21.1,21.0,24.5,17.0,17.8
201805,Bankstown Airport AWS,25.1,23.2,28.0,27.8,23.4,23.8,25.6,26.4,26.3,26.5,18.1,17.6,20.8,21.0,20.8,19.4,20.7,21.8,21.0,22.0,,24.1,22.6,20.7,20.9,22.0,22.2,21.4,24.8,18.7,19.0
201805,Camden Airport AWS,25.2,21.4,27.4,26.1,23.8,23.5,25.2,25.8,25.8,24.8,17.5,17.6,19.9,20.8,21.7,19.2,20.7,22.1,20.9,23.0,21.5,23.6,23.0,21.3,20.1,22.2,21.8,21.3,24.4,18.2,18.2
201805,Campbelltown (Mount Annan),25.4,21.8,27.8,27.2,24.0,23.8,25.2,26.1,26.0,24.8,16.6,16.5,19.8,20.9,21.6,20.0,20.4,22.3,21.5,22.8,21.5,23.5,22.7,21.6,19.7,22.2,21.9,21.7,24.5,18.1,18.3
201805,Canterbury Racecourse AWS,24.8,23.5,27.6,27.1,23.4,23.0,25.1,26.4,25.4,25.7,16.9,17.1,18.4,19.2,20.3,17.9,20.5,20.1,19.7,21.5,,24.0,21.7,19.8,18.7,21.5,21.8,22.0,24.6,18.3,17.5
201805,Cooranbong (Lake Macquarie AWS),23.5,22.6,27.4,28.0,21.6,21.6,23.9,25.1,24.7,26.2,17.0,20.3,19.4,19.8,21.1,18.7,20.7,20.8,20.7,21.5,,24.9,21.3,21.8,19.9,21.2,21.1,21.9,,18.8,
201805,Gosford AWS,22.3,22.7,26.7,27.4,21.5,21.9,23.8,25.5,24.3,25.6,16.7,18.5,18.2,18.5,19.5,17.6,19.4,20.1,19.3,19.8,21.8,23.6,20.5,20.7,19.2,20.1,21.4,21.2,24.5,18.1,
201805,Holsworthy (Defence),25.0,21.7,27.7,26.2,23.1,23.5,25.4,26.1,25.9,25.2,15.9,15.2,17.3,18.6,20.8,16.9,19.9,21.0,20.5,22.0,,22.7,22.5,18.6,18.2,21.6,21.5,20.3,24.4,16.8,16.4
201805,Holsworthy Aerodrome AWS,24.4,21.3,28.3,26.9,23.4,22.9,24.9,25.7,25.7,25.2,16.6,16.5,18.2,19.5,20.8,18.7,20.0,21.9,20.3,22.3,21.6,23.4,22.7,20.0,19.0,21.3,21.4,20.4,24.2,17.4,17.5
201805,Horsley Park Equestrian Centre AWS,24.9,20.9,27.5,26.6,23.2,23.1,25.0,25.9,25.5,25.3,17.0,17.4,19.5,19.9,21.5,19.5,20.3,21.4,20.7,21.9,21.6,24.3,22.3,21.1,19.4,21.6,21.6,20.9,24.5,17.7,17.5
201805,Katoomba (Murri St),19.6,18.4,21.0,,,18.2,20.2,20.4,20.6,16.1,9.3,10.8,10.7,14.2,,18.0,15.4,,16.7,16.1,13.8,17.0,19.1,17.4,,18.3,17.4,15.1,17.4,,
201805,Mangrove Mountain AWS,22.3,21.6,25.9,25.6,20.7,20.7,23.2,24.9,24.2,23.9,14.7,17.7,16.1,17.9,19.7,16.6,19.0,19.6,19.8,20.4,21.2,,20.8,19.7,17.2,20.1,19.9,21.1,,16.6,
201805,Mount Boyce AWS,18.8,17.7,21.0,15.1,17.9,17.1,18.9,19.5,18.5,15.2,7.2,9.7,10.8,12.6,16.4,12.8,13.9,15.2,13.4,13.4,11.5,14.0,17.8,16.9,12.5,17.1,16.9,14.4,16.0,7.7,9.6
201805,Norah Head AWS,22.6,23.1,27.1,27.5,21.2,22.1,23.9,24.9,23.8,25.3,16.8,18.3,18.4,18.7,18.9,17.6,19.7,19.2,20.0,19.6,22.2,23.1,20.4,19.5,20.2,21.1,23.2,23.2,24.5,17.8,16.6
201805,Parramatta North (Masons Drive),24.4,23.1,28.0,27.0,23.6,25.7,25.2,26.0,26.2,25.6,17.0,17.3,18.2,20.0,21.4,19.0,21.0,21.8,21.0,21.8,22.0,24.5,22.5,21.0,20.0,21.7,22.2,22.0,25.0,18.8,
201805,Penrith Lakes AWS,25.6,21.7,29.2,27.5,24.3,24.1,26.1,25.9,25.9,26.1,18.9,20.0,21.0,21.4,22.2,20.4,20.9,21.9,21.4,20.7,22.6,25.4,22.9,22.9,20.4,22.4,21.9,20.4,25.5,17.8,19.2
201805,Prospect Reservoir,24.0,21.2,27.3,26.0,22.3,22.3,24.8,24.8,25.2,25.5,17.2,17.8,19.0,19.5,20.8,17.6,19.8,20.4,20.2,20.5,20.8,22.7,21.4,20.4,19.5,21.0,,,,,
201805,Richmond RAAF,24.5,20.9,29.0,28.2,23.6,23.0,26.1,25.3,26.6,27.3,18.3,21.0,20.2,21.0,21.4,19.9,20.9,22.1,21.6,21.5,23.2,25.5,22.3,22.4,19.9,22.0,22.0,20.1,25.4,18.8,19.1
201805,Springwood (Valley Heights),22.2,20.0,24.8,24.1,22.5,22.0,23.7,24.0,23.0,23.4,16.5,18.0,18.0,18.9,19.1,17.4,18.4,20.0,18.6,19.1,20.5,23.8,20.2,19.4,18.3,20.0,19.5,18.6,23.8,16.5,16.9
201805,Sydney (Observatory Hill Comparison),25.4,23.6,26.1,27.0,23.5,23.7,25.9,26.7,25.8,26.0,16.6,17.0,18.0,19.0,21.9,19.2,20.8,20.9,21.5,21.9,,24.7,23.0,21.7,19.4,21.1,21.3,21.4,25.8,18.9,18.3
201805,Sydney (Observatory Hill),25.1,23.3,25.7,26.8,22.9,22.5,25.7,26.3,25.3,25.9,16.5,16.8,18.0,19.8,20.6,19.2,19.9,21.4,20.1,21.9,22.2,24.6,20.9,19.5,19.3,20.1,20.7,21.1,25.6,17.7,18.2
201805,Sydney Airport AMO,23.9,24.4,27.8,28.6,22.4,22.0,25.9,26.6,26.3,26.9,18.1,17.1,17.6,17.9,18.9,17.6,21.9,19.6,19.8,22.3,22.7,25.0,20.4,19.0,17.9,21.5,22.5,22.0,25.4,17.0,16.5
201805,Sydney Harbour (Wedding Cake West),22.7,21.4,22.4,26.6,21.6,21.5,21.2,23.3,23.5,25.1,16.8,17.2,17.4,17.4,18.6,17.1,18.0,19.2,19.2,19.4,,23.2,19.9,18.6,18.2,18.5,18.7,19.6,22.7,16.4,16.4
201805,Sydney Olympic Park AWS (Archery Centre),24.2,23.0,28.5,27.4,23.6,23.5,25.7,26.2,26.4,25.9,17.2,17.5,18.7,19.4,20.8,18.4,21.4,20.8,20.2,21.4,,24.3,22.9,20.4,19.5,21.2,22.6,21.3,25.3,18.5,17.5
201805,Terrey Hills AWS,22.1,22.7,25.3,26.5,20.5,21.3,23.0,23.7,23.5,24.5,15.7,16.4,16.0,16.9,18.6,17.1,18.4,19.3,17.3,20.1,,22.2,19.8,18.8,17.3,20.0,19.9,19.3,22.3,17.4,15.3
201805,"Values are the maximum temperature, usually in the 24 hoursfrom9 am on the day indicated,and typically occurred in the afternoon of that day.",,,,,,,,,,,,,,,,,,,,,,,,,,,,,,,
201805,Temperatures coloured according to their differencefrom the long-termaveragefor the period,-10.0,-9.0,-8.0,-7.0,-6.0,-5.0,-4.0,-3.0,-2.0,-1.0,0.0,+1.0,+2.0,+3.0,+4.0,+5.0,+6.0,+7.0,+8.0,+9.0,+10.0,°C,Grey outline marks highestand lowest for the period,,,,,,,,
201806,Badgerys Creek AWS,17.6,17.5,19.2,18.7,17.3,19.2,18.7,13.6,14.6,17.4,18.7,16.8,18.6,18.7,19.5,17.8,15.2,18.1,15.4,17.6,17.3,17.8,19.5,17.7,17.3,18.1,16.5,14.8,14.9,18.4,
201806,Bankstown Airport AWS,18.3,17.3,19.6,19.6,16.3,18.1,20.0,16.9,15.5,19.6,21.5,18.6,19.3,19.2,19.9,18.0,15.4,18.0,15.3,19.0,18.0,19.6,19.7,18.6,17.0,18.6,17.5,17.9,15.1,19.3,
201806,Camden Airport AWS,17.8,17.5,19.3,18.3,17.8,19.5,19.7,13.3,15.4,17.5,18.8,16.5,19.9,18.7,19.6,17.9,14.5,18.1,16.5,18.2,18.4,18.4,19.9,18.3,17.5,18.3,17.0,15.2,15.2,19.1,
201806,Campbelltown (Mount Annan),18.2,16.5,19.7,19.1,17.6,19.1,20.1,14.0,15.2,18.3,19.6,16.6,19.0,18.3,19.3,17.6,14.7,17.6,15.4,18.4,18.9,18.5,20.4,18.6,17.4,18.4,17.3,15.4,15.3,18.9,
201806,Canterbury Racecourse AWS,16.3,16.9,18.7,19.1,15.0,17.5,19.8,16.9,15.7,17.2,17.7,18.0,19.3,19.0,19.7,17.9,15.4,17.0,14.9,17.2,17.5,19.0,20.3,16.8,16.9,17.4,17.2,19.0,14.9,19.1,
201806,Cooranbong (Lake Macquarie AWS),17.1,16.7,19.6,19.5,17.0,17.1,20.2,17.7,16.3,14.4,18.5,18.9,19.4,19.0,20.3,18.5,15.1,15.9,14.3,18.3,15.7,19.4,20.5,17.9,18.2,18.5,18.0,20.3,16.2,20.4,
201806,Gosford AWS,15.6,16.0,18.1,18.4,14.8,16.8,19.7,17.4,15.9,16.1,17.5,17.9,18.8,18.6,19.5,17.9,15.1,16.1,13.7,17.4,16.1,17.9,18.2,16.7,16.2,17.0,17.3,19.3,15.4,19.0,
201806,Holsworthy (Defence),16.1,15.4,17.7,17.1,15.5,16.8,19.4,13.9,14.6,16.8,17.0,16.9,18.9,17.7,18.9,17.3,13.9,15.7,13.8,16.5,16.5,18.4,19.8,16.8,16.9,17.4,16.5,16.6,14.4,18.3,
201806,Holsworthy Aerodrome AWS,16.7,16.6,18.7,18.6,15.7,18.1,19.1,15.3,15.1,17.6,17.8,17.3,18.7,18.5,19.0,17.5,14.6,17.4,14.6,17.1,17.0,18.1,19.4,16.9,16.7,17.8,17.4,16.7,14.6,18.7,
201806,Horsley Park Equestrian Centre AWS,16.5,16.5,19.1,18.8,16.7,18.2,19.6,15.7,14.3,17.6,18.9,18.3,18.2,18.6,19.5,17.4,15.1,18.0,15.5,17.5,16.5,18.2,18.9,17.7,16.9,17.8,16.8,15.8,14.6,18.6,
201806,Katoomba (Murri St),,11.4,12.2,,11.1,10.4,,10.7,8.9,9.9,,,,,10.0,9.1,4.6,11.1,,11.0,12.6,,15.3,12.7,,12.4,11.0,8.7,,10.4,
201806,Mangrove Mountain AWS,13.6,14.1,16.5,18.1,13.6,14.5,18.4,14.8,14.6,14.2,16.5,17.2,16.8,17.8,17.6,15.6,13.5,14.1,11.8,15.4,14.7,17.7,18.8,16.0,15.5,16.0,14.3,,14.1,17.4,
201806,Mount Boyce AWS,9.9,9.7,11.4,10.8,8.5,11.3,12.4,10.5,8.2,9.5,11.4,12.5,9.0,9.1,9.1,7.5,3.9,8.4,6.3,10.8,11.8,12.6,12.9,11.4,11.3,11.5,12.2,7.8,5.2,8.6,
201806,Norah Head AWS,15.7,17.9,17.9,17.5,16.7,19.4,22.0,17.6,16.2,16.4,17.6,17.8,18.6,19.1,20.1,18.0,15.2,15.8,16.6,17.7,15.9,17.9,17.9,16.4,16.0,17.1,18.0,22.1,15.8,19.8,
201806,Parramatta North (Masons Drive),17.7,18.0,18.3,19.0,16.3,19.0,19.7,17.0,17.6,19.0,18.8,19.2,19.2,19.0,20.0,18.0,15.2,18.0,14.3,18.0,17.0,19.2,18.2,17.2,17.2,18.3,17.0,19.2,15.0,,
201806,Penrith Lakes AWS,18.4,18.4,20.3,20.1,18.0,19.3,19.7,13.4,14.6,18.9,19.7,17.4,19.6,19.3,20.8,18.2,14.9,18.8,16.1,18.9,18.8,18.4,18.9,18.1,17.2,18.4,18.1,15.2,15.5,19.8,
201806,Richmond RAAF,17.8,17.8,20.4,20.4,17.6,18.8,20.3,16.1,14.6,18.0,19.2,19.5,,19.6,20.7,18.2,15.3,18.8,16.5,18.4,17.4,18.7,18.8,17.5,16.6,18.1,17.4,16.4,16.2,19.9,
201806,Springwood (Valley Heights),15.6,16.2,17.9,18.4,15.0,16.6,17.4,15.0,13.1,16.2,17.9,15.5,18.2,17.3,17.5,16.0,13.2,16.5,14.0,16.0,15.6,16.1,17.2,15.5,14.5,16.4,15.6,13.5,13.2,17.2,
201806,Sydney (Observatory Hill Comparison),16.1,15.8,18.4,18.6,15.0,16.8,20.4,17.0,16.0,16.8,18.4,19.2,19.3,20.0,20.5,17.9,15.8,16.3,14.4,18.1,16.2,19.4,19.4,17.3,18.3,18.5,17.6,20.7,15.2,19.0,
201806,Sydney (Observatory Hill),16.4,16.0,19.4,18.9,15.1,16.8,19.5,17.0,15.5,17.1,18.9,18.2,19.7,19.7,20.1,18.1,15.8,16.4,14.7,18.0,16.1,19.2,20.0,17.4,18.4,18.5,16.7,20.3,15.4,19.5,
201806,Sydney Airport AMO,15.9,16.0,17.0,17.0,14.8,16.7,21.0,19.0,16.4,16.2,17.2,18.9,20.9,20.4,21.2,19.2,16.1,16.1,15.5,17.0,16.4,19.9,20.3,16.1,16.5,16.7,16.9,20.7,16.7,20.4,
201806,Sydney Harbour (Wedding Cake West),15.7,16.1,17.2,17.0,15.8,18.7,18.9,17.6,15.9,16.1,16.7,17.0,18.5,18.6,19.6,17.3,14.8,16.0,16.4,17.6,16.4,18.6,19.4,16.0,16.4,16.6,17.2,18.2,14.6,18.8,
201806,Sydney Olympic Park AWS (Archery Centre),16.7,16.9,19.2,19.3,15.4,17.9,20.2,17.4,16.6,17.7,18.6,18.6,19.6,19.6,20.5,18.1,15.6,17.2,14.9,17.8,16.8,19.1,19.5,17.0,17.7,17.9,16.5,19.3,15.7,19.5,
201806,Terrey Hills AWS,14.1,14.7,17.0,17.1,13.5,16.4,18.4,15.5,14.6,15.4,16.6,16.1,17.9,17.3,18.6,16.2,13.3,14.6,12.5,16.0,14.4,17.4,17.9,15.1,14.5,15.7,15.0,18.5,13.9,17.7,
201806,"Values are the maximum temperature, usually in the 24 hoursfrom9 am on the day indicated,and typically occurred in the afternoon of that day.",,,,,,,,,,,,,,,,,,,,,,,,,,,,,,,
201806,Temperatures coloured according to their differencefrom the long-termaveragefor the period,-10.0,-9.0,-8.0,-7.0,-6.0,-5.0,-4.0,-3.0,-2.0,-1.0,0.0,+1.0,+2.0,+3.0,+4.0,+5.0,+6.0,+7.0,+8.0,+9.0,+10.0,°C,Grey outline marks highestand lowest for the period,,,,,,,,
201807,Badgerys Creek AWS,17.9,15.8,18.4,19.1,24.2,25.1,17.0,17.1,17.3,17.3,16.8,18.0,17.4,16.9,18.0,18.4,22.1,20.9,20.6,19.5,17.5,16.7,18.4,24.1,22.4,20.4,20.8,20.8,25.3,19.5,21.1
201807,Bankstown Airport AWS,17.8,16.9,18.9,19.8,24.7,25.3,17.8,17.6,18.9,17.6,18.1,19.0,17.5,17.2,17.8,18.2,22.2,21.0,20.8,20.2,17.6,17.5,19.6,23.9,22.5,20.4,21.3,22.6,25.3,19.5,21.5
201807,Camden Airport AWS,17.2,16.9,18.4,20.0,24.3,25.3,17.3,16.6,17.6,17.3,17.3,18.6,17.0,17.3,17.0,18.1,22.6,20.7,19.8,18.5,17.5,16.7,18.1,23.9,22.3,21.1,20.9,20.7,25.4,18.3,21.1
201807,Campbelltown (Mount Annan),18.2,17.5,18.4,19.4,23.9,24.9,17.3,16.7,17.2,17.5,17.2,18.2,17.0,18.2,17.2,17.9,22.1,20.4,18.9,17.6,17.7,16.8,18.2,23.4,22.1,20.4,20.8,21.1,24.1,18.7,21.0
201807,Canterbury Racecourse AWS,17.8,17.3,18.7,19.8,24.4,25.3,17.3,17.5,16.4,16.8,17.9,18.7,17.5,16.8,17.8,17.9,22.2,21.1,21.0,19.8,17.9,16.8,19.5,23.7,22.8,20.1,21.0,21.5,25.2,19.4,21.3
201807,Cooranbong (Lake Macquarie AWS),17.7,17.1,17.6,20.4,24.6,25.2,17.9,18.4,17.2,17.6,18.0,19.6,17.6,17.2,18.5,18.0,21.7,22.9,23.4,21.1,17.4,17.2,19.2,24.9,23.3,21.3,20.9,20.8,23.7,19.6,20.7
201807,Gosford AWS,16.5,16.4,17.4,19.7,24.1,25.0,17.3,17.6,16.2,16.2,17.4,19.1,16.8,16.0,18.6,17.6,21.7,20.6,21.5,20.7,16.0,16.5,19.5,23.8,22.3,19.3,19.4,21.4,24.2,19.2,21.1
201807,Holsworthy (Defence),16.6,15.3,18.1,19.1,23.8,24.3,16.8,15.5,15.7,17.7,17.9,18.5,16.8,16.8,16.5,17.2,21.8,19.5,18.8,19.0,17.1,16.5,18.1,22.8,21.8,19.6,20.3,22.8,24.7,18.2,20.2
201807,Holsworthy Aerodrome AWS,17.4,16.8,18.0,19.4,24.0,25.2,17.8,16.6,16.6,17.5,17.3,,17.2,17.0,17.4,17.8,22.1,20.4,19.6,19.1,17.2,16.8,18.6,23.7,21.9,19.9,20.5,21.1,24.8,18.4,20.7
201807,Horsley Park Equestrian Centre AWS,17.2,15.6,18.3,19.2,24.4,24.7,17.4,17.3,18.0,17.4,17.0,18.3,17.0,17.1,17.1,17.9,21.9,20.8,20.5,18.8,17.3,16.4,19.2,23.4,22.3,20.0,20.7,21.2,24.6,19.4,20.8
201807,Katoomba (Murri St),10.7,7.0,10.4,,16.4,15.8,6.9,8.2,,,11.7,,11.1,12.2,11.1,9.8,14.0,13.1,,13.4,11.8,,,,,,14.9,16.2,,,13.3
201807,Mangrove Mountain AWS,15.2,13.5,15.1,18.7,23.0,22.9,15.3,15.9,14.9,15.7,16.3,17.8,15.9,,17.2,16.2,19.7,20.4,20.9,18.6,15.5,16.5,18.2,22.2,21.7,19.2,18.9,21.4,22.4,17.5,19.6
201807,Mount Boyce AWS,10.7,6.7,9.7,15.0,15.6,14.6,5.2,6.3,10.5,11.5,10.5,10.2,6.9,10.4,8.1,7.6,12.1,11.1,12.5,9.0,8.6,11.2,11.9,13.6,13.2,12.1,13.1,15.0,14.5,8.9,10.8
201807,Norah Head AWS,17.0,18.1,17.4,20.3,22.0,24.1,17.4,18.1,16.1,16.1,18.9,20.0,16.2,16.4,18.7,17.3,21.3,21.1,22.0,21.4,16.9,18.9,21.2,24.0,23.0,20.5,20.2,21.8,23.4,18.9,20.7
201807,Parramatta North (Masons Drive),19.2,17.5,18.8,20.0,25.2,24.8,18.2,18.3,17.3,18.0,17.7,19.0,17.2,17.5,17.8,18.0,22.3,21.7,21.8,19.3,18.0,17.0,19.4,23.8,22.7,20.0,20.7,22.0,24.3,19.7,21.0
201807,Penrith Lakes AWS,17.8,16.4,18.3,20.4,25.9,25.5,17.7,19.1,18.1,17.6,18.0,19.3,18.6,17.9,17.8,18.9,22.8,21.9,21.4,20.7,18.4,17.6,19.3,24.3,23.4,21.3,21.4,20.6,25.8,20.6,21.6
201807,Richmond RAAF,17.2,15.7,18.5,20.7,25.5,25.7,17.9,18.9,17.6,17.3,18.1,19.7,18.6,17.5,18.1,18.6,23.2,21.8,22.9,21.2,18.0,17.8,20.2,24.7,24.3,21.4,20.7,21.4,25.6,20.2,21.9
201807,Springwood (Valley Heights),15.4,13.0,15.9,18.5,24.2,23.0,14.6,16.2,15.4,15.0,15.2,17.2,16.1,14.8,16.7,16.2,20.3,19.4,20.8,18.0,18.8,14.6,17.0,22.0,20.8,20.0,18.7,19.8,23.2,18.0,19.5
201807,Sydney (Observatory Hill Comparison),18.5,17.4,19.5,19.7,24.6,24.5,17.0,18.4,17.1,18.6,16.8,19.3,18.3,17.7,17.5,17.4,22.2,21.5,20.1,20.3,18.3,17.9,20.0,23.8,22.7,20.6,20.9,20.7,24.3,19.8,21.2
201807,Sydney (Observatory Hill),19.1,17.4,19.1,18.9,25.2,24.8,17.5,18.2,17.2,18.5,16.2,19.5,18.4,17.5,17.2,17.8,22.3,21.5,20.4,19.4,18.6,16.9,20.5,23.9,22.7,20.6,20.8,20.6,24.5,19.9,21.3
201807,Sydney Airport AMO,16.7,19.0,18.7,20.5,25.9,26.4,19.0,17.7,16.2,16.7,18.3,20.3,18.3,16.3,18.8,19.0,23.5,21.5,21.7,21.3,17.5,17.6,20.5,25.0,23.4,18.8,21.9,22.2,26.3,20.2,21.9
201807,Sydney Harbour (Wedding Cake West),16.4,17.4,19.7,17.9,22.7,24.8,16.6,17.0,15.6,16.6,16.3,19.6,16.7,15.7,16.4,16.7,22.1,21.3,18.0,19.2,16.5,15.5,17.1,23.4,21.1,18.0,20.2,18.6,24.1,18.2,20.5
201807,Sydney Olympic Park AWS (Archery Centre),18.1,18.0,19.1,20.3,24.7,24.9,17.5,18.0,17.5,17.6,18.3,19.3,17.8,17.3,18.3,18.1,22.4,21.6,21.2,19.8,17.8,17.8,19.7,23.8,22.9,20.2,21.0,22.1,24.7,19.5,21.4
201807,Terrey Hills AWS,15.8,16.0,17.4,18.1,22.3,23.3,16.0,16.8,14.4,15.4,16.4,17.2,15.4,14.6,16.5,15.8,20.9,19.8,19.4,19.4,15.6,15.5,17.5,22.5,20.8,18.9,18.8,19.6,23.4,17.5,19.3
201807,"Values are the maximum temperature, usually in the 24 hoursfrom9 am on the day indicated,and typically occurred in the afternoon of that day.",,,,,,,,,,,,,,,,,,,,,,,,,,,,,,,
201807,Temperatures coloured according to their differencefrom the long-termaveragefor the period,-10.0,-9.0,-8.0,-7.0,-6.0,-5.0,-4.0,-3.0,-2.0,-1.0,0.0,+1.0,+2.0,+3.0,+4.0,+5.0,+6.0,+7.0,+8.0,+9.0,+10.0,°C,Grey outline marks highestand lowest for the period,,,,,,,,
201808,Badgerys Creek AWS,21.2,19.0,23.8,18.6,20.8,19.1,17.0,19.4,20.2,24.1,26.5,16.0,19.1,22.5,25.3,21.3,18.9,22.3,16.1,16.4,17.0,18.1,16.9,18.5,17.6,16.7,13.3,15.5,17.7,18.9,17.2
201808,Bankstown Airport AWS,21.1,19.8,23.4,19.8,21.7,18.8,17.4,19.7,20.2,23.5,26.3,16.5,19.9,23.1,25.8,21.3,19.0,23.2,16.4,16.5,17.4,17.9,,20.3,18.7,16.7,15.9,15.5,17.0,18.2,17.7
201808,Camden Airport AWS,20.6,19.1,23.8,18.8,20.6,19.1,17.1,19.3,20.3,23.4,26.7,15.7,18.7,23.8,25.2,20.1,18.6,22.1,15.3,16.6,16.8,17.7,17.2,19.2,17.7,16.8,14.0,16.3,17.8,19.0,17.2
201808,Campbelltown (Mount Annan),20.3,18.9,23.6,18.7,20.4,18.3,16.2,19.4,20.3,23.0,26.3,15.9,18.5,23.7,25.1,20.1,18.9,21.8,15.2,16.7,16.7,18.3,16.6,19.2,18.4,17.0,13.3,16.2,17.9,19.5,17.1
201808,Canterbury Racecourse AWS,20.7,19.0,22.9,19.6,20.6,18.7,17.2,19.2,19.0,22.9,25.5,16.6,19.7,22.2,25.2,21.1,17.7,22.3,16.2,15.1,16.9,16.7,17.0,17.5,18.9,18.0,13.7,14.7,15.8,16.7,17.1
201808,Cooranbong (Lake Macquarie AWS),21.8,18.6,23.3,20.4,21.4,19.3,18.0,20.1,19.2,22.2,24.3,17.7,20.4,21.5,25.1,22.6,19.3,23.1,17.4,16.5,19.0,18.2,17.9,19.2,21.3,17.0,,15.4,17.4,18.1,18.4
201808,Gosford AWS,21.2,18.2,23.1,19.9,21.2,18.4,17.7,19.6,18.4,23.1,24.3,16.8,19.7,20.4,24.7,22.6,18.6,22.5,17.2,14.6,18.1,17.1,16.3,18.4,20.3,16.2,14.0,14.6,15.8,17.1,17.6
201808,Holsworthy (Defence),20.5,19.4,22.8,18.3,20.6,17.9,15.9,19.4,20.2,23.1,26.0,15.6,18.8,23.5,25.5,20.2,18.7,22.1,15.1,16.0,16.3,17.3,16.5,17.0,17.3,17.2,12.6,14.8,16.3,18.4,16.3
201808,Holsworthy Aerodrome AWS,20.2,19.0,23.3,18.8,20.8,18.4,16.2,19.1,19.4,23.0,25.8,15.7,18.8,22.4,25.1,20.1,18.5,22.1,15.2,16.0,16.1,17.6,17.0,17.3,17.7,16.4,13.8,14.8,16.7,17.6,16.9
201808,Horsley Park Equestrian Centre AWS,21.0,19.0,23.1,19.0,21.2,18.2,16.5,19.0,19.7,23.0,25.6,16.2,19.4,22.5,24.8,21.2,18.5,21.8,16.0,16.4,17.0,18.4,17.4,18.1,17.4,16.4,13.4,15.7,17.5,18.9,17.3
201808,Katoomba (Murri St),13.1,,16.0,12.6,16.3,9.3,7.0,10.4,14.7,18.0,17.4,8.2,11.6,19.2,16.2,13.6,11.0,13.4,6.0,10.6,7.3,12.6,8.8,13.0,12.1,9.0,8.9,9.2,12.9,15.9,12.6
201808,Mangrove Mountain AWS,19.7,17.3,21.6,18.7,20.4,16.6,15.7,18.3,19.4,21.6,23.1,15.8,18.8,21.7,23.0,22.3,17.4,20.8,15.3,15.1,16.9,15.9,15.1,17.5,18.7,16.1,13.0,15.3,15.8,17.8,17.3
201808,Mount Boyce AWS,10.7,13.5,16.2,10.9,15.7,8.6,6.4,9.0,12.9,17.3,16.1,6.2,8.8,17.0,14.9,11.5,9.3,11.6,4.7,8.4,5.6,11.2,10.1,13.3,10.5,8.3,10.1,9.3,11.3,14.7,12.0
201808,Norah Head AWS,20.7,19.4,20.1,20.2,22.3,18.6,18.1,20.3,19.1,21.2,23.1,16.4,20.2,22.2,24.2,20.7,18.2,22.2,17.2,13.9,18.9,16.5,18.7,19.2,22.1,16.4,14.6,,15.5,17.5,17.8
201808,Parramatta North (Masons Drive),21.2,18.7,,18.8,21.5,19.2,17.2,19.6,20.3,23.3,25.6,16.8,19.7,23.2,25.5,21.6,19.0,22.7,16.8,17.0,17.3,18.0,17.7,18.0,18.2,16.8,13.5,15.5,17.2,17.8,18.7
201808,Penrith Lakes AWS,22.2,19.5,24.1,19.9,22.4,20.1,17.5,20.6,20.8,25.1,26.4,17.6,21.3,23.6,25.7,23.3,19.7,23.5,17.6,17.5,18.1,19.7,19.1,20.4,17.5,16.2,13.7,16.6,18.8,19.7,19.0
201808,Richmond RAAF,22.3,19.7,24.3,21.2,23.4,20.2,18.0,20.5,20.5,24.6,26.6,17.8,21.3,23.6,26.2,23.6,19.8,23.7,17.2,17.0,18.7,19.6,18.8,20.1,16.5,15.4,14.0,16.3,18.0,19.6,19.4
201808,Springwood (Valley Heights),20.0,17.5,21.9,17.1,19.0,16.9,15.2,17.2,18.2,22.5,24.2,15.3,19.0,20.7,23.0,20.6,17.4,20.4,14.0,16.4,15.6,17.0,15.9,17.2,15.0,14.4,12.3,14.0,15.8,16.9,16.2
201808,Sydney (Observatory Hill Comparison),21.1,18.8,22.9,20.5,20.5,18.6,17.0,19.1,20.0,22.5,25.0,17.4,20.4,21.6,24.8,22.2,19.4,22.2,16.7,15.5,17.8,18.0,19.5,17.2,19.0,16.6,14.5,15.6,17.6,18.1,17.1
201808,Sydney (Observatory Hill),21.8,17.5,23.4,20.3,19.2,19.0,17.1,19.5,19.5,22.1,25.6,17.1,20.3,21.7,25.1,22.6,18.7,22.5,16.4,16.2,17.6,17.8,18.2,16.8,18.5,16.8,14.5,15.8,17.5,18.0,16.7
201808,Sydney Airport AMO,21.4,19.0,23.4,20.7,20.9,19.7,18.2,20.5,18.3,23.1,26.6,17.2,21.0,22.9,26.3,20.8,17.3,23.6,16.6,14.1,18.1,16.2,17.6,17.7,20.0,18.8,13.8,13.9,14.9,16.8,18.0
201808,Sydney Harbour (Wedding Cake West),19.7,17.4,19.5,18.8,17.6,18.8,16.1,18.6,17.9,17.7,24.1,15.0,17.9,19.2,24.9,19.5,16.1,21.4,14.7,13.9,16.0,15.3,15.9,16.7,17.0,15.7,14.0,13.0,14.1,15.3,17.4
201808,Sydney Olympic Park AWS (Archery Centre),21.0,18.2,23.4,20.4,20.4,19.0,17.2,19.6,20.5,23.4,25.5,16.5,19.7,23.4,25.0,21.4,19.2,22.6,17.4,16.6,17.7,17.4,16.9,17.8,18.6,16.9,14.1,15.9,16.8,18.3,17.6
201808,Terrey Hills AWS,19.5,16.5,21.3,18.8,19.9,17.6,15.7,18.3,17.6,21.1,23.5,15.0,18.6,21.0,23.9,20.6,17.2,21.3,15.3,14.6,16.8,16.0,16.9,16.6,17.5,16.0,12.7,13.7,15.0,16.4,16.0
201808,"Values are the maximum temperature, usually in the 24 hoursfrom9 am on the day indicated,and typically occurred in the afternoon of that day.",,,,,,,,,,,,,,,,,,,,,,,,,,,,,,,
201808,Temperatures coloured according to their differencefrom the long-termaveragefor the period,-10.0,-9.0,-8.0,-7.0,-6.0,-5.0,-4.0,-3.0,-2.0,-1.0,0.0,+1.0,+2.0,+3.0,+4.0,+5.0,+6.0,+7.0,+8.0,+9.0,+10.0,°C,Grey outline marks highestand lowest for the period,,,,,,,,
201809,Badgerys Creek AWS,20.3,16.1,13.5,18.4,16.6,20.8,21.8,15.4,22.4,23.1,25.1,30.6,23.5,28.8,32.6,18.6,20.0,27.1,29.1,18.4,22.3,25.1,22.5,16.6,18.9,16.3,22.4,30.8,21.0,20.4,
201809,Bankstown Airport AWS,21.7,18.6,14.6,18.7,17.6,20.6,24.1,16.8,22.9,21.3,24.2,30.9,21.1,27.9,32.3,17.9,19.1,26.7,29.4,20.0,22.0,25.4,21.4,18.4,18.1,16.7,22.6,30.9,21.6,19.5,
201809,Camden Airport AWS,20.3,16.7,14.9,18.2,16.8,20.7,23.1,16.5,22.6,23.5,25.2,30.3,24.3,28.2,32.2,18.0,20.2,27.2,29.0,19.3,22.8,24.7,22.4,17.9,19.6,17.6,22.6,30.8,20.8,20.9,
201809,Campbelltown (Mount Annan),20.2,17.1,14.1,18.1,17.3,20.9,23.4,16.8,22.2,23.2,25.1,30.1,23.7,27.9,32.2,19.3,20.1,26.8,28.8,18.7,22.5,25.1,22.0,17.9,19.7,19.1,22.9,31.2,21.4,20.8,
201809,Canterbury Racecourse AWS,21.2,15.3,15.0,17.9,17.9,20.0,23.7,16.0,22.6,19.6,21.9,30.1,19.6,24.0,31.6,15.9,18.1,24.5,28.6,16.4,21.0,23.2,19.8,15.6,17.7,16.6,21.0,30.0,20.3,17.7,
201809,Cooranbong (Lake Macquarie AWS),21.6,17.3,16.1,17.1,17.9,21.2,20.5,16.7,23.3,20.5,22.4,29.8,20.5,25.5,32.7,17.0,18.9,26.4,29.2,17.6,20.3,24.2,22.2,16.0,17.6,16.6,20.7,30.2,23.9,19.2,
201809,Gosford AWS,21.7,15.2,16.2,17.7,17.9,20.3,22.4,15.5,22.7,19.8,21.6,30.1,19.4,24.0,32.1,16.0,17.5,24.9,28.8,16.4,20.3,22.8,20.1,16.2,17.4,15.0,22.2,27.1,22.4,18.2,
201809,Holsworthy (Defence),20.9,14.4,13.7,16.6,15.9,20.0,23.4,14.9,22.4,22.4,24.5,30.9,20.5,27.9,32.2,16.6,20.4,27.2,29.6,15.8,22.8,24.6,19.6,15.7,17.4,15.4,22.8,31.2,20.5,18.6,
201809,Holsworthy Aerodrome AWS,20.4,15.3,14.0,17.7,17.0,20.0,22.0,15.3,22.5,21.0,23.5,30.4,21.0,27.4,32.1,16.9,18.5,26.0,28.9,17.0,21.0,24.5,20.5,17.2,18.2,16.5,22.1,30.7,20.6,19.6,
201809,Horsley Park Equestrian Centre AWS,21.1,16.4,14.4,18.8,16.7,21.8,22.7,15.2,22.6,22.6,25.0,30.4,22.6,28.3,32.0,18.2,19.6,26.8,29.1,17.5,22.2,25.6,22.5,17.9,18.9,16.6,22.6,30.1,21.3,19.8,
201809,Katoomba (Murri St),11.1,12.0,7.2,10.3,9.1,13.8,14.0,9.7,14.7,19.2,,22.4,19.0,21.4,23.2,13.3,14.6,19.7,19.6,14.4,19.6,18.6,19.8,9.2,13.0,9.6,19.0,,,22.4,
201809,Mangrove Mountain AWS,20.0,14.5,13.1,15.6,15.1,19.6,20.0,12.4,21.0,20.5,22.3,28.4,21.6,27.6,30.7,16.5,17.9,25.4,27.1,15.1,21.1,25.0,21.2,14.6,16.2,12.7,22.1,28.9,21.7,18.6,
201809,Mount Boyce AWS,9.9,13.3,7.3,9.5,10.0,14.9,14.7,9.6,13.0,18.3,20.1,21.2,21.7,20.9,22.7,12.0,14.2,19.1,18.6,13.7,18.2,17.3,20.0,9.0,13.2,9.7,17.1,21.3,12.9,15.4,
201809,Norah Head AWS,22.0,15.2,18.3,17.8,18.3,21.3,20.4,16.1,22.0,20.4,22.1,23.7,21.2,23.9,30.9,15.6,18.8,22.9,28.3,17.4,19.6,23.5,18.7,15.4,17.5,15.4,21.3,25.5,20.4,18.1,
201809,Parramatta North (Masons Drive),22.0,16.8,15.0,18.6,17.3,21.0,24.0,16.7,23.2,21.8,24.0,30.5,21.2,29.0,32.0,17.3,19.0,22.0,29.0,17.2,22.2,25.8,21.3,15.2,18.3,17.2,22.6,30.3,22.0,20.0,
201809,Penrith Lakes AWS,21.7,17.6,15.3,20.1,18.0,21.5,23.8,16.1,24.2,24.5,26.8,32.1,25.1,30.2,33.2,19.5,21.4,28.6,29.7,20.3,23.7,26.7,24.4,16.5,20.6,17.6,24.2,31.6,23.1,21.9,
201809,Richmond RAAF,22.0,17.4,15.9,20.1,17.5,21.5,24.0,15.4,24.2,23.7,26.7,31.4,25.3,30.0,34.0,19.2,21.1,28.0,29.6,19.0,23.5,27.0,24.1,16.2,20.7,17.8,24.4,32.6,23.4,21.5,
201809,Springwood (Valley Heights),19.1,14.7,12.7,16.7,15.0,18.0,22.0,15.8,21.2,21.7,24.2,29.2,22.1,28.1,30.5,17.1,18.0,26.1,27.0,17.0,21.0,25.9,20.7,13.6,17.3,15.3,21.0,29.2,20.9,19.0,
201809,Sydney (Observatory Hill),21.5,16.6,17.0,18.9,17.6,19.6,23.4,15.4,23.2,20.9,22.5,25.8,21.3,23.0,31.8,17.6,18.2,21.7,28.6,18.3,19.4,21.2,21.2,17.7,17.6,16.7,20.1,28.4,21.6,19.9,
201809,Sydney Airport AMO,22.4,14.8,15.3,18.3,17.8,20.9,24.2,15.5,24.1,19.4,23.0,26.9,20.2,25.1,33.3,16.0,18.8,24.1,29.9,16.4,20.6,23.8,19.4,16.7,18.1,17.1,21.1,31.3,20.6,18.6,
201809,Sydney Harbour (Wedding Cake West),20.0,14.2,15.5,17.1,17.4,18.9,20.6,15.0,21.8,17.5,17.7,20.2,17.6,19.1,31.3,14.9,16.6,20.3,28.2,16.0,17.3,18.6,17.8,14.9,16.6,16.5,17.5,24.2,18.5,16.9,
201809,Sydney Olympic Park AWS (Archery Centre),21.9,15.8,15.1,18.7,17.3,20.9,24.3,15.6,23.4,21.5,23.6,30.8,20.3,26.3,32.0,17.3,18.8,27.1,29.2,16.8,21.3,24.1,21.0,16.6,18.3,16.7,22.2,31.0,21.3,18.8,
201809,Terrey Hills AWS,20.5,14.1,14.7,16.4,15.8,18.8,21.5,13.9,21.5,18.7,20.3,29.1,19.6,23.3,31.0,15.2,17.4,24.3,28.0,14.9,19.7,22.4,19.6,14.2,16.8,14.5,19.7,28.9,19.6,17.3,
201809,"Values are the maximum temperature, usually in the 24 hoursfrom9 am on the day indicated,and typically occurred in the afternoon of that day.",,,,,,,,,,,,,,,,,,,,,,,,,,,,,,,
201809,Temperatures coloured according to their differencefrom the long-termaveragefor the period,-10.0,-9.0,-8.0,-7.0,-6.0,-5.0,-4.0,-3.0,-2.0,-1.0,0.0,+1.0,+2.0,+3.0,+4.0,+5.0,+6.0,+7.0,+8.0,+9.0,+10.0,°C,Grey outline marks highestand lowest for the period,,,,,,,,
201810,Badgerys Creek AWS,23.4,26.8,26.3,16.6,16.2,19.1,18.7,21.2,26.7,16.7,18.1,17.4,20.6,20.5,21.4,24.7,23.1,25.5,29.4,30.8,19.9,25.5,31.2,19.6,24.0,23.6,27.7,20.5,21.6,30.5,31.6
201810,Bankstown Airport AWS,22.3,25.1,26.9,17.2,17.4,19.9,18.7,23.1,26.5,17.4,17.9,17.8,21.2,21.7,22.7,27.5,24.8,26.7,30.1,30.5,20.1,24.5,29.7,21.4,23.4,22.7,26.4,20.6,22.0,28.5,28.6
201810,Camden Airport AWS,24.0,26.7,25.7,16.7,16.9,19.8,19.1,23.2,27.6,16.6,18.7,18.0,22.3,21.8,22.3,25.3,23.0,26.8,30.2,29.6,20.6,25.9,31.5,19.8,24.8,24.2,28.1,21.5,21.5,30.6,32.6
201810,Campbelltown (Mount Annan),24.0,27.2,25.6,16.2,16.4,19.5,18.7,22.9,27.0,16.4,18.6,18.8,23.2,20.9,22.8,25.0,23.5,26.7,30.0,30.2,20.4,25.7,30.9,19.9,24.6,23.5,28.1,20.6,20.9,30.5,32.5
201810,Canterbury Racecourse AWS,21.0,22.9,26.4,16.8,15.9,18.4,18.3,20.6,24.4,16.9,17.0,17.1,20.6,21.4,22.3,23.2,24.5,25.0,28.5,29.6,19.8,22.7,27.3,19.1,22.5,20.9,24.2,18.8,21.2,25.4,25.4
201810,Cooranbong (Lake Macquarie AWS),20.0,22.3,28.1,18.2,16.7,19.3,19.1,22.4,24.6,18.4,18.1,17.2,20.1,21.7,21.7,24.0,25.7,26.8,27.6,31.9,19.9,22.7,26.4,20.9,22.5,23.7,24.8,19.2,21.4,26.1,26.9
201810,Gosford AWS,21.0,22.6,27.4,16.8,16.7,18.5,18.7,20.9,23.4,17.2,17.4,17.4,19.8,21.2,22.3,23.0,24.9,25.1,26.4,27.9,18.8,22.1,26.6,18.8,21.7,21.7,24.6,18.4,21.7,25.1,26.0
201810,Holsworthy (Defence),23.3,25.4,25.8,15.3,15.3,18.0,17.0,21.2,27.1,15.9,16.6,17.0,21.1,21.4,21.6,24.3,23.8,27.2,30.9,31.1,19.3,24.9,30.5,18.6,23.8,20.6,28.2,19.0,19.8,30.0,31.0
201810,Holsworthy Aerodrome AWS,22.9,24.8,26.1,16.6,15.7,19.0,17.8,21.5,26.1,16.7,17.2,17.3,20.5,21.0,21.8,23.8,24.1,25.8,29.9,30.2,19.9,24.3,29.2,20.3,22.7,22.1,26.4,19.7,20.8,28.5,28.8
201810,Horsley Park Equestrian Centre AWS,23.2,26.3,27.1,16.7,16.2,19.1,18.9,21.8,26.3,17.0,18.1,18.4,21.2,21.2,21.9,24.8,23.2,26.2,29.6,30.6,20.3,25.1,30.8,20.0,23.8,22.7,27.4,19.9,21.4,30.1,30.3
201810,Katoomba (Murri St),18.6,22.0,17.6,11.6,8.7,13.8,10.4,,20.9,10.2,9.2,8.6,15.0,,13.0,,17.9,20.8,24.1,23.4,13.1,21.8,,13.9,,22.7,24.1,16.8,,26.2,
201810,Mangrove Mountain AWS,21.1,23.8,26.6,15.3,13.6,16.4,16.7,19.4,25.4,14.6,14.3,15.7,18.0,19.1,20.2,22.5,24.9,26.1,28.5,30.3,17.3,22.0,30.2,17.4,21.6,22.3,26.2,16.5,20.4,29.1,29.8
201810,Mount Boyce AWS,19.0,22.3,15.9,11.6,7.9,13.1,10.0,19.2,20.1,9.9,9.2,9.0,15.2,13.5,14.8,18.5,16.7,20.5,23.7,22.9,15.4,23.2,25.2,15.6,23.0,22.1,23.2,17.6,18.6,25.3,27.1
201810,Norah Head AWS,23.3,23.4,24.2,17.2,17.1,18.1,17.3,20.2,23.5,17.9,20.1,19.2,21.7,22.2,23.9,24.4,21.8,24.3,24.3,24.1,17.8,23.3,24.6,19.3,22.5,21.5,24.7,18.2,23.3,25.1,24.7
201810,Parramatta North (Masons Drive),22.5,25.7,27.0,17.0,16.0,20.0,18.2,22.5,26.8,17.0,18.0,16.5,20.2,21.5,22.0,24.0,25.3,26.0,29.5,31.5,21.2,24.5,30.8,20.2,23.0,22.2,26.0,20.0,21.0,29.5,29.3
201810,Penrith Lakes AWS,24.7,28.3,26.7,16.8,17.2,20.2,20.5,25.4,28.1,17.1,17.6,17.4,21.6,21.0,22.1,25.9,24.5,26.0,30.9,31.4,20.6,27.2,33.5,20.8,25.6,25.7,29.5,22.5,22.8,32.1,33.5
201810,Richmond RAAF,24.8,28.6,28.2,17.2,16.9,20.0,19.8,23.8,27.6,17.0,17.1,17.4,21.7,21.1,23.9,25.7,25.0,27.6,30.9,32.2,20.7,27.1,33.5,20.4,25.5,25.1,29.6,20.8,22.1,31.9,32.5
201810,Springwood (Valley Heights),21.6,25.5,24.8,15.2,14.5,18.0,18.0,22.0,25.0,15.0,14.8,13.5,18.0,16.5,19.2,22.9,21.2,23.2,28.0,30.0,17.9,24.6,32.0,18.0,22.7,23.3,26.4,19.7,20.2,30.9,30.8
201810,Sydney (Observatory Hill),20.4,21.5,23.7,16.5,15.6,19.6,17.6,21.1,23.2,17.3,19.3,18.6,20.2,21.1,21.6,22.5,23.8,23.9,25.6,25.8,21.3,22.3,23.9,20.4,22.1,22.9,23.4,20.1,20.9,24.5,26.9
201810,Sydney Airport AMO,22.1,23.4,27.2,16.9,16.0,17.8,17.1,19.5,25.6,17.4,17.7,19.1,21.3,21.7,22.6,24.7,25.1,25.5,28.7,29.4,18.9,23.8,27.9,18.6,23.2,21.3,25.4,18.8,21.9,26.7,25.1
201810,Sydney Harbour (Wedding Cake West),18.2,18.8,19.6,17.0,16.9,17.7,17.1,18.7,19.6,17.4,16.4,17.2,19.4,19.3,20.1,20.2,19.9,20.2,21.4,21.5,19.5,21.0,20.4,18.0,20.3,19.7,20.4,17.6,19.1,20.8,23.3
201810,Sydney Olympic Park AWS (Archery Centre),22.6,24.5,27.2,16.9,16.0,19.1,18.5,21.8,26.3,17.1,17.6,16.1,20.7,21.5,22.0,24.4,25.1,25.8,28.6,31.5,20.0,23.3,29.4,19.2,23.2,21.9,25.5,19.0,22.0,27.9,27.9
201810,Terrey Hills AWS,20.0,22.1,25.8,15.2,14.4,16.9,16.0,19.4,23.3,15.4,15.9,16.0,17.9,19.4,20.9,22.1,22.9,24.4,26.3,29.4,17.9,22.2,26.0,17.9,20.6,20.5,23.2,17.4,20.3,23.5,25.3
201810,"Values are the maximum temperature, usually in the 24 hoursfrom9 am on the day indicated,and typically occurred in the afternoon of that day.",,,,,,,,,,,,,,,,,,,,,,,,,,,,,,,
201810,Temperatures coloured according to their differencefrom the long-termaveragefor the period,-10.0,-9.0,-8.0,-7.0,-6.0,-5.0,-4.0,-3.0,-2.0,-1.0,0.0,+1.0,+2.0,+3.0,+4.0,+5.0,+6.0,+7.0,+8.0,+9.0,+10.0,°C,Grey outline marks highestand lowest for the period,,,,,,,,
201811,Badgerys Creek AWS,33.6,,33.9,28.9,28.6,32.3,24.4,20.5,23.7,24.9,26.6,26.4,29.7,23.0,26.3,20.5,23.3,23.1,24.3,30.3,27.9,24.3,24.2,26.1,27.1,26.4,27.4,18.6,24.4,26.7,
201811,Bankstown Airport AWS,31.6,37.4,34.4,26.9,28.7,33.8,24.4,22.6,22.5,24.2,25.4,25.8,27.0,23.4,26.7,21.4,23.7,22.8,24.1,27.3,28.5,25.3,24.3,26.3,26.1,25.2,28.2,19.9,23.1,29.6,
201811,Camden Airport AWS,33.2,37.6,33.5,29.2,,33.3,25.0,21.3,23.9,25.5,27.3,27.4,30.0,23.6,26.1,21.1,23.8,22.8,24.8,29.9,28.5,25.0,23.8,25.8,28.6,26.4,28.3,18.7,25.7,27.3,
201811,Campbelltown (Mount Annan),33.2,37.2,33.5,28.8,29.1,32.9,24.7,20.2,23.7,24.7,27.0,27.1,29.1,23.6,25.8,20.7,23.9,23.5,25.2,29.6,28.2,24.2,23.0,25.2,27.4,25.5,28.5,18.7,24.3,26.6,
201811,Canterbury Racecourse AWS,30.1,36.9,33.4,24.7,28.0,32.2,22.9,18.6,21.7,22.0,24.0,24.4,25.4,22.5,23.1,21.0,21.9,22.2,23.4,25.5,28.2,24.8,23.9,25.5,23.0,23.1,25.3,19.7,22.3,24.2,
201811,Cooranbong (Lake Macquarie AWS),30.3,35.6,36.2,24.4,28.5,32.5,25.4,20.3,21.6,23.8,23.9,24.2,26.3,25.4,25.5,21.2,23.6,22.5,23.6,26.8,29.4,26.9,24.3,27.1,27.3,24.5,24.3,21.2,22.0,25.0,
201811,Gosford AWS,30.0,36.3,34.7,24.2,27.7,29.4,25.3,19.0,21.1,22.8,22.9,23.3,25.2,22.6,23.6,20.4,22.3,22.3,22.3,25.0,27.9,25.5,23.3,26.2,25.0,22.5,23.7,19.7,21.0,23.6,
201811,Holsworthy (Defence),32.1,38.8,34.0,27.6,29.6,34.0,22.6,17.9,23.3,22.4,26.1,26.0,27.9,22.6,22.1,19.5,21.5,20.7,23.4,28.3,28.2,24.7,23.3,24.8,24.6,23.1,26.9,18.2,21.6,25.9,
201811,Holsworthy Aerodrome AWS,31.4,37.9,33.8,26.5,28.6,32.8,23.8,19.3,22.6,23.5,24.6,24.9,26.9,22.4,23.6,21.0,22.6,22.4,23.1,27.2,28.1,24.6,23.6,25.3,24.9,24.3,25.7,19.6,22.4,24.7,
201811,Horsley Park Equestrian Centre AWS,32.5,36.9,33.5,27.8,28.9,33.7,23.5,20.8,23.6,24.1,25.7,26.1,29.0,22.1,25.4,20.1,23.4,23.4,24.3,29.1,27.9,24.5,23.9,25.7,27.3,25.8,27.6,18.6,23.3,26.0,
201811,Katoomba (Murri St),28.8,29.3,25.4,25.6,23.7,26.0,20.2,,16.7,19.2,,22.4,,,24.6,15.8,15.8,15.3,18.9,23.7,19.8,,,15.7,20.2,20.6,21.7,12.2,20.1,23.9,
201811,Mangrove Mountain AWS,32.9,34.8,34.3,25.4,30.9,31.3,24.4,19.0,20.4,23.0,24.6,24.2,26.9,23.5,24.9,18.9,22.0,20.9,22.8,26.9,25.3,23.4,21.7,25.2,24.8,22.9,25.4,18.6,20.6,24.4,
201811,Mount Boyce AWS,28.2,28.9,24.0,24.7,24.1,26.2,19.8,16.6,18.1,20.3,23.7,23.8,25.8,18.2,23.2,17.6,16.7,16.9,20.6,24.4,19.2,14.4,12.3,15.5,19.1,21.0,21.8,12.1,19.0,21.5,
201811,Norah Head AWS,29.4,35.0,35.4,26.4,24.6,25.7,23.6,19.2,24.0,22.0,22.8,23.4,26.4,22.2,22.6,20.1,21.4,22.9,22.4,26.1,26.8,25.9,23.5,25.4,24.0,21.7,23.2,19.7,20.9,23.9,
201811,Parramatta North (Masons Drive),31.8,37.0,34.5,26.3,28.7,33.0,23.7,20.0,22.5,23.2,24.8,25.0,27.2,22.8,24.5,21.0,23.0,22.8,23.4,27.8,,25.0,23.5,26.0,25.2,25.0,25.0,19.2,23.3,26.0,
201811,Penrith Lakes AWS,35.6,38.0,34.8,30.5,29.9,34.5,25.6,22.7,25.5,26.4,29.0,28.6,31.0,23.4,28.1,21.1,23.6,23.8,26.1,31.2,28.9,25.7,24.4,26.9,29.1,28.0,29.2,20.2,25.4,28.2,
201811,Richmond RAAF,35.5,37.4,35.0,30.1,30.5,32.9,25.3,22.6,24.8,25.6,28.1,27.7,30.6,22.9,27.9,21.6,23.9,23.9,25.6,30.5,28.7,25.4,23.9,26.3,30.0,26.4,28.4,19.1,24.3,27.4,
201811,Springwood (Valley Heights),34.5,36.0,32.5,27.8,28.0,32.9,24.4,20.0,22.0,23.8,26.1,21.0,28.2,22.5,25.5,18.1,20.6,20.2,23.3,28.1,26.5,22.5,21.3,23.8,26.7,24.3,21.5,18.0,22.5,24.7,
201811,Sydney (Observatory Hill),29.9,37.1,33.9,24.3,25.6,29.8,24.0,20.9,21.1,24.1,23.0,23.7,24.7,22.4,24.5,21.6,23.3,23.4,23.3,24.9,27.3,24.6,23.4,23.2,24.9,24.4,24.1,19.5,23.3,24.5,
201811,Sydney Airport AMO,31.0,38.9,33.4,26.4,27.0,32.2,22.1,19.3,23.5,22.9,24.2,24.5,26.8,24.3,21.9,21.0,22.2,23.2,23.4,27.0,30.1,26.3,25.0,23.8,24.4,22.2,25.8,20.7,21.2,24.4,
201811,Sydney Harbour (Wedding Cake West),30.2,35.6,31.0,21.3,26.1,27.8,21.8,17.5,19.6,19.9,20.9,21.2,21.1,21.6,20.7,19.7,20.3,20.7,20.7,23.8,28.0,24.0,22.5,21.2,21.1,20.5,20.6,19.7,20.3,21.1,
201811,Sydney Olympic Park AWS (Archery Centre),30.5,37.0,34.5,26.1,28.3,31.9,23.7,19.7,22.2,23.1,24.4,24.6,26.6,23.5,24.1,21.6,22.9,22.9,23.6,26.8,28.1,25.2,24.2,26.6,25.8,24.2,26.7,19.7,22.3,25.6,
201811,Terrey Hills AWS,28.9,35.2,32.3,23.3,26.9,30.7,23.0,17.9,20.0,21.8,22.3,22.5,23.9,21.6,22.7,19.2,21.3,20.8,20.8,24.0,25.6,24.0,21.8,23.6,23.2,22.6,23.0,17.5,20.5,22.2,
201811,"Values are the maximum temperature, usually in the 24 hoursfrom9 am on the day indicated,and typically occurred in the afternoon of that day.",,,,,,,,,,,,,,,,,,,,,,,,,,,,,,,
201811,Temperatures coloured according to their differencefrom the long-termaveragefor the period,-10.0,-9.0,-8.0,-7.0,-6.0,-5.0,-4.0,-3.0,-2.0,-1.0,0.0,+1.0,+2.0,+3.0,+4.0,+5.0,+6.0,+7.0,+8.0,+9.0,+10.0,°C,Grey outline marks highestand lowest for the period,,,,,,,,
201812,Badgerys Creek AWS,31.6,33.6,30.9,25.7,20.5,27.1,29.1,32.2,32.8,27.6,24.5,23.4,30.7,,,,,,,,,,,,,,,,,,
201812,Bankstown Airport AWS,29.7,34.6,32.0,24.7,22.0,26.5,28.2,30.1,31.0,28.7,25.3,25.8,29.1,25.2,30.0,32.2,32.0,27.9,24.6,32.5,23.9,23.6,25.2,27.1,33.1,33.5,36.7,37.9,38.9,36.6,35.1
201812,Camden Airport AWS,31.9,33.6,30.8,25.7,20.6,27.1,29.1,32.7,33.0,27.6,24.5,23.9,29.5,24.6,31.7,34.8,32.6,28.0,24.0,33.5,22.0,22.5,24.7,28.4,34.0,35.0,37.7,39.6,39.2,37.4,36.0
201812,Campbelltown (Mount Annan),31.4,33.7,30.3,25.5,20.8,26.9,29.0,32.0,32.5,27.9,24.3,23.9,29.3,24.0,30.6,33.3,31.8,27.8,24.3,33.7,21.9,22.1,24.2,28.2,33.5,34.3,37.4,39.2,39.0,37.4,36.3
201812,Canterbury Racecourse AWS,26.2,33.8,31.1,23.8,21.6,25.4,25.8,27.3,27.5,27.1,23.0,24.4,28.6,25.7,28.5,30.3,29.9,26.3,23.7,29.7,23.3,21.5,22.6,25.4,29.7,30.5,32.4,34.0,34.6,36.1,34.4
201812,Cooranbong (Lake Macquarie AWS),25.8,36.6,31.3,25.6,22.8,24.8,25.9,27.8,28.0,30.0,22.7,22.9,28.3,28.1,30.0,31.2,31.2,28.6,25.0,35.6,23.9,23.8,23.8,25.0,28.0,30.2,30.0,35.9,37.3,34.1,30.8
201812,Gosford AWS,25.6,35.0,29.1,24.5,22.9,24.8,25.3,26.8,27.1,26.7,22.2,24.0,27.1,25.8,28.9,30.5,30.6,26.9,23.7,31.3,23.9,22.6,22.6,24.8,28.6,29.0,30.8,33.5,35.9,33.1,30.5
201812,Holsworthy (Defence),31.9,35.3,31.7,23.7,19.6,26.1,28.2,31.2,31.3,26.8,23.3,21.2,27.9,24.9,29.9,32.9,31.9,25.5,24.3,33.8,22.1,21.2,23.1,28.4,34.5,34.4,39.0,40.9,40.8,37.5,35.8
201812,Holsworthy Aerodrome AWS,29.9,34.2,31.2,24.7,20.7,25.9,27.2,29.9,30.7,28.1,24.0,22.9,28.8,24.5,29.6,31.9,30.9,27.1,24.7,32.9,23.0,21.7,24.0,27.5,32.8,33.3,37.0,38.3,38.7,36.8,34.6
201812,Horsley Park Equestrian Centre AWS,31.2,34.0,30.8,24.7,21.1,26.7,28.8,31.7,31.9,27.4,23.8,23.8,30.5,23.7,31.3,33.2,31.4,28.0,23.5,32.9,22.9,21.9,23.9,27.0,33.4,33.4,36.9,38.4,38.3,36.8,35.0
201812,Katoomba (Murri St),26.9,24.4,22.6,22.7,14.3,20.4,23.7,28.6,,30.2,16.0,16.8,24.2,,25.0,28.1,28.4,,,,,,,,,,,,,,
201812,Mangrove Mountain AWS,28.3,33.6,30.1,24.4,20.9,24.5,26.5,29.8,31.0,29.1,20.5,21.2,27.4,25.8,30.9,30.7,30.7,26.6,23.5,32.9,,,22.4,25.4,32.3,32.7,35.4,37.4,38.2,38.0,35.1
201812,Mount Boyce AWS,26.1,23.2,21.6,23.8,15.6,21.4,24.4,28.9,30.2,23.6,15.9,18.8,25.7,20.5,25.0,27.5,28.4,25.6,22.7,30.8,20.8,18.7,19.3,24.5,29.0,29.9,33.2,33.8,33.8,31.7,30.5
201812,Norah Head AWS,26.0,35.4,26.6,24.8,24.1,26.5,26.7,27.1,26.9,25.6,22.2,25.1,26.0,24.2,27.5,25.6,26.2,24.3,24.1,27.6,23.8,21.6,22.3,25.2,27.4,27.5,27.5,27.0,27.6,27.2,27.0
201812,Parramatta North (Masons Drive),29.8,33.6,31.3,,21.3,25.8,30.2,30.5,30.7,27.8,24.0,25.0,29.2,24.6,31.0,31.8,31.0,27.8,27.0,32.5,24.0,22.8,23.3,27.0,33.0,33.3,36.6,36.7,38.3,37.4,34.1
201812,Penrith Lakes AWS,33.6,34.7,31.4,27.6,20.8,28.3,30.4,34.4,35.2,28.1,24.2,24.2,30.9,24.4,33.0,36.5,34.5,29.3,25.4,35.0,23.3,23.6,25.7,29.7,35.5,36.7,39.6,41.4,40.9,40.5,37.3
201812,Richmond RAAF,33.0,34.3,31.2,27.3,21.4,27.7,29.9,33.7,34.5,28.4,24.7,23.4,32.0,24.5,33.1,35.5,33.7,29.1,26.3,34.7,23.5,23.2,24.9,29.1,34.6,35.6,38.2,39.6,39.0,39.0,36.1
201812,Springwood (Valley Heights),31.3,32.0,29.8,25.1,19.0,25.2,27.3,31.5,32.0,25.7,22.0,21.5,26.4,22.3,29.0,35.5,32.0,26.4,22.9,32.0,21.3,20.9,22.7,26.7,32.6,34.5,35.6,38.5,38.0,36.9,34.5
201812,Sydney (Observatory Hill),25.8,34.0,30.0,23.6,22.1,25.2,25.5,26.8,26.0,26.1,23.7,24.7,26.7,26.6,27.7,29.2,30.4,27.9,24.8,27.6,23.8,22.4,24.5,24.8,26.5,26.9,27.8,30.7,30.3,29.4,30.5
201812,Sydney Airport AMO,27.3,35.9,32.9,23.6,22.3,26.9,27.5,28.2,28.2,28.1,22.4,25.3,28.7,26.1,29.6,30.3,30.6,25.0,24.6,31.6,23.3,21.1,23.4,26.8,30.1,31.8,32.4,33.9,33.6,34.5,32.9
201812,Sydney Harbour (Wedding Cake West),22.7,33.5,26.6,21.3,20.8,21.8,22.2,22.0,22.4,22.9,21.8,22.9,23.1,24.8,23.6,25.1,26.8,24.0,23.4,24.5,22.1,20.2,21.1,21.8,22.8,22.8,22.9,23.5,24.3,25.8,
201812,Sydney Olympic Park AWS (Archery Centre),28.3,34.1,31.6,23.8,22.4,25.8,27.1,28.9,29.4,27.7,23.4,24.3,29.8,25.5,29.4,31.8,31.0,27.3,24.4,31.1,23.2,21.8,23.4,26.7,31.5,32.4,33.8,35.3,35.9,36.4,33.8
201812,Terrey Hills AWS,24.2,33.2,29.8,21.9,20.8,23.4,23.8,25.4,26.4,25.2,23.1,22.3,26.4,24.6,27.8,28.2,28.6,25.7,23.1,28.3,21.3,20.4,21.7,23.9,28.0,29.3,31.3,32.6,32.4,32.6,30.4
201812,"Values are the maximum temperature, usually in the 24 hoursfrom9 am on the day indicated,and typically occurred in the afternoon of that day.",,,,,,,,,,,,,,,,,,,,,,,,,,,,,,,
201812,Temperatures coloured according to their differencefrom the long-termaveragefor the period,-10.0,-9.0,-8.0,-7.0,-6.0,-5.0,-4.0,-3.0,-2.0,-1.0,0.0,+1.0,+2.0,+3.0,+4.0,+5.0,+6.0,+7.0,+8.0,+9.0,+10.0,°C,Grey outline marks highestand lowest for the period,,,,,,,,
201901,Badgerys Creek AWS,,,,,,,,,,,,,,,37.9,38.0,39.7,39.8,29.5,28.6,26.9,35.4,35.1,30.1,36.7,39.7,38.7,31.5,35.9,33.6,40.4
201901,Bankstown Airport AWS,35.1,32.4,29.4,33.3,39.3,23.4,26.2,31.8,31.5,24.6,30.4,35.5,28.1,31.1,33.8,34.3,37.4,38.5,28.1,26.6,27.1,35.4,34.7,28.8,35.6,36.7,37.3,29.5,33.4,32.9,40.0
201901,Camden Airport AWS,34.7,33.7,31.7,36.1,40.6,21.4,24.3,32.7,33.0,23.5,28.9,36.0,28.0,32.5,37.6,38.9,40.0,39.8,29.7,27.9,25.9,35.6,34.6,30.5,37.1,40.9,39.1,30.5,35.3,32.9,39.4
201901,Campbelltown (Mount Annan),35.0,33.9,31.9,35.3,40.1,21.4,25.3,32.3,32.0,23.7,28.9,35.5,28.2,31.9,36.8,38.0,39.4,39.3,29.2,27.8,25.6,35.2,33.9,30.2,37.2,39.8,38.2,30.7,34.4,32.8,39.3
201901,Canterbury Racecourse AWS,33.2,28.9,27.8,33.0,38.5,21.6,25.5,29.1,30.2,23.1,28.1,33.2,26.8,29.0,30.4,32.1,33.5,35.3,27.0,25.5,26.8,32.2,29.6,27.3,33.2,33.7,35.7,28.1,31.0,31.6,38.9
201901,Cooranbong (Lake Macquarie AWS),32.5,30.6,28.7,33.5,40.0,21.5,25.1,29.4,34.0,25.3,28.4,30.4,27.4,28.5,31.3,33.6,32.1,32.8,31.9,25.4,27.4,30.8,33.9,28.8,32.1,40.3,32.9,28.4,31.6,32.6,37.3
201901,Gosford AWS,33.8,30.0,28.4,33.6,40.8,21.1,24.4,28.7,33.0,23.3,27.6,32.1,26.0,28.4,31.5,32.7,32.3,32.2,28.3,24.9,28.0,31.1,31.6,25.9,33.3,36.9,33.5,27.1,31.0,31.3,38.0
201901,Holsworthy (Defence),34.8,34.3,31.1,34.4,40.0,20.7,25.8,32.3,30.9,22.8,29.9,36.7,26.9,32.1,36.3,38.0,39.3,40.2,26.3,26.7,24.8,36.0,33.2,28.3,37.3,38.0,37.7,28.9,34.0,33.1,40.3
201901,Holsworthy Aerodrome AWS,33.9,31.5,29.2,33.4,39.2,21.6,25.6,31.9,30.6,23.7,29.0,34.9,28.2,31.4,34.6,35.1,37.5,39.4,27.9,26.5,26.0,34.2,32.1,29.0,36.1,37.2,37.6,30.2,32.8,32.2,40.2
201901,Horsley Park Equestrian Centre AWS,33.6,32.2,30.3,34.7,38.8,20.6,24.7,32.0,31.6,24.6,28.9,35.9,27.8,32.3,36.6,37.0,39.6,39.6,29.6,26.6,27.5,35.4,33.8,29.4,36.8,39.1,38.0,29.9,34.7,34.8,39.5
201901,Mangrove Mountain AWS,34.4,33.9,30.9,34.1,39.2,18.2,22.9,29.8,32.2,22.8,28.3,33.8,26.1,30.0,35.4,36.5,37.2,38.4,28.7,22.5,27.8,33.5,32.3,25.2,34.3,39.7,38.5,26.0,33.6,33.7,36.4
201901,Mount Boyce AWS,30.8,31.8,28.8,32.2,32.3,15.5,18.3,25.4,28.4,20.6,26.0,30.7,24.6,31.4,34.5,35.7,36.1,35.5,27.7,26.2,23.6,30.5,30.6,25.9,33.2,35.6,32.4,24.7,31.8,26.5,30.3
201901,Norah Head AWS,27.6,27.1,26.9,27.4,39.5,20.2,23.7,27.0,31.8,22.8,27.1,27.8,24.7,28.3,28.7,28.4,28.8,28.2,26.0,25.4,26.8,28.7,31.0,24.8,28.9,28.7,28.9,27.0,29.0,28.7,34.5
201901,Parramatta North (Masons Drive),34.3,31.5,29.2,34.5,37.8,21.7,25.8,31.7,31.0,23.8,29.5,35.5,27.7,30.6,35.8,34.8,36.2,38.4,28.5,25.4,26.8,34.0,32.5,28.5,36.5,36.8,38.5,29.0,34.0,33.7,39.2
201901,Penrith Lakes AWS,37.4,36.9,33.2,38.8,42.4,,23.9,32.9,34.1,24.1,28.9,37.2,28.7,34.2,39.7,40.0,42.4,42.1,,,29.0,36.3,35.3,,,,,,,,
201901,Richmond RAAF,35.7,36.6,32.5,37.6,40.3,21.1,22.7,32.1,33.5,24.5,28.7,36.0,29.1,33.8,39.7,39.0,41.4,41.1,29.3,27.0,29.2,35.1,34.6,29.8,36.8,41.2,38.1,30.6,36.7,34.1,38.6
201901,Springwood (Valley Heights),34.5,32.7,30.2,35.3,39.6,17.2,22.8,29.5,32.9,21.4,25.7,33.2,26.1,31.4,37.0,37.0,39.0,38.3,28.2,25.2,26.5,33.3,32.9,28.0,34.0,39.5,36.4,27.9,34.2,31.3,38.0
201901,Sydney (Observatory Hill),31.6,29.8,28.8,32.2,37.8,22.0,25.6,28.4,30.4,22.3,27.9,28.8,27.8,28.4,29.0,30.3,29.0,32.4,26.4,26.6,26.6,29.3,29.8,28.0,30.2,35.1,34.4,30.6,29.6,28.4,39.6
201901,Sydney Airport AMO,34.2,28.5,28.9,33.0,40.3,22.7,26.0,30.5,30.0,22.1,28.0,33.2,24.6,30.7,32.4,32.3,32.5,36.7,25.4,25.9,27.9,33.3,27.8,28.4,33.7,31.3,35.5,28.5,32.2,31.8,40.6
201901,Sydney Harbour (Wedding Cake West),,,,26.7,35.9,21.0,22.3,24.4,27.9,21.6,24.3,24.3,24.4,25.6,24.3,25.6,24.5,28.7,25.1,25.1,24.5,25.8,26.8,24.3,25.9,29.4,28.9,25.8,24.6,25.2,36.2
201901,Sydney Olympic Park AWS (Archery Centre),34.0,30.6,28.9,33.7,39.3,21.4,26.0,31.0,31.3,23.5,28.3,33.6,27.3,30.5,32.7,33.2,34.1,37.6,27.8,25.8,26.6,33.0,31.4,28.0,34.1,35.6,37.6,28.9,33.2,31.6,40.2
201901,Terrey Hills AWS,,29.2,26.9,31.1,37.0,19.1,23.3,27.1,30.4,21.2,26.4,30.7,25.9,27.4,29.6,31.5,32.9,33.4,26.8,23.7,26.1,30.6,30.4,25.2,31.4,34.6,35.0,25.9,29.6,29.8,
201901,"Values are the maximum temperature, usually in the 24 hoursfrom9 am on the day indicated,and typically occurred in the afternoon of that day.",,,,,,,,,,,,,,,,,,,,,,,,,,,,,,,
201901,Temperatures coloured according to their differencefrom the long-termaveragefor the period,-10.0,-9.0,-8.0,-7.0,-6.0,-5.0,-4.0,-3.0,-2.0,-1.0,0.0,+1.0,+2.0,+3.0,+4.0,+5.0,+6.0,+7.0,+8.0,+9.0,+10.0,°C,Grey outline marks highestand lowest for the period,,,,,,,,
201902,Badgerys Creek AWS,21.4,25.7,33.9,35.5,28.5,32.6,33.8,34.8,32.1,28.7,34.7,37.0,29.7,27.7,29.1,30.2,35.1,38.9,34.1,24.8,24.7,26.0,26.4,26.4,27.6,30.6,28.8,31.1,,,
201902,Bankstown Airport AWS,23.9,26.7,32.4,34.9,26.9,30.5,32.6,34.7,32.3,25.1,31.8,36.5,28.2,26.2,28.0,28.6,32.6,35.7,30.9,24.8,24.8,24.6,25.0,25.9,26.4,29.9,29.6,30.4,,,
201902,Camden Airport AWS,21.5,25.5,33.7,35.7,27.5,31.7,32.9,34.4,31.9,28.4,34.0,37.1,28.9,27.9,29.6,30.3,34.9,38.8,33.7,24.1,24.3,27.0,27.2,25.9,28.0,31.2,28.3,31.7,,,
201902,Campbelltown (Mount Annan),21.8,25.9,34.0,35.6,27.0,31.7,32.2,34.7,31.7,27.2,32.8,36.4,28.3,27.1,29.3,29.8,34.5,38.1,32.7,25.8,24.7,25.9,26.5,26.0,27.4,30.7,28.1,31.3,,,
201902,Canterbury Racecourse AWS,21.6,26.4,30.3,32.3,27.4,29.6,29.8,33.1,32.4,23.6,28.2,36.2,24.9,25.9,27.2,27.5,30.5,31.3,29.6,22.6,23.6,23.2,22.8,24.7,25.3,27.9,26.0,28.8,,,
201902,Cooranbong (Lake Macquarie AWS),23.8,24.6,29.4,31.6,30.1,28.7,28.9,34.3,35.2,25.3,28.4,38.2,26.4,25.1,26.3,27.3,29.7,31.1,31.6,25.9,26.2,26.3,25.7,24.4,25.5,27.4,27.7,27.6,,,
201902,Gosford AWS,23.1,26.0,29.6,30.8,28.9,29.0,29.2,30.6,34.3,24.1,27.9,36.8,24.7,25.3,26.2,27.4,30.3,31.6,29.7,22.6,25.2,24.3,24.5,24.1,24.2,27.2,27.0,27.8,,,
201902,Holsworthy (Defence),21.4,25.4,33.6,35.1,25.1,30.0,31.2,35.9,32.2,25.8,32.3,37.1,26.7,25.9,27.9,28.9,33.5,36.6,27.9,23.9,24.1,22.7,23.5,23.3,26.4,29.8,25.4,30.7,,,
201902,Holsworthy Aerodrome AWS,21.6,25.7,32.9,35.5,26.1,30.0,31.3,34.8,31.7,25.4,31.3,36.4,26.7,26.4,27.9,28.5,32.7,35.3,30.4,24.5,24.8,23.6,24.4,25.1,26.0,29.6,27.6,30.4,,,
201902,Horsley Park Equestrian Centre AWS,21.0,25.6,33.2,35.7,28.4,31.3,,34.8,31.7,26.7,32.9,35.9,28.0,27.1,29.0,29.4,34.2,37.7,33.0,24.4,24.3,24.9,26.1,25.8,27.3,30.5,28.9,31.0,,,
201902,Mangrove Mountain AWS,20.7,23.4,29.8,33.1,28.5,28.2,29.4,31.9,32.2,26.0,32.5,35.5,25.9,24.0,26.0,27.2,32.4,35.6,34.9,20.9,23.8,21.9,22.9,22.7,24.1,27.7,26.8,27.5,,,
201902,Mount Boyce AWS,16.8,19.8,28.0,28.6,25.5,24.9,26.4,27.2,20.5,23.9,25.7,26.7,22.1,21.2,22.5,24.2,29.5,31.3,29.1,20.9,17.4,18.0,17.5,18.2,18.4,24.3,22.1,24.8,,,
201902,Norah Head AWS,22.0,24.1,28.0,28.3,28.2,26.8,29.6,28.9,30.3,24.7,28.4,36.9,23.4,26.2,26.3,26.7,29.6,29.5,28.2,23.2,25.7,24.5,25.6,25.0,26.2,29.7,28.3,31.1,,,
201902,Parramatta North (Masons Drive),23.2,26.2,32.3,35.2,27.6,30.7,31.0,34.0,32.3,26.0,31.7,36.2,27.2,25.3,27.0,27.8,32.7,36.3,31.6,23.3,24.5,24.3,24.2,25.3,25.2,29.0,27.7,28.0,,,
201902,Penrith Lakes AWS,22.3,25.4,34.3,37.5,30.6,33.0,35.0,35.6,34.7,30.3,35.0,38.3,30.2,28.9,30.7,30.9,36.0,40.4,35.5,24.1,22.9,26.1,25.7,27.6,28.0,30.9,30.3,32.1,,,
201902,Richmond RAAF,21.9,26.8,33.1,36.1,29.9,31.4,32.6,34.0,32.8,28.8,34.5,36.2,28.9,27.2,28.9,29.4,34.6,39.5,35.5,24.1,24.2,26.3,24.3,27.0,27.3,29.8,29.2,30.7,,,
201902,Springwood (Valley Heights),19.8,24.1,30.8,34.2,28.1,29.2,30.8,31.6,30.3,27.0,33.0,34.4,26.8,25.2,27.0,27.1,32.7,37.0,33.2,22.0,20.9,22.5,22.0,23.1,24.0,28.0,26.2,28.3,,,
201902,Sydney (Observatory Hill),22.4,26.8,29.8,29.5,29.2,28.9,29.2,30.4,31.3,25.7,27.2,36.3,26.8,25.8,27.4,28.1,29.4,29.3,31.2,22.2,22.8,23.1,21.1,26.6,25.7,27.3,27.7,28.6,,,
201902,Sydney Airport AMO,22.2,27.2,31.2,31.7,28.0,30.6,31.3,33.0,33.7,24.4,29.9,37.7,25.3,26.5,27.5,29.3,31.0,32.3,27.3,23.0,22.7,21.8,22.3,25.6,25.7,28.6,25.2,29.7,,,
201902,Sydney Harbour (Wedding Cake West),23.2,24.2,25.0,24.5,26.5,25.8,25.3,26.6,31.1,22.6,26.6,35.6,22.6,23.5,24.7,25.3,24.7,24.4,26.3,23.2,22.7,21.4,22.5,23.4,23.5,24.2,24.4,24.9,,,
201902,Sydney Olympic Park AWS (Archery Centre),22.0,26.7,32.9,34.0,26.9,31.0,31.6,35.8,33.0,26.4,29.1,36.1,26.8,25.9,27.4,28.5,31.0,33.0,30.9,22.7,24.2,23.7,23.8,25.1,25.5,29.8,26.9,29.8,,,
201902,Terrey Hills AWS,20.8,24.0,28.8,29.6,26.9,27.8,27.9,29.5,30.3,23.3,26.9,35.4,24.5,24.4,25.9,26.4,29.2,30.7,30.2,20.6,22.5,22.0,21.1,23.4,23.5,25.9,25.7,26.6,,,
201902,"Values are the maximum temperature, usually in the 24 hoursfrom9 am on the day indicated,and typically occurred in the afternoon of that day.",,,,,,,,,,,,,,,,,,,,,,,,,,,,,,,
201902,Temperatures coloured according to their differencefrom the long-termaveragefor the period,-10.0,-9.0,-8.0,-7.0,-6.0,-5.0,-4.0,-3.0,-2.0,-1.0,0.0,+1.0,+2.0,+3.0,+4.0,+5.0,+6.0,+7.0,+8.0,+9.0,+10.0,°C,Grey outline marks highestand lowest for the period,,,,,,,,
201903,Badgerys Creek AWS,30.8,31.1,31.7,34.5,34.7,36.0,23.0,32.3,25.6,35.4,31.0,35.6,22.1,29.0,23.8,24.6,20.4,21.8,26.3,27.9,28.1,27.6,28.1,31.8,25.8,25.5,23.3,26.8,27.4,25.0,21.4
201903,Bankstown Airport AWS,32.5,29.5,29.8,32.1,32.1,36.7,22.8,31.2,25.7,32.0,30.5,35.7,23.2,27.3,24.6,25.6,20.4,22.4,26.3,29.1,27.8,27.5,29.4,32.4,25.5,26.2,23.1,27.1,28.8,25.4,21.7
201903,Camden Airport AWS,31.3,31.3,32.3,34.7,34.7,35.0,23.8,32.1,25.8,34.9,31.0,35.3,22.3,28.7,24.0,25.1,20.1,22.5,26.7,28.1,28.3,28.0,27.9,31.1,26.1,25.1,22.1,26.7,27.7,25.0,21.1
201903,Campbelltown (Mount Annan),30.7,30.9,31.4,34.6,34.4,36.7,23.2,32.1,26.1,33.7,30.4,35.0,22.2,27.8,24.0,24.6,19.4,21.9,26.9,28.1,28.2,27.6,28.7,31.8,25.7,25.4,22.8,26.6,27.9,24.9,21.1
201903,Canterbury Racecourse AWS,28.5,28.3,29.0,30.1,29.7,35.8,23.2,27.9,25.3,30.0,27.0,35.2,22.5,27.2,23.3,24.2,20.3,22.2,25.3,25.9,26.3,25.6,28.6,31.4,26.3,25.5,22.2,26.1,27.4,26.3,21.9
201903,Cooranbong (Lake Macquarie AWS),27.8,27.1,27.8,29.2,29.9,38.0,21.4,27.7,26.9,33.0,28.7,35.2,24.9,28.3,24.1,21.8,24.1,25.0,25.9,26.4,26.6,27.6,28.0,32.3,25.8,27.5,23.3,25.6,27.7,,23.4
201903,Gosford AWS,27.7,27.0,27.8,29.3,29.3,36.8,22.2,27.5,23.6,30.2,27.2,32.6,24.3,26.0,23.2,22.9,23.0,23.6,25.3,25.4,26.0,26.7,28.5,32.2,25.5,25.9,23.9,25.4,27.0,27.0,22.3
201903,Holsworthy (Defence),29.5,29.1,29.7,33.3,33.0,36.5,21.1,31.1,26.2,32.7,27.9,35.1,22.1,27.2,23.0,23.9,18.8,21.5,24.7,25.7,25.8,27.1,28.8,30.9,24.4,25.2,22.1,26.7,28.3,24.0,21.3
201903,Holsworthy Aerodrome AWS,29.7,29.9,30.5,32.5,32.4,36.2,22.9,29.9,26.0,32.1,28.1,35.1,22.4,27.8,23.6,25.0,19.4,21.9,26.2,26.0,27.2,26.7,28.4,31.9,25.3,25.3,22.0,26.3,28.3,24.5,20.7
201903,Horsley Park Equestrian Centre AWS,30.7,31.0,30.9,33.7,34.9,36.9,22.3,32.2,24.9,34.0,30.0,35.5,22.0,29.6,24.3,24.3,20.2,22.7,26.7,27.3,27.8,27.3,28.4,31.6,24.9,25.5,22.7,26.2,27.6,25.3,21.3
201903,Mangrove Mountain AWS,27.3,26.6,28.3,30.5,32.2,35.4,20.2,29.4,23.1,30.9,28.0,34.0,23.7,27.8,21.8,19.6,20.0,24.0,24.0,24.4,24.4,26.5,28.9,31.9,23.1,,22.1,25.1,27.0,,21.4
201903,Mount Boyce AWS,23.3,22.6,25.2,29.2,29.4,25.0,17.4,26.0,23.4,27.0,28.4,24.5,16.4,22.1,18.3,14.3,14.4,16.9,19.4,22.8,22.1,21.8,26.2,25.8,17.9,17.7,17.2,20.9,23.9,14.2,
201903,Norah Head AWS,30.7,30.5,30.5,30.0,29.4,36.7,23.5,29.1,22.8,30.0,27.5,30.2,24.6,28.8,23.4,22.8,23.9,24.3,26.6,26.5,25.8,27.9,28.8,28.3,25.0,26.0,23.6,28.7,28.7,26.6,22.5
201903,Parramatta North (Masons Drive),29.0,28.0,29.4,32.0,33.2,35.4,24.0,30.0,25.0,32.7,28.5,35.3,23.0,27.7,23.7,25.0,20.8,22.0,26.0,26.6,27.0,26.7,29.6,32.0,25.3,26.0,23.3,26.0,28.0,25.0,22.0
201903,Penrith Lakes AWS,32.4,31.9,33.0,35.6,36.2,38.4,22.1,33.3,25.7,36.8,33.1,36.7,22.6,31.3,25.0,23.8,21.0,23.5,27.6,30.3,28.8,28.0,28.9,32.2,24.9,26.9,24.8,27.4,27.7,25.2,22.9
201903,Richmond RAAF,31.9,31.0,32.2,34.7,35.1,38.1,21.5,33.0,24.7,36.6,32.1,35.5,23.4,31.5,24.2,23.1,22.2,23.7,25.7,28.7,28.5,27.7,28.8,32.1,26.2,26.0,24.3,27.3,28.1,25.9,22.7
201903,Springwood (Valley Heights),28.0,28.0,25.2,32.6,32.4,34.0,19.9,29.9,22.9,34.0,29.8,33.2,19.5,27.2,22.1,20.5,19.4,20.2,24.9,26.9,25.8,24.5,26.1,29.5,24.2,24.8,22.5,24.7,25.0,23.0,21.1
201903,Sydney (Observatory Hill),28.1,27.9,27.9,28.2,28.6,35.6,23.9,27.2,24.3,27.9,28.3,34.6,24.3,26.6,24.1,24.1,20.5,22.1,26.9,27.5,26.6,26.9,27.7,33.0,26.0,26.6,24.3,25.9,26.2,26.5,22.5
201903,Sydney Airport AMO,29.1,29.3,29.7,30.4,30.2,36.1,24.4,29.5,23.8,30.0,27.4,36.5,25.0,28.3,23.2,25.2,21.4,23.4,26.3,25.0,26.0,26.5,29.3,30.4,27.8,25.9,23.4,27.2,28.1,26.9,22.5
201903,Sydney Harbour (Wedding Cake West),25.2,25.8,25.1,25.1,25.6,34.3,22.2,23.8,23.5,26.0,25.2,30.3,23.8,24.2,22.9,23.7,21.1,21.7,24.1,24.5,24.7,,25.6,29.0,26.3,24.4,22.2,24.5,24.1,24.7,
201903,Sydney Olympic Park AWS (Archery Centre),28.8,29.6,30.2,31.1,30.7,37.0,22.8,29.6,25.4,32.1,28.1,35.9,23.0,28.2,23.8,24.2,20.6,22.9,25.6,26.5,26.8,27.0,30.0,31.7,25.8,26.1,22.7,26.6,28.6,26.8,22.6
201903,Terrey Hills AWS,26.9,26.7,26.9,28.1,27.9,36.0,21.1,26.4,23.3,28.1,26.0,33.4,21.6,24.2,22.0,21.6,19.8,20.9,23.6,24.3,24.3,24.3,26.9,31.1,24.0,24.0,22.4,24.3,25.6,25.2,20.7
201903,"Values are the maximum temperature, usually in the 24 hoursfrom9 am on the day indicated,and typically occurred in the afternoon of that day.",,,,,,,,,,,,,,,,,,,,,,,,,,,,,,,
201903,Temperatures coloured according to their differencefrom the long-termaveragefor the period,-10.0,-9.0,-8.0,-7.0,-6.0,-5.0,-4.0,-3.0,-2.0,-1.0,0.0,+1.0,+2.0,+3.0,+4.0,+5.0,+6.0,+7.0,+8.0,+9.0,+10.0,°C,Grey outline marks highestand lowest for the period,,,,,,,,
201904,Badgerys Creek AWS,21.4,22.0,26.5,23.1,22.2,28.4,30.7,32.9,27.4,21.1,20.5,22.4,26.9,24.1,24.1,24.9,25.8,27.3,25.3,26.8,26.2,26.6,25.3,25.9,28.4,28.3,20.3,24.6,22.6,24.1,
201904,Bankstown Airport AWS,22.5,23.8,27.7,24.9,23.7,29.3,30.3,33.3,27.4,20.6,20.6,22.5,26.7,23.5,25.2,24.6,27.4,27.6,25.2,25.7,27.0,27.3,25.2,26.3,28.3,28.9,20.4,24.5,24.9,25.3,
201904,Camden Airport AWS,21.5,22.2,26.6,22.8,22.6,28.0,29.3,32.5,27.0,21.5,20.4,23.2,26.4,24.0,24.0,,25.6,27.6,25.4,26.4,26.6,27.1,26.3,26.0,29.4,27.6,20.4,26.0,23.0,24.0,
201904,Campbelltown (Mount Annan),22.4,22.2,26.5,22.5,22.7,27.7,29.6,32.4,27.5,21.2,19.9,22.7,26.8,23.8,24.3,25.7,,27.6,26.0,26.3,26.2,27.0,25.3,26.4,29.3,27.7,20.4,26.3,23.2,23.9,
201904,Canterbury Racecourse AWS,21.0,22.4,26.4,23.2,21.8,29.3,27.3,33.4,27.2,19.1,20.0,21.7,26.6,22.4,22.8,23.6,25.2,27.1,23.8,25.9,26.2,26.5,24.1,26.1,26.7,28.9,18.9,22.7,22.1,24.9,
201904,Cooranbong (Lake Macquarie AWS),,23.3,25.5,22.9,22.9,29.4,32.3,33.2,31.9,21.3,22.1,21.9,26.4,23.3,23.4,22.8,24.6,25.9,24.6,25.8,26.9,26.7,25.2,26.1,28.0,29.8,20.4,23.5,22.7,24.5,
201904,Gosford AWS,21.9,22.8,25.3,23.8,23.0,29.3,27.9,33.3,30.3,19.7,21.1,21.5,25.6,22.5,22.7,23.7,24.3,26.2,24.3,24.9,26.3,25.6,24.7,25.6,27.4,28.8,19.3,22.1,21.7,24.4,
201904,Holsworthy (Defence),20.6,22.1,26.8,20.8,21.6,28.3,30.3,32.6,26.6,18.6,19.0,23.1,26.6,22.0,21.7,23.6,24.3,27.3,25.4,26.3,26.1,27.2,24.8,25.9,28.5,27.6,20.3,23.9,21.0,24.5,
201904,Holsworthy Aerodrome AWS,21.2,22.4,26.2,22.6,22.3,28.6,29.7,32.5,26.9,19.8,19.7,21.8,26.1,22.8,23.3,24.2,24.5,27.0,25.0,25.7,26.4,26.8,25.2,25.8,28.3,28.0,20.0,24.1,,,
201904,Horsley Park Equestrian Centre AWS,21.5,22.3,26.2,22.5,21.6,27.9,30.7,32.6,27.4,20.5,19.8,22.2,26.7,22.8,24.2,24.7,25.1,27.1,25.1,25.8,26.6,26.2,24.6,25.5,28.2,28.1,20.5,24.4,22.2,24.2,
201904,Mangrove Mountain AWS,,20.8,23.9,22.7,20.5,28.2,30.7,31.2,,,,,,22.0,21.9,22.3,23.1,25.0,23.9,24.9,,,,,,,18.5,22.9,,23.9,
201904,Mount Boyce AWS,17.5,15.4,21.3,15.8,16.1,21.8,22.8,24.5,18.5,14.9,16.5,17.5,19.5,17.8,18.1,18.7,18.7,22.7,20.1,20.6,20.9,22.3,19.6,20.6,21.9,18.0,15.4,18.4,17.1,18.8,
201904,Norah Head AWS,22.5,24.2,25.7,22.3,22.4,28.1,27.2,32.7,30.8,20.4,21.2,21.1,25.9,23.0,22.3,22.3,24.0,25.3,22.7,24.9,28.1,27.1,25.8,28.5,27.4,28.9,19.6,21.3,22.8,25.3,
201904,Parramatta North (Masons Drive),21.5,22.0,26.3,23.0,23.0,29.2,31.5,33.3,27.2,20.5,20.8,22.2,26.7,23.0,23.6,24.2,25.2,27.5,25.4,25.0,26.6,27.0,24.3,25.8,27.8,28.1,20.3,24.0,22.2,24.5,
201904,Penrith Lakes AWS,23.4,23.3,27.0,24.2,22.8,29.6,32.1,33.8,29.0,22.1,21.9,23.9,26.8,25.3,25.4,26.0,26.2,28.1,26.2,27.1,27.3,27.1,27.0,26.6,28.9,29.1,21.3,24.3,23.4,25.4,
201904,Richmond RAAF,22.9,23.0,26.7,24.3,22.2,29.6,31.9,33.8,28.9,21.4,21.8,22.7,26.6,23.6,24.5,25.3,25.5,27.4,25.6,26.5,26.1,26.4,26.4,26.0,28.6,28.7,20.3,23.7,23.1,24.2,
201904,Springwood (Valley Heights),20.5,21.6,24.5,21.9,20.0,29.0,30.7,31.8,27.1,19.2,19.1,20.4,24.3,22.4,23.0,23.5,23.2,25.2,23.2,24.0,24.0,24.4,24.9,23.8,26.2,26.8,18.4,21.9,20.7,22.1,
201904,Sydney (Observatory Hill),20.8,23.4,25.1,23.7,23.7,27.7,25.0,32.5,28.2,21.3,20.6,22.2,26.4,23.9,24.0,25.7,24.8,26.0,26.0,24.8,25.2,25.2,25.5,25.0,26.7,29.5,20.9,23.6,22.5,24.3,
201904,Sydney Airport AMO,21.0,23.1,27.6,22.5,21.5,30.1,27.4,34.7,27.8,18.8,20.0,22.0,27.6,22.1,22.1,23.8,25.3,27.5,23.6,25.3,27.2,27.3,23.2,27.1,25.4,30.0,18.9,22.3,22.1,25.2,
201904,Sydney Harbour (Wedding Cake West),21.0,23.0,23.0,22.5,21.9,23.6,25.0,32.4,26.3,18.6,20.3,21.4,24.2,21.2,21.6,23.0,24.1,24.4,22.8,24.8,23.4,23.0,23.4,23.3,24.5,27.8,18.9,20.8,21.6,22.2,
201904,Sydney Olympic Park AWS (Archery Centre),21.1,22.1,26.7,23.4,22.4,30.0,28.2,33.1,28.7,19.7,21.1,22.3,27.0,22.9,23.7,24.5,25.0,27.0,25.6,25.7,27.4,27.4,24.6,26.8,28.3,29.2,20.3,23.1,22.7,25.7,
201904,Terrey Hills AWS,,21.8,24.6,22.2,21.8,26.6,26.1,31.6,28.0,19.0,19.3,19.9,25.2,21.6,22.4,22.5,23.4,25.6,22.4,23.5,24.7,24.7,23.9,24.4,26.5,27.3,17.7,20.9,20.7,23.2,
201904,"Values are the maximum temperature, usually in the 24 hoursfrom9 am on the day indicated,and typically occurred in the afternoon of that day.",,,,,,,,,,,,,,,,,,,,,,,,,,,,,,,
201904,Temperatures coloured according to their differencefrom the long-termaveragefor the period,-10.0,-9.0,-8.0,-7.0,-6.0,-5.0,-4.0,-3.0,-2.0,-1.0,0.0,+1.0,+2.0,+3.0,+4.0,+5.0,+6.0,+7.0,+8.0,+9.0,+10.0,°C,Grey outline marks highestand lowest for the period,,,,,,,,
201905,Badgerys Creek AWS,24.7,25.0,20.2,22.7,20.8,21.2,21.9,20.2,20.4,18.7,20.6,22.0,22.8,24.3,22.6,22.0,23.3,23.0,22.9,23.4,25.8,25.2,23.6,23.1,25.5,22.6,18.9,18.7,18.6,15.6,20.0
201905,Bankstown Airport AWS,25.3,27.6,23.8,23.6,20.4,21.2,22.5,20.7,21.2,19.5,21.4,22.3,23.0,23.8,23.3,22.7,24.2,23.4,23.0,23.4,26.2,,23.9,23.9,26.2,22.8,19.3,19.4,19.6,16.1,20.0
201905,Camden Airport AWS,25.0,24.3,18.9,23.0,21.4,21.4,22.8,20.0,20.7,18.4,20.7,22.3,22.8,24.5,22.7,22.5,23.5,23.4,23.2,23.1,26.7,26.2,23.5,24.2,26.4,22.0,19.4,17.5,19.9,15.2,19.7
201905,Campbelltown (Mount Annan),25.3,24.3,18.9,22.6,20.7,21.5,22.7,19.8,20.8,18.6,21.1,22.2,22.5,24.3,22.9,22.4,23.8,24.1,23.6,23.2,26.5,26.5,23.8,23.7,25.8,22.2,19.0,17.4,20.0,15.7,19.9
201905,Canterbury Racecourse AWS,24.4,26.0,23.7,22.0,19.7,21.3,22.8,20.9,20.9,19.3,21.1,20.8,22.8,23.3,22.4,22.6,23.5,22.3,22.3,23.7,26.4,23.2,24.0,23.9,26.5,22.4,19.7,18.9,18.8,16.0,19.6
201905,Cooranbong (Lake Macquarie AWS),22.8,24.3,25.1,21.8,20.4,21.1,23.2,22.3,20.6,22.7,21.8,21.6,22.7,24.3,22.1,21.6,23.0,23.2,23.1,23.7,26.5,24.8,24.0,25.7,25.3,24.1,19.9,17.8,19.4,17.3,
201905,Gosford AWS,23.3,25.4,23.6,21.5,20.0,20.4,23.5,21.4,20.3,20.7,21.2,20.9,22.3,23.4,22.0,22.0,23.2,22.1,21.8,22.4,26.1,24.1,22.8,24.8,25.6,23.3,19.7,18.3,18.8,16.7,19.3
201905,Holsworthy Aerodrome AWS,24.9,25.3,21.7,21.9,20.4,21.0,21.8,19.8,21.7,17.9,20.5,21.4,22.3,23.4,22.4,22.3,23.2,23.3,22.3,22.2,25.7,24.3,23.1,23.3,25.1,21.9,18.8,17.8,18.9,15.4,19.5
201905,Holsworthy Defence AWS,24.4,25.4,19.7,20.9,19.1,20.5,22.2,19.3,19.8,18.0,19.4,20.6,22.1,21.9,23.0,22.5,23.5,23.1,21.5,22.3,26.6,24.8,23.4,23.4,25.4,21.1,18.9,17.3,20.0,14.6,18.5
201905,Horsley Park Equestrian Centre AWS,24.3,25.8,22.2,22.5,20.3,20.9,22.2,20.6,20.4,18.8,21.0,21.9,21.9,24.0,22.6,22.1,22.9,23.4,23.3,22.4,25.2,24.8,23.4,23.3,25.2,22.6,18.6,18.7,18.5,15.3,19.7
201905,Mangrove Mountain AWS,23.3,24.0,22.1,20.0,18.3,19.5,21.9,20.1,20.0,20.0,19.8,20.1,21.5,23.1,20.7,21.4,22.0,21.3,20.9,23.2,26.0,26.2,23.8,23.4,24.4,21.9,17.7,16.4,16.7,,
201905,Mount Boyce AWS,19.1,19.2,17.1,14.5,11.3,13.9,13.3,9.8,15.7,10.7,10.7,16.0,16.5,17.8,16.6,16.5,16.7,17.6,14.8,17.1,17.5,18.1,17.3,16.1,16.3,12.4,8.0,7.4,7.9,5.9,10.4
201905,Norah Head AWS,23.9,26.8,23.7,20.4,19.4,19.3,23.0,21.5,22.2,23.1,20.8,20.1,24.6,24.3,22.3,21.9,25.7,23.1,21.9,24.0,25.6,24.9,23.5,25.8,25.7,23.3,20.1,17.7,20.0,15.9,19.5
201905,Parramatta North (Masons Drive),24.0,26.3,23.7,22.7,20.2,21.5,23.0,20.4,21.0,19.2,21.3,21.6,23.0,23.3,22.8,22.2,24.0,23.3,22.7,,,,,,,,,,,,
201905,Penrith Lakes AWS,25.0,24.7,20.5,23.3,21.8,21.9,23.9,21.1,21.4,20.8,21.9,22.2,23.1,24.6,23.2,23.1,23.8,23.3,23.7,23.2,24.3,23.4,24.1,22.8,26.4,23.4,20.8,20.2,20.1,17.7,21.2
201905,Richmond RAAF,23.4,25.2,21.7,22.5,21.2,21.2,23.5,20.9,21.0,20.2,22.1,21.6,22.7,23.6,22.8,22.5,23.0,23.1,23.5,23.9,26.8,24.7,23.2,23.9,26.6,22.9,20.4,19.0,19.1,17.5,20.7
201905,Springwood (Valley Heights),22.2,22.0,19.6,21.2,20.0,19.7,21.8,19.8,18.7,17.5,19.8,20.2,20.5,22.1,20.3,19.5,21.7,20.5,20.4,21.2,24.8,22.5,21.1,24.4,24.8,21.2,16.6,17.2,16.6,15.1,19.5
201905,Sydney (Observatory Hill),22.5,24.1,24.1,23.1,19.1,21.4,23.4,21.3,20.9,20.4,21.4,23.0,23.0,24.1,22.9,22.4,23.4,24.1,22.7,22.6,27.2,25.3,24.7,25.0,27.1,23.7,19.3,19.3,19.4,17.4,21.0
201905,Sydney Airport AMO,25.6,25.7,26.0,21.3,18.9,19.3,23.9,21.9,21.7,20.9,20.9,21.0,24.0,22.0,22.0,23.5,24.6,21.1,23.3,23.8,27.6,22.1,22.5,25.9,27.6,23.8,20.7,20.2,20.4,17.0,20.3
201905,Sydney Harbour (Wedding Cake West),22.4,22.2,21.7,20.9,18.3,19.6,22.4,20.1,19.2,19.4,20.0,20.3,20.5,21.5,23.0,20.5,22.7,21.4,23.3,21.4,25.0,22.8,23.8,24.2,25.0,21.7,18.9,18.4,18.5,15.5,18.9
201905,Sydney Olympic Park AWS (Archery Centre),25.0,26.2,23.1,22.4,20.0,21.8,23.8,22.2,21.4,19.9,21.6,22.4,23.5,24.7,23.6,23.1,24.1,24.0,23.8,23.6,27.0,25.0,24.4,25.3,27.1,23.4,20.2,20.0,19.5,16.5,20.3
201905,Terrey Hills AWS,21.2,24.5,22.5,20.3,18.4,19.4,21.7,19.4,19.4,18.6,19.6,20.1,20.9,21.8,20.4,20.6,22.2,21.9,20.6,21.8,24.8,22.9,22.1,23.2,24.4,21.2,18.6,17.5,17.8,14.7,
201905,"Values are the maximum temperature, usually in the 24 hoursfrom9 am on the day indicated,and typically occurred in the afternoon of that day.",,,,,,,,,,,,,,,,,,,,,,,,,,,,,,,
201905,Temperatures coloured according to their differencefrom the long-termaveragefor the period,-10.0,-9.0,-8.0,-7.0,-6.0,-5.0,-4.0,-3.0,-2.0,-1.0,0.0,+1.0,+2.0,+3.0,+4.0,+5.0,+6.0,+7.0,+8.0,+9.0,+10.0,°C,Grey outline marks highestand lowest for the period,,,,,,,,
201906,Badgerys Creek AWS,20.5,20.3,18.0,14.5,16.9,18.6,18.4,12.8,20.4,22.5,23.8,19.4,23.0,19.6,19.6,14.1,17.9,18.4,16.1,14.4,14.9,15.6,16.4,17.4,17.8,18.0,19.7,19.1,19.9,17.5,
201906,Bankstown Airport AWS,19.8,20.8,18.1,14.8,15.5,18.9,18.9,14.1,21.2,22.2,22.6,19.8,22.7,19.5,19.7,15.1,18.3,19.2,17.9,16.9,15.3,16.1,16.5,16.8,17.4,18.4,19.8,20.4,21.0,18.0,
201906,Camden Airport AWS,20.2,20.9,18.2,14.4,16.7,19.6,19.9,13.9,21.1,22.5,24.5,21.0,22.1,19.4,20.3,14.3,17.6,17.7,16.6,15.3,15.1,16.0,16.4,17.0,17.8,18.6,19.6,19.9,20.0,17.1,
201906,Campbelltown (Mount Annan),20.3,20.7,17.9,13.8,16.5,19.3,19.4,14.3,21.0,22.2,24.8,21.5,23.1,19.6,19.5,13.9,18.0,18.4,16.8,14.9,15.0,16.1,16.8,17.2,17.2,18.6,19.9,20.0,20.8,17.4,
201906,Canterbury Racecourse AWS,19.0,20.4,17.8,14.9,15.9,18.3,16.1,14.9,21.6,21.5,22.0,22.5,22.9,19.5,19.7,14.9,16.1,19.1,16.1,15.7,15.1,15.1,15.7,16.3,17.0,18.3,19.6,20.6,20.4,17.6,
201906,Cooranbong (Lake Macquarie AWS),19.1,17.9,19.7,13.5,15.8,18.9,18.2,15.8,22.1,23.2,24.0,23.3,25.4,17.9,19.2,17.3,17.6,20.0,16.9,16.9,14.7,16.1,15.4,14.9,19.1,19.2,19.9,20.8,20.6,18.9,
201906,Gosford AWS,18.2,17.9,18.6,13.9,15.9,17.9,16.6,15.6,22.4,22.2,22.1,23.1,24.8,18.2,18.5,15.5,15.9,18.4,16.4,16.0,14.4,15.1,15.2,16.9,16.8,18.4,18.4,19.6,20.0,17.6,
201906,Holsworthy Aerodrome AWS,19.0,19.8,17.2,14.3,15.0,18.2,17.2,13.6,20.3,21.7,22.2,20.0,21.5,18.1,19.2,14.6,17.0,18.3,16.6,14.5,14.7,14.8,16.3,16.1,17.0,17.9,18.9,19.8,20.3,16.9,
201906,Holsworthy Defence AWS,17.9,19.6,17.2,12.9,14.9,16.9,17.3,13.9,20.6,21.1,22.3,21.3,19.3,19.5,18.6,13.6,16.4,17.5,16.0,13.9,13.5,13.7,14.8,14.9,16.1,16.1,19.4,19.8,19.8,17.4,
201906,Horsley Park Equestrian Centre AWS,19.3,19.3,17.7,14.4,15.5,18.4,17.5,13.0,20.2,22.0,22.8,20.1,22.8,18.6,19.1,14.3,17.2,18.2,16.2,14.8,14.7,15.7,16.1,16.6,17.6,17.8,18.9,19.5,20.0,17.3,
201906,Mangrove Mountain AWS,,,16.4,11.5,13.8,16.9,13.7,13.8,21.0,21.0,21.9,22.4,23.6,15.6,17.7,13.0,14.5,17.6,14.4,13.8,12.9,12.8,12.3,13.2,16.1,16.9,16.7,18.4,19.4,17.1,
201906,Mount Boyce AWS,11.7,12.6,7.9,5.1,8.2,14.0,11.9,8.9,14.2,12.7,16.6,16.6,12.5,11.4,11.4,7.9,9.0,9.4,9.2,9.0,6.6,7.9,6.7,9.9,9.9,9.3,12.4,14.5,14.4,7.5,
201906,Norah Head AWS,18.3,18.3,19.1,14.1,15.3,17.9,17.9,16.3,22.1,22.6,23.5,22.3,26.3,17.0,18.1,17.6,16.7,19.0,16.1,17.2,14.0,15.1,15.6,17.1,19.2,19.5,18.3,21.3,20.4,18.1,
201906,Parramatta North (Masons Drive),,,18.0,14.6,15.8,19.0,16.8,15.0,22.0,21.7,23.3,23.2,22.4,19.0,19.7,15.2,16.3,18.8,17.0,16.3,15.2,15.0,16.2,16.3,18.2,18.5,19.0,20.0,20.8,17.5,
201906,Penrith Lakes AWS,20.8,20.1,18.6,15.8,17.2,19.4,19.2,13.4,21.3,23.8,23.9,19.4,24.2,20.8,20.0,14.5,18.5,19.4,16.9,14.7,15.3,16.5,16.8,18.4,18.6,18.9,19.5,20.5,20.1,18.2,
201906,Richmond RAAF,20.1,19.0,18.5,16.1,16.4,18.4,17.4,13.4,21.0,23.2,23.4,23.8,22.7,19.6,19.2,14.9,18.1,18.8,16.7,15.0,14.9,15.9,16.3,17.6,18.7,18.3,19.3,20.2,21.3,18.2,
201906,Springwood (Valley Heights),15.0,17.0,16.2,13.0,15.4,16.6,17.0,14.6,17.8,21.2,21.4,22.1,21.7,17.8,18.0,12.1,15.7,16.9,15.2,13.5,13.3,13.6,14.6,15.1,15.3,15.3,16.5,17.5,17.7,16.2,
201906,Sydney (Observatory Hill),20.4,20.8,17.6,14.1,15.2,19.6,14.9,14.8,22.2,22.0,23.3,22.0,22.7,19.1,20.4,15.3,15.6,18.7,17.3,16.5,15.9,15.9,16.8,18.0,16.9,18.7,20.1,20.5,20.8,18.0,
201906,Sydney Airport AMO,18.3,19.6,18.8,14.2,14.4,18.1,17.1,16.2,22.0,22.7,21.9,21.0,22.0,20.4,18.8,16.0,15.7,19.0,15.8,15.9,14.9,14.5,15.0,16.4,17.9,17.6,18.7,21.6,21.4,19.1,
201906,Sydney Harbour (Wedding Cake West),18.6,18.6,17.9,14.7,15.1,17.7,18.6,16.2,21.8,21.2,21.4,21.8,22.2,18.5,19.8,16.6,16.0,18.4,15.6,14.9,14.3,14.3,14.8,17.1,17.3,17.9,19.1,18.5,18.6,16.9,
201906,Sydney Olympic Park AWS (Archery Centre),18.9,21.0,19.0,15.2,15.8,19.4,16.7,14.7,22.2,21.8,22.8,22.1,23.0,19.7,20.4,15.7,16.6,19.5,17.0,16.0,16.0,15.3,16.1,16.7,17.3,18.6,19.6,20.9,21.0,18.3,
201906,Terrey Hills AWS,17.6,17.8,17.0,13.0,13.8,16.6,16.5,14.6,20.3,20.4,20.8,20.7,21.0,17.1,17.7,14.8,13.5,17.2,15.1,14.1,13.1,13.5,14.4,15.2,16.1,16.1,17.3,18.7,18.6,16.2,
201906,"Values are the maximum temperature, usually in the 24 hoursfrom9 am on the day indicated,and typically occurred in the afternoon of that day.",,,,,,,,,,,,,,,,,,,,,,,,,,,,,,,
201906,Temperatures coloured according to their differencefrom the long-termaveragefor the period,-10.0,-9.0,-8.0,-7.0,-6.0,-5.0,-4.0,-3.0,-2.0,-1.0,0.0,+1.0,+2.0,+3.0,+4.0,+5.0,+6.0,+7.0,+8.0,+9.0,+10.0,°C,Grey outline marks highestand lowest for the period,,,,,,,,
201907,Badgerys Creek AWS,16.5,20.4,18.6,15.9,16.6,18.4,17.3,19.5,17.8,17.1,18.8,19.6,14.4,16.4,17.2,20.4,19.5,19.8,19.1,19.2,23.1,22.4,22.9,19.6,19.4,17.4,20.9,19.2,19.2,17.4,18.9
201907,Bankstown Airport AWS,17.3,20.1,,,16.6,19.2,18.9,20.0,17.9,17.1,19.8,20.0,15.3,17.1,17.9,20.6,19.6,20.1,19.7,20.2,23.4,22.9,22.9,19.7,19.2,17.9,19.2,19.4,20.2,16.2,17.8
201907,Camden Airport AWS,17.3,20.8,18.5,16.4,16.0,19.4,18.8,19.4,17.5,17.0,18.6,20.0,14.4,15.2,17.4,19.9,19.0,19.8,19.3,19.1,23.3,,23.4,19.2,19.6,19.2,20.2,19.3,20.5,17.9,19.0
201907,Campbelltown (Mount Annan),17.2,21.1,19.1,16.8,15.9,19.2,19.1,19.1,17.6,16.9,18.6,19.9,14.1,15.3,17.7,20.1,18.8,20.0,19.6,19.1,23.3,23.4,23.2,19.9,19.5,19.3,20.4,19.7,21.1,18.5,19.2
201907,Canterbury Racecourse AWS,17.4,20.3,18.9,17.1,17.1,19.5,19.4,20.1,17.9,16.9,19.5,20.0,15.3,16.8,17.7,20.4,19.2,19.9,20.2,20.0,23.7,22.9,22.7,19.3,19.3,18.5,19.1,18.2,20.5,15.2,16.5
201907,Cooranbong (Lake Macquarie AWS),17.9,21.8,15.6,15.3,18.9,18.7,19.0,20.3,19.4,17.5,20.7,19.9,16.2,17.6,17.8,21.3,19.9,20.5,19.7,19.8,23.4,21.5,23.6,21.0,19.1,20.5,19.6,19.6,20.9,15.0,16.6
201907,Gosford AWS,17.7,19.2,19.7,16.1,18.4,18.6,18.3,19.4,17.4,16.8,20.1,20.0,15.3,17.3,17.2,20.5,19.9,18.8,18.9,19.8,23.8,21.8,23.5,20.1,18.7,20.3,18.7,19.1,20.0,14.9,14.9
201907,Holsworthy Aerodrome AWS,16.7,19.9,17.9,16.8,17.7,18.2,18.3,19.7,17.2,16.7,18.6,19.5,14.4,15.4,17.2,19.8,18.9,19.7,19.2,19.6,22.7,22.2,22.3,19.1,18.8,18.3,19.1,18.8,20.1,16.2,17.2
201907,Holsworthy Defence AWS,17.0,20.1,16.9,15.3,15.8,17.9,18.7,18.8,17.1,16.5,17.7,19.4,13.9,14.9,17.1,19.3,18.4,18.6,19.4,19.2,22.6,22.3,22.3,19.1,19.1,17.9,18.1,18.3,20.1,15.8,16.7
201907,Horsley Park Equestrian Centre AWS,16.6,19.5,18.2,16.6,16.1,18.1,18.0,19.4,17.6,16.9,18.6,19.0,14.5,16.4,16.9,20.6,19.3,19.9,19.1,19.7,23.3,22.1,22.5,19.4,19.1,17.4,19.8,19.2,19.7,15.9,18.3
201907,Katoomba (Farnells Rd),,,,,,,,,,,,,,,,,,,,,,,,13.0,15.0,13.0,13.1,14.0,14.3,9.7,
201907,Mangrove Mountain AWS,16.2,19.0,16.4,13.8,16.3,16.5,17.2,18.8,16.7,15.7,18.4,17.4,13.6,15.5,15.7,19.9,18.6,18.9,17.6,19.2,21.7,20.7,22.1,19.2,18.8,18.7,17.6,17.6,19.8,12.7,14.4
201907,Mount Boyce AWS,14.1,14.5,13.8,8.6,10.0,11.0,14.0,10.6,9.4,7.2,7.9,7.9,4.2,4.8,7.8,9.1,8.7,10.0,12.3,15.4,13.7,15.2,12.6,10.3,14.7,11.2,12.5,12.1,13.5,8.8,11.0
201907,Norah Head AWS,19.0,18.6,19.4,18.1,20.4,19.3,19.6,19.6,18.1,16.9,20.4,19.6,15.9,17.0,16.7,20.2,19.4,18.6,18.4,19.1,22.8,20.7,24.0,20.2,18.9,19.7,18.1,18.6,21.1,16.0,15.2
201907,Parramatta North (Masons Drive),17.7,19.5,19.6,16.4,18.0,18.5,19.5,20.0,17.8,17.2,18.8,20.0,15.0,16.7,17.7,20.7,19.3,20.5,20.0,20.5,23.8,22.8,23.0,20.0,19.6,18.0,20.2,19.2,20.2,15.6,17.5
201907,Penrith Lakes AWS,17.5,18.7,20.5,15.4,16.8,19.8,16.6,18.2,18.1,18.2,19.6,20.4,15.2,17.6,18.2,21.3,20.6,21.3,20.4,20.4,24.6,20.7,23.6,21.6,20.4,17.3,20.7,20.1,19.0,17.7,19.8
201907,Richmond RAAF,17.4,18.1,19.7,16.1,17.4,18.5,17.8,20.4,18.1,17.6,19.7,20.3,15.9,17.3,18.3,21.3,20.8,20.8,19.9,20.6,24.6,23.2,24.4,20.7,19.7,17.6,20.1,20.0,20.3,16.8,18.4
201907,Springwood (Valley Heights),15.5,18.0,18.1,13.3,14.5,16.2,17.3,17.6,15.3,16.0,16.8,17.5,12.8,15.1,16.2,19.6,19.1,19.4,18.7,17.4,22.0,20.5,21.2,19.3,17.5,17.5,18.5,18.3,18.5,15.0,
201907,Sydney (Observatory Hill),18.3,20.4,19.4,18.0,19.0,18.6,19.3,20.8,18.5,17.6,19.9,20.1,15.6,17.4,18.8,21.5,19.8,20.8,20.9,21.1,23.9,23.4,23.6,20.6,20.3,18.6,20.2,20.1,21.3,15.4,17.6
201907,Sydney Airport AMO,18.9,21.7,18.8,18.4,18.4,20.2,20.1,21.6,18.8,18.6,21.1,21.2,16.2,17.9,18.1,21.6,20.8,20.0,19.5,20.9,24.6,23.9,24.2,20.7,20.3,19.6,18.4,19.4,20.8,15.1,15.8
201907,Sydney Harbour (Wedding Cake West),18.0,21.7,18.6,18.0,17.9,18.7,17.7,19.4,17.0,16.6,18.7,19.4,14.8,16.2,16.9,19.8,19.0,19.6,18.7,17.5,21.1,21.3,23.9,18.2,17.9,17.7,17.6,18.1,19.2,15.1,15.7
201907,Sydney Olympic Park AWS (Archery Centre),18.0,20.7,19.7,16.3,16.9,19.1,19.3,20.9,18.3,17.9,20.1,20.4,15.8,17.5,18.1,21.4,19.9,20.7,20.5,20.6,24.0,23.7,23.0,20.4,20.6,19.0,20.3,19.3,21.0,15.5,17.3
201907,Terrey Hills AWS,16.3,18.3,17.6,15.5,16.7,17.2,18.2,18.7,16.1,15.7,18.1,18.6,13.6,15.3,15.8,18.9,18.2,18.1,17.8,18.4,22.7,20.3,21.7,18.5,18.1,18.3,17.8,17.2,18.9,13.9,15.0
201907,"Values are the maximum temperature, usually in the 24 hoursfrom9 am on the day indicated,and typically occurred in the afternoon of that day.",,,,,,,,,,,,,,,,,,,,,,,,,,,,,,,
201907,Temperatures coloured according to their differencefrom the long-termaveragefor the period,-10.0,-9.0,-8.0,-7.0,-6.0,-5.0,-4.0,-3.0,-2.0,-1.0,0.0,+1.0,+2.0,+3.0,+4.0,+5.0,+6.0,+7.0,+8.0,+9.0,+10.0,°C,Grey outline marks highestand lowest for the period,,,,,,,,
201908,Badgerys Creek AWS,20.1,19.3,22.0,19.0,20.4,20.4,23.1,20.3,16.5,14.8,15.3,18.8,19.1,18.7,20.9,24.9,20.8,23.8,16.2,20.6,21.8,20.0,18.6,24.9,23.4,15.1,19.1,22.3,15.2,15.9,19.0
201908,Bankstown Airport AWS,20.3,19.0,21.1,18.7,21.6,21.4,22.8,20.6,17.2,15.4,15.3,18.9,18.5,19.1,20.9,24.6,19.6,22.3,16.7,21.2,21.7,19.8,18.6,24.8,22.2,16.1,18.4,22.1,14.6,15.5,18.6
201908,Camden Airport AWS,20.6,19.7,23.1,19.8,20.5,21.3,23.0,20.8,16.4,14.7,15.0,19.0,19.2,19.4,20.8,25.1,20.9,23.3,15.6,20.0,20.3,19.7,18.8,25.3,24.0,15.4,18.4,21.7,14.0,17.3,19.8
201908,Campbelltown (Mount Annan),20.6,19.2,22.6,19.6,20.6,21.4,23.0,20.3,16.0,14.6,15.5,19.0,19.1,19.2,20.8,24.9,20.2,23.3,15.9,20.3,20.8,19.8,18.5,25.0,23.4,14.6,18.3,22.0,13.7,16.4,19.5
201908,Canterbury Racecourse AWS,20.3,18.3,20.8,18.4,20.7,21.0,22.9,20.0,17.0,15.2,15.8,18.1,17.9,19.0,20.5,24.5,18.0,20.8,16.4,20.6,21.5,19.8,18.7,24.6,22.2,15.6,17.2,21.9,13.8,15.1,17.3
201908,Cooranbong (Lake Macquarie AWS),19.3,17.2,23.0,18.6,19.3,21.3,23.4,23.3,18.1,15.3,15.0,18.4,18.9,18.9,21.8,25.2,19.6,22.6,17.3,21.9,22.5,21.7,18.8,25.4,23.7,18.9,19.5,21.8,16.1,13.5,16.9
201908,Gosford AWS,18.9,17.8,20.5,17.8,20.2,21.9,22.8,22.4,18.0,14.7,14.5,17.4,17.0,18.4,19.7,23.8,18.0,20.5,16.6,21.4,21.7,19.5,18.3,25.6,22.8,16.0,18.2,19.9,14.0,14.6,15.2
201908,Holsworthy Aerodrome AWS,19.7,18.6,20.8,18.6,20.4,21.0,22.1,19.6,16.6,14.8,15.2,18.7,17.8,18.3,20.4,24.2,18.5,21.8,15.3,20.0,20.7,19.5,18.4,24.5,21.9,14.8,17.9,21.6,13.6,16.2,18.1
201908,Holsworthy Defence AWS,20.0,18.8,21.4,17.4,19.9,21.0,22.1,19.6,15.7,13.9,15.4,18.3,18.2,18.9,20.1,24.4,17.4,21.9,15.2,19.8,20.0,17.4,18.4,24.8,21.7,14.2,15.8,21.7,12.5,15.4,17.1
201908,Horsley Park Equestrian Centre AWS,19.9,18.2,22.2,18.7,20.4,20.5,22.6,19.6,16.5,14.7,15.2,18.5,18.9,19.1,21.1,24.7,19.4,23.2,16.5,21.0,21.8,19.5,18.4,24.5,23.3,14.7,19.0,21.8,14.2,15.5,18.8
201908,Katoomba (Farnells Rd),13.9,14.8,17.4,15.0,15.8,15.7,14.9,,11.0,3.6,5.8,12.6,12.1,14.2,13.8,16.7,14.7,19.2,7.2,,12.5,12.5,15.8,,18.6,8.1,11.1,14.3,4.9,6.7,10.7
201908,Mangrove Mountain AWS,18.7,15.3,21.0,16.9,19.9,22.4,21.4,21.1,16.1,13.1,12.0,17.0,17.4,19.4,20.4,23.8,18.5,21.3,16.2,20.1,21.0,19.0,18.1,24.4,22.4,14.3,16.4,20.7,13.8,10.6,13.0
201908,Mount Boyce AWS,12.9,13.3,14.7,14.8,14.3,13.5,13.3,10.4,5.4,2.5,2.5,10.4,10.0,12.5,11.6,14.5,14.9,18.5,5.5,10.3,10.0,10.6,14.8,15.3,17.6,10.7,12.7,13.4,5.7,6.6,10.0
201908,Norah Head AWS,17.9,17.3,21.0,17.4,21.2,21.2,23.1,23.4,18.3,15.4,15.5,16.3,17.2,18.1,20.3,22.9,17.8,20.9,17.4,21.2,22.3,19.8,18.4,24.9,22.8,17.3,17.8,20.3,15.2,15.7,16.2
201908,Parramatta North (Masons Drive),20.2,18.3,22.2,18.6,21.0,21.6,22.6,20.2,17.0,16.5,15.0,19.0,18.3,19.5,21.0,24.5,19.5,22.0,16.7,21.0,22.0,19.3,18.6,25.0,23.0,15.3,18.2,22.0,14.5,15.0,17.3
201908,Penrith Lakes AWS,20.8,19.6,22.5,18.7,21.5,20.7,23.8,21.2,17.3,15.2,16.1,19.2,19.9,19.3,22.0,25.5,21.3,24.7,17.6,22.5,22.7,22.1,19.9,26.0,24.7,14.6,21.0,23.3,14.9,16.3,19.8
201908,Richmond RAAF,20.3,19.0,21.8,18.6,21.5,21.9,23.5,22.2,17.6,15.2,15.9,19.1,18.2,19.6,22.2,25.2,,24.8,17.3,22.6,22.5,21.3,19.5,26.2,24.2,15.3,19.2,22.3,15.2,15.7,19.7
201908,Springwood (Valley Heights),18.0,17.0,20.0,15.8,18.8,20.9,21.5,18.4,14.5,12.5,14.2,17.3,17.5,17.0,20.1,22.2,18.6,22.2,14.3,19.5,19.6,19.5,17.3,23.3,21.9,13.5,16.8,20.4,12.0,14.1,16.5
201908,Sydney (Observatory Hill),20.5,18.9,22.5,19.3,19.7,19.3,23.4,20.2,17.2,15.5,16.1,19.0,18.6,19.3,21.1,24.6,20.4,19.9,16.8,21.7,22.0,18.6,19.7,25.5,22.9,15.8,17.5,21.1,14.5,14.8,17.3
201908,Sydney Airport AMO,20.1,17.4,21.4,17.8,21.2,20.4,23.5,21.5,18.3,16.0,16.5,16.4,17.0,19.6,21.8,25.8,17.4,21.3,17.4,21.5,22.3,19.5,19.9,25.9,21.0,15.8,15.8,20.2,15.0,15.5,16.4
201908,Sydney Harbour (Wedding Cake West),19.3,17.5,19.9,17.4,18.2,17.9,20.8,19.9,16.4,14.2,14.5,16.7,16.5,16.8,18.4,21.2,17.1,18.4,15.3,19.4,20.0,18.0,17.6,22.8,19.7,15.8,16.6,18.7,15.5,16.0,16.9
201908,Sydney Olympic Park AWS (Archery Centre),20.0,18.2,22.1,19.4,22.0,20.7,23.5,20.6,17.2,15.9,16.8,19.2,18.3,19.4,21.3,25.4,18.9,22.5,17.1,21.7,22.6,20.0,19.5,25.7,23.8,15.7,17.9,22.9,13.9,14.9,17.5
201908,Terrey Hills AWS,19.0,16.1,20.3,16.7,18.9,20.0,21.1,19.8,15.7,13.2,14.1,16.1,16.6,17.8,19.1,22.8,17.1,19.1,15.3,19.7,21.1,18.1,17.4,24.1,21.4,14.0,16.1,19.6,12.4,12.8,14.4
201908,"Values are the maximum temperature, usually in the 24 hoursfrom9 am on the day indicated,and typically occurred in the afternoon of that day.",,,,,,,,,,,,,,,,,,,,,,,,,,,,,,,
201908,Temperatures coloured according to their differencefrom the long-termaveragefor the period,-10.0,-9.0,-8.0,-7.0,-6.0,-5.0,-4.0,-3.0,-2.0,-1.0,0.0,+1.0,+2.0,+3.0,+4.0,+5.0,+6.0,+7.0,+8.0,+9.0,+10.0,°C,Grey outline marks highestand lowest for the period,,,,,,,,
201909,Badgerys Creek AWS,24.0,22.3,25.7,28.5,24.8,30.5,18.3,19.1,18.6,19.1,22.3,26.3,23.5,23.3,29.4,30.0,13.6,16.0,21.5,22.9,25.8,26.1,22.0,21.5,21.0,22.4,26.6,22.1,24.0,20.1,
201909,Bankstown Airport AWS,23.8,22.0,24.5,28.4,23.0,30.2,18.8,19.3,,,21.9,26.7,22.0,21.6,29.1,28.8,14.3,16.7,21.3,22.5,26.6,24.7,22.7,22.2,21.3,22.2,26.6,21.5,23.8,19.9,
201909,Camden Airport AWS,24.3,22.2,26.2,28.3,24.9,30.2,17.6,18.6,18.1,19.1,22.4,25.6,23.9,24.0,29.9,30.5,14.1,17.0,21.6,23.3,26.6,25.2,21.9,22.3,21.3,23.3,26.2,22.6,24.1,20.8,
201909,Campbelltown (Mount Annan),24.1,22.5,26.1,28.2,24.8,30.0,17.6,18.8,17.7,19.0,22.2,25.7,23.6,23.2,30.0,29.7,13.6,16.6,21.5,23.5,26.5,25.4,21.8,22.4,20.9,23.3,26.6,21.8,24.3,20.3,
201909,Canterbury Racecourse AWS,23.5,19.9,23.1,27.7,21.8,29.7,18.6,19.0,17.7,16.5,20.0,26.0,20.1,19.6,27.6,27.2,14.7,16.7,21.3,21.8,24.7,23.3,21.4,21.7,20.0,20.9,25.7,19.2,21.9,18.6,
201909,Cooranbong (Lake Macquarie AWS),22.1,22.1,24.2,25.3,22.9,32.1,19.7,19.8,18.3,,19.9,27.1,20.3,20.1,27.0,28.6,16.8,20.2,20.6,22.1,26.0,23.9,22.8,20.2,21.4,20.8,26.6,20.5,21.0,19.0,
201909,Gosford AWS,21.5,20.5,23.3,25.5,21.6,29.8,19.1,19.0,17.5,15.4,18.7,26.5,19.7,19.6,26.6,28.5,16.0,19.7,21.6,21.5,24.1,22.3,21.9,19.9,20.8,20.4,24.7,19.8,20.6,18.9,
201909,Holsworthy Aerodrome AWS,23.5,21.1,24.0,27.7,22.9,29.2,17.8,18.8,17.4,17.5,,25.8,21.2,20.5,28.5,28.4,14.5,16.1,20.7,21.9,25.5,24.3,21.2,22.0,20.0,21.8,26.2,20.5,23.1,18.6,
201909,Holsworthy Defence AWS,24.0,19.8,24.9,27.5,23.2,28.6,16.9,18.8,17.6,17.0,21.5,25.1,21.7,19.7,29.3,27.6,13.5,15.8,20.6,21.2,25.3,25.1,21.6,22.3,18.9,21.9,26.5,20.3,23.7,17.2,
201909,Horsley Park Equestrian Centre AWS,23.3,22.0,25.0,28.1,24.1,29.8,18.0,19.0,17.3,19.1,21.4,25.8,23.2,22.1,29.1,29.6,13.4,16.8,20.8,22.3,25.4,24.9,21.3,22.0,21.1,22.4,26.0,21.6,23.6,20.2,
201909,Katoomba (Farnells Rd),17.5,,21.0,21.1,21.2,22.3,7.4,11.2,9.4,12.3,18.3,17.0,21.2,20.2,24.2,23.0,5.8,11.1,14.3,,20.7,17.8,,16.0,,18.3,18.8,18.8,,,
201909,Mangrove Mountain AWS,20.5,20.3,24.2,27.0,24.0,29.8,17.5,17.8,15.7,15.1,20.6,24.9,20.1,19.9,26.6,28.8,13.9,16.9,19.6,21.9,25.1,22.4,21.0,20.6,20.4,20.1,25.1,20.8,22.9,17.5,
201909,Mount Boyce AWS,16.3,15.6,19.4,19.4,20.8,23.5,5.8,8.7,7.8,12.1,17.0,15.2,20.0,19.6,22.4,21.9,6.1,11.8,16.4,18.3,20.2,16.5,11.3,14.3,17.2,17.5,16.7,16.7,17.7,15.2,
201909,Norah Head AWS,21.0,20.0,20.7,23.3,22.1,28.3,19.5,18.9,17.0,15.6,19.5,26.5,21.6,19.6,24.5,26.7,17.6,20.2,21.9,23.5,21.4,22.3,22.1,19.8,21.1,23.6,23.4,18.5,22.3,18.5,
201909,Parramatta North (Masons Drive),23.5,21.8,24.6,28.0,23.2,30.0,18.3,19.3,17.8,17.9,20.8,,,,,,,,,,,,,,,,,,,,
201909,Penrith Lakes AWS,24.5,23.8,26.1,29.8,25.8,30.6,19.3,20.3,18.6,20.5,23.3,27.5,24.7,25.1,30.3,31.2,12.9,16.1,22.6,24.8,28.4,26.1,22.8,22.8,22.8,24.2,27.2,24.3,24.7,21.3,
201909,Richmond RAAF,23.5,23.4,25.9,29.5,26.0,32.2,19.0,20.2,18.5,19.2,22.3,27.1,24.4,24.1,29.1,31.0,12.6,16.0,22.2,24.3,28.2,26.4,23.1,22.6,22.0,23.8,27.0,23.5,24.2,21.5,
201909,Springwood (Valley Heights),22.0,21.8,23.0,27.5,23.0,23.2,16.4,18.2,16.3,17.4,20.4,19.5,22.0,22.5,27.4,29.1,10.9,15.0,20.2,21.4,26.0,24.5,20.8,21.1,20.0,21.1,25.1,23.2,22.2,18.5,
201909,Sydney (Observatory Hill),23.4,20.6,23.2,27.7,20.8,28.8,19.2,19.9,17.4,17.4,19.2,26.8,19.6,20.5,27.7,27.0,14.6,17.9,20.6,20.6,23.0,22.5,22.4,20.7,21.9,20.8,25.3,21.7,21.1,18.6,
201909,Sydney Airport AMO,23.3,19.1,23.7,29.2,21.7,30.4,20.3,20.1,17.4,16.4,20.7,27.6,20.1,19.8,28.6,28.7,15.7,17.5,21.9,23.0,24.1,23.4,22.0,22.1,20.2,22.1,27.7,19.0,22.3,18.1,
201909,Sydney Harbour (Wedding Cake West),19.8,18.4,20.9,27.1,19.9,29.9,17.7,18.0,16.1,15.2,17.0,24.7,17.9,17.5,22.7,27.1,16.0,18.1,19.1,18.8,20.9,20.2,20.0,18.1,19.7,18.7,23.1,17.3,18.0,17.7,
201909,Sydney Olympic Park AWS (Archery Centre),23.6,21.3,24.2,28.2,22.2,29.4,19.6,19.6,18.3,17.8,21.2,26.9,20.9,20.4,27.8,27.5,14.4,16.7,22.1,23.0,26.6,23.9,22.4,22.6,21.4,22.3,25.9,20.8,23.6,19.4,
201909,Terrey Hills AWS,20.7,19.0,21.9,26.1,20.5,28.1,17.2,17.8,15.7,14.8,19.3,24.9,18.3,18.4,26.1,27.2,13.5,16.8,19.9,20.0,22.8,20.4,20.4,19.9,19.7,20.2,22.8,19.1,20.9,16.4,
201909,"Values are the maximum temperature, usually in the 24 hoursfrom9 am on the day indicated,and typically occurred in the afternoon of that day.",,,,,,,,,,,,,,,,,,,,,,,,,,,,,,,
201909,Temperatures coloured according to their differencefrom the long-termaveragefor the period,-10.0,-9.0,-8.0,-7.0,-6.0,-5.0,-4.0,-3.0,-2.0,-1.0,0.0,+1.0,+2.0,+3.0,+4.0,+5.0,+6.0,+7.0,+8.0,+9.0,+10.0,°C,Grey outline marks highestand lowest for the period,,,,,,,,
201910,Badgerys Creek AWS,21.9,27.9,30.9,33.5,17.8,26.0,25.6,23.1,19.8,20.6,17.5,16.9,20.5,25.5,28.6,25.1,26.9,26.8,28.8,23.4,25.6,28.9,30.9,32.5,36.1,29.9,25.6,23.7,29.4,32.7,32.5
201910,Bankstown Airport AWS,21.8,28.4,31.2,33.9,18.6,25.8,23.9,23.5,19.7,20.3,18.2,18.2,19.9,25.4,27.6,26.6,28.4,27.0,29.3,22.2,24.7,27.4,28.6,29.4,36.3,31.5,24.3,23.0,27.7,31.0,
201910,Camden Airport AWS,22.2,28.6,31.3,33.4,18.1,26.1,26.6,23.1,21.0,21.8,18.2,18.0,21.4,26.2,29.1,25.3,26.5,27.1,28.7,24.1,26.5,29.9,31.9,33.3,36.9,30.2,26.6,24.2,30.4,33.3,33.5
201910,Campbelltown (Mount Annan),22.3,28.2,31.1,33.5,17.7,26.1,25.5,23.0,20.5,21.1,18.4,18.5,20.8,26.2,29.1,25.9,27.0,26.8,28.3,24.0,26.1,29.4,31.2,33.1,37.0,30.3,26.0,23.4,29.9,33.0,32.9
201910,Canterbury Racecourse AWS,20.8,26.0,30.5,33.1,18.6,24.1,21.7,23.2,18.3,18.9,18.6,18.1,18.9,23.1,25.6,25.2,27.6,24.9,28.5,21.1,23.5,24.8,25.4,27.0,35.4,30.6,22.7,21.4,25.7,29.1,29.1
201910,Cooranbong (Lake Macquarie AWS),20.1,24.0,27.9,33.8,18.9,25.8,23.7,26.2,18.9,19.5,18.9,17.4,19.4,22.1,24.7,23.9,31.1,22.9,29.7,20.9,22.7,23.4,24.7,28.8,34.9,33.3,23.2,23.2,24.6,26.9,27.9
201910,Gosford AWS,19.7,24.3,27.7,33.7,18.2,24.2,22.4,24.9,17.9,18.9,17.9,17.7,19.6,23.0,24.7,23.4,29.4,22.1,29.0,20.5,22.1,24.3,25.5,28.5,35.9,33.2,22.1,22.4,24.9,27.1,26.3
201910,Holsworthy Aerodrome AWS,21.1,28.0,30.8,33.2,18.3,24.9,23.5,22.7,19.0,19.6,18.9,17.4,19.2,24.5,27.1,26.1,27.1,26.4,28.8,21.3,24.3,27.6,28.6,28.4,36.1,30.4,23.9,22.5,28.3,30.0,29.7
201910,Holsworthy Defence AWS,21.8,28.9,31.8,33.6,17.4,25.3,23.2,23.6,17.9,18.9,16.8,15.9,18.9,25.1,27.5,26.1,27.1,26.6,29.0,23.2,25.2,27.7,29.8,31.0,37.2,30.3,24.1,21.0,28.5,31.6,31.1
201910,Horsley Park Equestrian Centre AWS,21.6,27.9,30.8,33.3,17.5,26.5,24.5,22.6,19.3,20.0,17.1,17.6,19.9,25.5,27.9,26.2,27.1,26.8,28.2,23.1,24.9,28.4,30.1,31.3,36.2,30.1,25.5,23.1,29.0,33.0,31.6
201910,Katoomba (Farnells Rd),19.7,22.3,,25.0,14.3,27.8,25.2,16.9,15.2,15.7,10.3,8.7,14.7,20.7,25.0,24.2,17.4,20.8,20.2,19.0,21.7,,26.5,27.8,28.0,25.7,21.7,18.4,,,26.8
201910,Mangrove Mountain AWS,18.8,25.8,29.0,32.6,17.4,26.4,24.1,24.6,17.8,18.9,17.3,16.0,17.6,24.6,26.4,26.5,28.5,25.2,27.8,21.1,,,,,34.9,31.8,24.8,23.3,26.5,28.9,29.9
201910,Mount Boyce AWS,17.3,21.2,23.3,24.1,14.7,26.8,25.1,13.6,16.2,15.8,11.6,9.3,15.7,20.2,25.3,23.7,15.8,19.2,18.6,19.0,21.6,24.7,25.5,26.5,27.5,18.7,20.2,19.4,25.7,25.7,28.0
201910,Norah Head AWS,22.5,23.9,26.7,33.3,20.4,22.1,22.3,24.8,17.0,18.3,20.5,18.7,20.2,23.7,25.9,22.7,27.7,21.7,29.6,21.8,21.9,25.3,25.8,25.4,34.3,32.7,23.3,24.2,26.6,23.5,26.5
201910,Parramatta North (Masons Drive),,28.0,30.8,33.0,18.0,28.0,23.3,23.7,19.2,20.0,17.0,17.2,19.6,24.7,27.0,25.0,27.4,26.7,28.3,22.3,23.5,27.5,28.8,29.5,35.5,31.0,23.8,22.3,27.4,30.3,29.5
201910,Penrith Lakes AWS,23.1,29.0,31.8,34.3,18.4,27.5,27.7,25.3,22.0,22.2,19.4,16.7,22.0,26.7,30.3,27.6,28.4,28.0,29.6,24.8,26.7,30.4,32.7,34.0,38.3,32.4,27.8,25.6,31.1,34.4,33.9
201910,Richmond RAAF,22.5,28.0,30.7,34.0,18.1,27.4,27.7,25.2,21.1,21.3,19.3,16.7,21.3,26.0,29.8,27.2,28.6,27.8,29.4,23.5,26.2,29.4,31.8,33.9,35.9,31.3,26.5,24.5,29.5,31.9,32.4
201910,Springwood (Valley Heights),20.3,26.5,30.3,32.2,15.7,25.0,26.0,23.0,20.0,19.6,16.0,14.4,18.8,23.8,27.2,24.0,25.7,26.3,27.0,21.9,24.0,24.0,29.5,31.3,34.3,28.0,24.5,22.7,27.2,25.4,30.5
201910,Sydney (Observatory Hill),19.8,22.0,29.3,33.5,19.4,22.2,23.9,24.0,19.3,21.1,18.3,20.4,19.2,21.9,24.0,23.0,28.4,24.3,28.7,22.3,22.6,23.7,24.2,27.5,37.2,31.4,23.5,23.0,24.5,26.4,26.0
201910,Sydney Airport AMO,21.3,25.6,31.1,34.7,18.9,23.6,22.6,23.3,17.6,18.9,19.0,19.2,19.9,23.6,26.1,25.8,29.7,25.0,30.0,21.5,23.8,25.1,26.5,28.1,38.2,32.5,22.5,22.3,26.8,29.2,28.0
201910,Sydney Harbour (Wedding Cake West),17.7,19.8,27.3,31.9,18.2,19.4,20.2,21.4,16.8,17.2,16.8,17.5,17.9,18.8,20.5,20.3,27.4,20.9,27.4,18.7,19.5,19.6,20.0,27.8,33.8,30.6,21.0,19.7,20.5,22.0,21.5
201910,Sydney Olympic Park AWS (Archery Centre),20.9,26.8,31.3,33.6,18.5,26.6,23.2,24.4,19.2,,18.7,18.3,19.7,25.1,26.7,25.1,28.6,26.5,29.4,22.2,24.1,26.4,28.4,28.8,36.3,32.2,23.8,22.3,27.9,29.6,28.6
201910,Terrey Hills AWS,18.9,23.4,28.4,32.1,16.5,22.2,21.8,22.5,17.4,18.1,15.3,16.6,17.8,21.5,24.0,23.6,26.5,22.5,27.3,19.3,21.3,23.5,23.5,28.5,34.7,30.6,21.0,19.5,24.1,27.1,25.4
201910,"Values are the maximum temperature, usually in the 24 hoursfrom9 am on the day indicated,and typically occurred in the afternoon of that day.",,,,,,,,,,,,,,,,,,,,,,,,,,,,,,,
201910,Temperatures coloured according to their differencefrom the long-termaveragefor the period,-10.0,-9.0,-8.0,-7.0,-6.0,-5.0,-4.0,-3.0,-2.0,-1.0,0.0,+1.0,+2.0,+3.0,+4.0,+5.0,+6.0,+7.0,+8.0,+9.0,+10.0,°C,Grey outline marks highestand lowest for the period,,,,,,,,
201911,Badgerys Creek AWS,31.1,34.1,31.7,27.8,21.9,30.4,30.8,30.4,22.6,27.3,30.5,36.4,27.6,29.4,34.3,25.1,24.5,30.5,38.2,26.9,35.8,29.6,23.3,24.9,36.0,34.5,27.6,31.9,34.6,26.0,
201911,Bankstown Airport AWS,,31.8,31.7,25.1,21.4,30.5,31.8,30.8,22.3,26.4,29.4,36.8,25.5,28.4,34.4,23.6,23.8,28.6,37.6,24.6,30.9,26.1,23.6,24.2,33.9,35.3,25.2,29.4,32.3,24.1,
201911,Camden Airport AWS,31.7,34.2,33.2,28.4,21.3,30.3,30.9,30.3,21.9,26.9,31.4,36.8,27.4,30.4,34.4,25.6,24.7,31.5,38.0,27.9,36.6,30.7,24.5,24.7,36.1,35.4,28.2,32.2,34.5,27.0,
201911,Campbelltown (Mount Annan),31.8,33.2,32.6,27.8,21.7,30.4,30.7,30.0,21.8,27.1,30.7,36.7,27.2,30.0,33.5,24.5,24.0,30.9,38.0,27.0,34.8,29.4,25.0,24.6,35.7,34.7,27.7,31.9,33.2,26.9,
201911,Canterbury Racecourse AWS,26.1,28.1,30.9,23.8,18.7,28.7,30.4,30.1,19.4,23.6,26.5,35.9,22.8,25.1,32.9,22.2,21.5,26.1,35.1,23.8,28.1,23.2,22.2,23.0,31.4,35.1,23.5,27.1,30.0,22.8,
201911,Cooranbong (Lake Macquarie AWS),26.5,29.0,33.5,25.6,20.0,29.4,33.7,31.8,22.6,24.9,27.0,36.8,24.7,25.1,33.4,23.4,25.1,26.0,33.5,24.5,33.1,34.3,24.8,24.7,29.8,36.2,23.6,26.5,28.2,25.7,
201911,Gosford AWS,26.3,28.2,32.6,24.5,18.8,27.1,33.0,30.3,20.2,23.8,27.0,35.5,23.7,25.0,30.7,22.8,22.9,25.7,32.9,23.9,27.6,22.1,22.5,24.1,32.2,35.6,22.0,25.8,28.6,22.5,
201911,Holsworthy Aerodrome AWS,28.1,31.1,31.2,24.7,19.6,30.3,31.2,29.9,21.5,25.9,29.6,36.2,24.9,28.2,33.9,22.6,23.0,28.9,37.1,24.7,31.1,25.5,23.4,23.5,33.5,34.6,24.5,28.1,30.3,23.9,
201911,Holsworthy Defence AWS,29.4,31.8,31.4,24.4,18.7,30.3,30.8,29.6,21.2,26.7,30.3,36.3,26.4,28.5,33.4,22.4,21.0,29.8,37.3,24.6,33.3,24.2,24.9,22.9,34.2,32.9,25.5,29.7,32.0,24.8,
201911,Horsley Park Equestrian Centre AWS,30.4,33.5,33.0,27.1,20.9,30.2,30.6,29.6,22.4,26.9,30.2,36.4,27.1,29.2,33.5,24.1,23.7,30.1,37.7,25.9,34.8,27.8,23.1,24.4,34.9,35.2,27.1,30.6,34.2,26.4,
201911,Katoomba (Farnells Rd),27.1,26.9,23.8,21.2,16.7,23.2,21.7,20.7,,21.5,25.0,27.2,19.9,25.0,26.2,24.4,20.0,25.3,30.8,25.1,32.2,,27.8,20.0,29.0,25.6,25.2,,30.4,25.3,
201911,Mangrove Mountain AWS,28.5,30.7,32.8,26.1,18.9,29.6,30.3,29.3,21.8,26.0,28.6,34.8,25.3,25.6,28.8,22.2,23.6,27.1,32.1,24.8,31.7,33.5,25.1,21.9,33.5,34.2,24.4,28.6,32.2,26.3,
201911,Mount Boyce AWS,28.1,27.2,22.3,19.7,16.6,21.1,20.1,19.6,12.8,18.5,23.6,26.6,18.9,22.4,23.5,23.7,21.9,24.3,29.1,25.3,33.4,31.9,28.9,18.5,27.9,25.8,24.8,27.8,30.3,25.2,
201911,Norah Head AWS,26.0,23.3,24.9,23.3,19.0,25.7,31.4,31.2,19.5,23.6,25.7,36.2,22.6,25.7,29.3,24.4,23.1,26.7,31.5,24.7,28.3,21.7,25.0,23.1,27.9,34.5,23.2,27.2,27.2,22.0,
201911,Parramatta North (Masons Drive),28.3,31.5,32.4,24.8,20.0,30.2,32.0,30.2,20.3,26.5,30.0,36.0,26.0,28.2,33.2,23.3,23.0,27.5,31.8,25.0,32.0,25.0,22.2,24.0,33.5,34.7,25.3,28.3,33.2,24.0,
201911,Penrith Lakes AWS,32.9,36.5,33.4,30.0,22.9,31.5,31.3,31.5,23.6,29.4,31.8,38.0,28.8,29.9,34.7,27.4,26.1,32.8,39.1,28.2,36.4,29.9,24.5,25.8,35.8,36.6,29.4,33.4,36.1,28.5,
201911,Richmond RAAF,31.9,33.8,32.5,29.2,21.7,30.6,31.7,31.0,23.1,29.0,31.0,37.1,28.0,28.5,33.9,25.9,26.1,30.4,38.7,27.7,36.2,28.3,23.0,25.5,34.7,36.4,28.4,32.9,35.0,25.7,
201911,Springwood (Valley Heights),29.8,32.4,30.5,27.0,21.0,28.9,28.9,28.0,21.3,27.0,30.1,34.5,26.0,28.3,31.8,24.9,23.5,31.0,36.7,26.0,32.5,28.3,21.0,21.9,32.5,33.3,26.0,30.2,32.0,25.7,
201911,Sydney (Observatory Hill),25.1,26.7,30.0,24.7,20.3,27.7,31.7,30.7,21.9,25.2,26.9,36.5,24.2,24.9,31.1,22.6,23.4,26.2,32.2,23.9,26.6,25.8,21.9,25.3,28.5,35.4,22.5,24.6,27.6,23.6,
201911,Sydney Airport AMO,27.5,27.9,32.9,24.4,19.1,30.5,30.8,32.1,19.9,23.9,27.8,37.9,22.2,26.1,33.8,22.9,22.3,27.2,34.9,23.9,29.4,22.0,22.3,23.4,32.1,37.2,23.0,27.8,29.5,22.7,
201911,Sydney Harbour (Wedding Cake West),20.7,20.2,22.5,21.2,17.5,25.5,28.4,29.0,18.4,20.3,25.4,35.3,19.4,23.0,30.9,19.9,19.7,20.8,27.5,21.2,21.9,20.6,20.6,21.6,25.3,32.9,,,23.5,21.0,
201911,Sydney Olympic Park AWS (Archery Centre),27.4,32.7,34.0,24.4,19.7,30.3,32.1,31.1,22.4,26.6,28.7,37.3,25.5,27.4,34.3,23.3,22.7,28.7,37.3,24.4,30.7,24.0,22.6,25.1,33.0,35.2,24.1,27.6,30.6,24.3,
201911,Terrey Hills AWS,25.0,27.5,30.8,22.3,17.2,26.8,30.2,29.5,19.1,23.1,25.5,35.7,21.7,23.3,32.0,20.8,20.6,26.3,32.2,22.3,26.4,23.5,21.5,22.5,31.0,32.7,20.8,24.7,27.9,21.1,
201911,"Values are the maximum temperature, usually in the 24 hoursfrom9 am on the day indicated,and typically occurred in the afternoon of that day.",,,,,,,,,,,,,,,,,,,,,,,,,,,,,,,
201911,Temperatures coloured according to their differencefrom the long-termaveragefor the period,-10.0,-9.0,-8.0,-7.0,-6.0,-5.0,-4.0,-3.0,-2.0,-1.0,0.0,+1.0,+2.0,+3.0,+4.0,+5.0,+6.0,+7.0,+8.0,+9.0,+10.0,°C,Grey outline marks highestand lowest for the period,,,,,,,,
201912,Badgerys Creek AWS,26.9,24.2,30.4,31.0,34.2,33.5,29.8,27.5,30.9,39.5,27.5,26.5,25.0,32.0,32.3,25.4,28.4,34.7,41.8,30.1,41.4,23.1,26.9,29.4,29.5,33.5,33.3,38.7,35.7,39.6,44.6
201912,Bankstown Airport AWS,24.7,23.6,29.6,30.6,34.1,31.5,29.9,26.2,28.4,38.2,25.5,23.7,24.4,29.9,32.0,25.2,26.0,30.7,40.8,28.2,39.5,24.1,25.8,27.4,28.0,30.7,30.5,33.9,32.1,35.1,44.9
201912,Camden Airport AWS,27.3,22.3,28.3,30.6,33.1,31.9,29.3,27.5,31.3,38.9,27.4,26.1,26.2,32.2,32.9,26.0,28.6,35.4,41.8,30.4,41.1,24.1,27.4,29.3,30.1,33.5,33.7,39.3,36.2,39.9,44.0
201912,Campbelltown (Mount Annan),26.4,21.3,28.2,30.5,32.8,32.6,30.4,27.6,31.1,38.3,26.8,25.1,25.8,30.6,32.2,25.0,28.3,34.5,40.0,29.6,41.2,24.2,27.6,28.3,29.7,32.7,32.9,37.9,35.1,38.9,43.1
201912,Canterbury Racecourse AWS,23.6,23.2,29.3,30.0,33.5,28.7,26.8,25.5,26.6,36.4,22.4,22.7,23.9,28.2,28.9,22.6,24.9,27.7,40.8,27.0,34.3,22.1,24.6,27.6,27.7,28.5,28.8,31.1,29.5,31.7,42.3
201912,Cooranbong (Lake Macquarie AWS),23.9,23.2,31.0,32.4,33.9,30.9,28.1,25.6,27.4,40.0,24.9,23.6,25.0,29.0,28.3,24.2,25.2,26.5,40.5,27.7,41.3,22.6,23.3,27.2,27.4,28.6,28.1,31.2,32.8,34.8,43.0
201912,Gosford AWS,22.6,23.1,27.7,30.6,34.0,29.4,27.6,24.9,26.5,31.6,23.0,23.6,23.6,27.5,28.9,23.1,24.2,27.4,42.1,26.3,34.3,21.4,23.6,26.5,27.6,28.7,28.4,30.7,31.8,33.7,43.0
201912,Holsworthy Aerodrome AWS,24.4,21.5,28.7,30.3,32.5,30.8,27.9,25.1,27.9,38.3,24.2,23.3,23.1,29.4,32.3,,,31.5,40.4,26.6,40.6,22.2,25.3,26.5,27.9,30.3,30.0,34.0,32.0,34.9,44.5
201912,Holsworthy Defence AWS,25.0,20.8,27.4,30.9,31.9,33.1,27.7,24.9,28.2,39.3,22.8,22.4,23.2,29.6,31.9,22.4,25.7,33.0,39.7,27.6,41.5,21.1,26.7,25.6,28.0,31.0,30.6,35.7,34.0,37.1,43.6
201912,Horsley Park Equestrian Centre AWS,25.8,22.2,30.6,31.4,35.3,34.0,29.3,27.1,30.7,39.4,26.5,25.5,25.2,31.4,32.2,25.5,27.6,33.8,41.2,29.5,41.3,23.8,25.8,28.8,29.5,33.1,32.2,37.1,33.9,38.1,44.4
201912,Katoomba (Farnells Rd),,22.4,21.1,24.7,,27.2,29.9,22.7,27.4,36.6,24.8,22.1,20.5,30.6,28.7,23.2,26.0,29.6,35.2,30.5,39.5,13.7,21.7,,22.8,27.8,28.1,33.0,34.3,34.8,37.0
201912,Mangrove Mountain AWS,23.5,20.6,28.2,29.8,31.6,31.5,26.5,25.5,28.0,39.0,24.8,23.8,23.4,29.4,31.0,22.9,25.1,30.9,39.7,28.1,42.4,,,,,,,,35.8,,
201912,Mount Boyce AWS,21.6,10.3,19.2,22.5,25.8,25.5,26.7,23.6,29.2,34.4,27.2,23.7,22.0,28.2,26.9,25.1,26.2,30.3,34.3,27.0,37.5,16.1,23.0,25.0,26.1,29.1,30.6,34.0,35.3,34.5,36.1
201912,Norah Head AWS,23.4,23.6,26.4,28.8,27.6,25.2,24.6,24.5,26.7,27.7,22.4,25.3,27.8,26.7,28.8,22.3,25.5,28.0,34.4,26.7,29.3,22.3,24.8,26.6,29.6,29.2,29.4,29.3,25.1,26.6,25.5
201912,Parramatta North (Masons Drive),24.2,22.8,30.6,32.2,35.2,33.2,28.6,25.7,28.2,38.2,24.3,23.7,23.8,30.5,32.0,24.2,25.7,32.3,41.2,28.2,39.5,23.0,25.0,28.0,29.5,31.2,30.7,37.5,32.5,36.5,44.0
201912,Penrith Lakes AWS,28.7,23.7,31.8,34.1,36.5,35.8,31.8,29.7,31.7,41.2,28.4,28.2,26.8,33.0,35.3,27.7,30.4,36.3,42.5,32.6,40.7,23.5,27.3,31.3,31.5,35.6,36.2,41.1,36.0,41.4,46.3
201912,Richmond RAAF,27.3,24.2,30.9,33.7,36.2,36.2,30.9,28.9,31.0,42.4,27.3,27.2,26.5,32.6,37.1,26.7,30.3,36.5,41.1,32.3,36.4,23.1,26.8,30.8,31.4,34.7,34.9,41.0,38.0,41.5,45.0
201912,Springwood (Valley Heights),28.5,20.8,28.8,31.5,33.4,33.0,28.7,26.5,28.9,40.2,25.5,25.1,23.5,30.0,33.2,25.0,27.2,35.0,40.2,29.2,41.7,20.0,23.9,28.0,31.6,31.6,33.1,37.3,34.2,32.8,43.5
201912,Sydney (Observatory Hill),22.0,23.1,28.4,30.6,34.4,24.7,25.1,24.5,24.6,30.1,24.7,22.8,23.4,26.0,26.5,24.1,24.1,26.2,39.3,25.9,28.7,23.5,24.0,26.9,26.6,27.2,27.0,28.7,26.3,27.3,35.3
201912,Sydney Airport AMO,24.1,23.6,28.0,31.0,33.9,28.4,26.5,26.2,27.4,35.0,22.5,23.4,23.5,27.6,29.1,22.9,24.8,28.5,42.4,26.6,32.5,21.7,26.5,28.0,27.9,30.2,29.9,30.7,29.5,31.0,40.3
201912,Sydney Harbour (Wedding Cake West),21.8,21.4,26.1,26.4,32.3,22.7,21.8,21.6,21.9,23.8,20.3,20.2,21.5,22.5,24.2,20.8,21.2,23.0,28.8,23.1,26.7,19.9,22.1,24.0,23.2,23.6,23.6,23.0,22.8,22.5,28.9
201912,Sydney Olympic Park AWS (Archery Centre),24.6,24.1,30.8,31.5,35.8,29.0,28.6,26.6,27.7,35.8,23.6,23.9,24.1,29.0,31.8,23.7,25.1,29.9,42.0,26.9,35.7,23.2,25.4,28.3,28.6,30.7,30.1,33.8,30.7,33.2,44.4
201912,Terrey Hills AWS,21.0,21.3,27.9,28.6,33.6,32.4,25.3,23.7,24.5,34.2,21.9,20.9,21.8,25.3,27.4,21.7,22.6,27.2,39.9,25.1,33.3,21.0,23.4,25.6,25.9,27.6,27.6,29.7,29.4,31.3,41.8
201912,"Values are the maximum temperature, usually in the 24 hoursfrom9 am on the day indicated,and typically occurred in the afternoon of that day.",,,,,,,,,,,,,,,,,,,,,,,,,,,,,,,
201912,Temperatures coloured according to their differencefrom the long-termaveragefor the period,-10.0,-9.0,-8.0,-7.0,-6.0,-5.0,-4.0,-3.0,-2.0,-1.0,0.0,+1.0,+2.0,+3.0,+4.0,+5.0,+6.0,+7.0,+8.0,+9.0,+10.0,°C,Grey outline marks highestand lowest for the period,,,,,,,,
202001,Badgerys Creek AWS,30.5,28.8,34.8,47.6,28.3,23.8,34.4,27.3,26.5,37.6,22.5,20.5,26.7,30.1,31.6,30.1,22.4,24.2,23.6,32.3,33.2,35.2,42.4,27.6,32.0,39.1,33.1,35.1,30.9,34.4,39.6
202001,Bankstown Airport AWS,27.4,27.4,32.6,47.0,26.7,24.2,32.4,27.9,26.7,33.0,23.0,21.7,26.4,28.6,30.1,30.3,22.5,24.8,24.6,30.9,32.0,32.8,41.8,27.1,29.8,37.7,30.4,32.5,28.7,32.0,35.5
202001,Camden Airport AWS,31.2,28.1,35.2,46.2,27.9,24.2,34.8,27.5,26.3,37.4,22.9,20.9,26.9,30.0,31.8,30.5,22.6,24.4,24.1,30.6,32.6,35.0,40.7,27.6,29.4,37.4,33.0,34.9,30.5,33.7,38.5
202001,Campbelltown (Mount Annan),30.6,27.4,34.4,45.5,27.4,25.3,34.6,27.4,26.1,36.1,22.2,20.2,26.5,30.2,30.8,29.7,21.9,24.0,24.5,31.2,32.8,34.8,40.9,26.9,30.5,37.7,33.0,34.2,29.9,33.3,37.9
202001,Canterbury Racecourse AWS,25.1,25.7,31.2,45.9,24.9,25.4,29.9,26.6,25.6,30.8,22.8,21.9,26.8,28.1,28.1,28.8,22.5,23.4,25.4,29.5,30.5,30.6,41.5,27.1,29.4,36.2,28.7,30.9,27.7,30.0,32.4
202001,Cooranbong (Lake Macquarie AWS),26.9,25.3,30.9,45.1,27.7,23.4,32.1,29.5,25.4,32.1,22.1,24.4,26.4,27.8,27.8,30.0,25.1,23.3,27.2,33.0,34.5,32.9,42.0,29.3,28.5,34.2,30.3,32.1,28.0,29.1,33.3
202001,Gosford AWS,26.2,26.4,29.9,44.4,25.8,23.9,29.0,26.1,24.4,31.0,22.2,23.8,25.5,27.3,27.0,29.3,23.3,22.2,25.1,31.4,30.3,32.6,41.6,27.8,28.0,34.4,28.6,30.5,26.8,28.0,32.1
202001,Holsworthy Aerodrome AWS,27.3,26.0,31.4,45.9,25.3,,32.7,26.8,26.3,32.9,22.3,21.2,26.0,27.7,,29.5,21.9,23.8,24.2,30.2,30.7,32.7,41.3,25.8,28.8,37.1,30.6,31.5,28.4,32.1,34.7
202001,Holsworthy Defence AWS,28.4,25.2,32.4,45.2,24.1,23.5,34.1,25.4,25.1,34.1,21.0,19.8,25.1,27.4,29.6,28.2,21.0,22.6,23.6,29.3,31.6,33.1,42.0,26.1,29.3,37.9,30.6,33.1,27.8,32.9,37.0
202001,Horsley Park Equestrian Centre AWS,29.9,28.6,34.4,47.0,28.1,23.8,33.9,28.1,26.5,36.9,22.6,20.6,27.3,30.1,31.3,30.3,21.6,23.8,24.4,32.4,33.2,35.5,42.0,28.1,30.7,38.7,32.5,35.4,29.9,33.9,38.2
202001,Katoomba (Farnells Rd),35.0,26.7,31.2,39.8,27.7,19.2,31.7,26.7,18.3,35.0,14.2,15.0,21.0,27.0,27.2,25.0,14.8,,21.7,27.2,26.2,31.7,32.8,27.4,23.9,32.0,28.9,29.9,26.9,30.0,36.3
202001,Mangrove Mountain AWS,,,,,,21.3,30.6,,24.1,35.1,20.5,22.1,25.1,27.8,,27.1,20.1,19.8,24.0,,,31.8,40.8,,,,,,,,
202001,Mount Boyce AWS,36.0,28.2,33.5,38.0,28.6,20.6,30.6,30.3,19.1,35.4,17.1,16.6,22.3,27.4,28.4,23.5,15.7,16.5,21.3,27.2,25.4,31.1,32.6,27.5,25.4,31.0,28.5,32.3,27.5,31.3,36.6
202001,Norah Head AWS,26.3,23.2,27.5,29.5,23.7,24.0,26.4,24.0,23.6,30.6,22.2,26.6,26.7,28.2,27.3,27.4,25.5,22.3,25.6,30.8,31.2,30.6,40.7,27.4,26.8,32.4,29.1,31.4,28.1,30.6,33.0
202001,Parramatta North (Masons Drive),27.5,28.0,33.0,47.0,26.8,23.8,32.7,29.0,26.0,35.0,23.3,21.8,26.7,28.4,30.5,30.2,22.0,23.3,25.2,32.0,33.0,33.8,41.2,29.0,30.6,37.3,30.2,33.1,28.7,31.5,36.0
202001,Penrith Lakes AWS,33.5,31.4,37.7,48.9,30.2,24.0,35.3,28.8,26.8,40.5,23.3,23.8,29.3,32.4,33.0,30.9,22.1,24.4,23.9,33.3,34.3,38.8,42.4,29.9,31.3,39.1,34.1,36.8,31.2,34.8,41.2
202001,Richmond RAAF,33.4,31.1,37.0,47.4,29.5,25.2,34.6,28.9,26.5,40.3,23.3,23.4,28.4,32.2,32.8,31.4,22.3,24.6,25.1,34.5,34.5,37.7,42.4,29.7,30.9,38.2,34.6,37.9,31.8,34.6,42.0
202001,Springwood (Valley Heights),31.1,28.2,34.5,45.1,27.9,21.5,33.2,25.2,23.8,37.0,20.3,20.5,24.7,29.5,30.0,29.1,21.0,22.3,22.0,30.7,33.1,34.9,39.9,26.8,27.5,37.3,31.2,34.0,24.5,32.0,38.3
202001,Sydney (Observatory Hill),26.2,25.8,28.6,35.9,27.4,25.1,27.3,28.0,26.7,28.7,23.3,22.2,25.9,26.3,26.2,26.5,22.1,23.0,26.5,27.7,32.0,31.8,41.3,26.5,28.6,32.0,29.3,30.3,29.3,28.7,30.8
202001,Sydney Airport AMO,26.2,26.6,30.9,43.3,24.4,25.2,29.6,24.6,26.0,31.5,22.5,23.3,27.1,28.5,28.7,28.5,22.6,22.8,24.9,30.0,30.4,32.7,43.7,26.6,29.4,37.7,28.4,30.0,27.1,31.4,33.7
202001,Sydney Harbour (Wedding Cake West),22.2,23.0,25.7,29.8,23.1,23.3,24.0,23.5,23.5,25.3,21.8,21.5,23.3,23.6,23.9,24.2,22.7,22.3,23.5,25.5,27.5,30.4,40.4,24.9,25.3,28.6,26.3,26.7,25.4,25.5,26.1
202001,Sydney Olympic Park AWS (Archery Centre),27.1,27.2,32.3,47.1,26.1,25.5,33.0,27.8,26.1,33.2,23.5,21.7,26.5,28.4,28.9,31.2,22.5,23.7,25.7,31.3,31.9,32.7,42.0,27.5,29.6,37.2,29.6,32.1,28.0,31.5,34.2
202001,Terrey Hills AWS,25.3,24.8,29.1,44.5,25.2,22.4,28.2,24.7,23.9,28.9,21.1,20.6,24.4,26.3,25.9,27.1,20.5,20.6,24.2,27.7,29.4,29.4,39.5,25.4,27.1,33.0,27.4,30.1,26.0,27.5,30.7
202001,"Values are the maximum temperature, usually in the 24 hoursfrom9 am on the day indicated,and typically occurred in the afternoon of that day.",,,,,,,,,,,,,,,,,,,,,,,,,,,,,,,
202001,Temperatures coloured according to their differencefrom the long-termaveragefor the period,-10.0,-9.0,-8.0,-7.0,-6.0,-5.0,-4.0,-3.0,-2.0,-1.0,0.0,+1.0,+2.0,+3.0,+4.0,+5.0,+6.0,+7.0,+8.0,+9.0,+10.0,°C,Grey outline marks highestand lowest for the period,,,,,,,,
202002,Badgerys Creek AWS,46.5,36.8,35.2,23.3,27.7,23.0,20.0,22.5,21.5,28.8,31.3,27.5,26.1,28.1,28.7,26.6,25.5,32.2,28.5,26.1,25.8,22.1,25.6,28.6,31.2,31.6,26.5,26.3,27.6,,
202002,Bankstown Airport AWS,45.3,32.5,34.1,23.2,26.5,24.6,21.3,24.0,22.0,29.0,31.0,27.4,26.6,27.8,28.0,27.6,25.6,33.6,28.6,25.3,25.9,23.5,25.2,28.8,31.0,32.8,27.1,26.2,27.7,,
202002,Camden Airport AWS,45.3,38.2,34.5,23.7,27.1,23.2,20.9,22.6,21.1,29.5,31.1,28.2,28.0,27.9,29.5,26.2,24.6,32.8,28.2,26.2,26.3,23.0,24.8,29.4,31.4,33.4,27.3,27.0,27.6,,
202002,Campbelltown (Mount Annan),45.3,38.2,34.4,23.2,26.9,23.3,20.9,22.5,21.1,29.3,31.2,27.8,27.4,27.8,29.4,26.5,24.7,32.5,27.4,,26.4,24.0,24.0,29.1,31.4,32.9,26.6,26.6,27.4,,
202002,Canterbury Racecourse AWS,40.1,27.8,32.5,22.3,25.8,24.3,21.4,23.5,22.2,28.3,30.7,26.4,26.6,26.2,26.5,26.2,25.5,31.0,28.9,23.4,25.0,23.5,24.9,27.4,28.9,32.0,25.6,24.7,26.9,,
202002,Cooranbong (Lake Macquarie AWS),42.5,38.8,30.4,22.6,25.7,23.8,22.3,23.7,22.4,29.4,29.5,26.9,27.1,27.2,27.9,26.1,26.4,33.6,30.4,24.9,25.0,24.2,25.9,26.7,28.6,32.6,25.5,26.1,26.3,,
202002,Gosford AWS,37.0,30.2,31.2,22.8,24.9,23.9,21.4,22.7,22.1,27.8,29.6,25.4,25.0,25.7,26.4,25.6,23.9,31.8,29.3,23.8,24.8,21.9,25.3,27.1,28.8,32.9,25.1,24.7,25.3,,
202002,Holsworthy Aerodrome AWS,44.7,34.0,33.9,22.6,26.1,24.3,20.7,23.3,21.7,28.3,30.5,27.0,26.3,27.3,27.2,26.8,25.3,32.9,28.3,24.5,25.3,23.4,24.5,28.5,31.2,32.5,26.3,25.6,27.4,,
202002,Holsworthy Defence AWS,45.9,35.8,33.3,22.1,25.7,23.4,20.3,22.4,21.4,28.1,31.6,25.7,26.3,26.0,27.7,26.3,24.5,34.2,28.3,23.4,24.9,22.3,24.3,28.4,31.1,32.6,25.9,24.8,26.8,,
202002,Horsley Park Equestrian Centre AWS,46.4,34.2,35.1,24.2,27.8,23.3,20.2,21.3,22.1,29.3,32.2,28.3,25.7,28.2,28.4,27.3,24.8,33.3,28.9,25.6,25.2,22.4,23.9,28.4,31.3,31.6,26.9,25.8,27.3,,
202002,Katoomba (Farnells Rd),,38.8,26.8,,21.3,,15.2,15.0,18.4,23.2,23.4,,21.6,22.8,24.9,17.8,20.8,27.0,20.1,21.9,20.1,16.1,19.2,22.7,26.2,25.1,25.1,23.2,23.2,,
202002,Mangrove Mountain AWS,43.7,42.6,,21.8,25.0,20.6,19.2,20.9,,,,,,,,,24.6,32.5,,,,,,,,,,,,,
202002,Mount Boyce AWS,38.0,35.2,25.8,19.4,23.1,15.1,16.4,16.3,17.8,24.0,25.3,24.1,19.7,23.2,26.0,19.2,20.3,26.9,18.3,23.2,21.7,15.2,17.4,22.6,25.1,24.5,23.4,24.1,24.4,,
202002,Norah Head AWS,31.2,27.8,27.1,24.9,26.8,23.9,21.9,23.6,22.3,26.2,28.5,24.9,27.0,25.2,27.9,25.3,24.7,30.6,28.6,24.3,26.8,23.0,27.1,29.6,30.1,33.9,27.2,23.4,27.3,,
202002,Parramatta North (Masons Drive),44.5,32.0,33.8,22.9,26.0,23.0,21.5,23.5,22.5,29.5,30.7,26.6,26.2,27.6,28.0,26.5,24.5,33.5,28.5,24.5,24.5,22.8,24.5,27.9,30.8,32.0,25.4,25.7,27.2,,
202002,Penrith Lakes AWS,46.4,41.0,35.3,23.2,28.1,21.4,20.5,21.8,22.3,29.6,32.1,28.4,25.5,29.5,30.5,27.7,25.4,33.9,29.2,27.6,27.4,23.1,25.7,29.7,32.0,33.3,27.6,28.1,29.1,,
202002,Richmond RAAF,46.8,43.1,36.0,24.2,28.8,21.3,21.1,23.6,21.9,29.3,31.9,27.4,26.7,28.7,30.3,27.0,25.4,34.6,27.9,27.3,27.4,22.5,25.4,29.9,32.0,33.4,27.5,27.4,28.3,,
202002,Springwood (Valley Heights),43.5,42.1,33.3,21.5,25.5,19.3,19.0,19.8,20.5,26.0,28.5,25.0,23.4,26.6,27.9,25.5,23.4,31.9,27.1,25.2,24.9,19.9,23.0,26.6,29.1,32.0,25.0,26.0,26.0,,
202002,Sydney (Observatory Hill),34.8,30.7,31.4,24.0,25.8,24.1,22.9,23.9,22.3,26.9,30.6,26.0,26.2,27.8,28.3,27.7,25.3,29.4,29.4,25.6,25.3,23.6,25.4,28.0,28.4,33.0,25.8,26.0,26.2,,
202002,Sydney Airport AMO,37.6,26.2,31.2,24.3,27.6,26.2,22.3,25.1,23.7,28.6,30.6,26.7,27.5,25.5,26.3,25.0,24.8,31.8,30.4,24.0,25.8,23.9,26.7,29.0,30.6,34.3,27.8,24.5,28.5,,
202002,Sydney Harbour (Wedding Cake West),27.9,25.1,26.5,22.0,23.6,23.5,23.2,23.4,22.5,24.8,26.9,24.5,24.8,24.6,25.4,23.9,25.4,27.8,27.2,22.0,23.6,22.8,23.4,24.5,26.6,31.6,24.0,22.8,23.5,,
202002,Sydney Olympic Park AWS (Archery Centre),40.6,30.1,34.2,22.7,26.2,24.1,21.9,24.1,22.6,28.5,31.2,26.7,26.7,27.3,28.3,26.8,25.5,32.6,30.1,24.4,25.5,23.6,24.8,28.1,29.9,32.7,26.4,25.4,27.4,,
202002,Terrey Hills AWS,37.3,29.5,30.7,22.0,24.2,22.0,20.1,21.7,21.0,26.4,29.3,,23.6,25.5,25.3,25.2,23.2,30.2,27.5,22.5,23.3,21.1,23.6,26.0,27.8,31.5,23.7,24.1,25.3,,
202002,"Values are the maximum temperature, usually in the 24 hoursfrom9 am on the day indicated,and typically occurred in the afternoon of that day.",,,,,,,,,,,,,,,,,,,,,,,,,,,,,,,
202002,Temperatures coloured according to their differencefrom the long-termaveragefor the period,-10.0,-9.0,-8.0,-7.0,-6.0,-5.0,-4.0,-3.0,-2.0,-1.0,0.0,+1.0,+2.0,+3.0,+4.0,+5.0,+6.0,+7.0,+8.0,+9.0,+10.0,°C,Grey outline marks highestand lowest for the period,,,,,,,,
202003,Badgerys Creek AWS,32.5,36.4,20.8,22.4,23.2,29.2,24.8,22.0,22.5,23.1,24.8,25.0,26.5,16.7,20.6,21.4,22.8,26.5,31.6,33.5,25.9,29.3,22.8,22.8,25.9,22.6,21.9,23.4,25.5,24.8,28.0
202003,Bankstown Airport AWS,31.1,38.0,21.5,24.9,22.9,28.4,24.5,22.8,23.3,23.6,25.7,25.9,26.7,17.3,21.1,22.2,23.4,27.9,33.1,35.3,25.8,30.2,23.5,22.9,25.9,22.1,22.9,24.0,25.8,25.8,27.3
202003,Camden Airport AWS,32.4,36.8,20.7,21.7,21.8,29.5,25.2,23.1,23.1,24.4,26.0,26.4,26.8,,22.1,22.1,22.6,27.0,32.4,35.1,26.2,30.5,23.1,23.3,25.1,23.5,22.4,24.7,25.8,24.7,28.4
202003,Campbelltown (Mount Annan),31.9,36.9,20.6,22.4,21.8,27.5,25.0,23.1,23.2,24.2,25.4,25.9,26.8,16.3,21.5,21.8,22.7,27.0,32.1,34.9,25.6,30.1,22.8,23.3,25.6,22.4,21.7,24.4,25.4,24.6,27.6
202003,Canterbury Racecourse AWS,29.0,37.3,21.5,25.6,22.9,26.6,23.6,22.2,22.8,23.0,24.7,25.1,26.2,18.2,20.5,22.1,22.7,26.7,33.1,35.1,25.7,29.3,21.7,22.2,25.2,22.1,22.6,24.7,25.1,25.5,25.9
202003,Cooranbong (Lake Macquarie AWS),28.9,37.0,22.9,25.0,25.4,30.1,24.3,22.8,22.8,24.1,24.8,24.8,25.1,19.9,21.6,22.8,22.9,25.1,31.6,34.3,26.6,29.8,23.1,23.0,24.5,19.5,23.4,22.6,25.6,24.0,27.7
202003,Gosford AWS,28.7,36.7,22.4,24.5,25.7,28.5,23.6,21.9,22.1,23.4,24.3,24.4,24.9,18.8,20.3,22.3,22.8,25.1,30.7,34.8,25.7,28.2,21.2,22.1,23.1,21.0,22.6,23.3,24.1,25.3,26.7
202003,Holsworthy Aerodrome AWS,30.9,37.5,21.0,23.8,22.4,26.6,24.5,22.4,22.7,23.1,24.3,24.6,26.7,17.3,20.6,21.9,22.5,27.1,32.5,35.1,24.9,29.9,23.1,21.9,25.1,22.0,22.9,23.5,24.7,24.7,26.6
202003,Holsworthy Defence AWS,31.0,37.5,20.0,23.0,21.1,25.4,23.5,21.1,21.4,22.6,24.3,24.8,27.1,16.4,19.9,20.6,21.5,27.2,33.1,35.6,23.3,29.6,21.6,21.6,23.3,20.6,21.5,23.4,24.7,24.8,25.3
202003,Horsley Park Equestrian Centre AWS,32.5,37.1,20.7,23.0,22.0,28.4,23.7,23.1,22.6,23.6,24.9,25.4,26.8,16.5,20.4,21.5,22.5,26.8,32.1,34.1,26.3,29.7,22.7,22.8,26.8,21.9,22.8,24.4,25.8,25.0,27.7
202003,Katoomba (Farnells Rd),28.2,30.7,14.8,16.0,18.7,24.3,17.8,15.1,17.0,18.4,20.0,19.8,22.9,11.7,14.0,12.1,15.1,22.9,27.7,26.9,22.0,,24.6,17.2,21.8,13.0,14.6,17.0,21.2,18.0,23.0
202003,Mangrove Mountain AWS,,37.2,20.3,22.4,22.9,,22.6,20.8,20.6,22.1,,23.6,25.1,16.3,19.0,19.4,19.9,,,,25.4,28.9,20.8,21.3,21.5,18.5,20.7,21.7,24.6,22.9,25.9
202003,Mount Boyce AWS,27.9,29.8,15.0,16.8,16.7,22.2,18.8,15.7,16.0,19.3,20.3,20.7,22.3,11.4,14.1,12.6,16.8,22.7,27.5,25.3,22.5,22.7,17.9,17.9,20.9,13.2,13.9,17.7,19.6,17.2,21.4
202003,Norah Head AWS,29.7,36.4,22.6,26.4,24.6,29.0,23.1,21.9,24.3,23.4,24.8,26.6,25.3,20.3,21.1,23.1,22.8,25.6,28.7,33.6,26.8,27.7,24.6,25.1,24.1,21.2,23.9,23.4,26.8,24.0,26.5
202003,Parramatta North (Masons Drive),31.0,37.7,21.3,25.0,24.5,28.3,24.4,22.0,23.0,23.5,24.8,25.0,27.0,16.5,20.5,22.4,22.7,27.5,32.7,34.8,25.2,29.8,22.5,22.0,25.8,21.3,22.2,23.8,25.2,25.2,26.8
202003,Penrith Lakes AWS,34.0,39.5,21.0,22.4,22.4,30.8,26.1,24.0,24.3,25.8,26.7,27.1,27.8,16.8,21.4,22.1,24.2,27.9,33.2,35.1,28.2,30.6,23.8,24.6,26.6,23.1,21.8,24.8,26.0,25.3,28.8
202003,Richmond RAAF,33.8,38.7,21.0,22.8,22.6,30.0,24.5,21.7,23.8,24.5,25.9,26.3,27.4,16.6,21.2,21.5,24.5,27.2,32.2,35.4,27.2,29.9,23.5,23.9,23.9,22.7,22.1,23.4,25.5,26.9,27.9
202003,Springwood (Valley Heights),31.0,37.0,19.1,20.4,23.0,28.3,22.4,19.5,20.5,22.3,21.2,23.6,25.0,15.6,18.1,18.9,21.5,25.0,30.5,33.2,25.0,27.7,20.6,20.9,24.0,20.0,19.5,21.5,22.6,23.0,25.2
202003,Sydney (Observatory Hill),28.0,37.6,22.2,24.8,22.9,27.9,25.1,23.4,22.4,23.6,25.2,25.3,25.1,17.9,20.7,22.3,23.7,25.4,32.5,35.0,26.0,29.5,23.4,21.7,25.9,22.4,23.9,24.3,24.8,24.9,27.9
202003,Sydney Airport AMO,30.7,39.6,21.8,26.3,24.0,26.8,23.9,21.6,22.3,23.7,25.7,26.0,27.0,19.6,20.0,21.4,23.5,27.5,32.3,36.6,25.1,30.0,22.0,22.9,23.9,21.5,23.3,24.9,25.2,27.0,25.5
202003,Sydney Harbour (Wedding Cake West),25.0,34.6,21.3,23.2,22.8,25.8,22.1,21.3,20.9,22.6,23.3,23.1,23.4,19.3,19.5,20.7,22.1,22.3,27.9,34.8,24.7,24.9,20.8,22.0,23.0,21.0,22.7,23.5,22.4,25.2,25.3
202003,Sydney Olympic Park AWS (Archery Centre),30.8,37.9,21.5,25.8,23.2,28.0,24.2,22.3,22.3,23.4,24.9,25.2,26.9,17.2,20.7,22.5,23.5,27.9,33.0,35.0,26.3,30.5,22.7,22.3,25.9,22.0,22.6,24.2,25.8,26.8,26.9
202003,Terrey Hills AWS,27.9,36.3,20.2,23.2,22.8,26.9,22.1,20.9,20.4,21.8,23.1,23.2,23.7,16.2,18.8,19.4,20.7,24.0,30.3,33.7,24.8,28.2,20.4,20.3,24.1,20.3,,22.4,22.9,24.5,25.2
202003,"Values are the maximum temperature, usually in the 24 hoursfrom9 am on the day indicated,and typically occurred in the afternoon of that day.",,,,,,,,,,,,,,,,,,,,,,,,,,,,,,,
202003,Temperatures coloured according to their differencefrom the long-termaveragefor the period,-10.0,-9.0,-8.0,-7.0,-6.0,-5.0,-4.0,-3.0,-2.0,-1.0,0.0,+1.0,+2.0,+3.0,+4.0,+5.0,+6.0,+7.0,+8.0,+9.0,+10.0,°C,Grey outline marks highestand lowest for the period,,,,,,,,
202004,Badgerys Creek AWS,23.8,22.7,25.1,25.3,23.2,23.2,21.0,18.8,22.7,22.7,25.5,22.0,22.7,25.6,29.8,23.5,26.6,24.0,23.7,18.8,25.0,25.4,24.2,27.4,27.4,26.9,22.4,22.9,25.9,16.5,
202004,Bankstown Airport AWS,23.9,24.5,26.5,26.2,24.5,24.3,21.7,19.6,22.7,23.2,26.6,22.3,23.1,26.9,29.8,26.1,27.2,23.8,22.4,20.2,26.1,25.7,25.3,27.8,27.9,27.8,21.6,23.2,27.5,17.6,
202004,Camden Airport AWS,24.1,21.9,24.9,26.0,23.8,24.3,22.2,19.7,23.6,23.3,26.0,22.2,22.5,26.0,28.6,23.6,26.3,25.2,23.7,19.9,25.2,25.3,24.8,27.4,27.2,26.6,22.6,22.4,24.8,15.9,
202004,Campbelltown (Mount Annan),23.3,22.6,24.9,25.6,23.7,23.6,21.0,20.1,23.1,23.1,25.6,22.2,22.9,26.2,28.9,23.8,26.2,25.1,23.8,18.8,25.3,25.1,24.7,27.6,27.4,26.3,22.8,22.8,26.0,15.0,
202004,Canterbury Racecourse AWS,23.8,25.5,26.9,26.0,24.3,24.3,20.7,19.6,22.2,23.4,26.4,21.1,22.5,26.2,28.4,25.8,26.8,23.3,21.5,19.6,25.6,25.4,24.6,27.7,27.5,27.5,21.2,22.6,27.9,19.0,
202004,Cooranbong (Lake Macquarie AWS),26.3,26.0,25.8,27.7,25.4,23.9,21.6,18.6,22.2,21.8,26.8,21.3,22.5,25.5,28.9,28.6,28.5,22.6,23.2,22.1,24.1,26.1,24.7,28.4,27.4,27.7,21.5,22.7,26.4,23.0,
202004,Gosford AWS,25.4,25.3,26.0,26.5,24.4,23.6,21.3,18.4,21.9,21.4,26.3,20.6,21.5,24.6,27.6,27.5,27.1,22.4,22.2,22.0,24.4,24.8,24.6,27.3,27.3,27.4,21.4,22.4,26.0,22.8,
202004,Holsworthy Aerodrome AWS,22.9,23.8,24.9,25.4,23.4,24.0,21.0,19.3,22.6,22.6,25.8,21.5,21.9,26.0,29.0,24.8,26.3,23.6,22.5,18.7,25.0,24.9,24.5,27.6,27.2,27.1,,22.5,,17.0,
202004,Holsworthy Defence AWS,22.1,22.8,24.5,25.1,23.8,22.6,20.2,18.7,21.1,22.0,24.8,22.1,21.4,26.1,28.9,22.5,25.4,23.5,21.6,18.8,25.0,24.5,24.4,26.8,27.4,26.2,20.9,21.4,25.4,16.1,
202004,Horsley Park Equestrian Centre AWS,23.1,23.4,25.7,24.5,23.3,23.6,20.6,18.2,22.1,21.9,25.6,22.4,22.6,26.4,29.3,24.7,26.9,24.0,22.8,19.1,24.9,25.3,24.1,27.3,26.8,26.5,21.7,22.0,26.2,17.2,
202004,Katoomba (Farnells Rd),21.5,17.5,17.8,15.0,15.5,17.2,12.8,11.8,16.0,18.0,16.0,19.0,20.0,,25.7,21.0,19.2,19.5,16.8,15.2,19.7,19.3,19.5,21.8,21.0,19.0,16.0,16.8,21.7,,
202004,Mangrove Mountain AWS,25.2,24.2,24.3,24.5,22.7,,19.1,16.3,20.3,19.2,,20.7,22.1,26.1,28.4,26.3,27.0,21.9,21.9,21.1,23.3,24.9,23.6,26.9,26.3,26.3,19.9,21.2,25.5,21.5,
202004,Mount Boyce AWS,22.1,17.2,17.6,13.7,13.7,15.8,13.2,12.1,14.0,17.1,14.8,17.6,19.2,21.5,23.4,20.2,16.7,18.9,17.2,14.9,18.7,17.0,17.4,19.1,19.4,17.2,17.5,17.1,20.2,10.9,
202004,Norah Head AWS,26.9,26.2,25.8,26.9,24.3,24.0,21.3,18.8,21.2,20.4,26.1,20.8,22.2,23.9,26.8,28.8,26.6,22.0,23.8,22.2,24.9,24.2,26.3,27.1,26.9,27.8,23.5,25.8,25.5,21.7,
202004,Parramatta North (Masons Drive),24.0,24.3,26.0,25.7,24.2,24.0,20.8,18.8,22.2,22.5,24.8,21.8,23.0,27.2,30.0,26.0,27.0,24.0,22.2,20.0,25.6,25.5,24.8,28.0,27.2,27.3,21.2,22.3,25.2,18.5,
202004,Penrith Lakes AWS,26.3,22.8,25.8,25.5,24.6,25.3,21.8,19.0,22.3,24.3,27.1,22.8,23.7,27.3,30.2,24.1,27.9,25.0,24.4,21.5,26.3,26.5,26.1,28.8,28.7,28.1,23.8,22.8,28.4,18.5,
202004,Richmond RAAF,25.5,23.0,26.4,26.4,24.6,24.0,21.1,19.2,21.9,23.4,27.0,22.0,23.0,26.2,29.6,26.8,27.5,23.7,23.6,21.2,25.5,26.3,25.4,28.6,27.9,27.0,21.5,22.2,25.9,,
202004,Springwood (Valley Heights),23.0,20.5,23.2,23.2,22.0,22.3,20.2,17.0,20.0,22.1,23.6,20.2,21.0,24.0,27.0,23.2,25.5,22.1,21.0,21.0,24.2,25.5,24.1,27.3,25.9,26.3,20.4,20.4,24.5,,
202004,Sydney (Observatory Hill),24.2,24.8,25.8,26.1,25.0,25.2,21.9,20.2,22.2,23.6,26.6,22.4,21.5,24.3,25.2,25.8,28.1,24.7,22.6,19.6,25.3,26.5,26.4,29.2,24.9,28.3,21.7,23.0,24.3,21.1,
202004,Sydney Airport AMO,25.2,25.7,26.1,27.4,25.5,23.2,20.9,19.9,21.0,23.8,27.6,20.5,22.8,26.7,28.4,27.3,27.7,23.3,21.0,21.7,26.6,26.1,26.6,27.7,27.2,29.0,22.7,24.5,28.0,19.8,
202004,Sydney Harbour (Wedding Cake West),23.6,22.5,23.9,25.8,23.9,21.4,20.5,19.9,20.9,21.8,25.8,19.6,20.5,21.6,23.4,26.6,26.4,22.2,22.7,21.3,22.4,24.0,23.0,26.3,23.5,27.0,21.7,22.0,24.1,21.8,
202004,Sydney Olympic Park AWS (Archery Centre),24.2,25.1,27.1,26.2,25.2,24.4,21.3,19.6,22.1,23.5,26.8,22.5,22.2,27.5,28.3,26.0,27.8,24.2,22.3,20.4,26.6,26.3,25.3,28.3,28.0,28.3,21.6,22.7,26.7,19.3,
202004,Terrey Hills AWS,23.2,24.7,24.3,25.1,23.3,22.1,19.3,18.2,20.3,20.8,24.6,19.9,21.2,24.5,26.8,25.3,26.1,21.8,,19.0,24.4,24.0,23.0,26.3,25.9,26.3,20.3,21.7,24.5,20.1,
202004,"Values are the maximum temperature, usually in the 24 hoursfrom9 am on the day indicated,and typically occurred in the afternoon of that day.",,,,,,,,,,,,,,,,,,,,,,,,,,,,,,,
202004,Temperatures coloured according to their differencefrom the long-termaveragefor the period,-10.0,-9.0,-8.0,-7.0,-6.0,-5.0,-4.0,-3.0,-2.0,-1.0,0.0,+1.0,+2.0,+3.0,+4.0,+5.0,+6.0,+7.0,+8.0,+9.0,+10.0,°C,Grey outline marks highestand lowest for the period,,,,,,,,
202005,Badgerys Creek AWS,16.5,17.7,19.8,19.1,21.6,21.7,23.1,26.5,26.6,17.2,19.1,19.6,17.3,18.9,18.3,20.5,21.0,20.1,20.7,24.2,17.4,15.9,18.1,18.4,18.3,18.9,20.6,21.4,17.9,20.1,20.6
202005,Bankstown Airport AWS,16.9,18.6,19.8,19.7,20.7,23.1,24.3,27.4,26.3,18.0,19.1,20.5,18.8,19.0,17.9,20.4,20.5,20.2,21.9,24.7,18.6,16.5,17.7,18.6,17.4,19.1,20.5,21.8,17.6,20.3,21.3
202005,Camden Airport AWS,16.5,17.6,20.0,19.8,21.8,22.0,22.3,26.6,26.6,17.3,19.1,20.0,16.3,18.5,18.4,19.2,21.6,20.0,21.1,24.3,17.7,16.1,18.2,18.4,18.4,19.1,20.5,21.9,17.6,20.1,20.1
202005,Campbelltown (Mount Annan),16.6,17.6,20.0,20.0,21.4,22.3,22.5,26.6,26.2,17.9,19.5,20.0,17.7,18.3,18.2,20.6,20.4,21.3,21.4,24.3,18.3,15.8,17.3,18.2,17.9,19.8,20.9,22.7,18.8,20.1,20.7
202005,Canterbury Racecourse AWS,17.0,18.7,19.2,19.0,19.8,23.1,24.3,27.4,26.2,18.1,18.6,20.8,19.3,18.1,16.7,19.2,20.7,19.7,21.9,24.6,18.5,16.2,17.6,17.9,16.7,19.0,19.4,21.7,16.4,20.7,21.5
202005,Cooranbong (Lake Macquarie AWS),17.2,19.8,19.8,20.3,18.1,21.2,22.3,26.1,25.3,18.4,18.9,20.5,21.4,18.7,17.0,20.4,20.5,19.1,21.1,24.3,17.6,16.1,17.8,17.8,15.6,19.3,20.1,21.7,20.4,19.9,21.7
202005,Gosford AWS,17.4,18.9,19.0,18.5,19.3,22.6,23.9,26.4,25.3,17.8,18.5,20.6,20.8,16.4,16.0,19.4,20.3,18.7,20.9,23.3,17.8,15.9,17.9,17.2,,19.1,19.1,21.0,18.9,20.1,21.4
202005,Holsworthy Aerodrome AWS,16.4,17.8,19.1,18.6,20.1,22.2,23.5,26.4,25.5,17.6,18.6,19.7,18.1,17.9,17.1,19.5,20.3,19.8,20.7,24.0,17.1,15.7,16.9,18.0,17.2,18.5,19.5,21.5,17.3,19.7,20.7
202005,Holsworthy Defence AWS,15.8,16.4,18.3,18.6,18.9,21.9,22.6,26.1,25.9,16.8,17.9,19.5,17.4,16.6,16.8,18.9,19.3,18.4,20.5,23.2,16.3,14.8,15.9,16.4,15.9,17.3,19.4,21.2,17.4,19.1,19.7
202005,Horsley Park Equestrian Centre AWS,15.8,17.6,19.3,19.2,20.3,21.7,22.9,26.3,25.5,17.0,18.5,19.5,17.2,18.4,17.8,19.4,20.8,19.2,20.4,23.6,17.6,16.0,17.9,18.2,17.1,18.4,20.0,21.3,17.5,19.4,20.4
202005,Katoomba (Farnells Rd),7.0,8.5,14.5,14.0,13.9,17.7,16.0,19.2,18.4,11.6,12.9,,9.7,9.7,13.2,14.2,13.8,11.2,16.2,14.8,13.8,8.0,,11.2,8.8,9.6,17.7,,12.0,16.0,
202005,Mangrove Mountain AWS,15.4,17.3,18.5,17.5,18.5,21.3,22.2,25.2,24.0,16.9,17.2,19.5,20.4,16.2,14.6,17.5,18.7,17.4,20.1,22.9,16.4,13.6,16.8,15.4,12.6,16.7,17.9,19.9,17.8,18.7,20.7
202005,Mount Boyce AWS,5.8,6.6,13.2,14.3,14.1,15.0,13.8,18.0,16.8,9.0,12.6,14.3,8.3,11.1,13.8,13.3,14.6,11.0,16.1,14.6,12.7,6.6,8.3,9.3,8.8,10.1,13.2,13.8,13.6,15.1,12.2
202005,Norah Head AWS,17.4,19.3,18.2,18.4,17.4,22.5,21.5,26.5,26.2,17.1,17.3,20.3,21.6,17.3,16.9,19.9,19.7,18.6,20.9,23.4,18.3,15.4,17.8,17.5,19.2,19.6,18.8,21.5,19.2,20.1,21.0
202005,Parramatta North (Masons Drive),16.3,18.0,20.0,19.6,20.7,22.7,23.7,27.0,25.3,17.7,19.2,20.0,18.8,18.4,17.0,18.8,20.8,18.6,21.8,23.7,18.8,16.8,18.2,17.9,16.7,19.4,20.0,22.0,17.0,20.0,
202005,Penrith Lakes AWS,17.2,18.8,20.3,20.0,22.4,23.1,23.8,27.9,27.5,18.5,19.0,20.9,16.1,18.8,19.7,21.0,21.9,19.7,21.4,25.3,18.3,17.1,20.1,19.0,18.6,18.5,20.5,22.6,19.9,20.9,21.9
202005,Richmond RAAF,17.2,18.9,19.4,19.5,21.5,22.6,24.0,27.4,26.0,18.8,18.7,20.8,17.9,19.0,18.6,20.4,21.2,18.8,21.1,24.1,18.2,16.4,19.7,18.8,18.3,19.1,20.4,21.8,19.3,20.5,21.7
202005,Springwood (Valley Heights),14.4,16.3,18.2,17.4,19.1,20.1,23.0,25.9,25.4,17.3,17.6,17.9,16.0,16.5,17.2,18.2,18.8,16.4,18.9,22.2,15.8,15.2,17.2,16.9,16.1,16.2,17.8,20.3,17.6,18.1,
202005,Sydney (Observatory Hill),16.9,18.7,20.4,19.9,21.2,24.2,25.0,28.5,27.0,19.4,19.9,21.5,19.4,18.2,15.6,18.5,21.0,19.6,20.6,24.5,18.1,16.0,17.3,17.4,15.6,20.1,20.5,22.8,15.9,19.7,22.6
202005,Sydney Airport AMO,18.1,20.1,18.2,17.9,19.1,23.8,25.0,28.3,27.2,18.2,18.0,21.5,20.1,17.7,16.1,19.2,20.4,19.1,22.4,25.4,18.2,16.7,17.7,16.9,16.0,20.0,18.4,21.9,16.6,20.7,22.4
202005,Sydney Harbour (Wedding Cake West),16.4,18.0,18.0,17.6,19.3,21.2,23.3,25.9,24.7,17.4,17.7,20.2,18.3,17.6,16.6,19.8,21.5,21.3,21.3,23.9,19.1,17.0,17.6,17.5,17.4,20.1,19.6,21.3,17.8,20.4,21.3
202005,Sydney Olympic Park AWS (Archery Centre),17.7,19.0,19.3,20.0,20.5,23.7,24.3,27.3,25.6,18.5,19.9,20.8,19.3,17.9,16.8,19.5,21.2,20.2,21.9,24.6,19.5,16.3,18.4,18.1,17.2,19.7,20.3,22.3,17.4,21.0,22.0
202005,Terrey Hills AWS,15.6,17.0,17.4,18.0,,20.8,22.0,25.0,24.2,16.0,17.3,19.0,18.8,15.9,14.8,17.1,19.8,18.8,20.2,22.6,16.8,14.2,17.0,15.7,14.4,17.2,17.7,19.5,14.6,19.1,19.9
202005,"Values are the maximum temperature, usually in the 24 hoursfrom9 am on the day indicated,and typically occurred in the afternoon of that day.",,,,,,,,,,,,,,,,,,,,,,,,,,,,,,,
202005,Temperatures coloured according to their differencefrom the long-termaveragefor the period,-10.0,-9.0,-8.0,-7.0,-6.0,-5.0,-4.0,-3.0,-2.0,-1.0,0.0,+1.0,+2.0,+3.0,+4.0,+5.0,+6.0,+7.0,+8.0,+9.0,+10.0,°C,Grey outline marks highestand lowest for the period,,,,,,,,
202006,Badgerys Creek AWS,22.9,16.2,18.8,17.2,18.0,18.5,18.2,18.0,19.7,17.1,22.1,16.4,19.3,20.5,19.9,20.8,17.4,19.2,18.8,18.5,18.1,16.9,16.6,18.3,18.2,18.7,17.2,16.5,17.6,17.4,
202006,Bankstown Airport AWS,23.0,16.8,19.0,16.7,18.8,18.8,17.2,18.1,19.8,16.9,21.5,17.0,20.1,20.9,20.4,21.2,16.2,19.0,19.7,20.5,19.2,16.1,16.4,19.0,18.4,18.5,16.7,17.0,16.9,18.3,
202006,Camden Airport AWS,22.6,16.2,18.6,17.4,18.3,18.4,17.7,17.9,20.5,17.3,22.1,16.7,19.1,20.2,20.0,20.7,16.6,18.7,19.1,18.3,17.5,15.9,15.7,18.3,17.7,19.0,15.9,17.1,16.6,17.7,
202006,Campbelltown (Mount Annan),22.5,16.7,18.7,17.9,18.5,18.6,18.1,17.8,20.3,16.6,21.6,17.0,19.3,19.8,20.0,20.8,16.0,19.1,19.1,18.7,18.1,15.9,16.3,18.9,18.1,19.3,16.3,17.6,17.2,17.9,
202006,Canterbury Racecourse AWS,22.7,16.0,18.8,16.5,19.1,18.8,16.5,17.3,18.5,16.4,20.9,16.9,20.1,21.4,20.7,21.2,17.6,18.9,19.6,20.4,18.8,17.2,16.5,18.7,18.4,18.1,16.2,16.0,16.1,18.6,
202006,Cooranbong (Lake Macquarie AWS),22.6,17.3,18.8,16.7,19.6,19.6,18.0,18.1,17.2,17.7,20.6,19.9,20.4,22.5,20.3,21.0,19.4,18.3,19.7,20.4,15.9,17.1,16.9,18.9,18.8,18.3,16.1,17.1,18.2,19.3,
202006,Gosford AWS,22.7,15.7,18.5,16.3,19.9,18.0,17.0,17.3,19.0,16.3,19.5,17.9,20.0,21.4,19.7,20.9,18.0,17.6,19.3,20.9,17.7,16.9,16.4,18.6,17.7,17.6,15.6,15.7,17.1,18.6,
202006,Holsworthy Aerodrome AWS,21.7,16.2,18.4,16.2,18.1,18.0,17.9,17.3,18.9,16.4,21.2,17.0,19.1,20.0,19.6,20.2,15.7,18.4,18.8,19.2,17.6,15.4,15.6,18.2,17.5,17.8,16.0,16.1,16.3,17.5,
202006,Holsworthy Defence AWS,21.4,15.6,17.0,15.9,17.6,18.4,15.7,16.4,18.2,16.0,19.9,16.1,18.2,18.9,19.0,19.4,14.8,17.4,18.2,18.1,17.1,14.6,14.9,17.6,17.0,17.1,14.9,15.2,15.0,17.4,
202006,Horsley Park Equestrian Centre AWS,22.3,16.2,18.3,16.4,18.0,17.8,17.5,17.9,19.1,16.5,20.8,15.6,19.1,20.1,19.7,20.5,15.6,19.1,18.6,18.9,18.0,15.9,15.9,18.2,17.8,18.4,16.1,15.9,17.4,17.4,
202006,Katoomba (Farnells Rd),14.1,,13.2,,15.0,14.0,11.0,10.6,,13.2,15.0,11.4,15.5,12.2,15.0,13.5,11.0,10.7,16.1,14.5,11.3,8.4,8.7,10.7,10.6,12.5,9.0,,10.7,12.9,
202006,Mangrove Mountain AWS,20.9,16.0,17.3,14.7,18.1,18.1,16.3,15.6,16.3,15.0,18.4,15.6,19.3,19.6,18.5,19.5,15.6,16.8,18.8,20.0,16.8,15.6,15.2,17.9,17.4,16.0,13.6,15.1,14.9,17.4,
202006,Mount Boyce AWS,12.2,5.8,11.0,11.9,12.8,13.0,11.6,11.3,11.2,13.4,14.0,10.3,15.1,10.2,11.9,11.4,11.1,11.9,14.0,13.3,9.8,5.9,6.2,7.5,8.1,11.4,9.0,10.9,10.6,11.4,
202006,Norah Head AWS,22.5,14.0,17.6,16.1,20.3,18.7,16.6,17.4,19.6,17.1,18.9,17.4,20.3,21.2,20.0,21.0,18.7,19.3,20.9,20.0,16.1,17.2,16.6,18.7,18.6,17.2,13.9,15.7,17.6,19.7,
202006,Parramatta North (Masons Drive),22.3,16.6,19.0,16.5,19.8,19.3,17.8,18.0,19.0,16.2,21.6,15.2,20.0,20.7,20.0,20.8,16.2,19.0,19.8,20.0,19.2,16.5,15.7,18.2,18.3,19.5,16.6,15.6,17.1,18.3,
202006,Penrith Lakes AWS,23.9,17.6,19.6,17.5,17.9,18.8,18.6,18.1,19.3,18.6,21.7,16.6,20.0,21.5,20.2,22.3,17.2,19.1,19.6,19.0,18.9,16.5,17.6,19.7,19.7,19.1,16.5,17.4,18.6,17.5,
202006,Richmond RAAF,22.9,17.6,19.5,17.1,17.8,17.8,17.0,17.8,18.9,16.7,20.8,16.4,19.7,21.1,20.5,21.9,16.2,19.2,19.6,20.8,18.8,17.7,16.9,19.6,18.6,18.7,16.9,16.9,18.2,17.8,
202006,Springwood (Valley Heights),21.5,15.8,17.5,15.3,16.9,16.1,15.6,16.1,15.6,15.9,20.0,14.0,17.2,18.9,17.8,20.1,16.2,16.0,17.1,19.0,15.5,15.1,14.9,17.5,17.3,16.7,14.0,15.0,15.0,15.7,
202006,Sydney (Observatory Hill),22.6,15.1,19.5,17.5,19.2,18.9,16.5,17.9,20.0,16.4,21.5,16.3,18.8,21.8,20.3,21.2,17.4,18.5,19.2,21.6,19.4,16.9,16.6,18.6,19.3,19.6,16.8,16.3,16.5,17.7,
202006,Sydney Airport AMO,23.7,15.9,17.4,15.6,20.1,19.4,16.0,16.0,17.3,17.6,20.1,16.6,20.2,22.1,21.6,21.9,18.4,18.4,20.1,21.4,19.6,17.7,17.0,18.5,19.1,18.6,16.2,15.7,14.8,19.1,
202006,Sydney Harbour (Wedding Cake West),22.3,16.0,17.3,15.7,17.8,19.3,16.3,16.8,19.3,18.6,20.5,17.5,19.8,21.5,19.6,20.4,18.1,19.1,18.3,19.6,18.2,15.4,15.8,18.1,17.8,17.5,16.0,15.8,17.8,19.1,
202006,Sydney Olympic Park AWS (Archery Centre),22.6,16.2,18.8,16.6,19.8,18.7,17.5,17.6,19.0,16.4,21.3,16.6,20.4,21.5,20.9,21.4,16.7,19.0,20.5,20.8,19.0,16.9,16.9,19.2,19.1,18.9,16.4,16.3,16.8,18.9,
202006,Terrey Hills AWS,21.2,14.5,16.9,14.8,17.6,17.4,15.2,15.7,17.2,15.7,18.8,15.1,18.7,19.3,18.5,19.4,15.2,16.6,17.9,19.4,17.6,15.4,15.0,16.7,16.7,16.1,14.2,14.6,15.8,17.3,
202006,"Values are the maximum temperature, usually in the 24 hoursfrom9 am on the day indicated,and typically occurred in the afternoon of that day.",,,,,,,,,,,,,,,,,,,,,,,,,,,,,,,
202006,Temperatures coloured according to their differencefrom the long-termaveragefor the period,-10.0,-9.0,-8.0,-7.0,-6.0,-5.0,-4.0,-3.0,-2.0,-1.0,0.0,+1.0,+2.0,+3.0,+4.0,+5.0,+6.0,+7.0,+8.0,+9.0,+10.0,°C,Grey outline marks highestand lowest for the period,,,,,,,,
202007,Badgerys Creek AWS,20.3,23.6,17.8,16.6,17.9,18.6,16.7,17.2,17.8,16.5,15.0,16.8,17.8,16.4,16.1,16.9,17.4,17.9,19.9,17.5,17.1,18.2,19.0,18.0,19.6,15.9,16.6,19.6,20.3,19.3,17.5
202007,Bankstown Airport AWS,21.4,23.4,18.3,16.4,18.3,18.6,16.6,15.7,18.5,16.8,15.6,18.1,17.5,16.5,16.4,17.4,17.0,18.1,19.4,18.0,17.1,18.6,19.4,19.4,19.0,16.0,16.9,19.0,19.7,18.4,17.9
202007,Camden Airport AWS,20.1,22.9,17.6,16.2,17.7,18.4,16.4,16.4,17.9,16.6,16.1,17.8,17.0,16.9,17.0,17.1,18.1,17.6,19.6,17.4,17.4,18.6,19.6,18.7,20.0,16.3,17.6,19.5,20.2,19.0,17.4
202007,Campbelltown (Mount Annan),20.4,23.2,17.4,16.4,18.4,18.9,16.6,16.9,18.0,16.3,16.2,19.0,17.7,16.6,16.7,17.0,17.4,18.2,20.1,18.2,17.6,18.7,19.8,18.7,20.2,15.5,16.4,18.8,20.5,19.0,17.7
202007,Canterbury Racecourse AWS,21.3,23.0,17.9,16.3,18.4,18.0,16.6,15.6,18.2,17.5,15.5,18.1,17.4,16.1,16.0,16.2,15.5,18.3,19.2,18.2,16.2,18.8,19.6,19.3,18.6,16.4,17.0,18.8,18.9,17.8,17.2
202007,Cooranbong (Lake Macquarie AWS),20.9,23.3,18.9,15.8,18.3,18.8,18.1,16.7,18.6,17.9,16.2,18.6,16.5,16.2,16.2,17.1,16.1,18.1,20.4,19.0,17.2,17.6,18.7,18.5,17.6,16.2,17.7,18.1,19.5,18.9,18.2
202007,Gosford AWS,20.6,23.4,17.9,15.4,17.7,17.6,17.0,16.4,17.8,17.5,16.0,18.3,17.1,15.8,15.4,16.0,15.0,16.9,20.2,18.2,16.2,18.3,18.0,18.1,18.8,17.3,17.4,18.3,18.1,17.5,16.7
202007,Holsworthy Aerodrome AWS,20.1,23.4,17.3,16.0,17.7,18.2,16.2,15.0,17.6,16.1,14.7,17.2,17.3,15.5,15.8,16.4,16.3,17.6,18.4,17.4,16.5,18.1,18.5,18.3,18.6,15.7,16.7,18.4,19.5,17.7,17.2
202007,Holsworthy Defence AWS,19.6,22.4,16.4,14.9,17.0,17.9,15.7,16.4,17.2,15.1,14.7,18.1,15.5,14.6,14.9,15.3,15.8,17.7,18.0,16.9,15.4,18.1,18.4,18.0,19.0,15.4,16.1,17.3,18.4,16.7,17.2
202007,Horsley Park Equestrian Centre AWS,20.7,22.9,17.5,15.8,17.4,17.9,15.9,14.7,17.7,16.1,14.7,16.2,17.0,15.8,16.2,16.5,16.2,17.4,18.7,17.5,17.0,18.2,18.3,18.2,19.0,16.0,16.6,18.4,19.9,18.0,17.0
202007,Katoomba (Farnells Rd),14.6,13.2,,10.5,6.8,13.7,8.9,8.6,12.9,,12.0,11.4,9.7,7.4,8.9,10.4,,12.5,11.7,12.3,10.6,14.2,14.2,14.2,12.0,9.3,9.6,11.2,,15.2,10.5
202007,Mangrove Mountain AWS,19.6,21.7,16.8,14.4,16.7,16.9,15.5,12.9,17.2,16.0,14.6,18.2,16.0,14.1,14.0,13.9,13.4,14.8,18.9,17.3,15.3,17.3,18.7,,16.7,13.2,14.2,15.5,17.5,17.2,15.9
202007,Mount Boyce AWS,12.5,13.4,8.4,7.7,8.3,12.7,8.4,8.3,12.1,10.4,10.3,11.4,8.7,6.9,7.2,10.2,11.5,11.4,10.2,9.7,10.8,13.3,13.8,14.1,14.3,8.9,8.8,10.2,12.3,13.2,12.2
202007,Norah Head AWS,21.6,23.0,18.2,14.5,17.0,16.7,,16.4,18.0,19.5,15.9,18.0,16.5,16.9,15.6,,15.0,16.6,20.4,17.7,15.8,18.0,18.1,18.3,18.0,17.1,17.1,17.1,17.5,17.1,16.1
202007,Parramatta North (Masons Drive),21.3,22.8,18.0,16.3,18.3,18.3,16.5,15.5,18.2,16.8,18.5,17.5,17.6,16.2,15.6,16.6,16.2,17.2,19.2,18.0,17.2,18.2,19.4,18.8,18.2,15.5,16.3,18.3,20.0,18.4,17.7
202007,Penrith Lakes AWS,20.7,24.7,19.0,17.8,19.3,18.2,18.3,15.9,18.5,15.6,14.8,13.9,17.4,17.0,17.1,18.5,18.3,18.9,20.9,19.3,17.7,18.7,19.3,19.0,19.2,16.8,17.1,20.3,20.8,19.1,17.9
202007,Richmond RAAF,22.2,23.3,18.4,16.7,19.3,17.8,16.9,16.4,18.4,16.0,15.4,14.6,16.9,17.7,17.5,17.8,16.9,18.1,20.4,19.1,17.1,18.4,18.8,18.6,18.4,16.7,18.0,20.5,20.5,19.0,17.1
202007,Springwood (Valley Heights),20.9,22.0,16.9,15.2,17.4,16.0,15.2,14.4,16.0,14.4,14.0,15.4,14.5,15.1,16.1,16.0,16.0,16.3,18.5,18.0,15.2,16.6,16.6,16.5,17.0,14.3,15.3,17.7,19.0,17.2,15.4
202007,Sydney (Observatory Hill),22.5,23.0,18.2,17.3,19.3,19.4,17.0,15.0,17.3,17.4,15.8,17.6,17.8,16.1,15.1,15.3,15.4,17.4,20.3,18.9,17.7,19.5,19.5,18.1,17.5,16.6,16.1,18.4,19.8,19.1,18.1
202007,Sydney Airport AMO,22.4,24.2,18.6,16.5,18.4,17.7,16.4,16.2,18.2,18.6,16.7,18.0,16.8,16.4,15.1,15.2,15.0,17.0,20.4,18.5,15.6,19.6,18.1,19.0,18.1,17.1,16.8,17.4,17.6,17.1,16.1
202007,Sydney Harbour (Wedding Cake West),21.6,22.5,17.1,17.2,17.1,17.3,16.4,18.0,18.6,17.8,16.0,18.8,17.3,16.9,15.4,15.5,15.5,18.2,19.3,17.5,15.3,18.0,18.2,18.7,16.9,17.6,17.1,17.9,17.5,16.6,16.4
202007,Sydney Olympic Park AWS (Archery Centre),22.2,23.2,18.3,16.6,18.5,18.7,16.7,17.5,19.0,17.7,15.8,18.4,17.5,16.4,16.4,16.8,16.0,18.6,20.5,18.4,17.2,19.4,19.6,20.1,18.8,16.5,17.0,19.1,19.5,18.2,17.9
202007,Terrey Hills AWS,19.7,21.8,16.3,14.2,16.4,16.5,15.1,13.7,16.7,15.7,14.8,17.0,14.8,14.2,13.9,14.3,13.7,16.2,19.0,16.4,14.8,17.1,17.7,17.9,17.3,15.8,15.1,16.7,17.1,16.3,15.8
202007,"Values are the maximum temperature, usually in the 24 hoursfrom9 am on the day indicated,and typically occurred in the afternoon of that day.",,,,,,,,,,,,,,,,,,,,,,,,,,,,,,,
202007,Temperatures coloured according to their differencefrom the long-termaveragefor the period,-10.0,-9.0,-8.0,-7.0,-6.0,-5.0,-4.0,-3.0,-2.0,-1.0,0.0,+1.0,+2.0,+3.0,+4.0,+5.0,+6.0,+7.0,+8.0,+9.0,+10.0,°C,Grey outline marks highestand lowest for the period,,,,,,,,
202008,Badgerys Creek AWS,18.9,19.1,19.4,21.6,16.9,16.5,13.8,16.4,14.1,15.5,17.6,16.0,22.0,18.4,19.4,18.9,18.7,19.8,20.3,17.0,17.9,15.1,16.2,17.6,16.8,18.4,21.4,19.1,21.9,28.6,24.4
202008,Bankstown Airport AWS,19.7,19.9,21.2,22.2,18.0,16.4,13.3,17.1,15.4,16.5,17.9,17.4,22.4,17.9,19.3,19.7,19.6,21.0,21.3,17.9,18.7,16.1,17.0,18.0,16.7,19.1,22.0,19.3,22.7,26.2,22.5
202008,Camden Airport AWS,18.4,20.6,20.3,21.7,16.7,17.0,14.0,17.7,14.3,16.8,17.5,16.4,22.4,18.5,19.2,18.8,18.6,20.0,20.2,17.3,18.0,15.1,16.0,17.4,16.8,19.1,21.8,19.4,22.3,25.4,21.8
202008,Campbelltown (Mount Annan),18.9,21.1,20.5,21.7,16.5,17.3,13.4,18.0,14.6,16.4,17.6,16.9,22.7,18.3,18.7,19.5,18.7,20.4,20.3,17.2,17.9,14.9,15.9,17.5,17.5,19.4,21.8,19.7,22.6,25.4,21.5
202008,Canterbury Racecourse AWS,20.0,20.8,21.1,21.5,17.8,15.4,13.8,16.6,15.4,16.0,18.0,18.4,22.6,18.0,19.5,19.8,19.5,20.7,21.2,17.9,18.2,15.6,16.7,17.8,15.8,19.2,21.4,18.3,22.1,25.7,22.0
202008,Cooranbong (Lake Macquarie AWS),19.1,20.4,21.0,22.2,17.9,16.3,12.4,17.7,17.1,17.0,18.5,17.5,23.3,18.4,19.4,19.7,20.9,20.5,22.1,18.6,19.7,15.4,17.5,19.1,16.4,19.1,21.9,19.4,21.5,25.2,24.6
202008,Gosford AWS,19.1,19.7,22.0,21.5,17.3,15.4,12.6,17.4,16.7,16.4,17.9,18.9,22.7,16.6,19.8,19.6,20.2,20.5,21.5,18.4,18.6,15.5,17.2,17.8,15.7,17.8,20.8,18.0,21.1,25.7,22.8
202008,Holsworthy Aerodrome AWS,18.5,19.6,20.1,21.7,16.7,16.0,13.4,17.9,15.0,15.7,17.0,16.6,22.1,17.9,18.9,18.9,18.5,20.4,20.7,16.9,17.8,15.1,15.7,17.3,15.8,18.7,21.5,19.2,22.2,25.3,21.4
202008,Holsworthy Defence AWS,18.2,19.9,19.7,20.9,15.8,15.9,13.1,17.7,14.0,14.6,17.3,16.6,21.3,18.0,18.1,18.2,17.9,19.7,20.4,16.6,17.8,13.9,14.8,16.6,15.0,18.6,20.8,18.4,22.0,25.0,20.2
202008,Horsley Park Equestrian Centre AWS,18.9,19.8,20.0,20.9,17.1,16.2,12.9,16.2,14.3,16.0,17.7,16.0,21.9,17.2,19.4,19.2,18.9,19.7,20.5,17.3,17.7,14.7,16.1,17.6,16.1,18.6,21.0,18.6,21.6,25.4,21.9
202008,Katoomba (Farnells Rd),15.0,16.9,15.1,13.1,9.4,11.2,9.0,11.0,8.0,,12.8,,,15.5,9.5,10.1,11.1,12.4,11.2,8.3,8.0,4.0,7.3,10.4,11.2,14.3,14.9,14.9,19.0,17.4,16.7
202008,Mangrove Mountain AWS,17.9,19.7,20.2,19.9,16.1,15.1,11.1,14.8,15.5,14.3,17.0,15.7,21.6,14.6,18.8,17.9,19.0,18.9,19.8,16.8,17.7,13.8,16.4,17.6,15.3,18.1,21.1,18.4,21.7,24.6,23.5
202008,Mount Boyce AWS,13.1,15.6,12.4,11.5,7.2,12.5,8.5,10.2,5.9,6.6,11.6,12.3,13.7,12.6,7.8,8.7,9.4,11.4,10.8,6.6,7.7,2.9,5.1,8.5,10.7,13.0,12.0,12.9,18.8,16.2,14.4
202008,Norah Head AWS,19.1,18.1,20.7,21.6,17.2,16.1,14.5,15.5,16.9,16.0,18.1,17.5,22.4,18.1,20.3,20.1,20.7,20.6,21.2,18.6,19.6,15.9,18.0,18.2,16.6,18.3,21.4,16.8,22.0,23.7,24.2
202008,Parramatta North (Masons Drive),20.0,21.0,21.8,21.5,17.8,16.2,14.8,16.1,15.7,16.3,17.4,18.0,22.4,17.5,19.2,20.0,20.0,20.5,21.4,18.0,18.5,15.0,16.7,18.3,16.5,19.2,21.6,19.2,22.8,25.5,23.0
202008,Penrith Lakes AWS,19.7,19.9,20.5,23.3,18.4,17.3,13.2,17.1,16.0,16.8,18.5,17.4,22.9,16.2,21.0,20.4,21.2,20.8,21.9,18.5,19.2,15.4,17.4,19.3,17.3,19.4,22.7,19.9,22.9,26.6,23.7
202008,Richmond RAAF,19.5,19.8,21.4,22.1,17.8,16.5,12.3,17.3,16.7,16.6,17.7,18.2,22.9,15.9,19.8,19.8,20.0,20.9,22.0,18.0,18.5,15.7,16.9,18.7,16.3,18.5,21.9,19.4,22.2,26.6,23.8
202008,Springwood (Valley Heights),17.0,17.6,21.8,20.1,16.2,15.5,12.5,15.2,14.4,14.1,16.0,16.5,19.1,16.9,18.2,17.6,18.4,18.1,19.0,15.9,16.5,12.5,14.9,17.0,14.9,15.4,20.8,18.5,20.1,24.5,22.2
202008,Sydney (Observatory Hill),20.4,20.0,21.0,21.5,18.2,17.5,13.6,15.8,14.9,16.4,18.3,18.6,23.1,17.3,20.1,20.1,20.6,21.9,21.8,18.5,18.8,16.0,17.2,19.3,17.5,19.6,22.2,19.7,21.5,25.3,
202008,Sydney Airport AMO,20.1,18.8,21.5,22.7,18.2,15.2,15.0,17.4,15.4,16.0,19.0,19.3,22.3,19.1,20.1,21.0,20.2,22.8,22.4,18.7,19.7,16.4,17.1,17.8,14.9,19.1,22.7,17.5,22.4,26.8,21.8
202008,Sydney Harbour (Wedding Cake West),17.0,18.0,19.3,21.4,17.3,15.0,15.3,16.0,15.9,16.2,17.5,17.8,21.7,17.1,18.7,19.0,18.9,20.0,20.8,17.2,17.7,14.5,15.8,16.0,14.7,17.5,19.9,16.6,18.9,22.0,20.3
202008,Sydney Olympic Park AWS (Archery Centre),20.2,21.0,21.4,21.7,18.3,16.6,13.6,17.7,15.6,16.2,18.2,19.7,23.0,17.9,20.0,20.6,20.3,21.7,21.5,18.7,19.0,16.5,18.0,18.7,17.3,19.8,22.2,19.8,22.5,26.5,22.9
202008,Terrey Hills AWS,17.5,18.7,20.4,19.7,16.1,14.0,12.2,14.1,14.1,14.9,16.1,17.2,21.1,15.9,18.1,18.7,18.9,19.7,20.5,16.6,17.7,14.4,15.8,16.4,15.0,16.9,20.3,16.8,20.3,24.3,21.0
202008,"Values are the maximum temperature, usually in the 24 hoursfrom9 am on the day indicated,and typically occurred in the afternoon of that day.",,,,,,,,,,,,,,,,,,,,,,,,,,,,,,,
202008,Temperatures coloured according to their differencefrom the long-termaveragefor the period,-10.0,-9.0,-8.0,-7.0,-6.0,-5.0,-4.0,-3.0,-2.0,-1.0,0.0,+1.0,+2.0,+3.0,+4.0,+5.0,+6.0,+7.0,+8.0,+9.0,+10.0,°C,Grey outline marks highestand lowest for the period,,,,,,,,
202009,Badgerys Creek AWS,18.4,24.3,29.5,23.0,,21.4,24.7,26.9,16.5,19.9,22.2,24.8,26.5,25.8,25.9,27.6,30.4,18.0,22.7,21.7,29.4,,22.8,21.0,23.3,17.4,18.9,20.6,21.1,19.6,
202009,Bankstown Airport AWS,18.7,24.6,31.0,18.6,22.6,20.0,23.1,26.2,16.5,18.8,20.3,24.2,25.7,22.8,24.4,28.5,31.5,18.0,23.0,22.4,29.9,26.8,23.7,21.6,23.5,18.2,19.4,20.7,20.2,21.9,
202009,Camden Airport AWS,18.8,24.3,29.8,18.9,22.4,20.1,23.3,24.7,14.8,18.8,20.9,23.4,25.0,24.4,24.0,27.7,30.4,18.0,23.1,22.3,29.8,25.8,23.0,21.0,23.1,16.7,19.3,20.6,21.0,19.2,
202009,Campbelltown (Mount Annan),18.6,24.0,29.5,17.9,22.8,20.1,23.4,25.3,14.3,18.6,21.0,23.9,24.9,23.8,24.2,27.8,30.6,18.2,23.2,22.0,30.0,26.1,23.1,21.4,23.1,16.7,19.3,20.5,21.5,19.8,
202009,Canterbury Racecourse AWS,17.7,24.1,30.3,18.9,21.5,20.0,22.0,23.9,15.9,17.7,19.9,23.1,25.5,20.2,22.6,27.8,30.9,17.5,22.3,23.1,28.7,,23.2,21.1,23.5,17.6,17.7,20.3,19.8,21.0,
202009,Cooranbong (Lake Macquarie AWS),18.3,24.9,28.1,25.4,23.4,19.6,22.1,24.9,17.6,17.9,19.6,22.6,24.9,23.0,21.7,27.5,30.0,19.5,23.7,23.6,28.2,27.7,24.6,22.3,24.6,18.3,19.8,19.5,19.6,22.2,
202009,Gosford AWS,17.6,24.1,29.4,20.2,21.9,19.4,21.4,24.1,16.3,17.7,18.9,22.8,25.3,21.1,22.2,26.3,29.7,17.9,22.3,23.0,28.3,27.1,23.8,21.8,24.0,18.1,19.0,18.5,18.7,21.9,
202009,Holsworthy Aerodrome AWS,18.1,23.9,30.1,17.5,22.7,19.0,22.6,25.6,16.4,17.8,19.6,23.0,24.6,22.4,23.7,28.0,30.9,17.7,22.8,21.9,29.1,26.0,22.9,20.8,23.2,16.8,18.4,20.7,20.3,20.7,
202009,Holsworthy Defence AWS,18.6,23.0,29.2,16.6,21.3,19.1,22.7,25.4,13.1,16.0,18.5,23.3,24.9,21.4,24.0,27.9,30.8,16.9,21.6,21.2,28.9,25.7,22.7,20.8,22.8,16.4,17.6,20.9,20.6,19.8,
202009,Horsley Park Equestrian Centre AWS,18.6,23.9,30.1,20.1,22.3,20.0,22.7,25.5,15.3,17.8,20.6,23.2,24.9,23.1,24.0,27.9,30.9,17.6,23.5,21.9,29.4,25.7,23.0,20.9,23.1,17.3,18.8,20.8,20.6,19.9,
202009,Katoomba (Farnells Rd),14.0,18.2,21.8,16.2,16.5,13.9,18.1,20.2,10.8,10.6,14.0,19.0,16.2,,20.2,20.0,22.8,,17.5,17.3,,22.9,,15.0,12.8,9.0,14.0,16.9,14.5,13.8,
202009,Mangrove Mountain AWS,17.3,23.5,27.9,20.0,,,,,14.3,16.2,16.7,22.5,24.4,22.5,22.7,26.6,29.1,17.0,22.8,21.6,28.0,25.6,22.1,21.0,22.3,16.6,,19.7,,19.8,
202009,Mount Boyce AWS,13.3,16.4,21.2,14.7,13.8,14.1,18.9,18.8,10.8,11.5,14.1,17.0,14.7,19.7,19.9,19.0,22.0,12.0,18.2,16.2,22.1,16.4,12.4,11.1,12.7,6.0,11.6,15.4,16.1,14.1,
202009,Norah Head AWS,18.8,23.6,28.2,20.3,21.0,20.5,24.2,22.6,16.8,18.6,20.2,22.6,25.0,21.5,24.2,24.6,29.7,21.0,24.7,22.0,24.8,24.6,24.4,22.3,23.9,19.1,18.6,19.1,20.5,22.0,
202009,Parramatta North (Masons Drive),19.0,24.2,29.8,21.0,22.5,19.3,22.5,25.6,16.5,18.4,19.8,23.8,24.8,22.0,24.2,28.0,30.8,17.4,23.0,24.0,29.7,24.2,23.5,21.4,23.3,17.6,18.5,20.5,19.6,21.2,
202009,Penrith Lakes AWS,19.4,26.3,31.4,20.5,23.7,20.2,23.8,26.2,15.2,19.0,21.9,24.4,26.0,25.4,25.1,29.4,32.2,18.6,24.2,22.9,30.9,27.0,23.9,22.2,24.3,18.1,22.0,21.8,22.3,22.1,
202009,Richmond RAAF,18.9,25.0,30.3,22.0,22.8,19.3,23.1,26.1,15.6,19.3,20.3,23.4,26.0,24.9,24.5,28.5,30.9,17.9,24.0,23.8,30.6,26.6,,21.3,23.9,17.7,20.3,20.9,21.2,21.2,
202009,Springwood (Valley Heights),16.4,24.1,28.6,21.4,21.5,17.5,21.0,23.3,14.9,15.8,18.5,21.4,24.0,22.5,22.0,27.0,29.9,16.2,21.4,21.7,29.0,24.5,21.5,20.0,20.4,15.5,19.2,19.0,18.9,20.0,
202009,Sydney (Observatory Hill),19.6,24.1,30.5,20.7,22.3,21.2,22.7,23.5,16.1,19.4,20.7,22.7,25.6,22.1,22.9,24.2,31.7,18.2,23.0,23.5,29.2,26.7,24.2,21.9,24.3,18.0,18.9,20.2,21.1,20.8,
202009,Sydney Airport AMO,17.8,25.2,31.5,20.5,21.7,19.9,23.0,23.5,16.1,18.2,20.8,23.9,26.5,20.6,23.1,26.4,33.3,18.6,24.3,24.6,29.9,28.4,25.4,23.3,25.2,18.7,18.1,20.2,19.4,21.5,
202009,Sydney Harbour (Wedding Cake West),17.3,22.9,29.0,21.7,19.6,17.7,19.0,19.1,15.9,16.9,18.4,19.1,24.3,18.8,18.7,23.4,30.0,17.1,19.6,22.0,25.5,26.2,22.4,20.4,22.7,16.6,16.1,16.9,17.8,19.6,
202009,Sydney Olympic Park AWS (Archery Centre),19.0,24.4,30.5,20.2,22.7,20.2,23.3,26.1,16.1,18.3,20.6,24.3,26.4,22.2,24.7,29.3,32.0,17.9,23.5,23.7,30.0,27.3,24.4,23.0,24.6,19.1,20.0,21.5,20.5,21.5,
202009,Terrey Hills AWS,15.4,23.0,29.4,20.3,20.2,17.8,20.4,22.1,14.5,16.2,17.9,21.4,23.8,20.1,,,29.8,,,,26.9,25.8,22.3,19.9,22.3,16.6,17.4,17.4,17.9,19.6,
202009,"Values are the maximum temperature, usually in the 24 hoursfrom9 am on the day indicated,and typically occurred in the afternoon of that day.",,,,,,,,,,,,,,,,,,,,,,,,,,,,,,,
202009,Temperatures coloured according to their differencefrom the long-termaveragefor the period,-10.0,-9.0,-8.0,-7.0,-6.0,-5.0,-4.0,-3.0,-2.0,-1.0,0.0,+1.0,+2.0,+3.0,+4.0,+5.0,+6.0,+7.0,+8.0,+9.0,+10.0,°C,Grey outline marks highestand lowest for the period,,,,,,,,
202010,Badgerys Creek AWS,25.1,27.4,29.9,32.2,32.5,21.9,21.5,27.7,22.9,26.2,29.0,26.7,30.3,24.2,29.5,21.9,29.5,26.2,22.5,23.2,27.4,26.8,30.3,24.6,15.6,19.9,21.0,,,26.7,28.1
202010,Bankstown Airport AWS,25.5,28.6,31.2,32.6,33.9,20.5,21.5,28.5,23.4,26.8,28.4,25.4,30.6,23.0,30.4,20.3,29.9,26.3,21.7,22.8,25.7,25.1,29.5,26.4,16.0,16.8,20.8,21.2,22.4,23.3,24.5
202010,Camden Airport AWS,24.7,28.5,30.3,32.1,32.6,22.2,20.8,26.8,22.6,25.1,27.9,26.7,30.5,23.0,29.1,21.5,29.5,25.9,22.6,23.4,27.3,26.9,30.6,25.6,15.5,18.9,21.5,21.6,22.6,24.5,22.5
202010,Campbelltown (Mount Annan),24.6,28.5,30.4,31.9,32.5,21.3,20.8,26.8,22.3,25.4,28.5,26.4,30.8,23.4,29.8,20.7,28.8,26.4,22.2,23.4,27.3,26.9,29.4,25.5,15.4,18.4,20.8,21.9,22.7,23.9,22.8
202010,Canterbury Racecourse AWS,25.4,27.1,28.6,30.0,33.0,19.7,21.0,28.7,23.1,26.0,28.0,24.4,29.3,21.7,27.3,19.1,26.5,25.4,20.0,22.1,23.4,23.9,27.0,25.7,16.4,15.7,19.6,20.0,20.5,22.2,23.3
202010,Cooranbong (Lake Macquarie AWS),27.1,25.6,28.1,31.4,31.2,21.0,22.9,31.1,24.0,25.6,26.9,25.6,27.6,22.2,28.5,23.4,31.2,24.9,20.8,21.2,22.5,25.0,25.8,23.4,16.6,15.7,20.3,19.9,20.6,22.4,27.2
202010,Gosford AWS,24.8,24.8,27.6,30.6,32.7,20.2,22.8,29.2,23.3,24.8,26.5,25.0,27.0,22.0,26.6,20.6,27.5,25.2,20.6,20.2,22.6,24.3,26.1,22.7,16.2,16.0,19.1,19.1,20.6,21.9,27.2
202010,Holsworthy Aerodrome AWS,24.8,27.8,30.6,31.9,33.1,20.2,,27.7,,25.9,28.4,25.1,30.2,22.6,29.3,19.9,28.7,25.2,20.8,21.4,24.7,25.0,29.1,25.4,14.9,16.3,20.4,20.9,21.7,22.9,23.1
202010,Holsworthy Defence AWS,24.4,27.9,30.6,32.6,33.4,19.8,20.6,26.5,22.4,25.4,27.4,24.6,30.1,22.2,29.8,19.3,28.6,24.1,19.7,21.6,25.5,24.4,29.1,25.2,13.8,16.6,18.8,20.2,21.1,22.3,20.5
202010,Horsley Park Equestrian Centre AWS,25.4,28.1,30.6,32.7,33.0,20.7,21.6,27.8,23.0,26.4,28.1,25.9,30.0,22.5,29.9,20.3,29.9,26.4,21.2,22.6,26.8,25.8,29.8,23.5,14.6,16.7,20.6,20.6,21.7,22.7,24.6
202010,Katoomba (Farnells Rd),18.2,,25.5,26.2,24.8,19.4,16.2,17.7,14.7,20.0,,21.2,,24.2,25.0,21.0,24.5,19.8,,17.4,20.0,21.7,24.5,18.5,8.9,9.7,12.1,15.6,16.8,17.8,19.0
202010,Mangrove Mountain AWS,,,28.5,31.1,31.2,19.5,21.6,28.6,22.0,25.5,27.2,24.9,29.1,20.6,28.9,22.0,30.3,23.3,19.8,19.1,23.4,25.9,27.4,21.3,13.7,13.1,16.6,18.6,21.3,21.5,26.2
202010,Mount Boyce AWS,15.4,21.7,25.3,25.2,24.1,21.7,15.5,17.4,12.7,16.7,20.4,20.6,23.9,19.4,22.8,20.8,22.3,18.8,18.4,17.7,20.6,21.9,25.1,18.7,9.4,10.0,13.2,16.7,15.8,18.4,17.5
202010,Norah Head AWS,23.9,24.5,25.3,25.5,29.8,18.6,22.0,25.8,23.5,24.7,27.4,25.0,26.1,22.0,26.6,20.9,24.7,24.5,20.7,22.7,24.8,25.7,27.1,20.4,17.0,16.5,18.5,19.4,20.1,22.6,27.4
202010,Parramatta North (Masons Drive),25.7,28.7,30.0,32.2,33.3,20.3,21.5,29.4,23.0,26.8,28.0,25.7,29.8,22.8,30.3,20.2,30.0,25.3,21.5,22.2,25.0,25.8,29.4,24.6,15.7,14.9,20.3,20.8,22.4,22.7,25.2
202010,Penrith Lakes AWS,26.5,28.8,32.0,34.0,34.5,23.9,22.4,29.8,24.6,28.3,29.0,27.7,31.6,25.5,32.0,22.1,32.5,28.9,23.9,24.0,28.5,27.9,31.4,24.4,15.6,17.2,21.7,22.8,23.2,25.0,27.0
202010,Richmond RAAF,25.6,27.8,30.8,32.6,32.9,23.2,22.7,29.6,23.2,27.1,28.1,26.7,30.3,24.1,31.6,21.4,32.3,27.4,23.0,22.6,27.4,27.8,30.3,23.3,14.9,16.9,19.6,20.5,22.0,24.2,26.2
202010,Springwood (Valley Heights),24.1,27.2,29.0,30.9,31.6,21.9,20.0,26.5,21.9,26.0,27.6,24.5,29.0,21.8,31.0,19.5,20.5,25.7,21.0,21.3,24.5,24.0,27.4,22.0,13.2,14.2,18.0,18.3,19.5,21.5,25.2
202010,Sydney (Observatory Hill),25.5,24.7,25.2,24.8,33.7,19.8,21.5,29.4,23.5,26.0,28.2,25.3,28.8,23.5,25.8,19.7,26.3,26.2,21.3,22.2,24.6,26.3,25.7,26.0,15.2,16.6,20.5,20.0,22.6,24.7,25.4
202010,Sydney Airport AMO,25.7,27.8,29.5,29.8,34.8,18.9,22.2,29.9,24.9,25.3,28.3,24.9,30.3,22.2,26.6,20.6,25.8,25.4,20.5,21.7,24.1,24.2,28.0,26.8,16.6,16.9,18.8,19.1,20.3,22.3,21.2
202010,Sydney Harbour (Wedding Cake West),22.0,20.5,20.3,20.9,29.3,17.8,19.6,26.9,21.9,22.1,21.8,21.2,21.8,19.9,23.8,18.3,22.4,22.3,18.4,18.9,19.3,21.5,20.6,23.5,16.8,17.0,17.9,18.6,18.9,20.2,22.1
202010,Sydney Olympic Park AWS (Archery Centre),27.1,29.1,31.0,32.9,34.1,20.0,22.7,30.0,24.7,27.5,29.9,26.2,31.1,23.3,30.5,19.9,29.8,28.2,21.0,22.0,26.2,25.7,27.8,25.9,16.5,16.0,20.4,20.6,21.7,23.0,25.9
202010,Terrey Hills AWS,24.0,25.3,27.7,29.5,31.7,18.3,19.8,27.7,21.6,23.9,25.4,22.8,27.6,20.9,25.3,18.4,25.0,25.3,18.5,19.9,21.6,23.1,25.9,22.1,13.8,14.7,18.0,18.4,19.8,20.6,25.3
202010,"Values are the maximum temperature, usually in the 24 hoursfrom9 am on the day indicated,and typically occurred in the afternoon of that day.",,,,,,,,,,,,,,,,,,,,,,,,,,,,,,,
202010,Temperatures coloured according to their differencefrom the long-termaveragefor the period,-10.0,-9.0,-8.0,-7.0,-6.0,-5.0,-4.0,-3.0,-2.0,-1.0,0.0,+1.0,+2.0,+3.0,+4.0,+5.0,+6.0,+7.0,+8.0,+9.0,+10.0,°C,Grey outline marks highestand lowest for the period,,,,,,,,
202011,Badgerys Creek AWS,21.9,23.5,25.3,31.3,19.1,25.4,25.0,24.6,25.5,28.2,31.8,33.0,32.0,30.4,33.9,40.6,27.1,,,37.3,27.0,28.5,27.3,,,,,,39.3,,
202011,Bankstown Airport AWS,19.7,22.6,23.5,28.9,16.2,21.1,21.4,21.2,22.3,24.2,26.7,32.7,29.0,27.6,31.9,38.7,24.3,24.6,27.5,36.9,25.2,30.4,26.1,25.2,25.6,35.1,29.8,41.9,40.6,24.2,
202011,Camden Airport AWS,20.8,22.6,25.0,29.6,16.4,22.8,21.7,21.2,23.3,25.7,29.3,31.4,28.2,28.8,32.4,36.4,25.5,26.2,28.9,37.4,27.5,28.2,27.6,25.2,26.7,35.5,30.9,40.7,39.1,24.9,
202011,Campbelltown (Mount Annan),20.1,22.6,25.0,29.7,16.1,22.5,21.8,21.6,22.9,25.3,28.8,31.1,28.9,28.6,32.0,36.6,25.0,25.5,28.4,37.4,26.6,28.1,26.2,24.6,26.1,35.4,30.0,40.2,39.0,25.2,
202011,Canterbury Racecourse AWS,19.4,21.2,21.8,25.4,15.5,19.8,20.8,20.0,21.3,22.1,24.3,31.4,29.1,26.2,29.0,38.4,22.8,23.7,25.0,32.0,23.3,27.3,26.0,22.6,24.4,33.2,28.9,40.7,40.3,23.1,
202011,Cooranbong (Lake Macquarie AWS),22.4,22.6,22.1,25.5,20.6,21.1,22.6,19.4,22.1,22.6,24.8,31.7,28.6,25.4,28.7,38.1,23.2,23.6,25.0,34.5,24.9,26.7,26.9,23.7,24.3,31.0,31.7,39.6,41.2,23.6,
202011,Gosford AWS,19.7,21.1,21.7,25.3,17.6,19.6,21.1,20.0,20.7,21.4,24.8,30.4,28.7,25.0,28.2,38.3,23.0,22.8,24.9,33.9,23.6,27.0,26.5,23.5,24.4,30.6,32.2,40.9,41.6,22.5,
202011,Holsworthy Aerodrome AWS,19.2,21.8,22.8,29.0,16.2,20.5,20.8,20.8,21.7,24.3,26.9,31.8,29.3,27.4,31.0,,23.6,,,36.0,25.2,29.2,25.7,24.3,24.7,34.5,28.4,41.4,40.3,24.7,
202011,Holsworthy Defence AWS,18.3,20.5,23.5,29.7,15.0,19.4,19.7,19.6,21.2,25.0,27.2,30.6,28.7,27.9,32.7,38.4,23.1,24.0,27.5,37.3,24.1,28.2,25.4,23.0,24.9,35.4,29.3,41.8,39.8,23.3,
202011,Horsley Park Equestrian Centre AWS,19.6,21.4,23.5,29.9,16.2,22.1,21.8,20.6,21.8,24.7,28.4,31.7,28.4,27.6,31.8,37.3,24.3,24.7,28.4,37.2,25.4,29.2,26.3,24.0,25.6,34.8,30.0,40.5,39.3,23.7,
202011,Katoomba (Farnells Rd),11.8,16.2,20.4,26.2,13.7,18.1,17.5,15.2,17.7,22.2,,25.7,20.8,21.7,28.0,30.0,21.9,19.5,26.8,31.7,26.0,,18.8,,21.0,,31.0,32.5,30.0,,
202011,Mangrove Mountain AWS,17.4,20.0,22.3,28.5,17.0,20.4,21.5,19.6,20.0,23.1,27.1,29.9,27.6,27.6,32.0,37.6,22.9,23.3,26.0,33.8,24.6,30.9,24.5,22.9,23.7,33.4,29.8,39.0,40.4,21.9,
202011,Mount Boyce AWS,11.6,16.6,20.2,25.0,13.9,17.6,17.4,16.8,18.3,22.3,26.5,23.4,19.5,19.6,28.2,29.6,23.2,20.1,25.9,30.3,26.7,26.0,19.7,20.3,22.3,29.4,30.3,31.6,29.1,18.8,
202011,Norah Head AWS,20.4,20.5,23.3,25.2,17.6,18.7,20.8,21.4,22.2,23.1,26.0,26.3,28.6,24.0,27.1,26.5,24.1,25.7,26.5,27.0,23.0,26.1,25.6,23.9,26.3,28.5,25.4,39.2,41.5,23.7,
202011,Parramatta North (Masons Drive),19.7,21.8,23.4,28.8,16.2,20.5,20.6,21.3,21.8,23.7,27.7,31.3,28.0,27.2,31.5,38.3,23.6,24.2,26.8,37.0,25.3,29.7,25.3,23.8,24.9,34.3,31.7,40.6,40.5,23.5,
202011,Penrith Lakes AWS,20.9,24.1,26.2,31.1,17.5,23.8,24.7,23.0,24.1,26.7,31.0,30.6,29.6,30.4,34.2,40.6,27.7,26.5,30.7,39.9,29.0,28.5,28.2,26.8,28.0,36.3,34.2,41.5,40.0,25.7,
202011,Richmond RAAF,20.9,22.4,24.8,30.6,17.2,23.1,22.7,22.1,22.9,26.1,30.1,30.6,28.6,29.2,33.2,38.3,26.6,25.4,29.5,37.7,27.6,27.4,26.9,25.4,26.6,35.3,32.7,39.9,39.4,25.2,
202011,Springwood (Valley Heights),18.7,20.4,23.2,28.0,16.8,21.3,21.0,20.3,21.3,23.9,28.1,29.1,28.0,28.1,31.4,37.0,25.5,23.2,27.2,38.0,26.0,28.8,26.0,22.7,24.1,32.9,34.0,38.5,37.1,22.3,
202011,Sydney (Observatory Hill),19.7,22.2,23.9,24.7,15.6,21.6,20.7,21.1,22.6,23.3,25.4,28.6,30.4,26.7,25.7,36.5,25.0,25.4,26.7,27.8,25.6,25.6,25.5,24.6,25.0,28.3,27.1,40.8,40.5,27.3,
202011,Sydney Airport AMO,19.0,21.0,22.4,25.6,16.2,20.2,20.0,20.5,21.6,23.9,26.0,32.8,31.7,25.7,28.3,39.7,23.5,24.9,26.5,31.3,24.2,27.8,27.4,23.5,24.9,33.6,29.8,43.0,42.6,24.1,
202011,Sydney Harbour (Wedding Cake West),19.0,19.4,19.8,22.6,16.4,18.3,18.5,18.8,19.2,19.7,20.7,24.6,27.9,21.9,22.0,24.8,20.7,21.0,21.2,24.6,21.1,24.1,26.0,21.5,21.2,23.2,23.0,40.1,39.8,21.8,
202011,Sydney Olympic Park AWS (Archery Centre),20.0,22.1,23.2,29.0,16.2,20.6,21.7,20.9,21.7,23.1,26.2,32.0,30.5,28.2,29.9,39.0,23.3,24.5,27.4,34.4,24.5,28.8,26.8,23.6,25.6,34.0,29.8,41.6,41.2,24.7,
202011,Terrey Hills AWS,17.9,20.7,20.6,24.1,14.7,18.6,20.4,18.7,19.6,21.2,23.5,30.1,27.8,23.8,27.9,38.0,21.3,21.7,23.9,31.8,22.9,27.6,24.9,21.8,23.4,30.2,29.8,39.8,39.9,23.1,
202011,"Values are the maximum temperature, usually in the 24 hoursfrom9 am on the day indicated,and typically occurred in the afternoon of that day.",,,,,,,,,,,,,,,,,,,,,,,,,,,,,,,
202011,Temperatures coloured according to their differencefrom the long-termaveragefor the period,-10.0,-9.0,-8.0,-7.0,-6.0,-5.0,-4.0,-3.0,-2.0,-1.0,0.0,+1.0,+2.0,+3.0,+4.0,+5.0,+6.0,+7.0,+8.0,+9.0,+10.0,°C,Grey outline marks highestand lowest for the period,,,,,,,,
202012,Badgerys Creek AWS,,,,34.4,24.7,30.0,29.6,25.5,28.4,29.6,23.8,25.8,26.5,26.3,26.3,31.2,33.6,31.2,20.1,25.9,24.5,27.0,26.3,29.3,20.4,25.6,33.1,31.7,20.6,21.6,23.1
202012,Bankstown Airport AWS,32.5,24.4,24.2,35.1,26.1,30.7,31.0,23.8,27.6,28.6,23.4,24.9,24.7,24.8,25.7,30.3,33.9,32.9,20.6,24.4,24.4,28.3,25.9,29.2,21.1,25.6,32.8,31.0,21.4,23.9,24.2
202012,Camden Airport AWS,34.9,25.4,23.8,34.3,24.6,29.6,29.5,24.8,28.6,29.1,22.3,24.2,26.7,25.4,26.7,31.1,34.3,32.2,19.2,26.2,24.6,26.4,27.0,29.8,20.3,24.8,33.4,31.4,21.4,22.1,22.7
202012,Campbelltown (Mount Annan),33.9,24.5,23.5,34.3,24.3,29.7,29.6,25.0,28.3,29.4,23.4,24.4,26.4,26.2,25.7,31.2,34.4,32.5,19.5,25.1,24.4,26.6,27.3,29.7,20.8,25.1,33.4,30.1,20.6,22.6,23.5
202012,Canterbury Racecourse AWS,28.3,22.8,23.5,33.2,25.0,30.0,29.8,22.1,25.6,27.6,21.7,24.2,24.7,24.3,26.2,27.9,31.9,32.4,19.9,23.5,23.4,28.0,24.5,26.5,21.5,25.0,30.4,27.4,20.5,23.6,23.5
202012,Cooranbong (Lake Macquarie AWS),30.6,22.5,25.9,28.1,27.2,32.4,31.4,23.1,24.4,27.3,21.4,23.2,23.6,23.7,24.5,29.5,32.4,33.3,20.9,22.9,22.4,29.6,25.4,26.5,23.7,24.8,32.0,30.9,22.4,22.8,22.7
202012,Gosford AWS,28.5,22.4,22.8,27.9,25.3,31.1,30.5,22.0,23.5,26.3,20.5,23.4,23.4,24.0,24.3,28.0,31.0,32.8,19.5,22.7,22.4,28.0,24.3,26.0,21.7,24.2,27.7,30.3,20.0,20.9,22.6
202012,Holsworthy Aerodrome AWS,32.4,23.7,23.6,34.6,25.1,29.8,29.9,23.1,27.6,27.4,22.1,24.5,24.9,24.0,24.9,28.9,33.6,32.0,20.1,23.8,24.0,26.9,25.7,28.8,21.2,25.2,31.3,29.4,21.3,24.2,24.2
202012,Holsworthy Defence AWS,33.0,22.0,23.6,34.6,23.2,30.1,29.8,22.6,27.4,27.8,20.9,22.0,24.4,23.7,23.5,28.5,34.0,33.0,19.0,23.9,23.5,26.1,24.3,30.0,20.8,23.8,32.7,27.1,20.6,23.1,22.7
202012,Horsley Park Equestrian Centre AWS,35.0,23.4,23.4,34.6,25.0,29.7,29.5,25.3,27.7,28.9,22.4,24.4,24.9,25.1,25.4,30.1,33.1,32.3,19.6,24.1,24.2,27.2,26.2,29.1,21.5,24.5,32.6,30.5,19.7,21.9,23.1
202012,Katoomba (Farnells Rd),34.2,20.7,18.2,27.2,23.0,20.0,20.7,,24.2,24.0,13.9,16.2,17.3,16.0,19.9,23.3,28.7,25.2,14.5,19.3,17.3,19.1,21.1,24.4,14.5,18.8,27.8,,14.7,15.0,15.0
202012,Mangrove Mountain AWS,35.9,21.2,22.0,33.6,24.8,29.8,29.5,23.5,26.1,29.3,18.5,21.5,21.7,23.1,23.3,27.8,31.6,29.6,18.0,20.8,20.4,27.0,23.9,26.8,21.4,23.5,32.6,30.6,19.2,18.5,20.1
202012,Mount Boyce AWS,33.6,21.3,19.7,26.5,22.0,19.1,19.9,17.5,24.5,23.5,14.7,18.3,19.2,19.5,21.1,24.4,26.9,24.5,15.6,19.7,17.7,18.2,21.6,23.8,16.3,19.2,27.4,27.9,15.6,16.3,17.2
202012,Norah Head AWS,27.7,24.2,23.2,26.4,25.5,31.7,30.7,21.7,24.0,26.1,22.3,24.2,23.3,24.4,24.5,27.6,29.2,31.1,20.8,21.7,21.9,28.1,23.1,26.7,24.2,27.4,28.5,30.5,21.5,21.3,22.1
202012,Parramatta North (Masons Drive),33.6,23.0,25.0,34.5,25.5,29.8,29.7,24.0,27.2,28.2,22.5,24.2,23.6,24.5,25.0,29.5,33.3,31.2,19.9,23.8,24.0,27.7,26.0,28.5,21.0,24.4,31.8,30.7,19.7,22.5,24.3
202012,Penrith Lakes AWS,38.5,24.9,23.5,36.0,26.5,30.6,30.5,27.3,29.3,31.5,23.8,26.3,26.5,27.1,25.5,33.1,34.9,34.0,19.8,25.6,24.2,29.0,28.4,30.4,21.1,26.4,34.1,34.2,19.6,21.6,23.6
202012,Richmond RAAF,38.1,24.5,22.8,34.8,26.7,30.0,29.9,26.3,28.1,30.0,22.7,24.7,25.2,25.4,25.6,31.7,33.2,30.1,19.2,24.1,23.6,28.8,27.1,29.6,21.8,25.1,33.8,33.8,19.8,21.2,23.4
202012,Springwood (Valley Heights),34.5,22.1,23.0,33.2,27.4,27.7,27.9,25.3,25.9,29.0,20.2,22.0,22.5,23.3,22.1,28.9,31.2,30.8,17.3,22.1,21.7,25.9,25.2,27.1,18.3,22.5,31.0,33.3,17.7,19.2,20.6
202012,Sydney (Observatory Hill),28.4,24.0,23.0,30.0,25.1,30.7,30.8,24.5,26.7,27.3,23.9,25.1,27.5,24.8,24.8,27.7,30.5,30.3,19.6,23.7,24.5,27.6,26.3,26.9,21.9,25.8,27.4,30.3,20.8,24.0,24.5
202012,Sydney Airport AMO,29.3,24.1,23.3,30.0,26.2,31.8,31.8,21.8,25.9,26.5,22.2,25.1,26.3,25.0,26.4,28.5,31.9,34.0,20.2,24.2,23.8,29.2,23.8,28.1,20.9,26.0,30.3,25.2,20.8,24.9,24.0
202012,Sydney Harbour (Wedding Cake West),25.4,21.5,21.7,23.9,24.0,29.5,29.3,19.3,21.6,22.7,20.3,21.2,22.3,23.0,22.5,23.1,26.5,30.9,19.7,22.5,23.0,27.4,22.3,22.1,20.3,21.9,28.1,27.3,21.0,22.2,22.8
202012,Sydney Olympic Park AWS (Archery Centre),32.5,23.4,24.9,34.7,25.5,31.2,30.9,23.5,27.0,27.8,22.3,24.1,24.1,24.6,25.7,28.9,34.0,32.2,19.9,24.1,24.3,28.5,25.3,28.5,21.4,25.2,30.0,31.3,20.2,23.5,24.1
202012,Terrey Hills AWS,,20.9,22.6,28.5,22.8,29.4,29.2,20.9,23.3,25.3,20.5,22.3,22.8,22.6,22.1,26.2,30.1,30.3,18.0,21.4,22.3,27.4,23.7,25.0,19.8,22.6,27.9,30.2,19.4,20.4,21.6
202012,"Values are the maximum temperature, usually in the 24 hoursfrom9 am on the day indicated,and typically occurred in the afternoon of that day.",,,,,,,,,,,,,,,,,,,,,,,,,,,,,,,
202012,Temperatures coloured according to their differencefrom the long-termaveragefor the period,-10.0,-9.0,-8.0,-7.0,-6.0,-5.0,-4.0,-3.0,-2.0,-1.0,0.0,+1.0,+2.0,+3.0,+4.0,+5.0,+6.0,+7.0,+8.0,+9.0,+10.0,°C,Grey outline marks highestand lowest for the period,,,,,,,,
202101,Badgerys Creek AWS,21.7,22.1,27.5,28.6,29.3,25.4,24.0,24.1,26.5,29.6,30.3,33.9,31.5,37.7,34.6,28.9,29.0,32.8,25.2,22.5,30.0,37.2,37.3,40.5,39.4,40.6,22.8,23.6,21.8,29.9,24.2
202101,Bankstown Airport AWS,22.2,23.0,27.0,29.5,30.2,25.8,23.9,23.3,25.9,28.8,29.5,33.6,30.4,37.0,30.4,29.0,26.6,32.3,25.5,22.8,28.7,37.2,33.1,38.5,36.4,40.5,23.7,23.7,22.7,30.9,24.7
202101,Camden Airport AWS,21.7,22.1,27.2,28.9,30.1,25.5,23.3,25.0,27.6,30.0,30.9,34.4,32.2,38.5,35.5,28.7,28.6,33.6,25.0,22.1,30.0,36.8,36.6,39.9,38.7,39.7,23.1,23.1,21.8,30.4,23.1
202101,Campbelltown (Mount Annan),22.6,22.0,26.5,29.4,30.5,25.2,23.2,24.9,27.1,30.2,30.7,34.8,31.9,38.9,32.7,28.8,27.6,33.8,25.5,21.7,29.8,37.3,36.0,40.0,38.7,39.6,22.3,22.9,21.6,30.4,22.9
202101,Canterbury Racecourse AWS,21.5,22.5,26.3,28.2,28.6,24.1,22.5,22.1,24.3,27.4,27.6,30.3,29.2,33.4,28.7,26.0,25.0,29.6,23.7,22.8,27.0,34.6,32.1,35.4,32.5,39.5,23.3,22.5,23.1,30.5,23.0
202101,Cooranbong (Lake Macquarie AWS),20.3,21.6,26.2,29.3,,25.0,24.3,23.8,23.8,26.3,26.7,28.7,27.9,35.4,28.0,27.2,26.1,28.3,26.3,22.3,25.7,33.4,31.2,33.3,31.9,37.8,23.3,21.7,22.3,28.1,26.2
202101,Gosford AWS,21.0,21.1,25.7,29.5,28.1,23.8,23.2,22.8,24.0,26.0,26.5,29.3,28.0,32.8,26.6,26.3,25.1,28.1,25.3,22.0,25.8,33.6,29.8,33.8,30.7,38.7,22.0,20.0,23.2,28.1,24.0
202101,Holsworthy Aerodrome AWS,22.5,22.1,26.4,29.5,29.0,24.4,23.4,22.7,25.7,28.7,29.6,32.7,30.4,36.9,29.3,28.9,25.9,32.6,24.3,22.0,28.1,37.4,32.2,38.4,35.6,39.6,22.8,22.7,21.9,30.2,23.7
202101,Holsworthy Defence AWS,21.6,21.2,26.1,28.9,29.5,23.3,22.2,21.5,24.8,29.9,30.9,33.6,30.5,38.9,31.2,28.9,25.1,32.9,22.8,20.8,28.8,37.9,34.3,39.3,36.5,41.2,21.4,21.0,21.4,29.6,21.7
202101,Horsley Park Equestrian Centre AWS,20.7,22.1,26.7,28.0,29.4,24.9,22.9,21.8,25.7,28.6,29.6,33.8,30.0,37.1,31.4,28.4,26.6,31.8,24.4,21.8,28.7,36.0,34.4,39.0,36.8,39.1,22.5,22.4,21.8,29.6,23.7
202101,Katoomba (Farnells Rd),,15.5,22.3,22.8,25.7,20.1,16.8,15.2,19.4,24.8,25.3,28.8,26.7,31.3,26.8,22.5,25.7,,28.7,14.3,24.0,30.1,31.5,33.0,32.0,30.2,17.0,14.7,16.8,25.1,17.7
202101,Mangrove Mountain AWS,17.7,19.2,26.0,29.1,30.0,22.3,22.8,21.1,22.9,26.1,27.1,31.1,28.4,36.2,30.6,27.8,26.9,31.1,22.6,20.6,27.1,34.3,33.8,36.5,35.4,37.3,20.3,18.6,21.0,26.2,23.0
202101,Mount Boyce AWS,12.8,15.9,22.8,21.8,25.0,21.9,17.4,14.5,20.4,24.2,25.8,28.4,27.1,30.5,26.2,20.1,24.6,26.8,22.5,15.2,24.6,28.9,31.9,33.2,32.5,29.9,18.7,14.7,17.3,24.1,18.5
202101,Norah Head AWS,20.5,21.7,24.9,26.5,26.7,22.9,23.8,24.1,24.9,25.7,27.4,29.4,29.5,28.4,27.2,25.2,24.8,29.4,24.9,23.5,27.4,29.7,30.1,30.1,30.6,36.0,22.2,21.5,22.1,26.0,23.6
202101,Parramatta North (Masons Drive),21.2,22.5,27.3,28.0,29.8,24.8,22.7,22.4,25.3,28.2,29.0,33.0,29.0,37.0,30.2,28.8,26.0,32.2,24.0,22.3,28.4,35.8,33.3,33.8,36.0,40.0,22.8,22.7,22.8,30.3,23.0
202101,Penrith Lakes AWS,21.5,22.4,27.6,28.4,31.6,26.7,23.7,23.2,27.3,30.2,31.4,35.0,32.4,39.6,35.6,30.1,29.8,33.9,25.4,22.7,30.4,37.1,38.1,39.9,40.0,40.7,23.0,22.7,21.8,30.7,24.6
202101,Richmond RAAF,20.7,22.0,27.3,27.6,31.0,26.4,24.1,23.1,26.5,29.5,30.4,33.8,31.3,38.7,33.5,29.5,28.4,32.2,24.8,22.0,29.6,35.9,37.1,39.2,37.9,39.8,22.9,22.8,22.3,30.0,25.2
202101,Springwood (Valley Heights),18.8,19.3,24.0,26.3,27.7,23.6,21.8,20.3,24.5,27.4,28.5,32.2,29.5,37.2,33.3,28.3,27.0,30.3,24.2,25.6,27.0,33.2,35.0,35.6,35.2,37.5,21.2,19.7,20.6,27.1,21.0
202101,Sydney (Observatory Hill),22.0,22.4,26.5,27.7,28.0,25.4,23.5,22.7,26.7,27.8,28.6,29.3,29.8,31.6,28.1,27.0,27.1,30.1,25.2,23.1,28.2,32.9,31.9,34.2,32.3,37.1,23.5,22.5,22.8,28.8,23.4
202101,Sydney Airport AMO,22.6,21.3,26.0,29.3,28.3,24.0,23.2,23.7,25.3,28.5,28.7,30.0,30.3,32.8,28.9,25.7,25.6,30.4,23.9,22.9,27.5,33.8,30.6,35.0,32.4,41.6,22.9,23.8,24.1,30.2,23.8
202101,Sydney Harbour (Wedding Cake West),21.3,21.5,22.7,24.9,24.8,22.6,22.2,21.5,23.2,23.5,23.8,25.0,24.5,27.5,25.5,22.0,22.6,24.5,22.2,22.0,23.0,25.5,26.4,25.4,24.5,29.5,21.6,22.2,22.8,24.1,22.7
202101,Sydney Olympic Park AWS (Archery Centre),21.3,22.7,27.2,29.4,30.7,24.7,23.0,22.5,25.4,28.0,28.6,31.1,30.0,34.6,29.0,28.2,25.5,32.2,24.0,22.7,28.1,35.4,31.5,37.0,34.2,41.0,22.8,23.1,23.3,31.1,23.3
202101,Terrey Hills AWS,19.0,20.3,24.6,26.6,27.0,22.5,21.1,20.6,23.2,25.9,25.6,29.0,26.9,31.0,25.9,24.9,23.9,27.0,22.1,21.2,24.8,32.0,28.9,33.1,29.7,37.5,20.3,18.8,21.5,27.1,21.8
202101,"Values are the maximum temperature, usually in the 24 hoursfrom9 am on the day indicated,and typically occurred in the afternoon of that day.",,,,,,,,,,,,,,,,,,,,,,,,,,,,,,,
202101,Temperatures coloured according to their differencefrom the long-termaveragefor the period,-10.0,-9.0,-8.0,-7.0,-6.0,-5.0,-4.0,-3.0,-2.0,-1.0,0.0,+1.0,+2.0,+3.0,+4.0,+5.0,+6.0,+7.0,+8.0,+9.0,+10.0,°C,Grey outline marks highestand lowest for the period,,,,,,,,
202102,Badgerys Creek AWS,30.4,26.6,26.9,30.8,31.8,25.9,30.3,25.2,25.0,26.8,30.3,34.0,22.1,25.8,25.9,26.3,25.3,25.1,28.5,30.3,30.4,31.3,20.6,23.9,25.6,30.1,24.7,30.4,,,
202102,Bankstown Airport AWS,28.8,25.4,25.2,29.6,29.7,26.0,28.9,24.2,24.1,25.5,29.1,34.7,21.0,25.8,25.1,27.2,26.5,25.1,28.7,29.8,29.6,30.1,21.2,22.5,24.0,29.9,23.8,28.3,,,
202102,Camden Airport AWS,30.0,25.9,26.4,30.4,31.2,27.0,29.6,24.6,23.9,25.6,29.9,32.9,20.8,25.9,25.2,25.6,24.8,25.7,28.7,30.3,30.4,30.7,20.3,22.7,,,24.7,,,,
202102,Campbelltown (Mount Annan),30.1,26.2,27.6,30.4,31.0,27.0,29.6,24.6,25.0,25.5,29.7,32.3,20.8,25.6,25.8,26.2,24.5,25.6,28.8,30.3,30.5,30.8,20.3,23.0,23.5,30.5,24.8,30.5,,,
202102,Canterbury Racecourse AWS,27.5,23.9,24.0,28.3,28.2,25.4,26.6,23.1,24.5,24.9,27.6,33.9,20.7,23.8,23.4,25.8,24.9,24.8,27.6,28.6,27.2,27.9,21.0,22.7,23.8,25.9,23.5,26.3,,,
202102,Cooranbong (Lake Macquarie AWS),27.5,23.9,23.9,27.6,28.5,24.9,28.9,25.3,25.7,23.9,27.4,33.2,23.5,25.1,23.8,25.8,25.1,25.7,26.7,27.9,28.1,29.9,20.9,21.8,25.6,28.6,23.3,28.0,,,
202102,Gosford AWS,26.6,23.7,23.3,27.4,27.2,24.8,27.7,24.4,24.1,23.8,26.6,32.7,23.0,23.7,23.7,25.6,24.0,25.3,26.5,27.4,26.8,28.3,21.5,23.1,26.3,27.3,24.0,27.0,,,
202102,Holsworthy Aerodrome AWS,28.9,24.2,25.7,29.0,28.9,25.5,28.2,23.8,23.2,25.1,29.0,33.4,20.5,24.7,24.7,25.3,24.7,24.8,27.5,28.9,29.0,29.7,20.5,22.7,22.3,29.1,23.3,27.7,,,
202102,Holsworthy Defence AWS,29.2,23.4,24.1,29.4,29.0,25.0,27.2,23.1,22.9,23.7,29.3,32.1,19.7,23.1,22.9,24.0,22.5,24.3,27.3,28.9,28.4,28.3,19.3,22.0,23.8,30.0,22.5,28.2,,,
202102,Horsley Park Equestrian Centre AWS,29.1,24.8,26.0,29.6,30.2,25.3,28.2,24.1,23.6,25.3,29.2,34.4,20.4,25.0,23.8,25.6,25.1,24.9,28.2,29.9,29.1,30.6,20.3,22.6,24.1,29.9,23.3,29.8,,,
202102,Katoomba (Farnells Rd),23.0,20.7,20.3,23.2,24.7,20.6,25.2,20.3,,,24.6,25.8,20.0,,20.0,17.8,16.2,,21.1,20.2,25.3,,26.7,15.0,21.7,26.6,23.3,,,,
202102,Mangrove Mountain AWS,26.9,23.0,22.2,28.3,28.3,24.3,27.7,23.1,23.7,23.0,27.5,32.2,21.7,23.2,22.1,24.2,21.8,23.7,25.1,25.7,27.0,29.1,20.0,21.7,26.3,30.2,21.4,27.9,,,
202102,Mount Boyce AWS,24.5,21.1,20.7,24.5,26.7,20.6,23.9,20.1,18.1,20.7,24.7,25.5,19.9,18.8,18.5,19.2,17.4,17.6,21.9,24.1,25.7,27.9,15.1,16.4,21.2,24.2,23.9,24.6,,,
202102,Norah Head AWS,27.0,23.2,24.9,28.9,28.4,23.6,27.0,23.4,24.5,26.2,28.5,26.9,21.9,22.8,24.0,26.4,24.9,24.7,27.5,27.4,25.3,26.9,21.0,22.6,27.3,27.5,23.3,26.5,,,
202102,Parramatta North (Masons Drive),28.6,24.3,24.7,29.6,28.5,26.5,28.0,23.8,24.5,24.7,28.8,34.0,22.8,25.0,23.8,26.2,25.0,23.8,27.0,29.0,28.3,29.5,21.2,21.7,24.5,26.8,24.0,28.3,,,
202102,Penrith Lakes AWS,29.8,27.2,27.4,31.3,32.2,26.9,30.6,25.9,26.6,26.8,30.5,34.6,22.6,26.5,25.1,26.8,25.4,25.1,28.6,30.8,31.0,32.3,21.1,23.1,25.6,31.4,24.6,30.4,,,
202102,Richmond RAAF,30.3,26.8,26.6,31.2,31.7,25.9,30.3,25.4,25.4,26.3,30.3,33.1,22.6,26.2,24.7,27.7,25.1,24.7,29.0,29.1,30.2,31.8,21.1,23.2,25.3,30.8,24.8,30.4,,,
202102,Springwood (Valley Heights),25.4,24.0,23.9,28.0,29.5,24.6,28.0,22.5,22.1,24.0,28.0,32.2,21.4,23.8,23.2,23.3,23.2,22.4,,27.5,,29.5,18.0,21.0,23.3,30.0,23.1,,,,
202102,Sydney (Observatory Hill),28.9,25.8,25.8,28.9,28.3,24.6,28.8,24.2,25.8,27.1,27.9,33.2,20.6,25.3,24.0,27.5,27.0,25.6,29.7,29.3,29.2,29.5,21.4,21.9,25.8,28.0,23.2,28.9,,,
202102,Sydney Airport AMO,27.7,24.4,25.0,29.1,29.2,26.2,27.0,23.1,23.8,24.9,28.4,35.2,21.2,23.3,23.7,27.0,25.9,25.7,28.0,29.3,28.0,26.4,21.2,21.3,23.5,26.3,24.6,26.5,,,
202102,Sydney Harbour (Wedding Cake West),24.5,22.2,23.0,23.7,24.2,23.6,25.4,22.0,22.5,22.9,23.9,25.0,21.4,22.5,23.3,24.8,23.7,24.8,25.9,24.9,25.6,25.9,21.4,21.7,23.5,25.1,23.0,25.1,,,
202102,Sydney Olympic Park AWS (Archery Centre),29.7,24.3,25.6,29.4,29.3,26.0,28.0,24.0,23.9,25.3,29.1,34.0,21.0,24.9,24.2,26.3,25.3,25.1,27.1,29.2,28.7,29.7,20.9,22.8,24.0,28.2,24.2,27.7,,,
202102,Terrey Hills AWS,25.2,22.2,22.1,25.5,25.5,23.7,26.2,22.0,22.6,22.9,25.1,31.1,19.8,23.3,21.7,24.0,23.1,22.7,24.9,26.6,26.7,28.2,19.6,21.1,24.0,26.4,21.6,26.1,,,
202102,"Values are the maximum temperature, usually in the 24 hoursfrom9 am on the day indicated,and typically occurred in the afternoon of that day.",,,,,,,,,,,,,,,,,,,,,,,,,,,,,,,
202102,Temperatures coloured according to their differencefrom the long-termaveragefor the period,-10.0,-9.0,-8.0,-7.0,-6.0,-5.0,-4.0,-3.0,-2.0,-1.0,0.0,+1.0,+2.0,+3.0,+4.0,+5.0,+6.0,+7.0,+8.0,+9.0,+10.0,°C,Grey outline marks highestand lowest for the period,,,,,,,,
202103,Badgerys Creek AWS,34.9,25.8,25.5,29.2,26.3,25.8,28.3,29.9,33.1,28.0,27.2,25.8,32.5,18.6,24.5,20.5,23.0,20.1,23.8,20.2,19.1,19.3,20.9,29.3,28.1,25.7,27.6,26.4,26.2,23.7,25.5
202103,Bankstown Airport AWS,35.6,24.3,23.8,29.2,25.7,24.8,26.9,31.2,30.5,26.7,26.4,27.6,33.3,19.3,23.4,21.9,24.0,21.8,24.4,22.1,20.4,20.1,21.2,29.1,28.0,23.9,27.8,26.3,26.3,23.3,24.6
202103,Camden Airport AWS,34.2,24.9,24.6,29.0,25.6,24.1,27.5,28.8,31.7,27.6,26.2,25.1,32.2,18.7,24.1,19.3,23.3,20.3,24.2,20.2,19.6,18.9,19.9,28.6,27.9,25.2,27.0,26.1,26.1,23.6,25.2
202103,Campbelltown (Mount Annan),34.8,24.4,24.7,29.3,24.8,25.1,28.0,29.2,31.7,26.6,26.5,24.5,33.0,18.2,24.3,20.0,24.2,20.2,24.6,20.2,19.5,19.1,19.7,,,,,,,,
202103,Canterbury Racecourse AWS,30.8,23.2,22.4,28.8,24.4,23.2,25.8,31.1,27.9,25.7,26.3,27.7,30.7,19.1,22.1,21.6,22.7,21.7,23.8,22.1,20.6,20.3,21.0,29.1,27.7,23.5,27.2,24.5,25.8,22.0,23.2
202103,Cooranbong (Lake Macquarie AWS),32.3,27.0,23.4,27.1,,23.8,25.8,31.1,32.4,25.5,26.3,25.9,32.2,21.2,23.0,22.4,23.1,20.9,23.1,22.3,19.9,20.7,22.7,29.1,28.8,26.2,27.7,26.5,25.0,22.9,23.5
202103,Gosford AWS,30.7,25.4,22.8,27.1,24.6,23.3,25.4,30.6,30.1,25.0,25.9,26.2,30.1,20.9,22.1,22.7,23.1,22.1,24.3,21.4,20.0,20.7,22.6,28.7,28.3,24.1,26.3,24.8,24.5,21.8,22.8
202103,Holsworthy Aerodrome AWS,34.5,23.8,22.9,28.5,24.2,24.0,26.9,30.0,30.4,26.6,25.8,25.4,32.3,18.6,,20.9,24.1,21.2,23.7,21.5,19.6,19.3,20.2,28.3,27.4,23.5,27.0,25.6,25.4,22.4,24.0
202103,Holsworthy Defence AWS,35.2,21.5,21.8,28.8,23.0,22.9,26.4,30.0,30.3,25.8,24.8,24.0,31.8,17.6,21.4,19.9,21.4,20.0,22.6,20.1,18.7,18.8,19.4,27.7,27.0,23.8,27.1,25.7,26.4,21.2,22.9
202103,Horsley Park Equestrian Centre AWS,35.0,,23.7,29.6,24.8,24.7,27.4,30.3,31.8,26.5,25.8,26.1,32.7,18.6,23.5,20.4,22.5,20.3,23.4,20.3,19.0,19.4,21.0,28.5,27.5,24.7,27.1,26.3,26.0,22.9,24.5
202103,Katoomba (Farnells Rd),27.8,22.8,18.3,23.2,21.7,,,25.0,,25.9,20.4,22.1,,25.9,18.6,14.6,13.4,13.2,14.5,15.2,14.8,13.2,17.6,19.6,20.1,20.1,,,20.2,17.9,
202103,Mangrove Mountain AWS,32.6,25.8,21.4,27.5,24.3,21.7,24.7,29.5,30.0,24.7,25.3,24.9,32.3,18.9,21.5,20.8,19.7,18.5,22.2,19.9,18.1,18.1,20.0,27.1,27.0,24.4,26.7,26.1,24.1,21.0,21.5
202103,Mount Boyce AWS,26.7,23.3,18.4,21.9,22.4,19.9,23.4,23.5,25.4,23.3,22.1,22.1,25.9,15.7,17.9,15.4,13.2,15.5,15.3,15.2,14.5,13.2,18.2,18.3,18.2,19.4,18.7,18.9,20.3,17.3,19.3
202103,Norah Head AWS,30.5,26.3,22.7,27.8,24.6,23.5,27.3,29.6,31.3,26.1,28.3,24.9,30.0,21.8,22.1,21.8,22.8,22.3,24.1,21.6,20.5,20.1,21.1,28.4,28.5,24.6,27.3,25.6,25.6,21.2,22.3
202103,Parramatta North (Masons Drive),34.5,24.3,23.0,28.7,24.2,24.6,26.3,30.7,30.3,25.8,25.3,26.0,32.5,19.0,23.1,21.3,23.2,20.6,24.7,20.8,19.7,19.8,22.8,29.0,28.0,25.0,27.7,26.0,25.3,22.8,24.3
202103,Penrith Lakes AWS,35.5,27.7,25.1,29.7,26.8,26.6,29.2,29.8,33.2,26.9,27.8,27.4,33.1,19.1,25.1,21.6,22.3,20.5,24.3,20.2,19.3,19.2,21.4,29.6,28.8,26.1,29.0,27.4,27.1,24.0,25.9
202103,Richmond RAAF,35.6,26.6,23.8,28.8,26.1,24.7,28.4,30.1,33.3,27.7,26.5,27.3,33.4,19.1,24.3,22.4,22.2,20.7,24.1,20.9,19.8,19.4,21.7,28.5,28.8,24.8,27.4,26.5,26.3,23.3,24.4
202103,Springwood (Valley Heights),33.4,25.0,22.2,27.0,24.8,22.6,25.4,27.6,31.8,25.3,24.4,24.3,,18.1,21.7,19.9,19.0,18.3,21.2,18.6,18.2,18.0,21.4,27.1,26.9,23.0,26.6,24.8,24.2,21.0,
202103,Sydney (Observatory Hill),30.8,24.7,23.5,28.7,25.0,24.8,27.3,31.2,28.8,27.9,28.1,27.4,29.4,19.3,24.3,21.2,23.8,21.5,25.7,21.8,20.3,19.9,20.4,29.2,29.1,26.3,28.5,27.0,26.7,23.3,24.6
202103,Sydney Airport AMO,30.6,22.2,21.6,28.8,22.9,22.5,26.5,33.1,26.4,25.8,27.6,27.4,31.0,20.0,21.4,21.8,24.6,22.5,25.7,22.9,21.2,21.2,22.3,30.1,28.9,23.4,27.8,24.4,24.5,20.9,21.8
202103,Sydney Harbour (Wedding Cake West),25.9,22.7,21.3,23.8,22.7,21.8,23.6,30.1,26.1,24.0,24.3,24.5,26.7,20.6,22.0,22.2,22.8,23.1,24.0,23.5,22.5,20.9,23.3,28.9,25.6,22.4,25.6,24.0,23.3,20.6,22.0
202103,Sydney Olympic Park AWS (Archery Centre),33.3,,22.8,29.5,24.3,23.6,26.9,32.0,30.0,26.2,27.4,27.8,33.0,19.5,23.0,21.7,22.8,22.1,24.1,22.3,20.4,20.2,21.9,29.8,29.2,24.7,28.3,27.0,27.5,22.9,24.0
202103,Terrey Hills AWS,29.1,22.9,21.1,26.3,22.9,21.7,24.1,29.5,28.7,23.9,25.0,25.7,30.1,18.4,21.2,20.9,20.2,20.1,22.8,19.9,18.8,18.9,21.1,27.5,26.9,22.9,26.6,23.9,23.4,20.7,21.5
202103,"Values are the maximum temperature, usually in the 24 hoursfrom9 am on the day indicated,and typically occurred in the afternoon of that day.",,,,,,,,,,,,,,,,,,,,,,,,,,,,,,,
202103,Temperatures coloured according to their differencefrom the long-termaveragefor the period,-10.0,-9.0,-8.0,-7.0,-6.0,-5.0,-4.0,-3.0,-2.0,-1.0,0.0,+1.0,+2.0,+3.0,+4.0,+5.0,+6.0,+7.0,+8.0,+9.0,+10.0,°C,Grey outline marks highestand lowest for the period,,,,,,,,
202104,Badgerys Creek AWS,26.8,27.7,26.9,30.0,28.6,27.4,25.3,28.0,27.9,23.3,18.8,20.6,22.4,27.9,25.8,23.7,20.2,23.4,23.9,23.3,20.9,20.2,22.4,22.5,22.7,22.9,23.3,22.3,23.7,23.8,
202104,Bankstown Airport AWS,25.7,27.1,27.6,31.2,28.1,27.0,25.2,26.0,28.8,24.1,18.9,20.8,23.4,28.1,26.3,22.9,19.4,22.7,24.4,23.3,21.3,20.3,22.4,22.9,22.6,23.4,23.8,22.9,24.3,23.9,
202104,Camden Airport AWS,25.1,26.9,26.7,29.9,27.9,25.8,25.3,25.9,28.5,22.3,18.0,20.9,22.3,27.1,25.1,21.6,18.8,22.9,23.6,22.2,20.6,19.1,22.0,22.7,22.5,23.0,23.4,22.2,23.4,23.5,
202104,Campbelltown (Mount Annan),26.2,27.6,27.6,30.9,28.3,27.4,27.0,26.9,29.4,22.5,18.3,21.3,23.0,27.8,25.9,22.3,20.0,23.9,24.9,23.0,21.3,19.8,22.6,23.5,22.2,23.8,23.9,23.0,24.3,24.6,
202104,Canterbury Racecourse AWS,24.5,26.0,26.5,29.1,26.7,26.0,24.3,25.4,28.5,23.4,18.7,19.1,22.6,27.9,25.8,21.4,19.6,22.5,24.1,22.7,20.5,19.8,21.8,22.7,21.6,22.9,23.2,22.4,23.1,22.8,
202104,Cooranbong (Lake Macquarie AWS),24.3,25.7,25.6,27.9,26.7,25.4,24.4,24.0,29.1,25.3,20.1,20.4,22.2,27.4,26.5,22.3,16.6,22.3,23.9,23.8,21.4,21.8,22.3,22.5,22.6,22.6,23.1,22.8,22.9,23.2,
202104,Gosford AWS,23.6,24.9,25.5,27.9,26.1,24.6,24.6,24.6,28.2,24.3,19.5,19.0,22.2,27.4,26.9,21.4,17.0,20.7,23.7,23.0,19.9,21.3,21.4,22.4,21.4,21.9,22.5,21.4,22.5,22.1,
202104,Holsworthy Aerodrome AWS,24.5,26.4,27.1,30.0,26.8,26.5,24.3,25.4,27.9,22.7,17.9,20.0,22.4,27.3,25.1,21.7,18.8,22.7,23.8,22.2,20.7,19.6,22.2,22.2,21.9,22.6,22.9,22.2,23.2,23.2,
202104,Holsworthy Defence AWS,24.6,27.1,26.8,30.3,25.8,24.9,23.9,25.3,28.4,22.2,17.6,19.4,22.4,27.3,25.4,20.4,18.5,21.5,23.8,22.6,19.9,19.3,22.1,22.3,21.3,22.9,,,,22.9,
202104,Horsley Park Equestrian Centre AWS,25.3,27.0,26.9,30.0,27.6,26.5,24.3,26.4,28.2,23.2,18.6,20.3,22.1,27.6,25.5,22.3,18.8,22.5,23.8,22.9,20.7,19.9,22.0,22.4,22.1,22.7,22.9,22.2,23.7,23.8,
202104,Katoomba (Farnells Rd),19.2,21.5,19.4,27.2,,22.0,18.7,20.2,,15.9,10.9,15.2,18.9,20.0,20.0,16.8,12.8,,18.2,16.3,15.6,12.8,16.4,17.7,16.1,,18.8,16.7,18.7,17.2,
202104,Mangrove Mountain AWS,22.4,24.2,24.9,27.8,25.7,23.1,22.8,23.7,26.5,23.4,18.6,19.0,22.2,26.4,26.1,21.5,15.4,20.9,22.7,21.9,19.8,20.5,21.6,21.8,21.0,22.9,21.0,21.0,22.2,21.6,
202104,Mount Boyce AWS,19.3,21.3,22.8,25.8,23.0,20.8,19.6,21.3,20.7,13.6,9.0,15.5,18.1,18.8,17.3,16.9,12.9,17.2,16.7,14.2,15.0,10.6,13.8,15.9,16.7,17.6,18.0,16.9,17.6,17.6,
202104,Norah Head AWS,23.3,26.1,25.9,28.6,25.5,24.4,25.5,26.2,28.5,24.3,19.4,18.4,22.0,27.1,27.0,21.3,18.6,20.2,24.8,22.7,18.8,21.1,21.6,22.9,20.4,22.9,23.4,22.4,22.7,23.3,
202104,Parramatta North (Masons Drive),25.5,26.5,26.3,30.0,27.2,26.5,25.2,25.8,28.7,23.8,18.8,20.7,23.0,27.8,26.2,22.3,18.3,22.2,24.3,22.5,21.6,20.5,21.0,22.8,22.3,23.4,23.0,22.0,23.7,23.8,
202104,Penrith Lakes AWS,27.0,27.6,27.7,30.8,29.2,27.2,25.8,28.0,29.2,24.1,19.5,21.3,24.0,29.0,26.9,24.2,19.9,23.2,25.0,24.0,21.7,21.2,23.7,23.1,23.0,24.0,24.1,23.2,24.5,24.7,
202104,Richmond RAAF,26.0,26.9,27.1,29.8,28.7,27.3,24.2,26.8,29.2,24.2,19.4,20.4,23.4,28.4,26.5,23.7,18.5,22.3,24.8,23.0,21.1,21.5,22.3,23.3,22.3,22.8,23.4,23.2,23.8,23.4,
202104,Springwood (Valley Heights),23.8,24.3,25.0,27.7,26.4,24.0,22.9,24.9,27.8,21.7,17.4,18.7,21.3,26.4,25.3,21.2,16.8,20.0,21.4,21.9,19.7,19.3,20.0,20.1,20.1,20.7,21.2,19.8,21.5,21.5,
202104,Sydney (Observatory Hill),27.3,27.3,26.9,27.3,28.3,27.5,26.5,26.8,28.8,24.5,19.7,20.5,22.9,27.8,26.7,21.9,18.5,23.1,24.2,22.9,20.9,21.3,23.1,23.5,23.8,23.3,24.4,22.9,22.8,24.1,
202104,Sydney Airport AMO,24.2,26.3,26.7,30.0,25.7,25.9,26.2,25.5,30.2,24.5,19.3,18.7,23.4,28.7,26.6,20.6,19.7,21.0,25.6,24.0,18.9,20.7,22.8,24.0,21.1,23.2,22.7,22.3,23.7,22.8,
202104,Sydney Harbour (Wedding Cake West),23.9,24.3,24.0,24.1,25.6,26.1,24.4,24.8,29.9,23.3,17.9,19.0,20.5,27.3,24.4,20.6,19.1,21.4,21.1,21.1,18.8,19.1,20.1,21.4,20.4,21.2,22.1,21.2,20.7,22.7,
202104,Sydney Olympic Park AWS (Archery Centre),25.5,26.6,27.4,30.4,27.1,27.4,25.9,25.9,29.0,24.9,19.5,21.0,23.9,27.8,27.0,22.1,19.5,23.1,25.2,23.0,21.2,20.9,23.0,23.9,23.0,23.4,23.2,23.3,23.1,23.8,
202104,Terrey Hills AWS,23.0,23.9,24.6,26.6,25.1,24.3,23.5,23.9,27.3,22.6,17.6,18.3,20.9,26.7,25.4,20.2,17.5,20.1,22.7,21.1,19.1,19.6,20.4,21.1,20.1,20.2,20.9,21.7,22.2,21.3,
202104,"Values are the maximum temperature, usually in the 24 hoursfrom9 am on the day indicated,and typically occurred in the afternoon of that day.",,,,,,,,,,,,,,,,,,,,,,,,,,,,,,,
202104,Temperatures coloured according to their differencefrom the long-termaveragefor the period,-10.0,-9.0,-8.0,-7.0,-6.0,-5.0,-4.0,-3.0,-2.0,-1.0,0.0,+1.0,+2.0,+3.0,+4.0,+5.0,+6.0,+7.0,+8.0,+9.0,+10.0,°C,Grey outline marks highestand lowest for the period,,,,,,,,
202105,Badgerys Creek AWS,23.7,23.2,24.0,15.3,19.3,21.7,22.2,26.0,20.4,24.5,22.0,21.7,23.7,19.4,17.6,18.9,19.3,20.0,20.3,21.6,18.1,20.3,20.2,19.8,21.1,21.4,18.6,17.0,16.6,16.9,18.7
202105,Bankstown Airport AWS,23.5,24.7,26.1,15.9,20.1,22.2,22.9,25.9,21.0,25.1,22.5,22.0,23.7,19.5,17.7,18.5,20.1,20.2,20.7,21.8,18.1,21.0,20.9,20.1,22.2,21.5,18.6,17.3,16.9,16.5,18.9
202105,Camden Airport AWS,23.5,23.4,25.5,15.4,19.0,21.8,21.6,25.7,21.7,24.1,20.7,22.3,23.3,18.7,16.5,17.9,19.2,19.9,20.3,21.0,17.5,20.4,20.5,20.5,20.9,20.7,18.3,16.6,16.1,16.7,18.8
202105,Campbelltown (Mount Annan),24.3,24.6,26.1,15.3,18.9,21.9,21.2,25.7,22.3,24.7,21.6,22.9,24.0,19.6,16.8,18.4,20.5,20.2,20.8,22.1,18.2,21.2,21.0,20.8,21.9,21.3,18.7,17.0,16.4,16.5,19.5
202105,Canterbury Racecourse AWS,23.5,23.9,25.1,16.1,20.0,21.1,22.7,25.4,20.5,24.5,22.2,20.8,23.3,19.5,18.1,18.3,18.6,,20.6,21.2,17.1,20.1,20.5,19.0,21.5,21.2,18.6,16.8,15.7,16.1,19.8
202105,Cooranbong (Lake Macquarie AWS),23.2,23.9,25.5,19.3,20.7,22.3,23.4,25.9,19.9,25.3,22.5,22.3,23.5,21.0,19.9,18.4,,20.4,21.5,23.0,17.2,20.8,20.5,21.4,21.5,22.9,19.4,18.0,17.1,18.4,19.8
202105,Gosford AWS,23.1,23.7,23.0,19.3,20.3,21.6,22.7,25.6,20.2,24.6,22.8,20.9,23.1,20.1,19.2,18.0,19.0,19.3,21.0,21.1,16.2,19.2,19.0,20.6,21.3,21.5,18.2,16.8,16.1,17.0,18.2
202105,Holsworthy Aerodrome AWS,23.2,23.7,25.1,15.7,,21.8,22.4,25.0,20.8,23.9,21.5,20.9,22.5,18.8,16.8,17.6,19.4,19.5,20.0,20.9,17.5,20.2,19.9,19.7,21.3,20.7,18.3,16.5,15.7,15.9,
202105,Holsworthy Defence AWS,22.9,22.9,25.0,15.1,18.1,20.6,20.6,24.6,21.0,22.7,21.2,19.6,22.8,18.2,15.9,17.3,18.4,19.4,19.8,20.1,16.3,20.2,19.3,18.5,20.9,20.0,17.4,15.1,14.9,15.4,18.4
202105,Horsley Park Equestrian Centre AWS,23.6,23.7,24.7,15.7,19.1,21.3,21.7,25.3,20.3,24.1,22.5,21.4,23.3,18.9,17.7,18.0,19.1,19.4,20.4,21.4,16.8,19.9,20.3,20.6,21.5,21.0,18.4,16.6,16.1,16.2,18.7
202105,Katoomba (Farnells Rd),17.7,17.9,20.5,10.0,12.2,13.9,15.1,,18.6,15.2,14.4,15.2,16.8,12.5,8.2,11.4,13.1,14.8,15.0,17.4,11.0,,15.9,12.4,15.2,,12.7,11.1,9.8,8.4,14.9
202105,Mangrove Mountain AWS,21.8,22.5,24.3,17.8,18.2,19.8,22.2,24.1,18.3,23.3,20.7,19.9,22.2,19.4,17.7,17.1,19.0,19.4,19.8,21.2,13.5,19.3,18.4,19.4,21.1,20.4,17.8,15.3,14.6,15.9,17.7
202105,Mount Boyce AWS,18.3,17.9,18.9,9.2,12.2,13.9,14.9,16.4,14.9,14.4,13.7,15.1,14.3,9.9,6.9,9.5,10.8,13.5,13.0,14.6,11.6,14.7,15.0,12.0,14.8,11.6,10.0,9.4,9.6,9.7,14.8
202105,Norah Head AWS,26.5,24.6,25.2,20.8,19.8,22.3,21.7,25.8,19.9,24.4,23.9,21.0,22.9,20.5,19.7,18.3,17.8,20.0,20.2,21.1,17.9,18.5,19.0,20.6,22.1,22.5,18.3,16.3,15.7,16.7,18.1
202105,Parramatta North (Masons Drive),23.2,23.8,25.7,16.0,19.6,21.2,21.5,25.2,19.8,24.3,22.2,22.0,23.3,20.2,16.6,18.5,19.8,20.0,20.7,22.0,17.0,20.7,21.0,20.7,21.4,21.6,18.8,17.8,15.5,15.0,19.2
202105,Penrith Lakes AWS,23.9,23.6,24.7,16.0,19.8,21.6,22.4,26.6,20.2,24.8,23.1,22.9,24.9,20.3,19.7,19.8,19.8,20.6,20.9,21.5,17.7,21.0,21.0,21.2,21.9,22.1,19.5,17.8,17.0,17.0,19.5
202105,Richmond RAAF,23.5,23.4,24.9,15.7,19.4,22.5,22.6,26.6,19.3,24.6,23.1,22.0,23.8,20.7,18.9,18.9,19.5,20.1,20.5,21.4,16.4,20.1,20.8,20.5,21.8,22.0,19.2,17.7,17.0,16.5,18.5
202105,Springwood (Valley Heights),20.6,20.7,22.4,14.6,17.0,18.8,20.4,24.7,18.7,22.7,20.2,19.5,22.2,19.0,16.0,17.5,17.8,18.2,19.0,19.1,15.2,18.1,18.4,18.1,19.0,20.0,17.9,15.9,15.1,15.5,16.5
202105,Sydney (Observatory Hill),23.0,24.6,24.7,17.1,19.5,22.0,22.8,26.2,19.4,24.7,23.6,22.5,24.4,20.3,18.6,19.2,20.2,20.6,21.3,21.6,16.4,21.8,20.3,18.7,22.6,22.3,19.6,17.4,16.0,16.2,20.4
202105,Sydney Airport AMO,23.9,24.5,25.5,18.5,19.4,21.5,21.5,26.5,21.0,25.4,23.7,19.8,24.4,20.5,17.8,19.7,18.3,20.7,21.6,21.7,17.1,18.9,19.4,19.6,22.3,22.4,19.2,16.1,15.3,15.3,18.3
202105,Sydney Harbour (Wedding Cake West),22.3,21.7,21.8,18.2,20.3,21.6,21.7,25.3,19.7,23.7,21.8,20.3,22.9,18.8,16.8,17.9,18.0,18.5,18.9,19.7,17.6,19.0,18.8,19.8,19.2,20.7,18.1,15.9,15.1,15.5,18.7
202105,Sydney Olympic Park AWS (Archery Centre),23.9,24.6,25.8,16.5,19.7,21.6,22.7,26.3,20.4,25.6,23.5,21.4,24.4,20.2,19.1,19.1,20.1,20.6,21.3,21.9,17.1,21.0,20.1,21.1,22.4,22.0,18.9,17.1,16.1,16.2,19.5
202105,Terrey Hills AWS,22.3,22.2,23.8,17.3,18.0,19.5,20.8,24.3,18.3,23.1,20.8,20.2,22.0,18.3,16.9,17.0,18.1,18.9,19.3,20.3,15.1,18.7,18.9,18.6,20.1,20.4,17.0,15.0,14.1,15.1,17.8
202105,"Values are the maximum temperature, usually in the 24 hoursfrom9 am on the day indicated,and typically occurred in the afternoon of that day.",,,,,,,,,,,,,,,,,,,,,,,,,,,,,,,
202105,Temperatures coloured according to their differencefrom the long-termaveragefor the period,-10.0,-9.0,-8.0,-7.0,-6.0,-5.0,-4.0,-3.0,-2.0,-1.0,0.0,+1.0,+2.0,+3.0,+4.0,+5.0,+6.0,+7.0,+8.0,+9.0,+10.0,°C,Grey outline marks highestand lowest for the period,,,,,,,,
202106,Badgerys Creek AWS,18.6,20.9,14.8,19.0,16.7,19.8,18.2,18.2,14.7,8.5,16.2,17.4,18.1,18.0,18.1,18.5,17.1,18.7,16.9,16.2,,17.4,16.7,22.0,18.4,17.4,18.3,16.8,15.6,18.6,
202106,Bankstown Airport AWS,19.7,22.1,13.2,20.0,16.9,20.2,19.6,19.5,15.4,9.6,15.5,17.6,18.4,17.5,17.1,19.2,17.7,18.4,15.6,16.1,16.5,16.9,18.8,22.8,19.0,18.3,19.3,17.0,17.2,19.3,
202106,Camden Airport AWS,18.5,21.5,15.2,19.0,16.5,19.8,18.8,16.9,15.8,8.4,14.9,16.5,17.7,17.4,17.9,18.6,16.5,17.9,16.1,16.0,17.0,17.1,16.1,20.9,18.5,17.3,18.2,16.9,16.0,18.8,
202106,Campbelltown (Mount Annan),19.0,22.5,13.5,19.4,17.4,20.2,19.3,19.2,15.7,8.6,15.3,17.3,18.1,18.1,18.7,19.8,16.9,18.7,15.2,16.9,17.7,18.4,17.1,21.9,18.9,18.0,18.8,17.0,16.4,19.0,
202106,Canterbury Racecourse AWS,19.5,22.1,13.4,,17.1,19.9,19.7,18.8,15.5,10.2,15.3,17.6,18.2,17.8,17.2,19.9,17.4,18.1,15.0,15.4,16.5,17.5,18.8,21.7,19.0,18.2,19.3,16.1,16.1,18.1,
202106,Cooranbong (Lake Macquarie AWS),19.5,22.1,17.0,20.9,18.0,19.1,19.5,17.7,14.1,10.9,15.9,17.6,18.6,18.9,20.0,20.4,17.8,19.2,16.3,15.4,18.4,17.0,19.6,22.1,20.9,18.1,18.4,18.0,17.3,18.4,
202106,Gosford AWS,20.1,20.7,14.8,20.1,17.2,18.4,20.3,16.8,14.3,10.4,16.1,17.5,18.2,18.6,17.6,19.9,17.1,18.8,15.4,14.1,16.5,16.2,19.6,21.7,19.3,17.9,17.1,17.1,16.7,17.1,
202106,Holsworthy Aerodrome AWS,,21.1,13.3,19.2,16.3,19.2,18.5,18.3,14.9,8.9,14.6,16.8,17.7,17.2,17.0,18.5,16.4,17.7,14.9,15.3,16.4,16.6,17.8,21.3,18.2,17.1,18.2,16.4,16.4,18.2,
202106,Holsworthy Defence AWS,18.5,21.3,13.6,18.2,16.1,19.5,17.9,17.6,14.7,8.4,14.0,16.0,17.2,17.9,16.1,19.5,15.6,16.9,13.7,14.4,15.7,14.9,17.7,20.8,17.5,16.1,17.8,15.8,16.0,18.6,
202106,Horsley Park Equestrian Centre AWS,18.8,21.3,13.3,19.2,16.7,19.4,18.6,18.4,14.8,8.9,15.5,16.8,17.7,18.1,17.9,18.8,16.5,18.4,15.3,15.2,16.6,18.2,17.2,21.5,18.5,17.8,18.4,16.1,15.6,19.0,
202106,Katoomba (Farnells Rd),14.9,17.3,9.4,,11.7,14.4,14.4,13.3,4.5,4.8,7.9,9.7,10.9,11.2,10.9,15.3,7.6,8.9,10.0,,10.0,,12.2,11.9,10.2,8.5,,8.5,8.1,,
202106,Mangrove Mountain AWS,17.6,21.3,13.7,19.0,16.1,17.9,19.3,17.7,13.1,8.2,13.9,15.8,16.9,17.2,17.4,19.7,15.2,17.0,13.4,12.2,14.6,14.7,17.8,19.9,17.8,16.7,17.1,15.1,12.4,14.6,
202106,Mount Boyce AWS,12.6,14.4,9.5,9.2,8.7,12.7,13.1,11.7,3.3,1.3,5.2,7.8,8.3,10.0,11.3,13.8,6.1,7.6,8.6,9.9,9.7,11.5,12.0,11.2,9.0,7.2,11.1,9.9,8.6,11.7,
202106,Norah Head AWS,18.9,21.2,16.3,19.7,16.9,17.9,21.3,18.0,14.1,12.3,15.6,17.9,18.2,18.4,19.3,20.6,17.1,19.0,15.2,14.7,16.9,16.1,19.6,19.5,19.7,18.2,17.6,16.9,17.3,18.5,
202106,Parramatta North (Masons Drive),19.2,22.2,14.7,19.7,17.0,20.0,20.2,19.0,15.0,9.5,16.8,17.8,18.3,17.8,18.3,20.3,17.2,18.3,15.2,15.2,16.5,16.8,18.5,21.7,19.2,18.0,18.6,16.1,16.0,17.9,
202106,Penrith Lakes AWS,17.2,21.1,12.7,19.8,17.2,19.7,18.4,19.6,15.5,8.3,18.7,17.7,19.3,19.5,17.8,18.6,17.8,19.3,17.8,16.4,17.1,19.0,15.7,22.5,19.9,18.7,18.7,17.6,16.1,18.7,
202106,Richmond RAAF,16.3,20.6,11.8,20.4,16.4,19.1,19.0,19.5,15.4,8.3,17.7,17.8,19.0,19.2,17.3,18.0,17.2,19.5,17.0,16.1,16.9,18.0,17.2,22.6,20.0,18.5,18.4,16.7,15.3,17.9,
202106,Springwood (Valley Heights),16.4,19.2,15.0,17.5,14.2,18.0,16.6,16.0,12.8,9.0,15.0,16.0,17.4,16.6,15.7,17.1,15.2,17.2,16.1,14.7,14.9,15.7,15.2,19.8,17.7,16.0,15.4,15.5,13.2,,
202106,Sydney (Observatory Hill),20.5,22.0,13.4,20.5,18.0,21.3,20.2,19.1,15.7,10.3,15.4,18.8,19.6,17.8,18.2,20.2,17.9,18.9,14.6,15.3,15.8,18.9,19.2,21.7,19.8,19.1,19.6,17.0,17.2,18.3,
202106,Sydney Airport AMO,20.2,22.5,16.1,21.2,17.8,19.4,20.1,20.0,16.5,11.4,16.7,18.8,19.2,17.3,17.2,19.8,18.6,19.1,15.2,14.8,15.3,16.3,19.8,22.9,20.3,18.8,19.2,16.2,16.3,17.3,
202106,Sydney Harbour (Wedding Cake West),17.7,19.7,14.4,19.2,17.4,20.3,18.1,18.1,14.6,11.1,15.9,17.5,17.6,17.1,16.7,18.6,17.0,17.6,16.0,15.1,15.7,18.6,18.1,20.9,18.9,17.4,20.5,16.6,16.0,17.5,
202106,Sydney Olympic Park AWS (Archery Centre),20.0,22.3,13.4,20.1,17.6,20.2,20.3,19.3,15.8,10.1,16.1,18.8,19.1,17.9,18.2,19.7,17.9,18.9,15.2,15.9,16.8,17.3,19.4,22.2,19.6,18.8,18.8,15.9,16.4,18.2,
202106,Terrey Hills AWS,19.2,20.4,14.4,18.5,15.8,17.8,18.4,17.6,13.7,8.8,15.0,17.4,16.8,16.9,16.4,18.7,15.8,17.2,13.0,13.0,15.1,16.1,17.4,19.9,18.1,16.6,17.2,14.8,14.7,16.6,
202106,"Values are the maximum temperature, usually in the 24 hoursfrom9 am on the day indicated,and typically occurred in the afternoon of that day.",,,,,,,,,,,,,,,,,,,,,,,,,,,,,,,
202106,Temperatures coloured according to their differencefrom the long-termaveragefor the period,-10.0,-9.0,-8.0,-7.0,-6.0,-5.0,-4.0,-3.0,-2.0,-1.0,0.0,+1.0,+2.0,+3.0,+4.0,+5.0,+6.0,+7.0,+8.0,+9.0,+10.0,°C,Grey outline marks highestand lowest for the period,,,,,,,,
202107,Badgerys Creek AWS,15.9,18.5,18.3,15.9,17.0,15.8,16.5,16.4,12.4,16.6,17.6,17.9,19.4,15.4,22.3,17.7,14.7,18.1,15.7,16.4,15.5,16.8,15.1,17.8,15.0,20.6,20.2,24.8,18.0,17.6,22.5
202107,Bankstown Airport AWS,16.8,18.7,19.3,15.8,16.7,15.8,16.7,16.9,12.3,15.6,17.4,18.1,19.4,16.0,22.5,18.6,15.4,18.7,16.4,16.4,15.9,17.2,16.8,18.3,15.3,20.0,20.2,25.4,18.0,19.1,22.9
202107,Camden Airport AWS,16.9,16.9,17.9,15.7,15.6,16.0,16.0,16.7,12.4,16.3,17.5,17.8,18.8,15.6,21.4,17.3,14.2,17.4,15.3,16.1,15.3,16.6,13.3,17.7,14.5,19.2,20.6,24.5,17.1,18.0,21.0
202107,Campbelltown (Mount Annan),18.0,18.4,18.5,16.1,16.8,16.4,16.6,17.5,12.9,15.5,18.0,18.4,19.0,15.0,21.5,17.5,14.0,18.1,15.5,16.0,15.9,16.7,14.7,17.7,14.9,19.8,20.0,24.6,17.8,18.7,21.6
202107,Canterbury Racecourse AWS,17.3,19.7,19.9,15.3,16.0,16.8,17.4,17.0,12.9,14.9,17.1,17.5,19.5,16.7,22.3,18.6,15.2,18.2,15.7,15.6,14.8,17.3,16.8,18.2,15.0,19.9,20.1,25.0,17.8,18.5,22.0
202107,Cooranbong (Lake Macquarie AWS),17.0,20.8,20.7,16.1,16.7,17.3,17.6,17.9,13.6,14.0,17.8,18.1,20.0,14.5,21.6,19.8,15.6,19.4,16.4,15.4,16.0,17.7,17.9,19.0,16.1,20.2,21.1,25.1,18.9,20.1,23.6
202107,Gosford AWS,17.5,20.6,20.3,15.2,15.5,15.4,16.4,16.5,13.6,13.7,16.9,17.5,19.3,16.4,21.4,18.9,15.7,18.8,15.7,15.2,14.6,17.1,18.3,18.4,15.2,20.3,20.4,24.4,18.2,19.6,22.8
202107,Holsworthy Aerodrome AWS,16.8,18.4,18.4,15.3,15.7,15.6,16.4,16.3,12.2,14.9,16.4,17.1,18.3,15.9,21.9,17.2,15.0,17.6,15.6,14.4,15.1,16.6,16.0,17.6,14.3,19.2,19.3,24.3,17.4,17.7,21.7
202107,Holsworthy Defence AWS,18.0,18.0,18.2,14.9,15.3,15.9,16.5,16.8,13.6,13.9,15.6,16.6,17.7,12.8,20.8,16.8,13.0,17.0,15.4,14.1,13.7,16.1,15.1,16.4,13.5,18.8,19.3,23.5,16.5,17.6,21.0
202107,Horsley Park Equestrian Centre AWS,15.7,19.5,18.9,15.1,15.7,15.8,16.5,16.2,12.3,15.0,16.6,17.3,19.0,16.7,21.7,17.9,14.2,18.2,15.4,15.8,15.4,16.7,15.2,17.8,14.6,20.2,19.6,24.7,17.6,18.3,22.5
202107,Katoomba (Farnells Rd),,13.0,10.2,8.2,10.1,11.7,10.2,11.1,9.0,8.2,8.0,12.0,10.0,10.0,14.7,8.0,6.0,,,6.7,8.8,,8.5,7.2,6.8,10.3,13.8,15.8,11.9,14.5,17.5
202107,Mangrove Mountain AWS,17.1,18.9,18.9,14.5,15.5,15.1,15.8,15.9,10.9,12.8,15.0,16.1,18.5,15.6,19.6,17.7,12.8,17.5,15.0,13.2,13.1,16.4,16.1,16.5,13.5,18.5,19.1,23.7,17.4,19.0,22.1
202107,Mount Boyce AWS,11.8,11.8,10.3,6.2,7.4,10.0,10.2,10.1,7.2,9.3,9.1,11.9,9.1,9.6,12.7,7.4,4.4,8.0,5.0,5.0,7.0,11.1,8.1,7.1,5.1,8.8,12.6,14.3,8.8,12.5,17.3
202107,Norah Head AWS,18.5,21.0,19.8,16.0,15.4,16.1,16.4,17.7,13.7,14.7,16.9,19.1,19.5,16.5,20.1,19.7,15.9,18.9,16.3,15.4,14.3,18.1,20.1,18.7,16.3,19.9,21.3,24.1,17.7,20.3,19.9
202107,Parramatta North (Masons Drive),16.0,20.2,19.7,15.7,16.3,15.8,16.8,16.3,12.9,15.5,17.2,17.7,19.0,18.0,22.0,18.7,14.5,18.2,16.0,14.9,15.7,17.3,16.1,18.0,15.2,20.3,20.2,24.5,18.3,19.8,22.7
202107,Penrith Lakes AWS,16.0,18.1,17.4,16.9,17.1,16.1,16.8,15.6,14.4,17.5,18.4,18.4,19.6,16.0,22.2,19.3,14.6,19.4,16.8,16.6,16.1,17.8,16.5,18.9,16.6,20.3,21.3,26.6,19.3,18.2,23.3
202107,Richmond RAAF,15.6,19.3,18.8,16.1,16.4,15.3,16.4,15.5,14.1,17.1,17.0,17.8,18.9,18.1,21.9,19.7,14.6,19.4,16.4,16.3,16.0,17.7,16.3,18.6,16.1,19.9,20.7,26.5,19.3,18.5,23.2
202107,Sydney (Observatory Hill),17.7,20.7,20.8,16.0,17.5,16.7,19.1,17.2,12.5,14.1,17.5,17.2,19.6,16.4,23.4,19.1,14.6,19.3,16.2,15.9,15.0,18.3,17.5,18.6,16.2,20.6,20.5,25.4,19.4,18.1,23.3
202107,Sydney Airport AMO,16.9,20.1,20.6,16.7,17.0,16.6,16.7,17.7,13.5,14.7,16.0,17.7,20.0,17.4,22.7,19.8,15.8,18.8,16.5,17.0,14.0,17.8,17.1,18.9,15.7,19.9,21.0,26.1,18.5,18.6,22.4
202107,Sydney Harbour (Wedding Cake West),18.1,19.7,20.1,15.2,15.6,15.0,17.2,17.0,13.9,14.7,16.0,17.9,19.2,17.0,20.6,18.4,14.3,17.6,14.8,15.2,14.2,16.0,16.8,17.7,14.5,19.2,19.7,24.5,17.1,16.4,20.6
202107,Sydney Olympic Park AWS (Archery Centre),17.7,20.5,20.1,15.9,16.7,16.4,16.8,16.7,12.6,15.4,17.1,18.4,19.7,15.9,22.5,19.6,15.7,19.4,17.1,16.2,15.3,18.1,17.1,19.7,16.2,20.7,20.3,26.1,18.7,18.5,23.2
202107,Terrey Hills AWS,17.9,19.3,18.9,13.9,14.8,15.3,15.3,16.1,11.3,12.6,15.6,16.5,18.3,14.8,20.3,18.0,14.0,17.4,14.9,14.3,13.2,15.8,15.7,17.2,13.8,18.7,19.3,24.4,16.7,17.6,20.7
202107,"Values are the maximum temperature, usually in the 24 hoursfrom9 am on the day indicated,and typically occurred in the afternoon of that day.",,,,,,,,,,,,,,,,,,,,,,,,,,,,,,,
202107,Temperatures coloured according to their differencefrom the long-termaveragefor the period,-10.0,-9.0,-8.0,-7.0,-6.0,-5.0,-4.0,-3.0,-2.0,-1.0,0.0,+1.0,+2.0,+3.0,+4.0,+5.0,+6.0,+7.0,+8.0,+9.0,+10.0,°C,Grey outline marks highestand lowest for the period,,,,,,,,
202108,Badgerys Creek AWS,23.7,19.4,19.8,15.7,19.4,21.0,19.2,15.4,18.9,21.8,25.0,20.3,19.6,20.1,20.9,23.0,19.2,19.4,21.6,23.8,23.9,27.7,27.1,10.9,17.2,19.5,20.8,19.3,16.5,20.3,22.6
202108,Bankstown Airport AWS,24.6,19.4,20.2,16.0,19.2,21.1,19.2,17.1,19.9,22.7,25.2,20.4,20.1,20.7,20.9,23.0,19.3,19.7,22.5,23.7,23.8,27.6,26.0,11.9,16.1,18.9,20.2,18.7,17.7,20.4,23.1
202108,Camden Airport AWS,22.7,18.5,19.3,15.0,18.4,20.2,18.7,15.3,19.0,22.2,24.3,19.6,19.7,19.8,20.4,21.4,19.4,19.0,21.8,23.2,23.6,27.3,25.4,11.3,16.4,18.9,19.7,18.7,15.8,20.2,22.5
202108,Campbelltown (Mount Annan),22.8,19.0,20.1,15.4,19.4,21.0,19.7,15.8,19.8,22.2,24.7,20.8,20.3,20.8,21.0,21.7,19.7,19.2,22.0,23.8,23.7,27.9,25.8,11.1,16.4,19.3,20.2,18.5,16.6,20.7,22.5
202108,Canterbury Racecourse AWS,25.3,18.8,19.8,15.6,19.1,20.6,19.3,16.2,18.8,21.8,,20.6,19.9,20.0,20.6,22.7,18.3,19.2,21.4,23.1,23.9,26.4,24.5,12.3,16.6,17.7,20.0,17.8,17.9,19.7,22.2
202108,Cooranbong (Lake Macquarie AWS),26.6,19.3,22.0,16.8,20.9,20.9,18.8,16.1,19.9,22.8,23.9,21.7,20.1,20.8,22.6,22.7,19.3,19.3,21.7,23.9,21.0,26.5,25.4,12.5,17.5,19.0,19.1,18.2,20.9,20.1,23.6
202108,Gosford AWS,26.3,18.6,20.3,16.1,19.8,20.5,18.5,14.8,18.9,22.5,23.5,20.5,19.4,19.9,20.6,22.4,18.0,18.3,20.9,23.6,22.2,26.4,24.4,12.6,16.9,17.2,18.8,17.8,18.9,19.2,22.5
202108,Holsworthy Aerodrome AWS,23.8,18.1,19.1,15.0,18.7,20.3,18.7,16.5,18.5,21.7,24.1,20.1,19.3,19.7,20.2,21.9,18.6,18.9,21.5,22.8,23.0,27.0,25.0,11.4,15.8,18.5,19.2,17.7,16.2,19.5,22.2
202108,Holsworthy Defence AWS,22.2,17.7,18.3,14.2,17.6,19.9,18.4,15.3,19.0,21.8,23.6,19.6,19.2,19.5,20.4,21.4,18.4,18.7,21.3,22.6,22.8,26.5,25.0,10.8,15.6,17.4,19.1,18.4,15.7,20.1,22.2
202108,Horsley Park Equestrian Centre AWS,25.0,18.3,19.1,15.6,19.1,20.7,18.8,15.6,19.4,21.9,24.8,20.0,19.7,19.5,20.9,22.5,19.0,18.8,21.6,23.3,23.7,26.8,26.0,10.8,16.7,18.8,19.4,18.6,16.3,19.8,22.3
202108,Katoomba (Farnells Rd),17.0,10.3,10.1,7.7,11.7,13.0,13.0,,,14.4,,15.8,14.2,15.0,14.2,14.3,13.8,14.8,14.4,15.5,16.5,,18.3,3.7,9.7,,11.5,11.5,11.7,15.0,
202108,Mangrove Mountain AWS,25.1,16.8,18.8,14.7,18.9,19.6,17.6,13.5,18.5,21.2,21.8,20.5,19.7,19.3,21.0,21.4,18.6,18.1,21.3,22.6,19.5,25.7,23.2,10.8,15.1,18.6,17.3,16.8,19.3,18.5,22.1
202108,Mount Boyce AWS,15.9,11.0,8.2,5.2,8.4,10.2,10.1,7.5,12.4,13.5,14.7,11.9,11.8,14.8,12.4,12.3,11.9,14.0,13.6,14.2,14.6,19.5,18.5,2.8,7.6,12.2,9.4,11.1,11.3,13.2,16.2
202108,Norah Head AWS,26.8,19.5,21.5,16.5,18.7,19.8,17.3,16.3,19.8,22.9,,,,20.8,20.3,22.4,17.6,18.4,19.6,23.1,20.1,23.6,24.4,12.5,16.3,16.5,19.3,18.3,21.3,19.9,24.0
202108,Parramatta North (Masons Drive),25.3,18.3,19.5,16.1,19.3,20.6,19.2,15.5,18.7,22.3,24.0,20.7,20.2,20.3,21.0,22.7,19.8,19.3,22.0,23.7,23.4,26.7,25.4,12.1,15.7,19.7,19.3,18.8,18.3,20.2,22.9
202108,Penrith Lakes AWS,25.7,19.2,19.8,16.2,20.1,21.2,19.1,14.3,20.4,22.4,25.9,21.5,21.3,20.5,22.0,23.9,20.3,19.9,22.4,24.7,25.4,28.6,26.4,12.8,17.6,20.2,21.6,18.9,17.3,21.0,24.0
202108,Richmond RAAF,26.6,19.0,20.5,16.2,20.6,20.7,19.4,13.6,19.2,22.7,25.0,20.6,20.7,19.6,21.9,23.5,19.5,19.3,22.4,23.6,24.3,27.5,26.3,12.6,17.2,18.9,20.1,18.1,17.0,19.9,23.6
202108,Sydney (Observatory Hill),25.6,18.9,20.2,16.6,20.2,21.6,20.0,15.3,20.4,22.8,24.2,21.6,21.6,20.3,22.2,23.2,20.6,20.1,20.1,24.0,24.4,25.4,24.0,11.5,15.7,19.8,21.0,18.4,18.9,20.9,22.6
202108,Sydney Airport AMO,25.6,19.3,20.9,16.2,19.8,21.6,19.6,17.1,19.1,22.7,25.0,21.0,20.7,19.3,21.2,23.3,17.4,18.1,21.3,23.2,23.9,26.1,26.0,11.8,17.0,16.7,19.9,17.1,18.3,19.0,22.8
202108,Sydney Harbour (Wedding Cake West),24.1,18.6,19.3,15.2,18.1,20.9,18.2,16.1,17.1,20.8,23.5,19.0,18.7,18.8,19.9,21.6,16.9,18.0,17.3,20.2,21.1,21.1,23.8,12.0,16.1,16.9,18.5,16.5,16.7,17.4,19.4
202108,Sydney Olympic Park AWS (Archery Centre),25.6,18.7,20.3,16.6,19.7,21.5,19.6,16.2,19.6,23.3,24.5,20.6,21.0,19.8,21.6,23.2,19.8,20.2,23.2,23.8,24.1,27.9,24.8,13.0,16.2,18.6,20.5,18.7,19.0,20.8,23.6
202108,Terrey Hills AWS,23.7,17.3,19.1,15.0,18.1,19.2,17.2,14.3,17.9,20.5,22.6,18.6,19.0,19.1,19.7,21.2,17.0,16.6,20.6,22.2,20.6,24.5,23.5,10.0,14.4,16.4,18.8,17.1,16.8,18.4,
202108,"Values are the maximum temperature, usually in the 24 hoursfrom9 am on the day indicated,and typically occurred in the afternoon of that day.",,,,,,,,,,,,,,,,,,,,,,,,,,,,,,,
202108,Temperatures coloured according to their differencefrom the long-termaveragefor the period,-10.0,-9.0,-8.0,-7.0,-6.0,-5.0,-4.0,-3.0,-2.0,-1.0,0.0,+1.0,+2.0,+3.0,+4.0,+5.0,+6.0,+7.0,+8.0,+9.0,+10.0,°C,Grey outline marks highestand lowest for the period,,,,,,,,
202109,Badgerys Creek AWS,25.7,23.6,26.0,21.4,18.9,20.1,23.8,23.0,27.3,26.3,29.0,29.7,18.2,17.1,19.3,19.2,22.6,24.3,23.8,26.4,17.9,21.7,27.1,27.1,22.5,15.5,20.6,24.1,20.9,23.4,
202109,Bankstown Airport AWS,25.3,22.8,25.9,22.5,18.7,19.9,23.8,23.4,27.6,25.3,29.8,30.3,17.9,17.1,19.4,18.5,22.6,24.5,23.9,26.8,18.3,20.1,27.6,27.5,21.9,17.2,19.3,23.6,21.0,23.5,
202109,Camden Airport AWS,26.4,23.8,25.7,17.7,17.8,19.9,23.1,22.9,27.3,26.2,28.5,29.6,18.5,17.4,19.1,19.1,22.7,22.3,23.4,26.1,17.9,22.2,27.3,27.0,21.5,16.1,20.2,24.8,18.7,23.0,
202109,Campbelltown (Mount Annan),26.7,23.4,25.7,19.6,17.6,19.7,23.7,22.7,27.5,26.3,29.4,29.7,18.2,17.2,20.0,19.3,22.7,23.2,23.7,26.5,18.0,21.8,27.7,27.2,21.7,16.8,20.4,24.8,18.6,23.0,
202109,Canterbury Racecourse AWS,24.5,22.1,24.2,22.6,18.3,18.5,23.3,22.3,27.1,24.4,28.8,29.7,17.1,15.3,17.6,16.7,21.0,23.9,23.4,25.9,16.2,18.4,27.2,26.8,20.7,15.7,18.5,22.1,21.0,23.1,
202109,Cooranbong (Lake Macquarie AWS),25.5,23.3,24.9,24.4,19.8,20.4,25.0,21.1,28.7,28.1,28.7,30.8,20.2,16.8,18.6,17.2,21.6,27.6,24.6,26.8,17.2,20.4,26.9,27.5,24.4,17.1,18.9,22.8,23.2,25.4,
202109,Gosford AWS,23.9,21.7,23.1,23.6,19.0,18.6,23.8,20.4,28.1,26.1,28.9,30.0,18.7,15.6,17.2,17.2,20.9,26.6,24.2,26.2,16.3,18.7,24.6,27.2,22.0,15.3,18.6,22.1,22.6,23.8,
202109,Holsworthy Aerodrome AWS,25.0,21.9,25.0,,17.8,18.9,23.0,22.4,26.9,24.6,28.5,29.4,16.7,15.5,17.9,18.1,22.1,23.5,23.0,26.1,16.8,19.5,26.8,26.7,20.8,17.0,18.9,23.4,20.5,23.2,
202109,Holsworthy Defence AWS,24.6,22.1,25.0,20.4,17.1,17.7,22.4,22.5,26.9,23.6,28.9,29.4,16.5,15.0,17.0,16.9,22.2,22.0,23.2,26.1,15.9,18.9,27.3,26.9,20.1,14.7,18.9,23.7,19.1,22.8,
202109,Horsley Park Equestrian Centre AWS,24.9,23.0,25.0,21.9,17.9,19.2,23.6,22.6,27.2,25.3,28.9,29.5,18.1,15.9,19.1,18.7,22.2,24.4,23.3,26.0,17.9,21.4,27.0,26.6,21.9,15.2,19.0,23.3,20.8,23.6,
202109,Katoomba (Farnells Rd),19.8,,20.5,13.0,8.2,14.2,17.2,,20.1,21.5,21.0,20.8,10.7,10.7,,13.8,19.0,19.2,15.3,17.3,10.9,17.0,21.7,19.0,18.5,7.2,13.1,17.9,13.0,16.3,
202109,Mangrove Mountain AWS,25.1,21.9,24.9,21.7,17.7,18.5,23.4,22.3,26.6,26.4,27.5,28.3,18.9,14.6,16.9,16.1,21.4,26.0,22.9,24.9,15.3,,26.6,25.8,23.1,13.8,18.0,22.7,23.0,25.1,
202109,Mount Boyce AWS,19.9,19.1,20.4,11.9,6.6,12.4,14.0,17.4,17.2,19.5,19.5,20.1,9.2,10.7,12.8,14.4,18.2,18.1,13.7,15.7,9.1,15.1,19.2,16.6,16.3,7.7,13.8,18.5,12.4,16.5,
202109,Norah Head AWS,22.5,23.5,22.6,22.1,19.4,17.1,22.0,21.7,27.1,26.5,28.1,30.0,17.4,14.8,15.9,17.1,21.8,24.5,22.4,26.3,15.4,19.6,23.2,,20.9,17.0,22.2,23.9,23.8,24.2,
202109,Parramatta North (Masons Drive),25.2,22.7,25.0,22.1,18.2,18.6,24.0,23.8,28.3,28.0,29.5,30.0,18.0,16.0,18.7,18.0,22.6,25.0,23.8,26.0,17.3,20.0,27.6,26.8,22.0,15.8,18.6,23.5,21.8,23.0,
202109,Penrith Lakes AWS,26.2,24.4,27.0,22.3,18.8,20.9,25.5,23.9,28.7,29.2,30.4,31.2,19.8,19.0,20.4,20.7,24.1,26.5,24.7,26.8,18.7,22.7,28.3,27.9,24.1,16.4,20.9,26.0,21.4,24.4,
202109,Richmond RAAF,25.3,23.4,26.0,22.5,18.7,20.5,24.0,23.0,28.1,28.2,29.3,29.8,18.1,16.8,19.4,19.9,22.9,27.4,24.2,26.4,17.9,21.1,27.0,27.1,23.4,15.8,19.0,24.9,21.4,24.2,
202109,Sydney (Observatory Hill),25.7,22.6,23.5,22.9,19.1,18.9,24.4,21.7,28.3,24.8,29.3,30.1,17.7,15.9,18.0,18.3,21.3,24.3,24.4,26.4,17.4,19.8,26.6,27.1,21.5,16.0,21.0,21.9,21.9,23.7,
202109,Sydney Airport AMO,24.4,22.9,23.8,23.6,19.8,17.0,24.1,23.1,28.2,24.3,30.2,31.5,17.2,14.4,16.0,17.1,21.8,25.0,24.3,27.6,15.6,18.0,27.3,27.9,19.2,16.2,19.7,22.2,22.6,24.5,
202109,Sydney Harbour (Wedding Cake West),23.2,19.0,18.9,18.5,17.7,16.5,22.7,18.2,26.7,23.0,28.3,29.8,16.2,14.6,15.5,16.1,20.9,21.3,22.5,25.7,15.1,16.9,21.5,26.0,18.9,15.4,17.1,18.1,18.3,19.7,
202109,Sydney Olympic Park AWS (Archery Centre),25.4,23.0,26.0,23.2,19.3,19.8,24.1,23.9,28.0,26.1,29.4,30.2,18.4,15.7,18.1,17.7,22.4,24.7,24.5,26.8,17.1,19.6,27.7,27.3,21.8,16.0,19.7,23.3,21.6,23.8,
202109,Terrey Hills AWS,22.8,20.5,22.7,20.9,17.5,16.9,22.5,20.2,27.2,24.0,27.6,29.4,16.9,13.8,16.1,15.2,19.4,23.5,22.6,25.4,14.6,17.8,25.2,25.8,20.0,15.3,17.7,20.6,23.4,22.4,
202109,"Values are the maximum temperature, usually in the 24 hoursfrom9 am on the day indicated,and typically occurred in the afternoon of that day.",,,,,,,,,,,,,,,,,,,,,,,,,,,,,,,
202109,Temperatures coloured according to their differencefrom the long-termaveragefor the period,-10.0,-9.0,-8.0,-7.0,-6.0,-5.0,-4.0,-3.0,-2.0,-1.0,0.0,+1.0,+2.0,+3.0,+4.0,+5.0,+6.0,+7.0,+8.0,+9.0,+10.0,°C,Grey outline marks highestand lowest for the period,,,,,,,,
202110,Badgerys Creek AWS,26.4,23.5,25.3,26.7,21.1,25.3,30.0,24.2,30.1,26.6,14.4,14.7,17.5,25.2,20.0,22.4,23.5,26.5,25.5,22.5,23.7,26.0,31.3,24.5,23.2,23.6,27.8,31.4,31.1,20.7,22.9
202110,Bankstown Airport AWS,26.5,23.8,25.3,27.0,21.9,26.0,30.7,22.3,29.7,26.0,15.1,17.2,18.4,24.8,21.9,23.2,22.6,27.2,24.5,22.7,24.1,24.7,31.0,22.5,22.9,22.7,26.2,32.4,33.1,20.5,22.1
202110,Camden Airport AWS,24.9,23.8,24.7,25.9,20.6,26.5,30.0,23.7,29.7,27.0,14.4,14.8,17.4,23.8,21.3,21.4,23.9,27.1,26.5,22.5,24.7,26.2,31.3,24.5,23.1,23.4,27.7,31.3,30.5,20.3,22.9
202110,Campbelltown (Mount Annan),25.9,23.7,24.6,25.8,20.8,25.9,30.6,23.8,30.0,26.6,14.3,15.3,17.7,24.6,21.2,21.2,24.3,27.4,26.1,22.2,24.8,26.2,31.3,23.6,23.0,23.4,27.5,31.3,30.2,20.0,22.4
202110,Canterbury Racecourse AWS,25.0,23.0,24.8,26.6,21.5,24.1,29.9,20.8,27.0,26.8,15.4,17.4,18.3,24.0,22.1,22.5,21.0,26.1,23.5,21.1,22.8,23.4,28.1,20.7,21.8,20.7,24.5,31.1,32.3,18.5,21.2
202110,Cooranbong (Lake Macquarie AWS),25.5,24.7,26.2,29.2,22.9,23.7,29.3,20.8,27.4,32.5,15.3,18.1,19.3,25.8,22.6,22.4,22.4,25.1,26.4,21.9,23.0,23.9,27.6,21.9,24.2,21.8,26.0,29.0,32.9,20.2,20.6
202110,Gosford AWS,24.3,22.1,25.1,28.1,21.9,23.0,29.9,20.0,26.2,30.8,14.6,17.0,19.7,24.1,21.4,22.7,21.8,24.1,25.1,21.4,22.4,22.5,26.8,21.6,22.8,20.9,24.2,30.0,32.9,19.0,20.2
202110,Holsworthy Aerodrome AWS,26.0,22.9,24.4,26.4,20.8,25.2,30.3,21.4,29.3,24.1,14.4,16.4,17.6,24.4,21.0,,22.1,26.7,23.8,22.1,23.4,24.7,30.8,21.7,22.4,22.3,25.6,31.8,31.6,19.5,21.1
202110,Holsworthy Defence AWS,25.7,22.6,24.6,26.2,20.5,25.4,30.3,21.6,29.9,23.8,13.1,15.1,16.7,23.8,20.7,21.0,22.5,27.1,22.9,20.4,22.4,25.1,31.4,20.5,21.8,22.2,26.8,31.8,31.2,17.8,21.0
202110,Horsley Park Equestrian Centre AWS,26.6,23.4,24.9,26.8,21.2,25.7,30.0,22.2,30.6,26.3,14.1,16.1,17.8,25.4,22.0,22.3,23.7,26.7,25.3,22.4,23.6,25.2,31.1,23.6,23.1,22.9,27.6,32.2,32.3,20.4,22.3
202110,Katoomba (Farnells Rd),19.5,16.0,18.0,18.7,13.1,20.1,,18.0,23.5,25.7,7.0,7.2,14.7,18.1,13.2,12.0,18.4,21.1,21.0,15.1,16.9,,27.6,20.0,18.2,20.3,24.6,26.3,21.5,18.9,
202110,Mangrove Mountain AWS,25.7,23.6,24.9,27.6,20.6,24.8,28.5,20.7,30.6,31.6,11.8,15.4,17.9,24.7,19.9,21.0,23.1,25.9,26.9,21.2,21.5,23.0,32.1,22.9,23.7,22.6,28.6,31.1,31.4,20.1,20.1
202110,Mount Boyce AWS,19.6,15.2,16.3,15.8,11.4,17.7,20.5,18.7,22.3,24.2,8.6,7.9,12.9,18.6,11.8,9.1,17.3,19.6,19.2,15.6,17.5,20.2,26.9,17.5,16.1,19.8,23.0,24.0,20.3,16.2,17.7
202110,Norah Head AWS,24.8,23.0,22.7,28.0,22.3,23.4,28.6,23.9,25.5,31.1,16.1,18.3,20.9,24.0,22.8,22.7,23.1,24.6,25.2,21.4,24.1,24.4,25.9,20.3,23.2,22.4,23.9,26.9,32.9,20.8,21.6
202110,Parramatta North (Masons Drive),25.6,23.8,25.2,27.2,22.2,25.6,30.2,21.6,28.6,28.0,14.0,17.2,18.2,24.7,21.2,22.6,23.0,27.1,24.4,22.6,23.2,24.0,31.0,22.8,23.3,24.0,26.3,32.3,32.8,20.0,21.1
202110,Penrith Lakes AWS,27.7,24.3,27.3,28.4,22.5,27.7,31.5,25.1,31.9,29.8,14.2,14.7,17.9,26.5,22.5,22.9,24.9,27.8,27.5,23.7,24.7,27.4,33.0,26.9,24.5,25.5,30.3,33.3,32.7,22.7,24.5
202110,Richmond RAAF,26.8,23.6,25.5,27.7,21.9,26.5,30.5,23.8,31.3,33.0,13.6,15.7,17.2,25.7,21.5,22.9,24.0,27.3,27.1,23.0,23.7,26.4,33.1,25.6,24.2,24.6,29.6,32.0,32.3,22.6,23.4
202110,Sydney (Observatory Hill),24.7,24.9,26.0,28.3,22.6,24.9,31.0,22.8,25.6,25.5,15.5,17.3,18.4,24.1,22.1,23.3,23.1,25.1,24.2,23.5,24.8,25.1,25.2,22.8,23.2,23.4,25.4,30.4,33.0,20.9,23.0
202110,Sydney Airport AMO,25.0,23.5,25.3,27.9,22.6,23.6,31.7,22.1,27.9,26.6,16.0,18.4,19.1,24.0,22.9,22.7,21.5,27.0,23.3,21.8,23.5,23.3,27.7,21.7,22.0,21.1,24.1,30.3,34.3,19.3,21.3
202110,Sydney Harbour (Wedding Cake West),21.2,20.8,23.2,26.0,20.6,21.3,29.6,18.2,20.6,20.6,16.5,17.1,18.8,20.2,20.9,21.3,18.9,20.7,21.0,19.8,20.4,20.5,21.3,18.9,19.8,20.1,20.8,25.5,31.9,17.2,18.7
202110,Sydney Olympic Park AWS (Archery Centre),26.4,25.1,25.9,27.9,22.1,25.5,30.5,21.4,27.5,28.5,15.7,17.2,19.0,24.0,22.2,23.4,23.1,27.1,24.4,22.3,23.2,24.6,30.1,22.6,23.1,22.4,24.3,32.2,33.5,19.6,21.1
202110,Terrey Hills AWS,23.7,21.9,24.5,26.3,20.6,22.4,29.8,19.7,26.7,27.4,13.9,14.9,17.6,22.9,20.7,21.6,20.4,24.6,23.2,20.2,21.4,21.7,27.7,19.9,21.6,19.8,22.3,28.7,31.8,17.9,19.3
202110,"Values are the maximum temperature, usually in the 24 hoursfrom9 am on the day indicated,and typically occurred in the afternoon of that day.",,,,,,,,,,,,,,,,,,,,,,,,,,,,,,,
202110,Temperatures coloured according to their differencefrom the long-termaveragefor the period,-10.0,-9.0,-8.0,-7.0,-6.0,-5.0,-4.0,-3.0,-2.0,-1.0,0.0,+1.0,+2.0,+3.0,+4.0,+5.0,+6.0,+7.0,+8.0,+9.0,+10.0,°C,Grey outline marks highestand lowest for the period,,,,,,,,
202111,Badgerys Creek AWS,24.2,25.7,27.0,19.3,22.4,27.6,22.4,25.7,25.9,21.4,19.0,23.5,20.8,22.0,21.6,22.7,22.5,27.7,29.1,23.0,17.6,21.9,22.3,27.7,25.4,19.7,18.1,20.8,23.4,23.4,
202111,Bankstown Airport AWS,24.1,25.4,25.4,20.5,24.8,27.3,23.3,24.5,24.7,21.8,19.4,21.9,21.2,22.9,22.4,21.0,21.8,26.8,30.4,23.3,18.9,21.9,22.6,26.8,26.2,18.8,18.9,20.5,23.7,22.4,
202111,Camden Airport AWS,24.4,25.3,26.9,19.7,21.8,27.7,22.8,25.7,26.4,21.5,18.2,23.3,20.7,21.7,20.7,22.0,23.3,28.1,29.0,22.7,18.4,22.3,22.6,27.7,26.5,20.4,18.1,19.4,23.6,24.2,
202111,Campbelltown (Mount Annan),24.5,25.6,26.0,20.3,22.4,27.6,23.6,25.3,25.7,21.1,18.6,23.5,20.0,20.7,20.7,21.8,22.8,27.5,29.0,22.6,18.6,21.8,22.6,27.7,26.5,19.5,18.1,20.1,23.9,24.2,
202111,Canterbury Racecourse AWS,23.1,24.3,23.9,20.2,23.7,24.9,23.7,22.9,24.6,21.2,18.9,20.5,21.0,22.3,22.0,19.7,20.6,25.1,29.2,20.5,18.6,20.7,,26.1,25.2,18.9,18.5,20.1,21.8,22.3,
202111,Cooranbong (Lake Macquarie AWS),22.9,23.9,24.2,21.3,23.3,25.2,25.7,24.6,24.6,22.3,19.8,28.6,21.0,23.4,24.1,21.1,21.7,24.4,26.9,22.8,18.8,22.3,22.0,27.1,26.9,19.4,17.8,19.8,20.9,22.7,
202111,Gosford AWS,22.1,23.3,23.6,20.7,22.6,25.0,23.1,24.6,23.7,20.6,19.3,23.6,20.8,23.6,23.3,20.5,20.7,24.1,28.4,21.3,17.8,20.5,21.7,26.3,25.3,18.9,17.9,19.1,20.2,22.6,
202111,Holsworthy Aerodrome AWS,24.0,25.3,25.0,19.8,22.6,25.7,23.8,24.3,23.8,21.1,18.6,21.5,20.3,22.1,20.8,20.6,21.2,26.2,29.2,22.3,18.1,21.2,22.3,26.6,25.2,18.5,18.3,20.2,23.8,22.0,
202111,Holsworthy Defence AWS,24.4,24.6,24.5,19.0,21.3,26.1,23.1,23.4,23.6,20.4,17.4,21.3,20.0,20.8,20.1,20.1,21.2,27.1,30.1,21.9,17.0,19.5,21.4,27.3,24.9,17.7,17.0,18.8,24.0,21.9,
202111,Horsley Park Equestrian Centre AWS,24.4,25.6,26.0,19.6,23.2,27.2,22.9,24.9,25.1,20.9,18.6,23.0,20.0,22.2,21.2,21.4,21.9,27.3,29.4,22.7,17.9,20.7,22.5,27.4,25.4,19.1,17.7,19.2,23.3,23.0,
202111,Katoomba (Farnells Rd),,,20.6,14.3,13.9,21.0,18.6,,23.2,17.9,19.2,19.4,,12.9,12.0,18.0,16.1,23.0,23.0,21.0,10.9,19.8,,,20.7,12.5,10.0,,17.0,,
202111,Mangrove Mountain AWS,22.5,23.8,24.5,20.0,21.9,27.1,23.2,24.4,24.6,19.0,17.3,27.0,19.2,21.3,22.2,20.8,20.7,26.5,26.7,23.4,16.3,18.8,19.9,26.4,24.9,16.5,14.9,17.5,20.1,20.9,
202111,Mount Boyce AWS,17.9,20.4,21.3,14.4,16.9,21.4,17.5,21.6,21.6,18.1,19.5,18.9,8.9,11.7,9.9,16.6,17.1,21.8,21.7,19.7,11.0,14.8,17.8,22.2,18.7,13.0,10.2,12.3,17.7,20.2,
202111,Norah Head AWS,24.8,23.8,26.4,22.3,25.2,26.1,24.3,25.1,24.9,21.1,19.4,23.1,21.0,23.3,24.1,22.2,23.6,25.8,26.2,20.9,19.3,23.2,21.8,26.9,24.9,19.1,17.9,19.6,23.3,22.0,
202111,Parramatta North (Masons Drive),23.5,24.4,24.7,20.6,23.3,26.3,26.8,24.5,24.8,20.7,19.2,22.3,20.2,22.8,22.6,21.3,22.5,26.5,28.2,23.2,18.1,22.6,22.0,27.0,26.0,19.5,18.2,19.2,23.6,23.0,
202111,Penrith Lakes AWS,24.6,26.4,28.5,19.6,22.7,28.6,22.0,27.3,28.4,22.3,19.4,25.9,21.4,24.3,22.9,24.5,25.6,30.3,31.5,24.0,18.5,23.4,22.8,28.0,25.6,19.4,17.8,19.7,23.0,24.0,
202111,Richmond RAAF,23.9,26.9,28.0,19.5,22.4,27.6,22.4,27.2,27.0,20.5,19.2,25.1,19.1,21.9,21.1,22.4,23.4,29.2,29.6,22.4,16.9,21.1,21.9,28.1,25.2,19.2,17.7,18.8,22.1,23.0,
202111,Sydney (Observatory Hill),24.6,25.9,25.1,20.7,25.0,26.0,26.1,24.8,24.8,21.1,19.4,22.4,21.4,23.2,24.1,21.6,22.5,25.3,30.5,21.0,19.2,22.3,22.7,27.6,24.5,18.7,18.7,21.2,23.3,23.3,
202111,Sydney Airport AMO,23.4,25.4,25.3,22.1,23.2,25.6,25.7,23.5,23.5,22.1,18.8,19.1,22.4,23.6,23.3,19.6,21.4,25.1,29.7,19.6,18.6,20.3,22.1,26.8,25.4,18.7,18.5,19.1,21.7,23.6,
202111,Sydney Harbour (Wedding Cake West),20.9,21.1,20.5,20.2,20.3,20.8,22.7,21.2,20.8,21.0,18.4,19.9,20.2,21.7,21.0,17.5,18.9,20.3,24.8,19.2,19.0,19.6,20.7,21.6,21.6,18.7,18.0,18.5,19.9,20.7,
202111,Sydney Olympic Park AWS (Archery Centre),24.1,25.0,25.1,20.5,24.7,25.7,24.9,24.9,24.0,21.3,19.0,21.7,21.9,23.3,23.2,21.3,21.3,26.4,30.2,21.3,18.6,21.5,22.1,27.1,26.2,18.8,18.5,19.9,22.6,23.3,
202111,Terrey Hills AWS,21.4,23.2,22.9,19.4,21.5,24.2,22.0,22.7,21.4,19.5,17.2,20.8,19.8,21.8,20.7,18.9,19.3,22.7,27.3,19.6,16.3,19.3,20.0,24.9,24.1,17.1,16.9,18.8,20.1,21.5,
202111,"Values are the maximum temperature, usually in the 24 hoursfrom9 am on the day indicated,and typically occurred in the afternoon of that day.",,,,,,,,,,,,,,,,,,,,,,,,,,,,,,,
202111,Temperatures coloured according to their differencefrom the long-termaveragefor the period,-10.0,-9.0,-8.0,-7.0,-6.0,-5.0,-4.0,-3.0,-2.0,-1.0,0.0,+1.0,+2.0,+3.0,+4.0,+5.0,+6.0,+7.0,+8.0,+9.0,+10.0,°C,Grey outline marks highestand lowest for the period,,,,,,,,
202112,Badgerys Creek AWS,27.9,29.3,29.8,21.8,18.8,22.2,28.3,20.2,25.8,19.9,21.3,23.9,26.6,27.7,32.9,26.2,27.1,37.5,31.9,32.9,33.9,29.0,27.6,28.2,32.9,28.4,23.1,22.5,24.7,28.4,29.9
202112,Bankstown Airport AWS,27.4,28.4,29.1,22.8,20.4,21.7,30.5,20.7,25.0,21.4,21.4,23.3,24.7,26.3,32.8,25.7,26.5,38.2,34.7,30.8,31.6,27.3,28.1,28.0,31.9,27.6,24.0,22.6,24.1,27.2,29.1
202112,Camden Airport AWS,27.5,30.1,29.8,21.6,19.5,21.9,28.2,19.9,24.3,19.4,22.0,24.2,27.3,28.7,33.5,26.0,26.8,37.0,32.9,32.1,35.1,29.5,27.7,28.3,33.3,26.8,24.1,22.0,24.8,28.4,30.6
202112,Campbelltown (Mount Annan),26.8,29.2,29.9,21.5,19.0,21.4,29.1,20.7,25.0,19.7,22.3,23.8,26.6,27.7,33.3,26.2,27.0,37.1,32.3,32.4,34.2,28.5,27.7,27.6,33.0,26.9,24.0,22.1,24.4,28.5,30.0
202112,Canterbury Racecourse AWS,26.0,26.7,29.0,21.8,19.4,22.2,28.3,20.6,23.0,22.2,21.6,21.7,22.2,24.3,29.2,24.2,25.2,33.9,34.5,28.5,28.3,25.4,27.3,26.1,29.6,26.1,22.4,21.6,23.5,26.0,27.3
202112,Cooranbong (Lake Macquarie AWS),24.6,25.6,30.8,22.1,21.6,22.5,29.2,22.5,24.9,24.0,21.0,23.1,24.4,24.9,28.4,24.4,25.5,34.9,34.5,30.1,31.7,28.0,26.5,27.3,28.8,28.4,22.1,22.5,23.6,25.5,27.3
202112,Gosford AWS,25.4,25.4,30.0,20.9,20.0,22.2,29.2,20.1,23.9,22.4,20.4,21.5,23.2,24.4,29.1,24.4,24.9,35.0,35.2,28.3,29.8,27.2,25.6,26.4,28.8,26.9,21.7,20.6,23.1,25.4,26.7
202112,Holsworthy Aerodrome AWS,26.8,27.7,29.5,21.8,19.2,21.4,29.2,20.3,24.9,20.9,21.1,22.4,24.4,26.3,33.1,25.4,25.9,38.0,33.5,30.4,31.9,27.1,27.4,28.0,32.2,27.5,23.7,23.3,23.4,27.4,29.5
202112,Holsworthy Defence AWS,26.3,28.9,29.1,19.9,18.1,21.2,29.6,19.7,23.5,20.1,20.8,21.0,25.4,25.6,33.8,23.5,25.7,38.9,32.6,31.8,33.3,27.1,26.8,26.6,32.9,25.7,22.4,20.9,22.8,27.6,29.3
202112,Horsley Park Equestrian Centre AWS,26.9,28.5,29.6,22.9,18.5,21.8,28.2,20.5,25.3,20.9,21.4,22.6,25.9,26.3,33.4,25.4,26.8,37.4,32.9,32.1,32.8,27.7,27.1,27.7,32.3,27.4,22.5,21.0,24.0,28.2,29.1
202112,Katoomba (Farnells Rd),21.0,24.0,27.0,21.0,19.7,14.9,22.9,14.7,,12.0,15.0,19.3,23.0,24.6,27.0,21.7,22.8,30.0,24.0,26.7,30.7,28.0,23.9,23.0,26.0,21.6,14.5,14.8,19.0,23.0,25.0
202112,Mangrove Mountain AWS,24.0,26.1,31.2,,,,,,,22.2,19.1,22.3,25.8,26.6,32.6,24.7,24.8,35.7,33.2,29.9,35.3,29.8,28.0,27.5,31.0,28.1,19.7,20.2,22.1,25.3,27.3
202112,Mount Boyce AWS,22.7,24.6,26.8,23.0,12.3,14.1,21.2,15.6,19.2,10.1,13.9,19.5,22.9,24.2,26.5,23.1,24.0,29.3,22.8,25.9,28.9,28.9,25.0,25.3,27.9,23.4,13.6,15.4,18.8,22.8,24.8
202112,Norah Head AWS,27.2,26.4,28.3,20.9,20.6,26.2,25.8,20.9,23.1,23.4,20.4,21.0,24.2,25.9,28.4,26.4,27.0,28.5,34.2,29.3,28.8,28.1,29.1,28.0,30.6,29.9,22.1,23.7,24.2,28.8,29.3
202112,Parramatta North (Masons Drive),25.0,28.3,30.0,19.0,19.4,21.7,27.0,20.5,24.3,20.3,21.5,22.8,25.0,26.2,34.0,25.8,26.5,37.2,34.7,30.0,32.3,27.0,26.8,27.5,31.6,26.7,24.0,21.0,24.4,27.5,30.6
202112,Penrith Lakes AWS,27.7,30.3,31.7,21.9,18.3,22.2,29.2,20.4,26.5,21.4,21.4,25.4,28.7,29.0,34.1,27.8,28.8,38.2,34.2,34.3,35.1,31.2,28.4,29.7,33.6,28.1,23.5,22.9,25.5,29.4,31.3
202112,Richmond RAAF,27.1,29.0,30.4,21.7,17.8,20.8,27.5,19.4,24.8,20.8,20.6,23.3,26.8,28.2,33.1,26.5,27.4,36.1,33.5,32.9,33.9,30.4,27.3,28.9,32.3,27.6,23.1,21.0,24.6,27.9,29.6
202112,Sydney (Observatory Hill),26.8,27.4,27.3,23.1,19.7,23.3,26.9,20.1,24.7,22.7,22.6,23.6,24.8,25.8,28.0,25.7,26.4,30.9,34.6,29.1,31.5,28.5,27.0,28.1,29.4,27.3,22.8,22.5,23.8,27.2,28.1
202112,Sydney Airport AMO,27.3,27.3,28.0,21.0,20.5,23.4,28.7,19.2,22.3,22.1,20.2,20.8,22.1,24.3,29.9,24.7,26.2,31.9,35.8,29.2,29.2,26.6,27.4,26.4,30.3,24.5,21.7,21.3,23.9,26.8,29.4
202112,Sydney Harbour (Wedding Cake West),22.6,22.3,23.8,20.2,19.5,21.5,21.8,19.6,21.1,20.5,19.4,19.7,21.2,21.9,25.2,22.4,22.9,27.5,34.4,26.1,26.3,24.1,24.4,24.7,25.4,24.3,21.3,20.6,22.8,23.8,24.2
202112,Sydney Olympic Park AWS (Archery Centre),27.2,27.2,29.6,21.8,19.7,22.1,28.6,20.5,24.2,22.3,21.6,22.5,24.2,25.2,31.1,25.7,26.3,37.8,34.5,29.3,31.0,26.9,28.0,27.2,31.2,26.8,23.0,22.1,24.2,26.5,28.6
202112,Terrey Hills AWS,24.3,25.2,27.9,20.0,18.4,20.4,26.3,18.7,22.6,20.4,20.1,20.8,21.3,22.9,28.1,22.7,23.6,32.3,34.0,26.7,28.9,25.2,24.4,25.5,27.8,24.9,20.7,19.4,21.7,24.5,25.9
202112,"Values are the maximum temperature, usually in the 24 hoursfrom9 am on the day indicated,and typically occurred in the afternoon of that day.",,,,,,,,,,,,,,,,,,,,,,,,,,,,,,,
202112,Temperatures coloured according to their differencefrom the long-termaveragefor the period,-10.0,-9.0,-8.0,-7.0,-6.0,-5.0,-4.0,-3.0,-2.0,-1.0,0.0,+1.0,+2.0,+3.0,+4.0,+5.0,+6.0,+7.0,+8.0,+9.0,+10.0,°C,Grey outline marks highestand lowest for the period,,,,,,,,
202201,Badgerys Creek AWS,30.2,32.4,30.0,29.5,26.6,26.7,28.1,32.5,25.8,30.2,29.5,26.5,24.6,30.2,31.3,30.8,31.6,24.4,23.3,24.5,24.8,26.6,27.0,26.4,28.6,28.9,28.3,31.7,32.7,30.4,32.0
202201,Bankstown Airport AWS,29.1,30.9,29.2,28.6,26.4,28.1,28.3,32.1,25.9,29.3,29.1,26.4,25.0,29.5,31.2,29.2,32.5,24.3,24.0,24.6,25.5,26.1,25.9,26.7,27.7,27.8,27.5,30.0,30.6,29.9,30.8
202201,Camden Airport AWS,30.0,32.4,30.6,29.3,24.7,27.5,27.8,32.3,25.0,30.1,29.3,26.2,26.0,30.3,31.9,30.8,30.5,23.7,23.1,23.9,23.7,26.2,26.0,26.2,27.8,28.2,28.3,31.1,32.2,29.5,31.6
202201,Campbelltown (Mount Annan),29.9,31.8,29.8,28.8,26.3,27.7,27.5,31.9,24.9,29.5,27.8,26.8,25.9,30.0,31.5,30.5,31.1,23.7,23.8,24.8,24.4,26.2,26.6,26.7,27.6,28.9,28.5,31.0,31.8,30.0,31.6
202201,Canterbury Racecourse AWS,27.3,28.6,27.3,27.1,25.8,27.2,26.8,32.1,25.4,28.0,28.3,26.8,24.5,28.3,30.3,27.6,30.7,23.9,23.9,23.6,24.7,24.6,24.5,25.8,26.1,26.5,27.4,28.6,28.9,28.9,30.0
202201,Cooranbong (Lake Macquarie AWS),27.7,28.3,27.2,26.9,27.6,26.9,27.4,30.7,26.3,28.8,29.2,27.7,26.8,28.9,32.7,28.8,29.5,27.0,22.6,24.7,25.6,25.9,26.3,26.8,26.9,26.0,26.7,28.4,29.2,27.6,29.3
202201,Gosford AWS,26.8,27.8,26.9,26.4,26.5,26.4,25.9,31.0,25.4,28.1,27.4,27.4,26.0,27.7,30.3,26.9,28.7,25.7,23.1,23.6,24.2,24.7,24.5,25.9,25.7,26.0,26.8,27.9,28.2,27.8,28.5
202201,Holsworthy Aerodrome AWS,28.9,31.2,29.1,27.7,26.7,27.5,27.3,31.7,25.4,28.6,28.2,25.3,24.4,29.0,30.8,29.2,31.7,23.8,23.6,24.3,24.7,25.7,25.8,26.0,27.0,26.7,27.8,30.2,30.4,29.3,30.5
202201,Holsworthy Defence AWS,28.8,31.2,28.4,26.5,24.9,25.8,25.7,31.3,24.9,28.3,28.6,24.2,23.5,28.8,31.7,27.8,31.4,22.7,22.0,22.1,23.2,24.2,24.0,24.8,26.6,26.7,27.1,30.0,30.6,29.6,31.6
202201,Horsley Park Equestrian Centre AWS,,,,,,27.7,28.4,32.2,24.3,29.6,28.5,26.5,24.7,29.6,30.9,29.6,31.5,24.3,22.6,23.4,24.4,25.7,26.0,26.4,27.6,27.9,28.2,30.9,31.6,29.9,31.7
202201,Katoomba (Farnells Rd),25.0,27.5,23.9,23.0,18.4,21.5,23.5,27.0,18.2,24.1,22.8,19.0,,24.5,26.8,25.0,28.4,19.0,13.4,14.0,16.5,17.2,17.9,20.0,22.5,21.2,20.6,25.5,21.5,22.7,
202201,Mangrove Mountain AWS,27.0,29.7,27.4,27.2,25.4,25.2,26.4,30.2,24.9,27.8,27.3,27.3,25.9,28.5,33.3,28.2,31.4,25.0,20.6,22.1,23.8,24.4,24.7,25.4,25.6,25.7,25.9,29.0,30.0,27.8,29.6
202201,Mount Boyce AWS,25.1,27.2,24.2,23.3,18.9,23.1,25.2,25.9,18.7,26.5,23.9,20.2,21.2,23.9,25.4,26.4,28.5,18.4,14.1,16.4,17.3,19.5,18.1,21.1,23.3,22.3,21.9,26.1,26.9,23.7,27.7
202201,Norah Head AWS,30.1,29.4,26.6,28.1,27.9,28.8,26.2,24.9,24.2,28.8,28.3,26.5,28.2,29.9,28.2,25.7,28.3,24.3,22.8,24.6,26.6,26.7,24.8,27.1,27.3,26.5,29.9,30.0,30.6,28.6,29.1
202201,Parramatta North (Masons Drive),31.0,31.5,30.0,28.5,26.2,27.2,28.4,32.4,25.0,30.0,29.0,26.5,26.0,29.2,,29.5,32.0,24.5,23.5,23.5,24.4,25.2,25.2,26.5,26.8,26.7,27.5,28.5,30.5,29.0,30.0
202201,Penrith Lakes AWS,31.1,33.8,30.6,30.1,24.6,26.5,29.1,33.1,25.6,31.5,29.7,26.6,26.5,30.0,32.5,31.3,33.1,24.6,23.4,24.7,24.9,26.9,26.0,27.1,29.1,29.0,29.0,32.5,32.7,30.6,32.5
202201,Richmond RAAF,29.8,32.0,29.7,29.2,24.3,26.6,29.0,31.6,26.0,30.3,29.0,27.0,26.6,30.0,31.5,30.4,31.7,24.6,23.2,24.8,,27.0,26.7,27.2,28.7,28.9,28.9,31.9,31.9,30.6,31.9
202201,Sydney (Observatory Hill),28.2,29.2,29.6,29.1,27.2,28.7,26.3,30.2,25.6,29.4,28.1,29.1,25.0,28.9,28.1,29.3,28.6,23.8,23.8,24.3,26.1,25.5,25.4,28.2,26.9,27.7,28.6,29.4,29.5,30.0,30.0
202201,Sydney Airport AMO,28.5,29.9,27.9,28.1,26.7,28.1,27.5,31.3,26.2,28.9,28.8,25.0,25.4,28.8,29.3,26.3,31.1,23.4,23.2,25.4,25.0,24.1,24.6,25.9,26.5,27.2,29.7,30.0,30.2,29.7,30.3
202201,Sydney Harbour (Wedding Cake West),24.2,24.7,26.0,25.3,25.1,24.6,24.4,26.6,24.4,24.9,25.0,24.5,24.7,24.6,25.9,25.4,25.9,23.1,23.4,22.5,23.0,23.2,22.4,25.8,23.7,24.1,24.4,24.7,24.6,24.9,27.1
202201,Sydney Olympic Park AWS (Archery Centre),28.1,30.2,28.5,28.2,25.8,27.5,28.2,32.2,25.3,29.3,27.9,27.0,26.3,28.9,32.0,28.6,31.3,24.3,23.5,24.1,24.5,25.3,25.0,26.8,27.0,26.7,27.8,29.6,30.4,29.6,30.0
202201,Terrey Hills AWS,25.8,26.6,26.5,26.0,23.9,24.4,23.9,29.4,23.3,26.8,26.7,26.5,23.3,26.5,28.4,26.8,28.9,23.0,22.0,22.6,22.8,23.7,23.2,25.0,25.1,24.7,25.9,26.8,27.2,26.6,27.2
202201,"Values are the maximum temperature, usually in the 24 hoursfrom9 am on the day indicated,and typically occurred in the afternoon of that day.",,,,,,,,,,,,,,,,,,,,,,,,,,,,,,,
202201,Temperatures coloured according to their differencefrom the long-termaveragefor the period,-10.0,-9.0,-8.0,-7.0,-6.0,-5.0,-4.0,-3.0,-2.0,-1.0,0.0,+1.0,+2.0,+3.0,+4.0,+5.0,+6.0,+7.0,+8.0,+9.0,+10.0,°C,Grey outline marks highestand lowest for the period,,,,,,,,
202202,Badgerys Creek AWS,35.3,21.8,25.4,25.0,25.0,23.7,23.2,27.1,32.2,34.4,25.9,25.2,27.2,29.1,30.2,29.3,34.7,32.4,23.3,30.5,31.7,22.8,26.2,26.4,21.8,21.6,27.1,25.1,,,
202202,Bankstown Airport AWS,36.0,22.0,25.3,24.7,25.5,25.2,23.0,25.6,31.8,34.3,24.6,23.5,25.9,28.0,29.1,28.7,35.0,30.9,23.6,31.2,31.2,22.0,26.7,27.4,22.9,22.2,26.5,25.5,,,
202202,Camden Airport AWS,34.3,21.2,24.5,25.1,24.0,22.4,23.8,26.8,32.4,33.4,25.5,24.2,26.1,29.3,29.5,29.0,34.3,32.4,23.6,30.6,31.2,24.8,26.6,26.4,21.8,21.6,26.2,24.5,,,
202202,Campbelltown (Mount Annan),35.3,21.6,24.6,25.0,24.7,22.6,24.1,27.0,31.6,34.6,24.9,25.1,26.6,29.2,30.4,29.4,34.5,31.9,23.8,30.9,30.3,25.2,26.3,27.7,22.4,21.6,26.0,24.9,,,
202202,Canterbury Racecourse AWS,36.1,21.5,23.9,23.4,24.2,24.3,23.4,25.2,31.4,33.2,24.9,23.5,25.3,27.5,27.7,27.9,32.8,30.1,23.5,28.7,31.0,22.7,26.3,27.9,24.5,22.0,25.5,25.2,,,
202202,Cooranbong (Lake Macquarie AWS),34.2,,25.3,,24.9,24.3,24.0,25.5,31.4,31.6,27.2,24.9,24.5,27.1,27.0,27.1,33.9,29.6,24.9,29.8,32.1,26.8,27.7,25.3,27.7,23.7,25.9,26.2,,,
202202,Gosford AWS,33.2,22.1,23.6,22.8,24.3,24.1,23.2,,30.6,31.0,26.3,24.7,23.5,26.9,27.1,27.0,33.9,28.9,23.8,29.0,30.1,22.7,27.7,25.9,26.3,22.2,24.4,24.8,,,
202202,Holsworthy Aerodrome AWS,35.9,21.5,24.6,24.5,25.0,24.5,22.7,25.9,31.9,34.7,24.0,24.8,25.2,28.0,28.6,28.6,34.7,31.1,23.1,30.5,30.6,21.8,25.6,27.1,22.9,21.4,25.9,24.8,,,
202202,Holsworthy Defence AWS,35.6,20.7,23.1,23.1,22.8,21.6,21.3,24.8,32.0,35.1,23.6,23.6,24.7,28.1,29.0,29.0,35.3,31.5,21.6,30.7,30.0,20.7,24.7,26.9,22.5,20.9,24.8,23.8,,,
202202,Horsley Park Equestrian Centre AWS,35.5,21.4,24.7,24.0,24.7,23.8,22.0,26.2,31.8,34.0,25.1,24.1,25.7,28.6,29.1,28.9,34.8,31.7,23.2,30.2,30.6,22.1,26.3,26.2,22.2,21.9,25.7,25.0,,,
202202,Katoomba (Farnells Rd),28.4,17.2,,16.0,14.2,13.2,15.9,20.0,25.0,,19.0,17.0,20.0,23.2,24.1,24.7,28.6,28.0,15.5,26.4,27.0,17.0,19.8,22.9,17.5,16.7,20.6,,,,
202202,Mangrove Mountain AWS,35.1,20.8,22.7,20.4,22.8,22.6,22.2,22.3,30.8,33.4,25.1,23.5,22.4,27.3,27.5,27.5,34.2,30.9,22.3,29.3,31.4,22.0,26.6,25.5,25.5,20.6,23.4,23.3,,,
202202,Mount Boyce AWS,27.5,18.0,18.5,16.2,16.1,16.2,15.1,20.9,24.3,25.7,20.8,17.7,20.8,23.1,23.8,23.9,27.1,26.1,15.7,25.7,26.4,17.7,20.4,22.8,17.8,17.0,20.1,19.5,,,
202202,Norah Head AWS,30.9,22.4,22.2,23.1,25.6,24.5,24.6,24.3,30.0,31.2,26.5,26.1,25.4,28.5,29.5,30.4,29.5,28.0,27.2,29.0,30.8,29.3,29.5,24.6,27.9,22.8,24.7,25.4,,,
202202,Parramatta North (Masons Drive),35.7,21.3,24.8,24.6,25.2,25.2,24.0,25.2,31.8,33.8,24.8,23.2,25.6,28.8,28.5,29.0,35.0,31.2,23.5,31.5,31.5,21.8,27.0,27.0,23.0,22.5,25.9,25.5,,,
202202,Penrith Lakes AWS,34.7,21.7,26.0,25.0,25.7,24.9,22.9,27.1,33.1,34.2,26.5,25.5,27.0,30.3,30.9,30.1,36.0,33.4,23.1,31.9,32.9,23.9,27.9,29.2,22.8,22.9,27.3,25.4,,,
202202,Richmond RAAF,34.8,22.0,26.0,25.3,26.2,26.4,22.9,26.2,31.7,33.1,26.1,24.2,26.4,29.3,30.3,29.8,35.7,32.7,23.8,31.4,32.4,23.8,29.5,29.1,23.5,22.9,25.8,25.7,,,
202202,Sydney (Observatory Hill),31.9,21.3,24.3,23.7,25.3,26.1,25.1,25.5,31.3,30.7,24.3,25.5,27.5,28.1,28.5,28.7,29.6,29.8,24.0,29.8,31.6,23.5,26.3,27.9,24.2,21.5,26.7,25.7,,,
202202,Sydney Airport AMO,35.9,21.4,22.0,24.2,25.2,25.9,23.9,25.0,31.1,33.5,23.8,25.2,26.3,28.7,29.0,29.1,33.0,28.7,23.8,29.7,29.8,24.4,25.7,27.1,24.2,22.7,26.1,25.7,,,
202202,Sydney Harbour (Wedding Cake West),27.1,21.7,21.3,23.1,23.0,23.2,23.1,23.0,26.7,27.0,24.0,23.4,23.6,24.7,24.6,24.6,31.7,26.2,23.1,33.2,28.2,24.2,25.4,27.2,24.5,23.1,25.8,25.1,,,
202202,Sydney Olympic Park AWS (Archery Centre),36.3,21.7,24.4,23.6,24.7,24.7,23.3,25.1,32.3,34.2,24.5,23.1,25.6,27.8,28.8,28.9,33.5,30.9,23.6,31.4,31.2,22.3,26.7,27.8,24.2,22.3,26.1,25.3,,,
202202,Terrey Hills AWS,32.9,20.0,22.1,21.0,22.6,22.7,22.1,22.1,28.5,31.4,23.6,23.3,23.7,25.1,25.8,26.4,31.3,27.2,22.0,27.2,29.1,21.8,25.3,26.1,24.1,20.7,24.0,23.7,,,
202202,"Values are the maximum temperature, usually in the 24 hoursfrom9 am on the day indicated,and typically occurred in the afternoon of that day.",,,,,,,,,,,,,,,,,,,,,,,,,,,,,,,
202202,Temperatures coloured according to their differencefrom the long-termaveragefor the period,-10.0,-9.0,-8.0,-7.0,-6.0,-5.0,-4.0,-3.0,-2.0,-1.0,0.0,+1.0,+2.0,+3.0,+4.0,+5.0,+6.0,+7.0,+8.0,+9.0,+10.0,°C,Grey outline marks highestand lowest for the period,,,,,,,,
202203,Badgerys Creek AWS,22.4,21.3,25.9,27.2,28.6,24.8,24.6,23.1,25.7,24.5,25.7,27.1,26.4,26.5,27.5,25.9,27.2,29.6,24.2,27.4,26.3,30.3,27.3,20.1,23.6,23.4,22.8,27.2,21.8,26.5,22.9
202203,Bankstown Airport AWS,23.8,22.1,25.0,26.1,28.0,25.0,26.6,22.4,24.9,23.5,24.1,25.6,24.7,24.8,25.9,24.2,28.3,29.0,23.3,26.8,25.8,30.7,25.7,20.2,22.9,22.4,22.9,25.8,23.8,25.8,21.9
202203,Camden Airport AWS,22.7,20.5,24.1,27.5,28.3,25.4,24.6,24.4,25.1,23.5,25.4,26.8,25.4,25.1,26.0,24.3,27.2,29.1,24.0,26.9,25.6,29.9,25.5,20.0,22.9,21.9,23.1,26.8,22.1,26.1,22.3
202203,Campbelltown (Mount Annan),23.2,21.3,24.8,28.3,28.6,26.3,26.3,24.3,25.2,24.4,25.5,26.5,25.4,25.6,26.7,25.4,27.5,29.9,24.3,28.0,26.1,31.0,26.3,20.5,23.8,24.2,24.0,27.7,22.8,26.6,22.2
202203,Canterbury Racecourse AWS,23.8,22.1,24.6,25.7,28.0,25.2,26.6,22.0,24.6,22.9,23.7,25.7,23.6,24.7,24.8,25.3,27.7,28.6,21.8,25.5,24.7,28.8,24.9,21.3,23.2,22.1,22.6,25.7,23.6,24.2,21.2
202203,Cooranbong (Lake Macquarie AWS),24.4,23.9,24.5,,,,28.0,23.6,25.5,24.1,24.5,25.4,25.4,26.3,26.0,,28.1,27.1,23.1,,24.8,29.5,26.6,20.6,25.0,25.7,22.3,26.1,23.6,24.6,21.9
202203,Gosford AWS,23.5,22.5,24.9,25.1,26.8,25.4,26.7,23.6,24.4,22.1,23.8,24.7,24.7,24.6,25.3,25.3,26.6,26.4,22.9,25.2,23.9,28.3,25.2,21.0,22.1,21.4,21.7,24.5,22.9,23.6,20.9
202203,Holsworthy Aerodrome AWS,23.7,22.6,25.1,26.0,27.2,25.2,27.1,23.1,24.6,23.0,23.9,25.0,23.9,25.1,26.0,23.5,27.7,28.7,22.8,26.4,25.0,30.3,25.5,19.9,23.0,22.9,23.3,25.1,22.9,25.1,21.6
202203,Holsworthy Defence AWS,21.9,21.9,23.4,24.6,27.1,24.0,25.8,23.5,23.0,22.0,23.1,24.0,22.6,23.9,24.9,23.0,27.5,28.1,21.8,25.9,23.7,30.4,23.8,19.6,22.1,21.1,22.8,24.5,22.5,24.2,21.1
202203,Horsley Park Equestrian Centre AWS,22.6,21.0,24.6,26.2,27.1,24.8,26.1,22.0,24.9,23.1,25.3,25.9,25.1,25.4,26.0,24.8,27.5,29.2,23.6,27.0,25.7,30.3,26.4,19.6,22.4,21.4,22.8,26.5,21.6,25.7,21.9
202203,Katoomba (Farnells Rd),16.7,15.7,16.8,18.9,24.1,15.7,18.1,17.0,17.6,18.9,18.0,20.0,21.0,20.9,18.7,19.9,22.1,22.5,16.0,22.9,20.4,26.7,24.1,15.2,,17.0,15.1,20.8,15.1,17.4,14.7
202203,Mangrove Mountain AWS,21.2,20.8,21.8,23.8,26.2,24.0,24.6,21.1,22.6,22.6,23.2,24.2,23.2,24.2,24.5,24.6,27.1,26.4,21.4,25.7,23.8,29.8,27.1,18.8,20.7,20.2,20.1,24.4,21.5,22.7,20.3
202203,Mount Boyce AWS,17.4,16.3,17.8,20.6,22.9,16.6,18.4,16.8,17.2,19.0,18.6,20.3,21.0,21.3,19.0,21.6,21.8,23.3,16.8,22.7,20.1,25.2,23.2,15.9,17.3,15.8,15.1,19.7,15.3,18.2,15.8
202203,Norah Head AWS,23.5,22.7,24.3,25.9,28.4,26.3,26.6,24.0,23.5,22.3,25.7,28.5,24.1,25.1,27.5,26.1,27.6,26.9,23.3,24.6,23.8,28.0,25.1,20.8,24.7,26.0,23.7,26.6,23.4,25.4,22.2
202203,Parramatta North (Masons Drive),23.4,22.0,24.8,26.4,28.0,24.7,27.2,22.2,23.2,25.0,24.5,24.8,24.4,24.7,25.2,24.7,28.2,29.2,22.8,27.0,26.4,27.5,25.5,21.2,24.2,21.8,22.6,26.0,23.0,25.0,21.0
202203,Penrith Lakes AWS,22.4,21.1,24.4,27.5,29.2,25.5,25.6,22.3,25.9,24.6,26.5,27.8,27.5,27.6,26.9,27.5,28.3,30.2,22.8,28.3,27.1,31.0,28.1,20.1,23.9,21.5,22.3,28.0,21.8,26.5,23.1
202203,Richmond RAAF,23.0,20.7,25.7,26.6,28.3,24.5,25.4,22.0,26.0,24.4,25.4,26.3,26.4,26.7,26.6,27.0,28.0,29.8,23.3,27.4,26.6,30.7,26.9,20.0,22.6,21.8,22.4,26.9,21.9,25.7,
202203,Sydney (Observatory Hill),23.1,22.7,24.9,26.9,28.0,24.8,27.8,22.4,24.4,23.3,24.8,26.5,23.8,23.7,26.3,26.4,26.9,28.6,22.8,27.0,25.9,27.7,24.3,21.7,24.6,22.5,22.9,25.4,23.4,23.5,21.5
202203,Sydney Airport AMO,23.7,23.5,25.6,25.5,28.0,24.9,27.3,22.3,23.1,21.5,24.1,26.1,22.7,23.9,25.3,25.6,27.8,28.0,22.3,24.9,23.9,28.8,24.0,22.1,23.1,23.0,23.0,24.1,23.0,22.6,21.7
202203,Sydney Harbour (Wedding Cake West),23.8,23.9,25.2,26.0,25.2,25.0,27.2,23.9,23.2,21.7,23.0,23.5,23.2,23.2,24.2,24.7,25.9,25.1,22.6,23.7,23.4,24.6,23.5,21.5,23.9,22.4,24.4,24.4,22.9,22.9,22.1
202203,Sydney Olympic Park AWS (Archery Centre),23.4,22.6,24.9,26.2,28.2,25.8,27.6,22.0,24.8,23.5,24.4,25.7,23.8,25.4,25.7,24.7,27.5,29.1,23.1,27.2,25.0,29.5,25.4,21.0,24.1,21.4,22.7,25.9,22.7,24.9,21.5
202203,Terrey Hills AWS,21.1,20.8,22.8,23.8,25.6,23.6,24.5,21.5,22.8,21.3,22.3,24.3,23.3,23.2,23.9,23.4,25.8,27.0,20.9,24.5,22.9,26.8,23.6,19.7,22.4,20.6,21.8,22.9,21.1,23.1,19.4
202203,"Values are the maximum temperature, usually in the 24 hoursfrom9 am on the day indicated,and typically occurred in the afternoon of that day.",,,,,,,,,,,,,,,,,,,,,,,,,,,,,,,
202203,Temperatures coloured according to their differencefrom the long-termaveragefor the period,-10.0,-9.0,-8.0,-7.0,-6.0,-5.0,-4.0,-3.0,-2.0,-1.0,0.0,+1.0,+2.0,+3.0,+4.0,+5.0,+6.0,+7.0,+8.0,+9.0,+10.0,°C,Grey outline marks highestand lowest for the period,,,,,,,,
202204,Badgerys Creek AWS,19.3,22.6,26.7,28.0,27.1,18.8,19.2,22.1,23.7,25.8,29.1,23.0,22.6,24.1,25.4,26.3,24.6,27.0,28.6,24.1,23.9,19.9,22.5,23.9,21.7,20.2,18.4,20.6,26.6,20.8,
202204,Bankstown Airport AWS,19.7,22.8,26.9,28.3,26.4,18.9,20.3,23.5,23.5,25.6,29.2,22.9,21.2,23.5,25.9,24.4,25.2,27.6,28.4,24.2,23.1,20.6,23.1,23.4,22.6,20.7,19.3,21.4,27.6,20.9,
202204,Camden Airport AWS,19.0,21.7,26.1,27.2,26.8,18.5,19.5,21.6,22.5,25.6,29.4,23.6,20.6,24.0,25.3,25.6,24.3,26.5,27.8,23.5,22.7,20.0,22.0,23.2,20.6,19.4,18.3,19.8,26.2,21.3,
202204,Campbelltown (Mount Annan),19.8,21.9,26.7,27.7,27.1,18.5,19.6,21.8,22.8,26.4,29.3,24.2,21.5,24.5,25.9,26.1,25.1,27.6,28.5,24.1,23.7,20.1,22.8,24.1,21.8,20.2,18.7,19.9,26.5,21.8,
202204,Canterbury Racecourse AWS,19.2,22.6,26.2,27.8,25.3,18.4,20.3,23.9,23.6,25.7,28.7,22.1,21.2,23.1,25.8,25.4,25.0,27.8,28.2,24.0,22.4,19.6,22.9,22.9,22.0,20.8,19.5,24.1,27.7,21.8,
202204,Cooranbong (Lake Macquarie AWS),20.2,24.0,25.6,28.3,27.2,25.5,22.1,24.7,23.6,26.0,29.4,23.9,21.3,23.6,24.4,25.9,25.5,27.3,27.9,25.6,23.7,19.6,22.9,22.0,21.4,20.5,22.4,25.8,28.3,22.9,
202204,Gosford AWS,19.1,22.7,25.0,27.8,26.2,22.3,21.0,23.6,23.6,24.3,28.3,22.1,20.1,23.1,24.0,23.3,24.2,27.7,27.6,24.1,22.7,18.5,22.3,22.0,20.9,19.8,20.9,23.7,27.5,22.8,
202204,Holsworthy Aerodrome AWS,19.4,21.9,26.2,27.6,25.5,18.3,20.2,23.3,21.9,25.3,28.5,22.1,20.7,23.3,24.6,24.1,24.4,,27.8,23.5,21.9,19.6,22.5,22.4,21.8,20.2,18.9,21.4,26.5,20.2,
202204,Holsworthy Defence AWS,17.8,21.1,25.8,26.5,24.8,17.6,19.3,21.2,21.6,25.5,28.2,20.7,19.4,23.3,24.5,23.4,24.2,26.6,27.7,23.4,20.9,18.7,21.2,21.0,20.0,19.4,18.3,18.9,25.8,20.6,
202204,Horsley Park Equestrian Centre AWS,19.4,22.1,26.2,27.9,27.0,18.4,18.6,23.5,22.6,25.9,28.6,23.1,21.6,23.4,25.0,25.6,24.6,27.2,28.7,24.0,23.6,20.1,22.5,23.7,21.6,20.0,18.5,19.9,27.1,20.2,
202204,Katoomba (Farnells Rd),11.0,14.0,18.4,20.6,21.9,14.1,14.0,14.1,15.6,19.1,24.7,,16.2,,20.5,19.5,21.0,22.7,21.8,18.2,17.4,11.8,16.0,17.0,13.5,12.8,14.6,,20.8,14.5,
202204,Mangrove Mountain AWS,16.4,22.0,24.1,26.8,26.9,23.4,19.1,22.4,21.7,23.8,27.8,21.2,19.3,21.8,24.5,22.7,23.8,26.1,27.1,24.6,22.1,17.1,21.2,21.2,19.4,18.1,19.9,23.6,26.7,20.0,
202204,Mount Boyce AWS,9.8,13.2,16.8,19.1,22.2,14.7,15.1,14.2,16.5,19.6,21.6,17.3,17.0,17.1,19.0,19.1,19.5,20.5,20.9,15.5,17.5,11.3,16.4,16.2,14.2,13.1,14.2,15.9,19.7,13.0,
202204,Norah Head AWS,19.4,22.5,24.6,28.1,27.0,23.6,21.9,23.9,25.3,25.1,27.4,22.0,21.5,23.1,24.3,26.1,23.8,28.1,29.0,24.4,22.5,22.2,23.4,21.8,21.0,20.3,22.6,25.2,26.6,22.1,
202204,Parramatta North (Masons Drive),19.0,22.5,26.7,27.5,27.0,19.0,20.0,23.0,23.3,25.2,28.7,23.0,21.5,24.0,25.2,25.6,24.4,27.0,28.0,24.5,22.5,20.0,23.0,23.5,22.3,20.0,19.8,22.5,27.8,22.2,
202204,Penrith Lakes AWS,20.5,23.6,27.9,29.3,27.8,19.0,19.8,22.9,24.0,26.6,29.7,25.1,23.0,25.1,26.2,26.7,25.4,28.2,29.6,26.1,23.9,21.2,24.7,24.4,21.9,20.6,18.9,20.3,27.7,21.4,
202204,Richmond RAAF,20.3,23.6,26.8,28.8,27.6,19.9,20.9,23.9,22.6,26.0,29.2,23.7,22.6,24.0,25.7,25.7,25.3,27.9,28.7,25.5,24.4,20.5,23.2,23.8,21.3,20.6,18.6,20.3,27.5,21.4,
202204,Sydney (Observatory Hill),18.2,21.9,26.3,29.3,27.1,19.1,20.3,24.1,23.2,25.4,29.9,22.9,21.8,25.0,25.0,25.0,24.2,25.6,29.2,24.9,22.6,18.6,24.4,24.0,24.8,20.1,19.3,22.3,26.8,20.7,
202204,Sydney Airport AMO,18.3,22.5,27.1,28.9,24.1,18.9,21.2,24.7,24.2,24.9,28.4,21.5,19.3,23.1,26.1,23.5,24.7,27.4,29.0,24.6,21.3,20.4,21.3,22.8,21.8,20.2,21.0,23.5,27.1,22.0,
202204,Sydney Harbour (Wedding Cake West),18.7,21.6,24.9,26.6,24.0,20.8,21.8,22.8,22.5,23.7,27.2,20.9,19.5,23.2,22.5,23.5,22.2,23.6,24.2,23.5,21.0,20.4,22.9,22.8,22.7,20.3,20.3,21.9,26.0,22.1,
202204,Sydney Olympic Park AWS (Archery Centre),19.0,22.9,26.9,28.6,27.0,18.8,20.6,23.6,23.6,24.7,29.3,22.2,21.5,23.9,25.8,25.2,24.4,27.8,28.6,24.9,22.8,20.0,23.0,23.4,22.4,20.8,19.8,22.9,28.1,21.3,
202204,Terrey Hills AWS,17.0,21.2,24.4,27.3,25.1,18.4,19.1,21.4,23.3,23.9,27.2,20.8,19.3,21.6,24.1,23.3,22.9,25.6,26.7,23.1,21.9,16.6,21.0,21.3,19.7,18.3,19.5,21.3,25.8,18.4,
202204,"Values are the maximum temperature, usually in the 24 hoursfrom9 am on the day indicated,and typically occurred in the afternoon of that day.",,,,,,,,,,,,,,,,,,,,,,,,,,,,,,,
202204,Temperatures coloured according to their differencefrom the long-termaveragefor the period,-10.0,-9.0,-8.0,-7.0,-6.0,-5.0,-4.0,-3.0,-2.0,-1.0,0.0,+1.0,+2.0,+3.0,+4.0,+5.0,+6.0,+7.0,+8.0,+9.0,+10.0,°C,Grey outline marks highestand lowest for the period,,,,,,,,
202205,Badgerys Creek AWS,22.4,23.2,23.2,25.0,23.3,20.2,19.2,21.2,16.4,21.6,17.7,18.7,22.2,24.9,23.3,24.4,21.0,19.9,18.4,16.7,17.3,19.9,19.1,20.1,21.1,21.0,21.8,21.2,17.3,15.3,16.6
202205,Bankstown Airport AWS,23.2,23.4,24.5,26.7,23.5,20.0,19.6,20.7,17.5,22.4,18.3,20.0,22.5,25.9,24.9,24.1,21.7,20.4,18.9,17.1,18.9,20.0,18.2,19.1,19.6,22.0,22.8,21.7,17.4,16.1,17.4
202205,Camden Airport AWS,22.4,23.0,23.4,24.7,23.3,19.7,18.4,20.9,16.3,22.1,18.4,18.4,22.1,24.3,22.4,23.6,20.5,19.4,17.8,17.3,18.1,19.8,19.8,20.1,20.6,20.7,22.7,21.3,16.6,14.4,16.3
202205,Campbelltown (Mount Annan),23.2,23.6,23.9,25.5,23.6,19.6,18.9,21.5,16.8,23.2,18.7,19.0,22.9,25.7,22.7,24.1,21.2,19.7,18.4,17.7,17.8,19.7,19.3,20.1,18.9,21.3,22.9,21.6,17.1,14.1,16.5
202205,Canterbury Racecourse AWS,23.9,23.0,24.5,26.7,22.6,20.5,19.9,20.5,18.7,22.4,18.4,21.1,21.6,26.9,25.7,24.5,21.6,20.5,19.9,15.5,19.6,19.0,17.0,19.5,20.2,22.0,22.4,21.3,17.8,16.1,17.8
202205,Cooranbong (Lake Macquarie AWS),23.6,22.3,23.7,25.7,24.8,20.6,19.9,20.2,20.4,22.1,20.0,21.1,20.4,25.6,25.0,24.2,22.0,20.8,18.6,15.6,18.8,16.8,18.7,18.8,19.7,21.8,22.6,22.4,19.1,18.6,18.5
202205,Gosford AWS,22.3,22.1,23.7,25.9,22.9,20.3,19.6,19.8,16.6,19.1,18.6,21.3,20.8,26.1,26.6,23.8,21.6,20.1,17.8,15.8,18.8,16.1,17.5,18.6,19.6,21.1,21.7,21.2,18.1,17.6,18.1
202205,Holsworthy Aerodrome AWS,22.5,22.8,23.6,24.6,23.1,19.4,18.5,20.4,16.9,21.9,19.0,19.6,21.9,25.0,23.2,23.5,20.8,19.4,,17.6,17.8,19.0,16.9,18.1,19.5,20.7,21.8,20.9,16.8,14.4,16.8
202205,Holsworthy Defence AWS,22.7,23.0,23.2,24.4,22.1,18.6,17.9,19.7,17.0,21.0,18.6,18.9,22.3,24.9,23.4,22.9,20.0,18.8,17.9,16.4,17.7,17.8,17.7,17.3,19.0,20.5,21.8,20.4,16.4,13.3,15.9
202205,Horsley Park Equestrian Centre AWS,22.5,23.4,23.4,25.4,23.3,20.0,19.2,21.0,16.7,22.1,17.8,19.4,22.2,25.7,23.6,23.8,21.6,20.0,18.3,15.9,17.2,18.5,18.6,19.0,20.1,21.0,21.7,21.4,17.0,15.4,16.4
202205,Katoomba (Farnells Rd),17.4,,19.6,18.3,17.7,13.0,11.4,14.3,10.0,12.2,12.2,13.3,19.2,22.0,17.2,17.0,14.6,12.9,13.0,9.0,,,,11.7,12.8,17.2,17.9,15.2,11.0,9.1,5.7
202205,Mangrove Mountain AWS,21.4,20.8,22.9,24.8,24.6,19.5,18.0,19.1,15.8,19.5,17.5,18.9,19.6,26.9,26.1,22.9,20.8,19.7,16.9,13.1,16.7,14.5,17.1,17.6,18.3,21.0,21.5,20.2,18.0,17.3,
202205,Mount Boyce AWS,16.8,17.7,18.1,16.5,16.1,10.4,9.6,13.2,11.2,11.9,11.9,13.0,17.9,20.2,16.8,14.8,12.0,10.4,11.0,8.5,9.7,10.1,12.0,10.5,13.8,14.4,15.2,12.8,7.4,8.5,4.8
202205,Norah Head AWS,21.1,23.3,24.2,26.1,23.3,19.6,19.3,18.9,18.4,21.3,21.7,21.4,20.6,25.2,24.7,24.1,21.7,19.5,17.6,17.1,21.2,19.5,17.7,19.5,18.6,22.0,22.6,21.6,17.7,17.4,18.0
202205,Parramatta North (Masons Drive),23.0,23.2,24.2,26.5,23.2,20.4,20.0,20.5,19.0,22.0,18.8,21.0,21.5,26.0,25.2,24.5,22.2,21.4,20.5,18.0,18.5,19.0,19.5,20.2,20.5,22.0,22.5,21.4,19.0,16.0,17.8
202205,Penrith Lakes AWS,22.9,24.0,24.4,26.1,24.3,21.3,21.0,21.3,17.8,20.7,17.6,18.7,23.3,25.2,23.0,24.9,23.4,21.8,19.7,16.8,17.5,18.9,20.2,20.5,20.8,21.8,21.7,21.3,18.8,15.8,17.3
202205,Richmond RAAF,21.9,23.7,24.0,26.5,22.9,20.8,20.0,20.6,16.4,19.5,17.2,18.7,22.1,26.1,24.1,24.1,22.6,21.2,18.4,16.1,18.2,17.0,20.1,20.3,19.9,22.3,21.5,20.8,19.0,17.3,18.0
202205,Sydney (Observatory Hill),23.8,22.8,24.0,26.8,23.3,21.5,20.3,21.5,18.1,21.3,19.3,20.6,21.1,24.1,24.7,25.2,22.9,20.7,20.1,14.9,18.4,18.4,16.0,18.6,20.6,20.5,21.4,21.7,18.1,15.9,17.9
202205,Sydney Airport AMO,21.8,23.6,25.0,26.8,21.9,20.6,19.9,19.9,17.9,22.2,21.2,21.8,21.4,25.6,24.5,25.0,22.4,20.5,17.8,17.0,19.7,19.9,17.2,18.3,18.8,21.5,22.5,22.2,18.0,17.3,18.0
202205,Sydney Harbour (Wedding Cake West),23.1,23.1,22.7,23.8,22.7,20.1,19.1,19.9,18.9,21.4,21.5,22.1,20.5,21.9,25.0,24.2,21.7,19.3,18.5,17.9,19.4,19.5,17.7,17.3,19.6,19.8,21.0,20.3,17.0,17.1,17.0
202205,Sydney Olympic Park AWS (Archery Centre),22.7,22.9,24.9,26.4,23.2,20.5,20.2,20.8,17.8,21.7,18.5,20.9,21.5,26.6,25.7,24.3,21.8,21.1,19.5,15.4,18.3,18.7,17.6,18.4,20.5,22.2,22.7,21.5,17.8,16.1,17.8
202205,Terrey Hills AWS,20.7,20.3,22.3,24.3,21.4,18.5,18.2,18.7,16.4,19.8,18.3,19.8,20.6,25.2,24.5,22.4,20.1,18.7,17.0,14.0,17.0,15.9,15.7,16.7,18.4,20.0,21.2,19.9,16.3,14.9,16.0
202205,"Values are the maximum temperature, usually in the 24 hoursfrom9 am on the day indicated,and typically occurred in the afternoon of that day.",,,,,,,,,,,,,,,,,,,,,,,,,,,,,,,
202205,Temperatures coloured according to their differencefrom the long-termaveragefor the period,-10.0,-9.0,-8.0,-7.0,-6.0,-5.0,-4.0,-3.0,-2.0,-1.0,0.0,+1.0,+2.0,+3.0,+4.0,+5.0,+6.0,+7.0,+8.0,+9.0,+10.0,°C,Grey outline marks highestand lowest for the period,,,,,,,,
202206,Badgerys Creek AWS,14.2,17.0,14.4,17.0,18.9,16.3,16.4,15.1,15.9,17.2,17.0,17.6,17.2,17.0,19.6,21.2,19.6,19.4,19.4,19.5,19.0,18.9,19.2,19.1,20.7,17.1,16.8,16.9,17.8,17.8,
202206,Bankstown Airport AWS,14.2,17.4,14.4,17.6,19.3,17.2,17.0,15.2,16.1,17.5,17.1,17.3,17.8,17.7,19.9,20.8,20.1,19.6,19.8,18.2,20.9,18.0,19.0,18.5,20.6,18.2,16.7,16.5,17.8,17.7,
202206,Camden Airport AWS,13.1,16.9,14.5,16.3,18.0,16.8,16.0,14.2,14.8,16.5,15.7,16.5,16.9,16.2,19.1,20.4,18.7,19.2,19.2,19.1,17.2,18.5,17.8,19.2,19.3,17.2,15.7,16.2,17.2,17.2,
202206,Campbelltown (Mount Annan),13.7,17.3,15.1,16.7,18.3,16.9,17.6,14.8,15.3,17.1,15.7,16.4,17.4,16.9,20.0,20.0,19.3,19.3,19.6,17.7,17.7,19.1,18.2,19.1,19.7,18.2,16.4,16.2,17.3,17.7,
202206,Canterbury Racecourse AWS,14.4,17.8,15.7,17.6,18.5,17.2,17.0,15.3,16.0,17.4,17.3,17.3,17.4,18.2,20.6,21.2,19.6,17.9,18.7,17.9,21.1,18.5,18.8,18.8,20.1,20.1,15.9,15.5,18.0,17.5,
202206,Cooranbong (Lake Macquarie AWS),14.9,16.0,15.4,17.8,16.6,17.5,16.6,16.2,16.5,18.2,18.1,18.0,18.3,18.4,20.1,21.6,19.6,19.6,18.9,17.9,21.0,18.1,19.0,20.0,21.3,21.0,16.7,14.9,18.2,18.7,
202206,Gosford AWS,14.9,15.6,16.4,18.0,16.7,16.5,16.7,15.9,16.4,17.8,17.3,17.8,17.1,18.2,19.7,21.4,18.8,17.8,17.6,16.9,21.0,17.5,18.9,19.4,20.8,20.4,16.1,14.7,17.9,16.9,
202206,Holsworthy Aerodrome AWS,13.5,17.2,14.2,16.6,18.3,16.5,16.2,14.5,15.0,16.6,15.9,16.5,17.1,16.8,18.8,20.2,18.8,18.7,18.8,17.4,17.4,17.7,17.8,17.3,19.5,17.5,15.4,15.9,16.9,16.8,
202206,Holsworthy Defence AWS,12.5,16.5,14.8,15.9,17.9,15.8,15.3,14.1,14.5,15.7,15.2,16.1,17.6,16.3,18.6,19.7,17.9,17.7,17.6,16.5,17.3,17.4,17.6,16.7,18.8,16.9,14.5,14.5,16.9,16.6,
202206,Horsley Park Equestrian Centre AWS,14.4,16.7,13.4,17.1,18.5,16.4,16.3,15.0,15.7,17.2,16.7,17.2,17.1,16.7,19.7,20.5,19.0,19.1,19.1,18.3,20.1,17.8,18.5,17.4,19.5,19.1,15.8,16.1,17.0,16.4,
202206,Katoomba (Farnells Rd),4.9,,10.0,9.0,9.2,7.0,7.0,7.6,7.2,9.5,8.5,9.0,12.1,13.8,11.7,11.7,13.0,12.5,12.3,12.0,13.0,,13.1,11.0,12.0,11.0,9.1,9.6,,11.2,
202206,Mangrove Mountain AWS,13.4,14.6,13.2,16.3,15.2,15.0,15.2,15.0,15.5,16.9,16.2,16.4,17.0,16.6,18.0,19.9,17.8,16.8,16.8,15.3,19.6,17.4,18.1,18.5,20.0,19.1,14.9,14.0,15.9,17.8,
202206,Mount Boyce AWS,4.1,8.2,8.8,6.7,7.8,6.0,4.9,4.6,4.9,7.1,5.9,6.9,10.5,11.7,9.7,10.5,11.3,11.4,10.8,10.5,11.6,10.3,8.7,9.6,10.3,10.4,8.9,10.0,9.2,8.9,
202206,Norah Head AWS,14.8,16.3,16.9,17.4,16.8,16.7,16.5,15.6,16.2,17.8,17.4,18.3,16.1,19.5,19.9,20.7,17.7,17.4,17.2,17.7,20.4,17.4,18.2,19.8,20.6,21.1,16.0,15.2,18.2,17.0,
202206,Parramatta North (Masons Drive),14.5,17.5,14.5,18.0,18.6,17.2,17.4,15.6,16.4,18.0,17.2,18.0,17.8,18.5,20.5,21.2,20.0,18.8,19.8,18.5,21.0,18.0,18.6,19.4,20.6,20.5,16.0,16.2,18.0,17.2,
202206,Penrith Lakes AWS,15.1,18.3,14.0,18.7,20.3,17.6,17.8,17.0,17.4,18.9,18.0,19.1,17.9,17.9,20.3,22.5,19.7,19.7,20.1,21.3,19.9,18.8,19.6,20.6,23.1,21.7,16.8,18.2,18.6,18.4,
202206,Richmond RAAF,15.1,16.7,13.0,18.6,19.1,17.6,16.8,16.6,17.2,18.8,17.6,17.9,17.0,17.7,21.5,22.1,19.5,19.9,19.7,20.3,21.2,18.3,19.6,19.9,21.8,20.4,16.8,16.3,18.0,17.0,
202206,Sydney (Observatory Hill),15.0,18.1,16.5,18.4,17.7,17.4,17.5,15.8,16.9,17.7,17.9,17.7,19.1,18.8,21.1,21.6,19.1,17.9,18.8,,21.8,19.3,19.3,18.8,21.2,20.8,16.0,15.7,17.9,16.9,
202206,Sydney Airport AMO,14.8,17.8,17.0,18.1,19.1,18.0,18.3,16.1,16.4,17.8,17.4,17.6,16.0,18.2,19.9,22.0,18.2,17.1,17.6,17.6,19.9,17.5,19.3,18.9,20.7,18.0,15.0,14.9,18.5,17.3,
202206,Sydney Harbour (Wedding Cake West),14.3,16.1,15.3,17.1,16.9,16.8,16.3,14.7,15.6,16.8,16.5,16.5,17.0,16.8,20.1,19.5,17.5,16.8,17.2,16.7,20.9,19.8,18.0,18.1,19.5,18.7,15.0,15.0,16.9,16.6,
202206,Sydney Olympic Park AWS (Archery Centre),15.1,17.6,15.9,18.1,18.4,17.4,17.8,16.0,16.7,18.3,18.0,18.1,18.2,18.5,20.7,21.5,19.9,18.7,19.2,18.6,21.4,18.5,19.4,19.9,21.0,20.8,16.0,15.7,18.1,17.2,
202206,Terrey Hills AWS,13.4,15.1,14.1,16.2,16.6,15.7,15.6,14.3,15.0,16.7,15.8,16.6,15.7,16.0,18.8,19.8,17.5,16.9,16.8,16.6,19.4,16.2,17.9,17.2,19.1,18.4,14.3,14.1,16.1,15.3,
202206,"Values are the maximum temperature, usually in the 24 hoursfrom9 am on the day indicated,and typically occurred in the afternoon of that day.",,,,,,,,,,,,,,,,,,,,,,,,,,,,,,,
202206,Temperatures coloured according to their differencefrom the long-termaveragefor the period,-10.0,-9.0,-8.0,-7.0,-6.0,-5.0,-4.0,-3.0,-2.0,-1.0,0.0,+1.0,+2.0,+3.0,+4.0,+5.0,+6.0,+7.0,+8.0,+9.0,+10.0,°C,Grey outline marks highestand lowest for the period,,,,,,,,
202207,Badgerys Creek AWS,12.7,14.3,14.5,14.5,14.0,15.7,19.5,14.9,16.7,16.0,17.7,16.9,16.1,16.8,17.0,14.2,20.8,15.5,15.4,15.2,14.3,17.0,17.2,19.3,18.8,18.5,18.0,19.9,16.8,16.9,14.9
202207,Bankstown Airport AWS,12.9,15.4,16.4,17.2,16.4,16.8,19.0,15.0,16.7,16.8,16.2,16.8,15.6,16.1,17.0,16.2,21.1,15.1,15.2,14.5,14.7,17.7,15.8,19.9,19.7,19.1,18.5,19.7,16.8,16.7,18.0
202207,Camden Airport AWS,13.1,14.2,15.2,14.5,14.6,15.8,18.6,14.0,16.4,15.7,16.8,17.0,15.4,16.0,16.8,14.4,20.4,14.2,14.9,12.5,15.6,15.8,17.9,19.2,18.7,18.6,17.6,18.9,16.7,16.1,13.3
202207,Campbelltown (Mount Annan),13.7,14.3,15.2,14.5,13.8,15.6,18.6,14.1,16.6,15.2,16.4,17.2,15.4,15.6,17.0,15.4,21.0,14.7,15.0,12.6,15.3,16.3,16.3,19.7,19.1,18.4,18.4,19.6,16.8,16.5,15.1
202207,Canterbury Racecourse AWS,12.5,15.7,16.7,18.2,16.5,16.6,18.6,15.1,17.0,16.1,15.9,16.9,15.0,14.8,17.0,16.5,21.4,15.2,13.5,15.1,14.8,17.6,16.0,20.2,19.9,19.4,18.5,20.2,16.3,17.1,18.6
202207,Cooranbong (Lake Macquarie AWS),14.1,16.1,16.6,20.2,16.3,16.4,18.5,17.1,17.0,15.9,16.9,17.9,15.6,15.7,17.4,18.2,21.7,17.9,13.8,17.0,16.6,19.3,18.1,17.7,19.9,20.1,18.2,19.5,16.9,17.6,19.6
202207,Gosford AWS,12.8,15.9,16.9,19.3,16.7,15.9,18.4,16.4,16.3,15.9,15.4,17.1,14.9,14.7,16.2,18.4,20.9,16.3,12.3,16.4,15.4,16.6,16.9,17.6,18.7,20.0,17.3,18.5,15.8,16.3,19.6
202207,Holsworthy Aerodrome AWS,13.8,15.0,15.6,16.0,15.8,16.8,18.4,14.1,16.4,16.4,15.6,16.3,15.1,15.6,16.5,14.6,20.6,15.3,14.1,13.4,14.8,17.3,15.9,18.8,18.8,18.2,17.9,19.4,16.3,16.2,17.0
202207,Holsworthy Defence AWS,13.1,14.3,15.0,15.0,14.4,15.0,17.0,13.5,16.1,15.3,15.7,16.3,14.0,14.1,16.1,14.8,19.9,13.8,13.3,12.8,14.6,15.8,15.4,18.9,18.5,17.4,16.9,19.2,15.4,16.2,16.2
202207,Horsley Park Equestrian Centre AWS,12.9,14.9,15.5,15.2,15.5,16.1,18.0,14.6,16.1,15.2,16.4,16.9,15.2,15.4,16.6,14.7,20.4,14.6,14.1,13.9,14.6,16.7,15.8,18.8,18.5,18.4,17.3,19.0,16.4,16.1,16.3
202207,Katoomba (Farnells Rd),6.5,8.5,8.7,8.0,7.0,8.7,12.0,6.5,10.0,,9.8,10.1,,9.2,12.5,10.4,12.0,7.8,7.0,7.0,6.9,9.0,9.6,13.9,16.8,,11.2,13.1,11.5,11.0,11.3
202207,Mangrove Mountain AWS,10.7,13.9,14.2,16.5,13.6,14.2,17.0,16.0,15.8,13.2,14.8,16.0,13.5,13.9,16.1,16.7,19.4,15.7,11.9,15.9,13.3,15.0,15.2,17.4,18.4,18.5,16.4,17.9,15.3,15.9,17.6
202207,Mount Boyce AWS,5.9,8.5,8.5,8.0,7.2,8.6,10.2,4.7,8.4,6.9,9.1,8.4,7.0,8.3,9.9,9.8,10.7,5.9,7.1,7.2,7.6,8.3,9.4,13.0,14.2,8.3,9.3,10.7,9.0,10.4,9.7
202207,Norah Head AWS,15.7,17.0,17.6,19.6,17.6,16.8,17.8,16.9,15.9,16.5,16.0,17.5,15.2,14.9,16.1,17.8,21.2,16.7,14.5,16.6,19.0,18.6,17.6,17.7,19.6,20.5,16.6,19.0,15.1,16.3,19.0
202207,Parramatta North (Masons Drive),12.5,15.5,16.5,17.5,16.5,16.4,18.5,16.0,17.0,16.2,17.2,17.5,16.0,15.2,17.2,17.4,21.2,15.2,14.4,14.6,15.2,18.0,17.0,20.3,20.0,20.0,18.4,19.8,17.0,16.9,17.6
202207,Penrith Lakes AWS,13.7,15.2,15.3,14.0,14.7,16.5,20.3,17.0,17.6,16.4,18.6,17.0,16.8,17.4,18.6,14.8,21.5,17.1,15.7,15.3,16.1,17.9,18.1,20.5,20.3,20.6,18.8,21.0,17.7,17.9,17.6
202207,Richmond RAAF,12.9,15.5,15.7,15.1,14.2,15.9,19.1,16.2,17.4,15.8,16.9,16.9,16.5,16.9,17.3,15.6,21.7,16.9,14.8,15.0,15.1,17.4,17.5,19.0,19.6,19.7,18.5,20.0,17.3,16.7,17.7
202207,Sydney (Observatory Hill),12.0,15.8,16.7,18.7,16.1,15.6,18.2,15.9,17.7,16.3,14.9,17.9,14.8,14.7,18.1,16.2,21.3,16.1,13.0,15.3,16.1,17.7,16.6,20.0,18.6,19.7,19.6,21.2,16.4,18.3,18.1
202207,Sydney Airport AMO,13.4,17.0,17.6,18.1,17.3,17.2,17.5,15.6,17.2,16.6,16.1,17.1,14.4,14.5,17.4,16.5,22.4,15.8,13.3,15.6,16.5,18.5,17.2,18.2,19.4,19.9,17.2,20.1,15.0,17.3,18.9
202207,Sydney Harbour (Wedding Cake West),13.4,18.3,18.0,19.2,17.5,17.2,17.4,14.7,15.6,16.8,15.2,16.6,14.4,14.9,16.5,16.3,20.9,14.4,14.9,16.5,17.0,17.9,16.6,18.4,18.1,18.5,17.4,18.8,14.8,17.2,17.6
202207,Sydney Olympic Park AWS (Archery Centre),12.4,15.8,17.1,18.3,16.6,16.2,18.7,15.8,16.8,16.1,16.6,17.3,15.7,15.1,17.5,17.7,21.9,15.8,14.0,15.4,15.2,18.3,16.4,20.0,20.0,19.5,18.7,20.5,17.1,17.7,18.7
202207,Terrey Hills AWS,11.3,15.1,15.1,17.1,14.7,14.6,17.2,14.5,14.8,14.9,13.7,15.9,13.4,12.9,15.6,16.4,19.9,14.5,11.1,14.4,14.1,16.2,15.2,17.1,18.1,18.1,16.3,18.1,14.5,15.4,17.0
202207,"Values are the maximum temperature, usually in the 24 hoursfrom9 am on the day indicated,and typically occurred in the afternoon of that day.",,,,,,,,,,,,,,,,,,,,,,,,,,,,,,,
202207,Temperatures coloured according to their differencefrom the long-termaveragefor the period,-10.0,-9.0,-8.0,-7.0,-6.0,-5.0,-4.0,-3.0,-2.0,-1.0,0.0,+1.0,+2.0,+3.0,+4.0,+5.0,+6.0,+7.0,+8.0,+9.0,+10.0,°C,Grey outline marks highestand lowest for the period,,,,,,,,
202208,Badgerys Creek AWS,20.6,19.8,24.1,20.1,23.1,19.2,19.5,18.7,15.8,19.2,15.8,19.1,19.4,17.9,18.0,19.2,20.3,19.3,20.0,18.9,19.4,22.0,23.1,17.2,20.2,19.1,19.7,21.2,19.8,25.4,21.9
202208,Bankstown Airport AWS,20.4,19.7,24.0,21.4,22.8,19.5,18.8,18.4,17.4,17.8,17.2,17.0,19.2,18.0,18.3,18.8,20.5,20.7,20.3,19.2,19.3,22.3,22.4,17.5,18.5,18.5,18.1,21.1,19.9,23.7,20.8
202208,Camden Airport AWS,19.5,19.0,24.6,19.8,23.4,19.1,17.8,17.9,15.2,17.9,15.9,16.2,18.3,17.7,17.0,17.9,20.0,17.3,19.3,18.8,18.8,20.6,21.2,17.0,19.0,18.5,18.1,21.0,19.9,24.8,22.1
202208,Campbelltown (Mount Annan),19.7,19.4,24.4,19.3,23.3,19.0,18.7,18.6,16.0,17.7,16.6,16.4,,,,,20.4,19.3,19.7,19.4,19.1,21.2,21.7,17.4,19.3,19.4,18.4,21.6,19.8,25.3,21.2
202208,Canterbury Racecourse AWS,21.0,19.7,24.1,21.5,22.9,19.5,17.3,16.9,16.5,16.7,16.9,16.4,19.0,18.0,18.1,19.1,19.4,21.4,20.3,18.8,19.5,22.2,22.1,17.0,18.3,17.0,17.7,20.2,19.7,23.9,19.4
202208,Cooranbong (Lake Macquarie AWS),20.3,19.4,23.1,22.8,22.9,20.6,18.9,17.8,17.3,18.1,17.0,15.4,19.2,18.4,18.9,19.0,20.4,21.4,22.0,20.0,19.7,21.6,23.5,17.3,19.5,17.3,19.5,20.7,21.3,23.7,20.7
202208,Gosford AWS,20.1,19.7,23.0,22.6,21.8,19.6,17.4,16.6,16.1,16.7,16.8,15.6,19.1,17.5,18.4,18.7,18.6,22.2,20.4,19.1,18.1,21.0,21.9,16.4,18.5,17.3,17.8,19.9,20.2,23.0,19.4
202208,Holsworthy Aerodrome AWS,19.7,18.8,23.3,20.1,22.5,18.6,17.6,16.8,15.9,16.5,16.4,16.3,18.4,17.7,17.1,17.8,20.0,19.7,18.9,18.9,18.4,21.1,21.6,16.9,18.0,18.3,17.9,20.5,19.3,24.0,20.5
202208,Holsworthy Defence AWS,19.1,18.4,22.9,18.6,22.5,18.6,16.7,16.6,14.8,15.2,15.7,15.7,17.9,17.4,16.2,18.1,19.7,20.3,19.1,19.0,18.4,20.8,20.5,16.2,17.1,16.9,17.7,20.4,19.6,23.9,19.5
202208,Horsley Park Equestrian Centre AWS,19.4,19.0,22.8,20.0,21.9,19.1,18.1,18.4,15.2,17.0,15.8,17.3,18.6,16.5,17.5,18.5,19.8,19.1,20.2,18.0,18.7,21.5,20.9,16.7,18.1,17.9,17.4,21.2,18.5,23.9,20.7
202208,Katoomba (Farnells Rd),,14.9,16.8,12.4,14.0,10.0,12.3,10.6,,11.7,10.9,10.8,10.0,8.0,8.1,11.1,15.2,13.0,11.5,12.0,13.7,,14.0,10.4,11.7,13.5,12.1,15.9,14.7,16.3,13.9
202208,Mangrove Mountain AWS,19.6,18.1,21.9,20.3,19.9,18.6,17.6,17.0,15.3,16.3,14.8,13.8,17.5,16.1,16.7,17.9,18.7,20.6,19.2,17.6,18.2,19.7,22.0,15.5,17.7,16.4,17.3,19.4,19.3,21.0,19.4
202208,Mount Boyce AWS,9.2,12.8,16.0,12.1,13.2,9.0,9.7,10.6,7.4,12.3,10.3,11.7,8.5,7.5,7.7,8.4,14.0,13.3,9.2,8.8,12.1,11.6,12.2,8.5,11.0,12.7,11.6,14.4,13.9,14.4,14.8
202208,Norah Head AWS,20.1,20.6,22.4,21.8,21.5,20.3,17.0,16.3,15.5,16.6,16.2,15.1,19.3,17.4,18.3,18.6,17.4,20.8,21.4,19.9,19.0,21.0,22.3,15.6,18.0,16.2,18.1,22.0,21.5,23.9,20.2
202208,Parramatta North (Masons Drive),20.0,20.0,24.0,20.5,23.0,20.0,18.5,17.0,16.8,17.2,17.0,17.2,19.3,18.0,17.6,18.7,20.3,21.5,20.5,19.0,19.2,21.5,21.7,17.1,18.3,17.8,17.2,21.2,19.8,23.2,19.6
202208,Penrith Lakes AWS,21.3,20.6,24.3,21.0,24.2,21.0,19.5,19.0,17.5,20.6,16.1,19.8,21.1,19.6,19.4,20.6,21.4,19.9,22.9,21.2,19.9,23.3,24.3,18.4,20.5,19.8,20.3,21.4,19.9,25.4,22.9
202208,Richmond RAAF,21.6,20.3,24.1,21.2,23.3,20.1,18.9,18.3,16.1,18.7,16.0,18.4,20.0,18.1,19.7,20.0,20.5,20.6,21.6,19.8,19.5,22.2,24.0,17.7,19.4,18.2,19.2,21.3,19.1,24.3,21.5
202208,Sydney (Observatory Hill),21.5,21.2,24.7,21.3,23.2,20.8,17.2,17.5,16.9,17.3,17.2,16.4,20.0,18.3,18.8,20.4,20.5,21.8,20.4,18.9,20.4,22.1,23.2,16.8,18.5,16.6,18.2,20.4,19.4,24.0,20.4
202208,Sydney Airport AMO,21.9,20.3,24.8,22.6,23.7,20.6,16.8,16.1,15.1,16.2,18.1,17.3,19.6,18.6,19.0,19.5,17.9,22.2,20.2,20.1,19.2,23.0,23.1,15.1,18.0,15.8,16.4,20.3,20.3,25.1,19.2
202208,Sydney Harbour (Wedding Cake West),19.7,18.7,22.8,22.3,22.4,18.8,16.0,15.5,14.5,15.8,16.7,15.9,17.9,17.4,17.3,17.6,17.4,20.6,19.0,18.0,16.8,20.7,20.1,15.2,17.1,15.5,17.7,17.9,18.2,22.3,18.0
202208,Sydney Olympic Park AWS (Archery Centre),21.6,20.4,24.2,21.4,22.9,20.5,19.4,17.1,16.5,17.1,17.1,17.5,19.2,18.3,19.3,19.0,20.6,22.4,21.3,18.9,19.6,22.1,22.3,17.6,18.4,17.7,17.6,21.0,19.8,23.7,20.1
202208,Terrey Hills AWS,19.0,18.6,22.2,20.5,21.4,18.7,16.3,15.7,14.6,14.7,15.1,15.5,17.7,16.9,17.8,17.2,18.2,20.4,19.3,17.4,17.1,20.4,19.8,15.2,16.6,15.3,16.5,18.5,19.2,21.8,18.9
202208,"Values are the maximum temperature, usually in the 24 hoursfrom9 am on the day indicated,and typically occurred in the afternoon of that day.",,,,,,,,,,,,,,,,,,,,,,,,,,,,,,,
202208,Temperatures coloured according to their differencefrom the long-termaveragefor the period,-10.0,-9.0,-8.0,-7.0,-6.0,-5.0,-4.0,-3.0,-2.0,-1.0,0.0,+1.0,+2.0,+3.0,+4.0,+5.0,+6.0,+7.0,+8.0,+9.0,+10.0,°C,Grey outline marks highestand lowest for the period,,,,,,,,
202209,Badgerys Creek AWS,22.1,18.0,14.3,17.3,19.6,18.8,20.9,22.5,21.3,23.5,22.0,21.0,19.0,19.9,16.6,24.2,22.8,22.6,22.6,22.0,19.9,19.0,20.2,22.6,22.8,21.3,23.0,22.7,21.7,21.5,
202209,Bankstown Airport AWS,22.4,17.7,15.0,18.0,18.5,18.1,19.4,22.1,21.0,23.3,22.0,21.0,17.2,19.0,17.3,24.2,22.0,23.0,22.5,21.6,21.7,20.3,19.7,21.3,22.6,21.2,22.7,22.0,20.5,19.4,
202209,Camden Airport AWS,21.5,18.0,16.0,16.2,18.5,17.9,19.7,21.7,20.6,22.9,21.3,19.9,17.8,19.3,17.5,23.4,21.8,22.1,21.8,21.5,20.0,20.9,19.9,22.1,22.8,20.5,23.4,22.8,20.3,20.6,
202209,Campbelltown (Mount Annan),22.1,17.9,15.5,16.1,19.1,17.6,20.1,21.8,20.9,22.1,21.6,20.6,18.1,19.3,17.8,23.7,22.5,22.6,21.9,21.9,19.9,19.8,19.3,20.9,23.3,21.5,24.0,23.4,19.8,20.6,
202209,Canterbury Racecourse AWS,21.0,17.2,15.9,17.5,17.6,17.0,19.3,20.6,20.8,22.7,21.7,19.5,16.3,18.1,17.6,23.7,21.8,22.5,22.1,20.0,20.9,19.4,19.6,19.4,22.3,19.8,22.5,21.3,19.4,18.3,
202209,Cooranbong (Lake Macquarie AWS),21.1,18.1,16.2,17.7,18.7,17.3,19.0,22.1,22.0,22.1,22.0,20.4,17.2,18.7,18.8,23.8,23.6,23.3,23.6,20.8,21.7,17.8,19.9,21.4,22.3,20.6,20.6,24.1,21.7,20.3,
202209,Gosford AWS,20.1,17.9,15.7,17.0,17.1,16.9,18.2,20.5,21.0,21.8,21.3,19.6,16.2,17.3,19.0,23.6,23.1,22.1,22.2,20.4,21.2,18.1,20.3,21.9,20.7,19.5,22.2,21.9,19.8,18.4,
202209,Holsworthy Aerodrome AWS,21.5,17.1,14.4,17.0,17.4,17.5,19.6,21.0,20.4,22.8,21.3,19.7,16.7,18.1,16.8,23.6,22.3,22.1,21.9,20.8,20.3,19.9,18.7,20.5,22.4,19.8,22.7,22.0,19.3,19.4,
202209,Holsworthy Defence AWS,21.9,16.3,14.1,14.8,16.8,16.7,19.5,20.7,20.2,22.9,21.3,20.1,15.3,17.7,17.6,23.7,21.5,22.4,21.8,21.6,19.6,17.9,18.4,19.8,22.2,20.2,22.9,22.0,17.8,18.8,
202209,Horsley Park Equestrian Centre AWS,21.4,17.2,14.1,16.5,18.5,17.1,19.1,21.7,21.0,22.6,21.4,19.9,17.1,18.5,16.7,23.1,21.3,22.0,22.3,21.1,19.5,18.6,18.6,21.2,22.5,20.5,21.9,22.3,,19.6,
202209,Katoomba (Farnells Rd),15.3,11.5,6.0,8.0,12.2,11.2,,15.0,15.0,13.6,15.0,14.2,12.7,12.6,11.2,16.0,14.0,14.0,15.1,,10.2,10.4,14.0,16.5,17.5,16.0,17.1,16.6,,13.0,
202209,Mangrove Mountain AWS,19.6,16.5,12.3,15.0,16.2,16.7,17.7,19.7,20.5,20.5,20.4,19.1,15.8,16.9,16.6,22.6,22.4,21.1,22.4,19.7,19.7,15.9,18.8,23.0,21.8,19.4,22.8,23.0,19.5,16.4,
202209,Mount Boyce AWS,15.1,10.7,6.3,8.4,12.2,11.6,13.7,15.9,13.6,11.8,12.6,11.6,13.7,13.3,10.5,14.1,12.3,11.4,12.9,16.2,15.8,10.6,13.9,14.3,15.5,16.4,17.4,14.6,12.8,13.4,
202209,Norah Head AWS,22.7,17.1,16.8,17.1,16.5,17.1,19.2,20.9,20.9,22.6,21.4,19.3,16.3,20.0,18.8,23.4,24.4,22.8,22.0,22.3,21.7,18.4,20.9,21.9,20.9,21.8,21.3,22.4,18.6,18.9,
202209,Parramatta North (Masons Drive),22.2,17.0,15.0,17.5,18.2,17.2,19.2,22.0,20.8,22.7,21.7,20.5,17.3,18.3,18.5,24.2,23.0,22.2,22.7,21.5,21.2,17.2,20.0,21.2,22.5,19.8,23.3,22.8,20.2,17.8,
202209,Penrith Lakes AWS,23.3,19.7,14.4,18.1,21.3,20.9,21.0,23.6,22.3,24.5,23.3,21.9,20.0,22.5,17.2,24.9,23.8,23.1,23.9,22.8,20.4,19.5,20.3,24.2,23.6,21.6,22.6,22.6,22.4,21.7,
202209,Richmond RAAF,22.4,18.1,14.3,18.0,19.6,18.7,20.5,22.3,22.6,23.3,21.9,20.2,18.8,19.4,18.1,23.7,22.3,22.8,22.8,22.3,19.2,20.1,20.0,21.5,23.0,21.1,23.6,22.1,21.3,20.2,
202209,Sydney (Observatory Hill),20.0,16.8,16.3,18.3,17.8,17.8,20.0,21.0,21.4,24.0,22.6,21.5,17.3,20.3,18.3,24.8,23.2,23.3,23.9,21.5,20.4,19.3,19.9,19.1,23.1,20.7,22.8,23.9,20.1,19.0,
202209,Sydney Airport AMO,21.1,16.8,16.6,17.7,16.8,16.7,19.0,21.1,20.9,24.4,21.4,19.4,15.8,17.9,19.4,24.9,23.0,23.8,23.1,21.8,21.2,20.2,20.4,18.7,21.6,19.6,21.8,21.0,18.5,17.8,
202209,Sydney Harbour (Wedding Cake West),17.8,16.4,16.3,16.5,16.2,16.2,17.2,18.1,18.2,22.0,19.3,17.8,15.3,16.8,18.2,23.3,21.5,21.9,21.4,18.3,18.6,18.5,18.3,18.1,19.4,18.8,18.7,19.5,18.1,17.7,
202209,Sydney Olympic Park AWS (Archery Centre),21.9,17.4,15.6,18.0,18.4,17.7,19.5,21.9,21.1,23.5,22.1,21.1,17.2,19.4,19.0,24.5,22.9,23.3,23.0,21.1,21.4,20.3,20.1,20.3,23.4,20.3,23.2,23.4,19.8,18.3,
202209,Terrey Hills AWS,19.4,16.0,14.6,15.6,15.9,15.4,17.0,18.8,19.6,21.6,20.3,18.4,14.9,16.7,17.5,22.6,20.9,21.5,21.3,19.3,18.6,17.9,18.2,20.0,19.9,18.4,21.6,20.1,18.0,16.8,
202209,"Values are the maximum temperature, usually in the 24 hoursfrom9 am on the day indicated,and typically occurred in the afternoon of that day.",,,,,,,,,,,,,,,,,,,,,,,,,,,,,,,
202209,Temperatures coloured according to their differencefrom the long-termaveragefor the period,-10.0,-9.0,-8.0,-7.0,-6.0,-5.0,-4.0,-3.0,-2.0,-1.0,0.0,+1.0,+2.0,+3.0,+4.0,+5.0,+6.0,+7.0,+8.0,+9.0,+10.0,°C,Grey outline marks highestand lowest for the period,,,,,,,,
202210,Badgerys Creek AWS,19.0,20.6,20.9,26.2,15.6,20.0,20.3,21.6,18.2,18.7,20.3,21.0,21.8,24.7,24.5,24.3,19.4,19.6,27.0,22.0,24.3,27.7,21.3,21.0,27.7,28.5,27.5,24.7,26.1,24.9,28.1
202210,Bankstown Airport AWS,18.3,18.6,20.7,24.6,16.5,18.3,22.6,23.3,17.2,17.3,19.2,20.0,21.7,24.8,23.6,22.8,21.2,19.8,26.6,23.2,23.7,26.3,22.2,20.7,27.6,28.6,28.0,24.9,26.3,24.2,29.4
202210,Camden Airport AWS,17.5,19.3,20.7,24.8,14.7,20.5,19.3,21.9,18.0,17.4,19.8,20.7,21.3,23.4,24.2,24.6,18.4,19.4,26.6,21.8,24.8,26.9,19.8,20.3,28.0,28.3,27.5,23.9,25.4,24.5,28.0
202210,Campbelltown (Mount Annan),17.2,19.9,20.7,24.8,14.9,19.3,20.4,22.4,18.6,19.2,19.3,20.9,21.5,23.2,24.2,24.3,18.0,19.7,27.1,22.2,24.1,26.6,20.2,20.3,28.0,27.7,27.8,24.0,25.2,24.6,27.3
202210,Canterbury Racecourse AWS,17.6,18.0,19.7,22.9,17.1,17.7,22.1,23.3,16.5,17.2,19.3,19.8,20.7,24.3,21.9,21.7,19.1,20.1,25.3,23.5,23.5,25.2,21.9,21.2,27.3,28.6,27.5,24.7,25.8,22.4,28.9
202210,Cooranbong (Lake Macquarie AWS),18.5,19.3,20.5,22.7,16.5,19.1,20.7,23.7,17.2,17.8,20.0,20.7,22.1,25.9,22.6,22.6,20.0,21.8,25.7,22.6,24.4,24.9,24.5,24.2,28.5,29.5,29.3,25.8,27.0,23.2,28.8
202210,Gosford AWS,17.8,17.9,18.9,22.4,17.7,18.7,21.1,22.5,16.8,17.2,19.1,20.2,20.8,25.4,22.0,21.9,19.6,19.9,23.9,21.9,23.2,24.4,23.3,23.4,27.7,28.7,28.2,24.9,26.1,22.2,29.4
202210,Holsworthy Aerodrome AWS,18.4,17.8,20.3,23.5,15.4,17.4,21.8,23.1,17.0,17.5,19.0,18.9,21.2,23.4,23.3,22.8,19.5,19.4,25.9,22.7,23.7,,21.3,20.0,27.0,27.8,27.0,24.1,25.6,23.5,28.5
202210,Holsworthy Defence AWS,16.4,18.6,20.6,23.7,14.6,17.0,20.8,22.7,16.4,15.7,18.0,18.3,20.6,23.2,23.1,23.3,17.7,19.9,26.1,20.9,22.9,26.0,19.4,19.5,28.0,27.8,26.6,23.8,25.2,24.1,27.7
202210,Horsley Park Equestrian Centre AWS,17.9,19.0,20.1,24.1,15.5,18.9,20.9,22.1,17.4,17.0,18.9,19.7,20.6,23.5,23.0,23.3,19.2,19.6,25.9,21.5,22.9,25.2,21.5,19.9,26.7,27.6,27.1,23.8,25.2,23.8,28.7
202210,Katoomba (Farnells Rd),10.6,13.5,14.0,18.1,8.8,11.9,15.2,16.0,10.4,11.9,13.7,14.1,14.1,15.0,19.2,18.5,12.0,14.5,19.8,15.0,,19.8,15.4,,15.7,20.8,18.3,15.2,17.2,,20.4
202210,Mangrove Mountain AWS,16.6,17.9,18.8,22.6,14.4,17.6,20.9,21.6,15.8,16.2,17.8,18.9,20.3,24.2,23.0,21.5,18.1,19.1,25.2,19.7,23.1,24.0,22.4,21.9,27.3,27.9,26.6,23.8,25.2,24.0,28.5
202210,Mount Boyce AWS,10.1,13.0,15.0,19.1,9.1,12.8,15.7,14.7,10.5,13.5,14.9,15.6,16.6,13.3,18.1,17.1,13.6,14.8,19.6,15.0,18.5,20.5,15.1,17.3,19.9,18.8,16.3,13.6,14.9,18.0,19.2
202210,Norah Head AWS,20.1,19.1,20.9,23.8,17.5,20.3,21.1,24.5,18.0,18.9,20.9,22.3,22.0,25.8,23.1,23.2,20.5,21.1,23.8,22.8,23.4,23.9,23.7,21.1,24.5,29.2,27.6,25.5,26.5,23.4,28.0
202210,Parramatta North (Masons Drive),18.0,19.2,20.4,23.6,16.8,18.8,22.0,22.8,16.8,17.0,19.5,20.0,21.0,24.2,23.0,21.4,18.5,20.2,26.0,22.5,24.0,26.0,21.5,21.0,27.5,28.8,27.2,24.6,26.0,23.6,28.2
202210,Penrith Lakes AWS,17.6,21.2,21.4,25.9,15.5,20.1,21.0,20.5,17.9,18.9,20.4,22.1,22.0,24.9,24.6,24.8,18.8,21.1,26.8,23.0,25.1,27.4,22.7,23.0,28.4,29.0,28.6,24.8,26.2,24.8,
202210,Richmond RAAF,17.3,20.3,20.5,24.8,15.4,19.4,21.2,21.7,17.7,18.4,20.5,21.8,22.6,24.3,24.1,24.6,19.6,20.9,26.4,22.7,25.0,26.8,23.6,23.3,28.2,28.5,27.8,24.3,25.6,24.5,30.5
202210,Sydney (Observatory Hill),19.9,19.5,20.9,21.5,16.9,16.7,21.5,23.1,17.4,18.4,21.0,20.1,21.6,25.6,23.6,23.1,19.2,21.3,25.3,23.1,23.3,24.3,22.3,21.1,27.3,29.0,28.2,25.9,27.5,23.6,27.6
202210,Sydney Airport AMO,19.1,17.5,20.0,23.6,17.6,19.0,22.4,24.5,16.0,17.6,20.6,20.7,22.3,25.8,22.0,22.5,20.5,20.7,24.5,24.3,23.9,25.3,21.1,21.3,27.2,29.6,28.5,25.7,27.2,24.1,29.7
202210,Sydney Harbour (Wedding Cake West),17.4,16.7,17.9,18.5,17.5,18.3,18.6,20.7,15.8,16.8,17.6,18.5,19.3,23.3,19.6,19.6,18.3,19.2,22.7,20.2,20.3,20.1,20.3,20.2,23.1,28.2,26.9,23.8,25.0,20.3,28.2
202210,Sydney Olympic Park AWS (Archery Centre),18.6,19.0,20.6,23.8,16.6,18.9,22.5,23.3,17.1,17.4,19.9,20.2,21.5,25.3,24.1,22.4,18.9,19.8,26.2,22.8,24.2,26.6,22.6,21.1,27.7,28.6,28.3,25.2,26.3,24.3,29.1
202210,Terrey Hills AWS,16.4,16.2,18.0,21.9,15.0,16.0,20.5,21.5,15.6,15.7,17.9,19.1,19.4,23.1,20.7,20.5,17.9,17.5,23.8,21.5,21.4,23.8,21.4,20.1,27.0,27.3,26.0,23.2,24.8,21.6,28.7
202210,"Values are the maximum temperature, usually in the 24 hoursfrom9 am on the day indicated,and typically occurred in the afternoon of that day.",,,,,,,,,,,,,,,,,,,,,,,,,,,,,,,
202210,Temperatures coloured according to their differencefrom the long-termaveragefor the period,-10.0,-9.0,-8.0,-7.0,-6.0,-5.0,-4.0,-3.0,-2.0,-1.0,0.0,+1.0,+2.0,+3.0,+4.0,+5.0,+6.0,+7.0,+8.0,+9.0,+10.0,°C,Grey outline marks highestand lowest for the period,,,,,,,,
202211,Badgerys Creek AWS,22.5,19.6,23.3,20.7,24.8,26.7,25.5,25.4,25.6,25.6,27.3,28.7,26.1,26.9,26.0,20.2,21.9,23.6,27.2,26.4,22.5,22.4,27.4,27.1,29.0,25.5,27.7,25.7,26.2,22.3,
202211,Bankstown Airport AWS,23.2,19.6,22.1,20.3,23.7,25.5,25.1,24.8,24.6,24.0,27.0,27.3,27.4,27.7,24.2,20.4,20.4,22.0,25.0,26.7,23.3,22.8,27.7,26.3,26.6,23.5,30.3,23.8,24.8,21.1,
202211,Camden Airport AWS,21.9,18.8,23.0,21.7,23.5,25.6,25.6,25.2,25.8,25.1,26.9,28.2,26.4,26.3,25.3,18.9,20.7,23.0,26.8,25.6,21.8,21.8,27.1,27.4,28.4,25.5,25.2,24.9,25.7,22.1,
202211,Campbelltown (Mount Annan),22.0,19.1,22.2,22.7,23.9,26.0,25.4,24.7,25.4,24.9,27.1,28.2,27.0,26.6,25.2,19.5,20.4,22.2,26.9,25.0,21.1,21.3,26.5,26.8,27.3,25.2,25.2,25.4,25.5,21.9,
202211,Canterbury Racecourse AWS,23.0,19.3,20.9,19.8,22.3,23.6,23.8,23.3,23.2,22.8,24.7,25.5,26.4,27.6,22.7,20.0,18.6,20.4,24.6,26.5,23.4,22.7,27.7,24.5,25.3,22.2,28.6,23.0,23.4,21.4,
202211,Cooranbong (Lake Macquarie AWS),23.8,20.3,22.8,20.9,22.3,23.1,23.7,23.3,23.0,23.2,24.7,27.7,23.1,28.9,25.6,21.3,20.6,21.9,26.2,28.6,26.5,24.7,28.4,25.4,24.2,22.9,32.4,22.8,25.2,22.3,
202211,Gosford AWS,23.3,20.4,21.4,19.7,21.6,22.4,23.3,23.0,22.7,23.1,24.7,27.1,23.1,28.5,23.3,20.4,19.5,20.4,25.6,28.4,26.1,24.5,27.7,25.0,24.7,22.7,31.5,22.5,23.7,21.7,
202211,Holsworthy Aerodrome AWS,22.6,19.0,21.3,21.0,23.0,24.9,24.2,23.5,24.0,23.4,26.4,26.7,27.7,26.8,24.2,19.7,19.6,21.7,24.6,26.2,22.0,22.0,27.1,25.9,25.6,23.0,28.4,22.8,24.4,20.8,
202211,Holsworthy Defence AWS,22.6,18.7,20.6,19.9,22.7,25.2,,,,,28.2,25.9,26.1,,25.5,20.4,18.7,20.7,25.4,25.4,21.5,21.9,27.4,26.1,25.3,23.1,28.6,22.5,23.5,20.1,
202211,Horsley Park Equestrian Centre AWS,22.0,18.9,22.0,19.6,23.0,25.0,24.8,24.0,23.8,24.3,27.0,27.0,25.6,26.5,25.7,19.2,20.4,22.0,26.2,25.4,22.5,22.1,27.1,26.3,27.3,24.2,29.9,24.4,24.7,21.3,
202211,Katoomba (Farnells Rd),12.4,11.3,,14.0,17.5,19.9,19.0,19.0,19.7,19.1,21.0,23.0,21.8,,17.8,11.0,15.4,17.5,23.5,16.2,12.4,14.6,20.0,23.0,24.0,20.5,26.0,21.9,21.0,16.9,
202211,Mangrove Mountain AWS,21.9,18.8,20.8,17.9,21.9,23.8,23.1,22.1,23.0,22.9,26.6,27.6,21.3,26.4,24.6,20.2,20.1,21.1,26.1,26.8,24.5,23.2,28.3,27.0,28.7,22.9,31.6,23.4,24.1,20.6,
202211,Mount Boyce AWS,12.0,8.2,13.2,14.6,17.5,20.3,20.4,19.7,20.0,20.2,19.2,23.4,21.3,16.1,16.3,9.4,16.1,17.5,22.5,15.2,11.6,13.5,17.7,21.6,21.4,22.2,25.5,19.5,21.2,18.4,
202211,Norah Head AWS,23.8,20.5,22.2,21.0,22.8,23.1,24.9,25.7,24.3,22.9,25.0,25.1,22.9,28.4,24.5,21.1,18.3,19.6,26.1,29.0,26.5,22.5,24.8,24.9,25.9,22.9,26.5,23.3,23.1,24.3,
202211,Parramatta North (Masons Drive),23.2,20.0,21.3,20.5,22.4,24.5,24.2,23.0,24.0,24.2,27.5,27.0,27.4,27.5,24.2,20.2,20.8,21.0,24.7,26.0,23.5,23.2,28.0,25.5,26.8,23.0,30.6,23.0,24.2,21.5,
202211,Penrith Lakes AWS,23.7,20.3,24.1,20.3,25.2,27.8,26.6,26.5,26.6,26.8,27.9,29.8,27.9,28.0,27.5,20.3,22.8,24.5,29.0,27.0,24.0,23.7,29.3,29.0,29.9,27.6,27.2,27.1,27.3,23.4,
202211,Richmond RAAF,23.7,20.5,23.5,21.4,24.7,26.3,26.5,25.9,25.3,25.9,26.9,29.0,26.1,28.0,26.7,20.2,22.0,23.1,29.1,26.8,24.2,23.4,28.2,28.0,29.1,26.6,27.8,26.5,26.3,23.1,
202211,Sydney (Observatory Hill),24.0,20.5,22.0,23.1,23.6,24.0,24.2,24.2,24.2,24.4,24.9,27.9,25.6,27.9,24.9,21.6,20.3,22.2,23.9,27.4,24.5,24.0,28.3,25.4,24.1,23.3,26.8,23.8,25.4,22.9,
202211,Sydney Airport AMO,24.5,19.9,20.6,20.0,22.8,24.3,24.9,24.3,24.1,24.4,25.6,24.9,27.0,28.9,22.9,20.1,18.2,19.9,25.5,27.7,24.5,23.5,28.6,24.7,25.1,22.8,28.2,23.3,24.0,21.8,
202211,Sydney Harbour (Wedding Cake West),22.4,18.0,18.9,18.6,20.0,20.7,20.1,20.0,20.2,20.3,21.8,22.6,24.4,26.7,20.1,17.9,17.3,18.3,24.0,25.4,22.7,21.5,25.5,21.5,20.2,19.5,26.9,20.2,21.0,19.3,
202211,Sydney Olympic Park AWS (Archery Centre),24.3,20.0,21.8,20.8,22.3,24.1,24.4,23.4,23.1,23.8,26.9,26.7,27.0,28.1,23.8,20.7,19.6,20.9,25.0,26.9,23.5,23.6,28.5,26.1,27.5,23.0,29.4,23.2,24.4,21.5,
202211,Terrey Hills AWS,22.3,18.3,20.8,18.9,20.6,22.2,21.8,22.1,22.1,21.5,23.3,25.5,22.8,27.1,21.7,19.2,18.0,19.8,23.7,26.0,23.6,22.4,26.6,24.0,23.7,21.0,29.3,20.5,22.9,19.6,
202211,"Values are the maximum temperature, usually in the 24 hoursfrom9 am on the day indicated,and typically occurred in the afternoon of that day.",,,,,,,,,,,,,,,,,,,,,,,,,,,,,,,
202211,Temperatures coloured according to their differencefrom the long-termaveragefor the period,-10.0,-9.0,-8.0,-7.0,-6.0,-5.0,-4.0,-3.0,-2.0,-1.0,0.0,+1.0,+2.0,+3.0,+4.0,+5.0,+6.0,+7.0,+8.0,+9.0,+10.0,°C,Grey outline marks highestand lowest for the period,,,,,,,,
202212,Badgerys Creek AWS,22.6,23.2,26.3,27.4,33.4,25.4,27.5,26.1,22.5,24.5,32.2,30.9,27.6,24.0,25.9,23.2,23.0,22.1,23.8,23.2,25.6,23.4,33.0,35.8,33.0,35.0,33.1,34.8,24.0,25.7,28.4
202212,Bankstown Airport AWS,22.6,23.4,24.9,26.6,34.5,24.2,27.7,23.3,21.3,22.7,31.0,31.0,28.2,24.1,24.9,22.0,21.8,21.3,22.6,23.1,23.6,23.4,31.1,34.8,30.6,32.8,30.6,31.1,24.3,26.1,27.2
202212,Camden Airport AWS,22.4,22.4,26.0,27.6,33.5,24.9,26.9,25.4,21.9,24.4,31.8,28.0,27.1,23.0,25.3,23.1,22.0,22.1,22.4,22.4,25.7,22.3,31.2,34.9,32.7,34.8,32.8,34.6,24.1,23.7,26.0
202212,Campbelltown (Mount Annan),22.8,22.9,25.6,27.6,34.5,24.8,27.1,25.6,22.2,24.3,32.2,29.3,27.5,23.3,24.9,22.2,21.8,22.7,22.1,22.7,25.6,22.3,30.6,35.6,32.2,34.9,32.6,33.8,23.5,24.1,26.1
202212,Canterbury Racecourse AWS,21.7,22.6,23.3,25.3,30.1,22.4,27.0,21.6,19.9,21.8,29.5,30.5,26.8,23.8,22.5,20.5,20.7,20.0,20.6,21.2,22.2,22.7,30.6,32.1,28.8,30.3,28.1,28.4,23.0,25.9,26.4
202212,Cooranbong (Lake Macquarie AWS),21.6,22.8,23.9,24.1,31.3,23.2,28.3,25.1,20.5,21.1,27.5,30.3,28.1,25.6,23.6,20.7,21.2,19.8,21.7,21.6,22.7,24.5,28.9,31.7,28.4,29.0,27.0,28.1,24.4,26.1,26.6
202212,Gosford AWS,21.1,23.1,23.0,24.3,30.2,23.4,29.1,23.6,20.1,21.0,28.4,30.3,25.9,25.0,22.9,19.7,19.9,19.1,20.1,21.1,22.3,23.9,28.2,29.9,27.3,29.5,27.4,27.9,22.1,,26.1
202212,Holsworthy Aerodrome AWS,21.9,23.2,24.3,26.4,33.9,23.9,27.3,22.8,21.1,22.3,31.0,30.3,27.7,22.9,23.7,20.8,21.1,20.8,21.1,22.7,23.1,22.5,30.2,34.0,29.2,32.5,30.3,31.5,23.8,23.9,26.1
202212,Holsworthy Defence AWS,21.3,22.3,23.8,27.0,34.7,22.5,27.9,20.9,19.6,21.4,31.6,30.2,27.7,23.1,23.4,20.0,20.8,19.7,20.1,21.9,23.0,22.3,29.8,34.7,30.3,33.1,30.5,32.3,21.7,22.7,25.6
202212,Horsley Park Equestrian Centre AWS,21.7,23.4,24.8,26.8,33.7,23.9,26.9,24.7,21.4,22.8,31.8,30.4,27.1,23.8,25.1,21.8,21.6,21.3,21.4,22.2,24.1,23.6,31.0,34.4,31.6,33.9,31.5,33.4,23.7,25.7,27.0
202212,Katoomba (Farnells Rd),14.4,16.5,,24.0,27.0,24.0,20.8,19.8,16.4,18.5,27.2,21.0,19.6,15.8,17.8,17.0,15.6,17.0,16.6,,20.1,18.5,26.0,29.5,26.5,29.0,27.0,31.5,18.5,19.0,21.0
202212,Mangrove Mountain AWS,20.0,22.2,23.4,24.3,33.6,23.9,27.3,25.6,20.6,20.0,31.8,29.4,28.0,24.3,24.5,19.9,20.7,18.1,20.3,20.2,22.8,26.1,29.6,31.4,30.7,32.0,29.4,31.4,21.0,25.6,26.0
202212,Mount Boyce AWS,14.5,17.1,21.0,22.6,25.5,22.4,18.2,17.1,19.0,18.6,26.3,20.4,17.8,14.0,18.2,17.7,16.5,16.8,17.5,17.8,20.5,19.0,23.4,26.7,28.5,28.9,27.9,29.4,19.3,19.9,22.6
202212,Norah Head AWS,21.6,24.2,24.3,26.1,26.5,23.3,27.9,22.0,21.8,22.1,26.8,28.2,25.5,25.3,21.9,19.1,18.4,18.6,19.9,20.3,23.3,26.1,27.2,28.4,26.9,28.9,28.1,28.2,24.9,26.3,27.8
202212,Parramatta North (Masons Drive),21.4,22.2,23.8,26.5,33.6,24.2,27.5,23.5,20.8,22.0,31.5,30.8,26.0,24.5,23.2,21.2,20.8,20.4,21.0,22.2,23.0,24.2,29.0,34.0,30.0,32.8,31.5,32.3,23.8,24.5,26.2
202212,Penrith Lakes AWS,22.3,23.8,27.3,28.5,35.4,27.0,28.9,28.1,24.1,25.3,34.1,32.8,28.3,25.3,27.2,24.1,24.5,22.4,23.6,24.7,27.1,24.7,32.0,36.6,35.2,36.1,34.3,36.0,24.4,24.6,27.4
202212,Richmond RAAF,22.3,24.2,26.1,27.7,34.7,26.3,28.2,26.7,23.5,24.5,33.9,30.5,27.6,24.9,25.8,23.6,22.7,22.9,24.2,24.6,26.3,24.6,31.7,35.5,33.9,35.6,33.5,35.4,24.5,28.0,28.3
202212,Sydney (Observatory Hill),22.5,25.3,24.4,26.0,27.9,24.2,25.4,22.9,22.1,24.4,28.6,29.6,25.7,25.3,24.0,21.8,20.6,20.8,21.4,23.4,23.5,23.5,28.9,29.7,27.4,28.4,28.1,27.8,22.8,24.9,25.8
202212,Sydney Airport AMO,22.3,22.9,24.3,26.1,30.1,23.2,28.6,21.9,19.9,22.3,31.2,32.4,27.8,24.8,21.0,18.8,19.1,18.8,19.1,20.9,22.2,24.3,30.4,30.9,27.6,30.0,28.8,28.9,21.6,25.5,27.1
202212,Sydney Harbour (Wedding Cake West),19.9,20.2,20.7,20.7,23.8,20.2,26.3,19.7,18.3,19.8,28.8,29.2,22.3,22.3,19.9,18.3,18.1,18.3,18.5,19.2,19.4,20.0,23.1,23.8,24.0,,23.0,22.6,22.1,22.9,23.1
202212,Sydney Olympic Park AWS (Archery Centre),21.6,23.2,24.2,26.7,32.3,23.6,28.2,23.3,20.6,22.9,30.0,31.0,28.6,25.0,24.1,21.2,20.6,20.7,22.0,21.9,23.5,23.7,31.1,33.7,29.1,32.3,30.1,30.8,23.8,25.8,27.0
202212,Terrey Hills AWS,19.6,22.0,21.9,24.4,28.6,22.5,27.5,21.5,19.3,20.7,28.1,28.5,25.2,23.6,22.1,19.7,19.7,18.5,19.4,19.7,21.0,21.8,27.8,29.4,26.7,28.9,26.9,28.1,21.6,24.0,25.8
202212,"Values are the maximum temperature, usually in the 24 hoursfrom9 am on the day indicated,and typically occurred in the afternoon of that day.",,,,,,,,,,,,,,,,,,,,,,,,,,,,,,,
202212,Temperatures coloured according to their differencefrom the long-termaveragefor the period,-10.0,-9.0,-8.0,-7.0,-6.0,-5.0,-4.0,-3.0,-2.0,-1.0,0.0,+1.0,+2.0,+3.0,+4.0,+5.0,+6.0,+7.0,+8.0,+9.0,+10.0,°C,Grey outline marks highestand lowest for the period,,,,,,,,
202301,Badgerys Creek AWS,28.6,32.5,33.7,26.5,20.7,20.8,24.5,28.0,31.9,30.3,28.3,30.7,30.8,29.2,35.2,30.5,31.5,35.2,19.3,22.3,27.0,20.1,27.1,31.5,30.5,36.2,29.7,34.0,33.9,29.7,29.9
202301,Bankstown Airport AWS,27.1,29.1,30.3,25.5,23.9,19.1,23.8,25.2,29.1,27.5,26.7,28.0,28.5,28.1,31.2,28.6,28.8,33.9,19.5,22.3,25.6,21.6,26.0,29.5,28.9,35.5,28.0,32.3,32.9,29.6,28.3
202301,Camden Airport AWS,28.1,31.3,33.1,24.2,22.2,20.7,24.6,26.9,30.7,28.2,27.4,29.5,29.7,29.0,34.6,29.1,29.8,34.4,19.6,22.2,26.5,20.6,25.7,31.6,30.6,35.5,28.7,33.6,33.2,29.3,29.1
202301,Campbelltown (Mount Annan),27.8,31.1,33.0,24.0,21.6,20.6,24.7,27.4,31.1,28.4,27.5,28.8,29.6,28.6,33.4,29.0,30.0,34.0,19.8,22.2,26.5,20.8,24.9,31.2,30.1,35.2,28.2,33.4,32.8,29.0,28.7
202301,Canterbury Racecourse AWS,26.7,27.7,28.9,24.7,22.4,19.1,22.8,24.0,27.0,25.2,26.4,26.5,27.2,25.8,28.5,27.6,27.5,30.3,20.1,22.4,24.4,20.7,25.1,27.6,28.0,33.4,26.4,30.4,31.1,28.6,27.1
202301,Cooranbong (Lake Macquarie AWS),27.2,26.9,28.0,27.4,22.3,23.5,23.4,25.1,27.5,27.0,25.7,26.5,27.2,26.3,28.9,27.6,27.0,31.8,,22.1,25.8,22.7,25.5,28.2,28.9,31.0,28.5,30.8,32.3,23.7,28.1
202301,Gosford AWS,27.0,27.3,28.1,26.8,21.6,21.6,22.5,24.3,26.1,25.8,25.3,25.6,27.0,26.7,29.1,27.6,27.1,30.6,20.0,22.2,23.9,21.9,25.0,27.6,27.5,31.4,26.8,29.9,31.3,25.1,26.9
202301,Holsworthy Aerodrome AWS,26.6,29.8,30.5,24.1,22.9,18.2,23.1,25.2,28.1,26.9,25.4,27.2,27.3,26.6,31.4,28.1,28.0,33.5,19.0,22.1,24.5,20.9,24.7,29.1,28.4,36.0,28.1,32.4,32.8,29.3,27.4
202301,Holsworthy Defence AWS,25.4,29.1,30.8,23.9,21.3,17.6,22.0,24.2,28.8,25.9,25.3,27.4,29.2,26.7,32.8,27.5,28.2,34.5,18.2,20.8,23.9,20.4,23.5,29.7,28.2,36.0,26.7,33.1,31.8,29.4,27.6
202301,Horsley Park Equestrian Centre AWS,27.8,30.6,31.7,26.2,21.7,18.9,23.4,26.7,30.0,28.1,26.8,28.6,28.2,28.2,32.9,29.0,29.7,33.8,18.8,21.1,25.8,20.3,26.3,30.1,29.3,35.3,28.1,32.6,33.0,27.2,28.2
202301,Katoomba (Farnells Rd),23.0,26.0,28.0,21.0,10.0,12.0,,22.0,27.0,25.0,23.0,26.5,23.5,24.0,29.6,20.4,24.6,,14.4,13.5,20.0,13.7,19.9,23.6,25.0,29.2,23.2,30.0,29.3,21.3,22.9
202301,Mangrove Mountain AWS,25.7,28.3,30.1,26.6,19.4,18.3,20.7,25.2,28.7,26.5,24.6,26.5,27.2,26.4,31.4,27.4,26.8,33.3,18.1,19.4,24.4,19.4,26.1,28.5,27.9,35.0,27.7,32.2,34.7,23.4,27.9
202301,Mount Boyce AWS,24.3,27.3,26.9,22.0,12.3,13.0,17.5,22.3,28.0,25.4,23.8,27.5,24.2,25.2,29.1,23.3,24.5,27.0,15.0,14.1,20.0,13.6,20.6,25.1,25.1,29.8,23.2,29.5,28.1,19.3,23.9
202301,Norah Head AWS,28.5,28.4,29.0,26.5,21.3,23.6,23.1,24.6,26.0,26.5,26.8,25.7,27.3,29.6,30.0,28.1,28.0,29.9,21.1,22.3,26.5,22.4,25.4,27.0,27.8,30.4,25.9,30.6,31.3,24.7,25.0
202301,Parramatta North (Masons Drive),26.5,28.5,29.8,25.3,21.3,20.0,23.6,26.0,28.6,27.0,26.4,27.0,27.0,26.7,31.0,29.0,28.0,33.6,19.1,21.5,24.3,21.0,25.3,29.3,28.7,34.5,27.0,32.6,32.3,27.8,27.6
202301,Penrith Lakes AWS,30.2,33.1,34.9,28.1,21.0,20.8,24.6,28.5,32.6,30.9,28.3,31.7,29.3,29.8,35.9,31.8,31.7,36.6,19.3,21.9,27.3,21.0,27.9,31.8,31.5,35.6,29.2,35.5,33.0,29.1,29.8
202301,Richmond RAAF,30.0,32.7,35.0,29.4,21.7,19.4,23.5,28.1,32.8,29.9,28.0,31.4,29.3,30.8,35.5,31.7,31.3,36.0,19.3,20.9,27.0,21.1,27.5,31.2,31.2,36.5,28.9,34.8,32.5,26.9,29.5
202301,Sydney (Observatory Hill),27.4,28.1,27.8,25.8,23.2,20.6,22.8,25.2,27.3,26.6,27.0,27.1,27.3,26.9,28.6,29.2,28.6,30.2,20.3,22.0,25.5,21.7,27.0,27.9,28.4,29.5,28.3,29.5,29.7,30.0,27.6
202301,Sydney Airport AMO,28.6,28.8,29.0,25.7,21.1,20.0,21.2,24.2,27.5,25.3,25.8,26.8,27.8,27.3,29.6,28.2,28.5,30.8,21.4,22.2,24.7,20.9,24.1,28.4,28.2,33.3,25.9,31.0,30.6,30.7,25.5
202301,Sydney Harbour (Wedding Cake West),23.1,23.1,23.5,23.5,20.5,20.8,21.1,22.3,23.9,23.2,24.4,23.2,24.5,23.7,24.4,25.1,24.1,25.5,21.8,21.7,,21.8,23.5,24.6,25.2,25.3,24.8,26.4,27.6,27.0,25.2
202301,Sydney Olympic Park AWS (Archery Centre),26.8,29.0,29.5,25.4,22.1,19.4,23.3,24.8,28.0,26.6,26.1,26.8,27.1,26.7,30.4,27.5,28.4,32.9,19.6,21.7,24.7,21.2,26.0,28.0,28.2,34.1,27.5,31.3,31.9,29.2,27.7
202301,Terrey Hills AWS,25.6,26.0,26.6,25.7,20.0,18.8,21.9,22.8,25.1,24.8,24.1,24.7,26.1,25.5,27.3,25.9,25.8,28.3,18.0,20.2,23.2,20.3,24.3,25.9,26.2,30.9,26.5,29.1,30.0,26.8,26.1
202301,"Values are the maximum temperature, usually in the 24 hoursfrom9 am on the day indicated,and typically occurred in the afternoon of that day.",,,,,,,,,,,,,,,,,,,,,,,,,,,,,,,
202301,Temperatures coloured according to their differencefrom the long-termaveragefor the period,-10.0,-9.0,-8.0,-7.0,-6.0,-5.0,-4.0,-3.0,-2.0,-1.0,0.0,+1.0,+2.0,+3.0,+4.0,+5.0,+6.0,+7.0,+8.0,+9.0,+10.0,°C,Grey outline marks highestand lowest for the period,,,,,,,,
202302,Badgerys Creek AWS,30.8,34.4,29.3,27.8,31.2,31.8,30.6,28.2,24.6,33.3,38.7,31.4,26.5,20.4,29.8,33.6,34.8,37.9,29.8,34.6,32.5,21.0,24.3,27.9,29.1,34.9,27.7,28.8,,,
202302,Bankstown Airport AWS,28.0,34.3,29.8,27.9,28.8,29.3,28.6,26.6,24.5,31.6,36.9,28.4,25.4,22.7,27.4,31.0,31.2,35.2,28.1,31.9,30.8,22.2,23.9,26.5,28.1,34.0,27.0,27.8,,,
202302,Camden Airport AWS,30.3,34.4,28.4,27.3,30.1,31.4,28.9,26.1,23.8,31.6,37.1,29.6,25.1,22.0,29.1,32.8,33.9,35.2,28.3,33.6,31.6,21.0,22.9,26.3,28.3,34.1,26.9,28.0,,,
202302,Campbelltown (Mount Annan),30.4,33.9,28.4,26.8,29.6,30.8,29.0,26.5,24.0,31.5,36.5,29.2,25.0,22.4,28.1,32.3,33.1,35.9,28.4,33.2,31.1,21.0,23.7,26.6,28.1,34.1,28.3,27.9,,,
202302,Canterbury Racecourse AWS,26.4,29.3,28.9,27.6,27.0,27.5,27.3,25.8,24.5,29.8,32.6,26.4,24.1,21.7,26.6,28.5,29.0,31.5,27.0,29.5,29.1,21.8,23.2,25.7,26.7,31.3,25.5,26.9,,,
202302,Cooranbong (Lake Macquarie AWS),28.2,34.1,32.8,28.7,28.3,27.8,28.1,27.8,26.0,29.6,34.6,31.4,25.9,22.5,26.3,28.7,28.9,31.9,28.9,30.1,29.7,20.2,24.8,26.3,27.4,33.4,28.4,27.4,,,
202302,Gosford AWS,26.9,30.4,30.3,28.7,27.5,27.8,28.9,28.1,26.4,27.5,32.8,27.7,23.8,23.9,25.7,28.3,28.6,31.3,27.8,29.3,28.5,22.1,24.4,25.4,26.0,32.5,26.0,26.3,,,
202302,Holsworthy Aerodrome AWS,28.3,33.3,29.8,27.2,29.3,29.3,28.1,25.7,23.2,31.2,36.4,27.8,24.5,22.7,27.4,31.5,31.3,35.4,27.9,32.2,30.2,21.7,22.8,25.8,27.3,33.8,26.5,27.6,,,
202302,Holsworthy Defence AWS,27.7,33.2,30.1,27.5,29.4,31.1,27.5,25.0,23.0,32.0,37.3,26.6,23.7,22.6,29.1,32.1,32.2,37.3,26.5,32.6,29.7,20.5,23.0,26.3,29.1,34.4,25.7,28.2,,,
202302,Horsley Park Equestrian Centre AWS,28.4,33.8,29.2,27.4,29.8,30.9,28.7,27.1,25.5,31.3,37.2,28.4,25.1,21.1,27.9,31.9,32.7,37.0,28.0,32.8,31.0,20.6,23.2,25.9,27.7,33.3,27.0,27.4,,,
202302,Katoomba (Farnells Rd),25.9,,21.0,20.0,27.0,28.1,,,23.7,26.0,31.5,27.5,18.8,15.0,,27.0,29.5,32.0,22.2,28.8,,25.8,15.3,20.5,22.5,28.0,,22.7,,,
202302,Mangrove Mountain AWS,27.9,32.7,31.1,27.2,29.0,29.1,28.6,27.1,25.3,31.7,36.4,29.6,23.6,21.4,25.6,29.9,31.7,37.6,27.0,31.2,29.7,18.4,23.2,24.2,26.6,33.1,28.4,26.2,,,
202302,Mount Boyce AWS,26.1,25.7,19.8,19.0,26.9,27.7,25.5,23.3,19.9,26.9,29.8,28.2,19.3,15.1,22.8,27.2,29.5,32.5,23.9,28.9,26.8,13.2,14.6,20.3,22.2,26.7,24.5,21.9,,,
202302,Norah Head AWS,26.4,30.4,31.7,28.7,28.4,30.6,31.1,31.4,26.0,27.7,29.8,26.9,26.0,24.0,26.5,29.1,29.5,29.7,26.6,30.6,29.9,21.8,24.2,29.6,28.2,31.1,28.4,28.3,,,
202302,Parramatta North (Masons Drive),28.2,32.8,29.5,28.0,28.4,28.7,28.3,26.2,25.5,31.2,36.8,28.2,25.3,21.8,26.8,30.9,32.2,36.7,28.1,32.0,30.3,21.3,22.8,26.5,27.7,34.2,27.0,27.2,,,
202302,Penrith Lakes AWS,31.4,34.9,30.1,28.5,30.9,32.1,31.5,28.3,26.4,32.0,38.6,31.5,26.1,21.6,29.5,33.2,35.3,37.5,29.9,34.4,32.7,20.6,22.1,27.0,28.8,34.5,29.3,28.7,,,
202302,Richmond RAAF,30.8,34.1,30.6,28.2,30.6,31.5,30.7,28.4,26.7,31.9,37.7,30.6,25.7,22.4,28.4,32.7,34.3,37.8,29.7,33.6,31.6,20.6,22.1,26.6,28.8,33.8,28.7,28.8,,,
202302,Sydney (Observatory Hill),28.7,29.1,30.6,28.9,28.0,28.4,28.7,28.2,23.4,28.0,30.4,27.3,25.5,21.2,26.9,28.3,28.3,30.0,28.7,29.4,28.4,21.6,24.4,26.8,26.9,29.4,26.2,27.7,,,
202302,Sydney Airport AMO,27.4,30.1,30.4,28.9,27.5,28.7,28.0,26.3,24.1,29.8,32.5,24.9,23.0,23.6,27.4,29.7,29.9,32.4,27.6,30.4,29.8,22.7,24.2,26.8,27.6,32.1,25.7,27.7,,,
202302,Sydney Harbour (Wedding Cake West),25.0,26.8,26.7,27.1,24.8,24.1,25.1,25.4,23.3,25.3,27.0,24.9,22.6,22.6,24.7,24.3,24.4,27.9,26.3,25.4,26.1,22.4,23.7,23.6,24.1,25.9,24.3,24.4,,,
202302,Sydney Olympic Park AWS (Archery Centre),27.7,33.5,30.1,28.3,28.4,28.8,28.0,26.4,27.0,30.5,36.6,27.5,24.6,22.7,26.9,30.4,30.1,33.1,28.0,30.7,29.4,21.7,23.2,26.1,28.0,31.9,26.8,27.2,,,
202302,Terrey Hills AWS,25.9,27.9,29.6,26.8,26.0,26.3,27.1,26.3,23.8,27.8,31.6,25.8,22.3,21.3,24.2,27.0,27.6,30.4,26.4,28.1,27.6,20.0,22.5,24.0,24.9,31.0,24.7,25.5,,,
202302,"Values are the maximum temperature, usually in the 24 hoursfrom9 am on the day indicated,and typically occurred in the afternoon of that day.",,,,,,,,,,,,,,,,,,,,,,,,,,,,,,,
202302,Temperatures coloured according to their differencefrom the long-termaveragefor the period,-10.0,-9.0,-8.0,-7.0,-6.0,-5.0,-4.0,-3.0,-2.0,-1.0,0.0,+1.0,+2.0,+3.0,+4.0,+5.0,+6.0,+7.0,+8.0,+9.0,+10.0,°C,Grey outline marks highestand lowest for the period,,,,,,,,
202303,Badgerys Creek AWS,31.4,29.9,30.0,26.7,32.4,40.4,36.2,33.4,30.3,30.6,35.0,30.2,22.7,24.6,31.4,,,34.0,40.2,22.8,23.3,23.6,24.2,,,,,,,,
202303,Bankstown Airport AWS,29.6,27.9,26.6,26.4,30.9,39.0,35.6,32.4,28.8,28.2,33.9,27.9,25.2,24.1,30.1,37.0,32.3,32.1,38.1,23.7,22.8,24.2,25.8,26.8,25.2,25.6,25.6,25.3,28.2,25.1,25.9
202303,Camden Airport AWS,29.6,28.9,28.0,25.8,31.7,39.0,34.9,31.2,28.8,29.2,33.4,28.6,22.9,25.3,31.1,36.4,33.4,33.2,39.3,22.4,21.5,25.3,23.0,27.3,24.0,25.8,25.7,24.5,27.4,24.7,25.8
202303,Campbelltown (Mount Annan),29.5,28.4,27.8,25.9,31.4,38.4,34.8,31.2,29.0,28.7,33.7,28.3,23.2,24.3,31.1,36.6,32.9,33.7,39.4,22.3,21.5,25.4,23.8,27.1,24.4,24.8,25.9,24.7,27.2,24.3,26.0
202303,Canterbury Racecourse AWS,28.5,26.3,25.6,26.4,28.4,38.1,34.3,30.3,27.2,27.1,31.4,26.2,24.8,23.3,29.2,36.3,30.7,29.8,36.1,23.2,22.7,24.0,26.4,25.0,25.0,24.7,25.7,25.9,28.0,25.2,25.0
202303,Cooranbong (Lake Macquarie AWS),31.3,27.3,27.9,27.0,29.1,38.7,36.9,31.8,29.4,26.7,32.0,28.6,25.4,23.6,29.1,36.1,32.8,31.1,35.3,25.6,22.1,26.1,31.3,26.7,23.2,24.1,24.1,26.4,29.3,25.9,25.4
202303,Gosford AWS,28.7,25.5,26.7,26.2,27.8,38.5,34.1,30.0,28.0,25.9,30.6,26.6,23.4,24.5,27.8,36.4,31.2,30.0,33.2,24.4,22.2,25.7,30.0,25.4,23.9,25.3,24.9,25.7,27.4,25.1,24.6
202303,Holsworthy Aerodrome AWS,29.6,27.1,26.1,27.1,30.5,38.7,35.6,32.4,28.0,27.3,33.5,27.4,24.5,23.6,29.4,36.4,32.1,32.0,37.8,23.1,22.1,23.6,24.4,25.7,23.7,24.9,25.1,24.9,27.2,24.1,25.3
202303,Holsworthy Defence AWS,28.2,26.8,26.1,24.7,31.0,39.4,35.9,32.3,28.2,27.6,34.4,25.8,22.2,23.6,29.3,36.8,31.4,33.8,39.6,21.8,21.1,25.7,24.9,24.5,23.5,25.2,25.3,24.8,26.4,24.4,26.2
202303,Horsley Park Equestrian Centre AWS,29.3,27.6,27.1,25.6,31.4,38.6,35.3,32.0,28.7,27.9,33.6,28.3,23.4,24.4,30.5,36.3,32.6,32.9,38.3,22.7,21.8,23.2,24.9,26.3,24.7,25.1,24.1,24.0,27.6,24.8,25.3
202303,Katoomba (Farnells Rd),25.7,23.4,23.0,19.5,26.7,30.4,26.7,24.6,23.9,23.0,27.2,24.1,,18.8,25.0,,30.0,31.0,34.8,,17.0,18.8,21.1,21.5,15.0,16.1,,21.4,19.2,17.2,20.0
202303,Mangrove Mountain AWS,29.8,25.7,26.6,25.3,29.4,37.1,35.4,32.3,28.6,26.5,32.8,26.2,22.2,23.2,29.7,35.4,32.8,32.0,38.7,21.9,20.4,25.5,30.6,25.1,19.9,23.3,22.8,23.7,25.9,24.2,24.6
202303,Mount Boyce AWS,25.2,24.5,24.5,18.5,27.2,29.7,26.3,22.4,21.9,23.7,25.9,24.7,14.7,19.3,24.3,27.4,28.4,29.8,34.2,17.2,13.8,18.0,20.2,21.6,15.2,17.0,21.0,16.9,18.7,15.4,17.7
202303,Norah Head AWS,29.1,27.8,30.3,27.3,30.0,38.1,31.7,29.6,29.3,30.7,30.8,25.9,25.1,24.4,26.0,36.5,31.2,30.3,30.8,24.7,23.2,28.6,28.9,25.7,23.0,26.7,24.2,25.7,28.3,25.2,26.2
202303,Parramatta North (Masons Drive),29.5,27.0,25.5,26.7,30.2,38.8,35.5,32.1,28.8,27.8,33.0,27.6,24.5,24.0,30.1,36.8,32.5,32.6,37.6,23.5,23.7,24.3,27.3,25.5,24.0,24.6,24.8,24.3,27.8,25.2,26.5
202303,Penrith Lakes AWS,31.0,29.9,30.3,26.6,32.8,40.1,36.9,33.4,31.5,30.9,34.8,30.0,22.0,25.8,31.8,37.6,35.1,34.6,39.5,23.9,22.9,24.3,26.0,28.3,23.0,25.4,24.7,23.1,28.5,26.0,26.8
202303,Richmond RAAF,30.6,29.1,28.9,26.7,31.7,38.4,35.0,32.7,30.1,29.0,33.4,28.9,21.7,25.6,30.9,36.7,34.0,34.4,39.0,24.2,23.2,25.1,28.0,27.0,22.0,24.6,25.2,22.5,27.8,25.7,26.0
202303,Sydney (Observatory Hill),28.1,27.1,25.2,28.1,28.1,37.9,34.0,30.0,28.4,27.4,28.6,27.0,24.9,23.8,28.5,36.2,31.6,29.1,28.9,23.6,22.9,24.2,27.3,25.5,24.6,26.1,24.6,24.8,27.1,25.7,25.7
202303,Sydney Airport AMO,25.9,27.2,24.4,27.2,29.3,40.6,36.5,31.0,28.8,28.0,33.0,27.2,25.8,23.7,28.4,37.9,30.5,30.6,34.5,24.1,23.0,25.5,26.8,25.8,25.8,25.8,26.9,27.1,28.8,24.8,24.4
202303,Sydney Harbour (Wedding Cake West),25.7,23.7,24.5,25.0,25.0,38.6,28.9,26.5,24.4,25.3,25.1,24.7,23.7,24.7,26.3,36.0,29.1,24.9,26.0,23.8,22.7,23.2,26.7,24.2,24.2,23.1,25.9,25.6,27.9,22.8,22.9
202303,Sydney Olympic Park AWS (Archery Centre),29.6,26.4,25.3,26.6,30.3,38.5,35.0,32.4,28.4,27.6,32.0,26.8,24.2,24.0,30.2,36.7,31.9,30.8,35.4,23.3,23.3,24.6,27.4,25.8,24.0,25.2,25.5,25.3,28.3,25.4,26.1
202303,Terrey Hills AWS,26.9,25.1,24.0,25.2,26.3,37.0,31.9,29.5,26.5,25.5,29.8,25.3,22.4,23.3,27.1,35.3,30.5,29.1,34.6,21.8,21.6,23.4,27.6,23.9,23.6,24.0,23.6,24.2,25.9,23.6,23.2
202303,"Values are the maximum temperature, usually in the 24 hoursfrom9 am on the day indicated,and typically occurred in the afternoon of that day.",,,,,,,,,,,,,,,,,,,,,,,,,,,,,,,
202303,Temperatures coloured according to their differencefrom the long-termaveragefor the period,-10.0,-9.0,-8.0,-7.0,-6.0,-5.0,-4.0,-3.0,-2.0,-1.0,0.0,+1.0,+2.0,+3.0,+4.0,+5.0,+6.0,+7.0,+8.0,+9.0,+10.0,°C,Grey outline marks highestand lowest for the period,,,,,,,,
202304,Badgerys Creek AWS,,,,,,,,,,,,,,,,,,,,,24.0,24.8,25.8,24.2,25.4,23.9,25.3,28.3,17.2,19.4,
202304,Bankstown Airport AWS,19.7,21.2,24.7,26.2,25.0,22.9,25.4,24.0,21.0,21.4,23.2,22.8,24.3,23.0,26.6,26.0,23.2,22.7,26.1,19.0,22.8,23.0,24.2,23.6,24.8,22.6,25.0,27.8,18.1,19.6,
202304,Camden Airport AWS,20.7,20.8,24.6,26.0,25.9,23.1,22.8,22.6,20.1,21.0,22.7,22.8,23.8,21.8,25.9,25.4,23.7,22.8,25.8,19.3,22.3,24.3,24.6,23.8,24.7,23.6,24.8,27.6,17.0,19.0,
202304,Campbelltown (Mount Annan),19.7,22.0,25.1,25.7,25.9,23.0,23.8,22.9,20.4,21.1,23.0,22.6,24.4,21.7,26.2,26.2,23.1,24.0,26.2,19.8,22.5,24.3,24.7,23.5,24.8,24.0,25.0,27.8,17.1,18.8,
202304,Canterbury Racecourse AWS,20.0,21.5,24.2,24.9,24.1,23.0,24.8,23.9,21.2,21.3,21.9,22.8,22.8,21.6,25.3,25.6,21.9,23.1,25.8,18.7,21.4,21.3,22.9,23.1,24.5,23.2,25.1,27.2,18.1,19.4,
202304,Cooranbong (Lake Macquarie AWS),24.6,23.2,23.8,24.6,25.0,24.6,23.9,25.0,23.2,21.2,23.3,22.8,22.7,22.8,25.6,27.9,22.6,23.1,25.0,18.7,22.5,21.9,22.8,24.0,23.9,23.6,25.0,27.4,23.3,21.5,
202304,Gosford AWS,22.2,18.4,23.5,24.3,23.7,23.3,24.8,24.5,21.9,20.5,21.3,22.6,21.5,22.0,24.8,25.7,21.8,22.4,24.2,20.2,21.5,21.4,23.2,23.4,24.0,22.3,24.2,27.0,21.7,21.1,
202304,Holsworthy Aerodrome AWS,19.0,21.0,23.2,25.3,24.6,22.6,24.3,22.4,20.2,20.8,22.7,21.7,23.0,22.3,25.4,25.4,22.2,21.9,25.1,18.4,21.8,22.7,23.8,23.2,24.1,22.5,24.3,27.1,17.3,18.8,
202304,Holsworthy Defence AWS,18.5,19.7,23.6,24.4,23.4,22.8,23.6,22.2,20.4,21.2,21.7,22.6,22.2,21.0,25.8,24.5,21.6,22.1,25.8,18.2,20.7,21.9,22.4,21.5,24.8,23.0,24.8,27.0,16.6,18.4,
202304,Horsley Park Equestrian Centre AWS,19.4,19.9,24.1,25.1,25.1,22.2,23.9,23.4,20.8,20.9,22.4,21.9,23.6,22.4,25.9,25.3,23.2,23.3,25.2,18.5,22.0,21.9,23.8,22.9,24.5,22.7,24.5,27.4,17.2,19.4,
202304,Katoomba (Farnells Rd),15.4,13.0,,19.2,20.1,19.0,20.0,,12.2,14.4,15.9,15.1,17.5,16.5,20.2,18.0,16.9,17.0,20.1,11.4,16.2,17.0,17.8,16.0,,19.2,19.7,21.0,12.5,13.2,
202304,Mangrove Mountain AWS,21.9,18.5,21.4,23.5,22.9,22.4,23.5,23.5,21.6,20.2,21.9,20.3,20.4,20.1,24.7,25.8,20.6,21.4,25.1,16.2,20.5,19.4,21.1,21.5,23.4,21.4,23.3,26.0,18.9,20.7,
202304,Mount Boyce AWS,16.9,13.2,17.3,18.8,19.3,18.2,19.8,12.3,10.5,11.8,15.6,14.1,15.9,15.3,18.7,16.9,17.5,17.1,18.8,11.7,15.8,17.6,17.1,16.1,19.2,17.1,18.6,19.6,11.4,10.8,
202304,Norah Head AWS,22.0,22.6,24.7,24.3,22.8,24.0,23.3,24.9,22.7,20.4,21.4,,,,,,,,,,,,,,,,,26.3,22.5,21.7,
202304,Parramatta North (Masons Drive),20.4,20.0,23.2,25.2,25.0,22.0,25.2,24.0,21.2,21.5,22.6,22.0,23.0,22.0,25.5,25.0,22.8,22.2,26.1,18.6,22.0,22.4,24.2,22.0,24.7,22.0,25.0,27.8,18.5,20.0,
202304,Penrith Lakes AWS,22.2,20.8,24.6,26.4,26.3,23.1,25.9,24.4,21.8,21.5,23.5,23.1,24.2,22.3,26.6,26.9,24.4,24.1,25.9,18.9,23.0,23.4,25.0,24.2,25.7,24.3,25.6,29.1,17.4,20.5,
202304,Richmond RAAF,22.4,21.8,25.0,25.2,25.3,23.0,25.4,24.8,22.1,,23.1,22.1,23.1,21.5,26.3,26.8,24.2,23.5,25.4,18.5,23.1,20.2,24.7,24.4,24.8,23.3,25.1,27.9,17.3,20.8,
202304,Sydney (Observatory Hill),20.3,20.3,23.8,26.3,25.4,23.0,24.8,24.6,21.8,22.1,22.4,22.0,22.8,22.2,25.6,25.1,22.7,23.7,25.5,19.8,21.6,20.0,23.7,23.1,23.7,21.7,25.2,27.5,18.6,21.1,
202304,Sydney Airport AMO,19.9,22.1,23.9,24.8,23.2,23.1,25.9,24.5,21.6,20.4,20.6,23.5,21.2,20.7,25.5,26.2,21.6,23.4,25.7,20.1,20.4,21.0,22.2,23.1,24.7,23.7,25.2,28.0,19.6,20.5,
202304,Sydney Harbour (Wedding Cake West),19.6,20.8,22.8,24.7,22.9,22.7,23.0,22.8,19.8,18.9,20.5,21.2,21.0,20.1,22.1,24.7,20.8,22.2,21.8,20.5,20.5,21.4,22.8,22.8,21.5,21.5,22.0,22.7,19.9,19.1,
202304,Sydney Olympic Park AWS (Archery Centre),20.6,20.1,24.2,25.7,24.5,22.8,25.1,24.5,21.8,21.5,23.2,22.3,23.3,21.8,26.4,25.6,22.6,23.0,25.3,19.2,22.1,21.1,23.7,24.0,24.4,23.2,25.7,27.3,18.5,20.2,
202304,Terrey Hills AWS,19.9,17.3,22.9,23.1,22.6,21.6,23.5,22.9,20.4,19.9,20.7,21.4,20.9,19.6,23.5,24.1,20.1,20.9,24.3,17.9,20.9,19.0,21.9,21.3,22.7,20.4,23.3,25.4,17.8,19.2,
202304,"Values are the maximum temperature, usually in the 24 hoursfrom9 am on the day indicated,and typically occurred in the afternoon of that day.",,,,,,,,,,,,,,,,,,,,,,,,,,,,,,,
202304,Temperatures coloured according to their differencefrom the long-termaveragefor the period,-10.0,-9.0,-8.0,-7.0,-6.0,-5.0,-4.0,-3.0,-2.0,-1.0,0.0,+1.0,+2.0,+3.0,+4.0,+5.0,+6.0,+7.0,+8.0,+9.0,+10.0,°C,Grey outline marks highestand lowest for the period,,,,,,,,
202305,Badgerys Creek AWS,20.0,22.5,23.6,21.0,22.2,22.4,15.9,18.0,19.8,21.2,21.6,23.2,22.0,20.6,21.0,21.3,18.6,18.6,19.6,18.1,19.3,19.8,20.7,20.1,18.5,16.1,17.2,17.3,20.3,21.1,21.1
202305,Bankstown Airport AWS,20.8,22.3,24.3,20.9,22.2,22.1,16.5,17.6,20.1,20.3,21.8,24.1,21.8,20.7,21.4,22.3,18.7,17.4,19.3,19.1,19.3,20.9,20.7,21.7,19.4,16.6,18.5,17.9,21.1,21.4,21.4
202305,Camden Airport AWS,20.6,21.6,24.0,21.5,21.9,21.3,15.6,18.1,19.0,21.2,21.2,23.7,22.0,20.3,21.3,21.7,18.1,18.5,19.2,17.9,18.2,19.4,21.2,21.6,16.1,15.4,16.8,17.0,19.7,20.9,20.7
202305,Campbelltown (Mount Annan),20.7,21.6,24.4,21.2,22.0,21.8,16.1,18.0,19.1,21.0,21.7,24.1,22.1,21.4,22.7,22.3,18.5,18.3,19.2,18.4,18.7,19.8,,21.7,17.6,15.7,17.3,17.5,20.1,20.8,21.2
202305,Canterbury Racecourse AWS,20.7,22.5,24.2,19.9,22.1,21.6,16.2,16.4,19.0,19.6,21.6,24.2,20.8,20.2,20.9,21.4,17.4,17.5,19.2,19.1,19.1,20.3,20.4,21.8,20.3,17.0,18.2,17.5,21.0,21.2,21.5
202305,Cooranbong (Lake Macquarie AWS),20.7,23.2,24.1,20.8,22.1,21.6,17.0,18.0,19.8,21.1,21.8,22.4,22.3,21.5,21.5,21.9,17.2,18.5,18.7,18.9,19.9,20.7,21.3,22.3,23.1,20.9,18.9,17.5,21.7,21.9,21.8
202305,Gosford AWS,19.8,22.5,23.7,19.7,21.5,21.1,15.8,17.2,19.7,20.1,20.8,22.8,20.6,20.0,20.2,21.0,17.0,17.9,18.3,18.7,19.5,19.3,19.4,21.0,22.5,18.6,17.9,16.2,21.4,20.8,20.9
202305,Holsworthy Aerodrome AWS,20.1,21.4,23.9,,21.5,21.1,15.3,16.7,18.5,19.9,21.0,23.0,21.1,19.9,20.5,21.8,17.5,16.8,18.9,18.0,18.6,19.2,20.0,20.6,18.3,15.8,17.0,16.7,20.0,20.5,20.8
202305,Holsworthy Defence AWS,19.8,21.3,24.0,19.8,21.9,21.1,15.4,16.3,18.3,19.6,21.5,23.8,19.6,19.1,21.7,21.3,16.7,16.5,18.8,17.4,17.4,19.9,20.3,21.9,15.7,14.6,17.2,16.7,19.2,19.8,21.1
202305,Horsley Park Equestrian Centre AWS,19.7,23.0,23.6,20.5,21.2,21.1,15.5,17.2,19.2,20.4,20.9,23.2,21.2,19.8,21.0,21.6,17.9,18.3,18.5,18.6,19.5,19.4,20.0,20.4,19.2,15.8,17.6,17.3,20.8,21.0,20.4
202305,Katoomba (Farnells Rd),13.8,13.8,14.8,15.7,17.5,16.2,8.8,10.7,,15.3,16.6,17.5,15.5,14.2,15.1,17.0,10.4,11.0,15.0,11.5,9.1,17.6,18.1,18.2,16.0,9.9,11.5,9.2,11.7,14.4,
202305,Mangrove Mountain AWS,19.2,21.2,22.0,19.8,22.0,21.2,15.0,15.9,18.7,19.8,20.8,23.6,20.4,19.6,20.1,20.6,15.9,17.7,17.6,18.0,18.0,19.4,20.5,22.1,20.3,17.9,17.6,15.4,20.8,20.7,21.0
202305,Mount Boyce AWS,11.0,12.4,13.0,14.8,15.3,14.2,6.6,8.0,11.6,14.9,15.9,16.6,15.3,15.5,15.4,14.5,8.7,10.3,12.0,8.7,8.0,14.8,17.3,15.6,14.6,9.1,8.3,7.5,9.7,11.1,12.3
202305,Norah Head AWS,20.5,21.7,23.6,19.1,22.9,21.6,16.0,16.8,18.9,19.1,21.5,22.3,20.5,21.7,20.6,20.1,16.9,16.7,18.3,18.2,19.2,19.8,20.4,20.9,23.0,20.0,17.7,16.1,21.1,20.8,21.9
202305,Parramatta North (Masons Drive),20.3,22.5,23.5,21.0,21.8,22.1,16.0,17.8,19.8,21.2,21.5,23.4,21.5,20.2,21.2,22.2,17.8,17.2,19.0,19.3,20.0,20.7,20.6,21.0,20.5,17.0,18.5,17.3,21.5,21.5,21.0
202305,Penrith Lakes AWS,21.1,23.4,24.0,21.2,22.7,21.8,16.7,18.1,20.0,21.0,21.7,23.2,23.3,22.1,21.8,22.0,18.8,18.9,19.1,19.9,21.2,21.0,20.2,20.6,18.2,17.3,18.4,18.9,22.1,22.8,21.1
202305,Richmond RAAF,20.4,23.0,24.2,20.9,22.1,21.0,17.0,18.1,20.0,20.4,21.3,22.9,22.2,20.9,20.6,21.8,18.6,18.6,18.4,19.7,20.5,19.9,19.9,20.4,19.6,16.5,18.0,18.1,21.8,21.8,
202305,Sydney (Observatory Hill),21.3,22.9,23.7,20.8,22.0,22.5,15.9,16.3,19.2,19.8,21.7,22.7,20.9,20.0,20.9,21.8,17.8,17.1,19.8,19.3,19.4,20.4,19.7,20.1,20.0,17.5,19.2,17.3,21.2,21.6,20.8
202305,Sydney Airport AMO,21.5,22.6,25.2,19.1,22.3,22.5,16.5,16.4,18.1,18.5,20.2,24.0,20.5,18.9,20.1,21.4,16.5,16.5,19.3,19.8,19.7,20.4,19.1,21.7,21.1,17.3,19.3,17.9,21.9,21.9,22.2
202305,Sydney Harbour (Wedding Cake West),19.8,21.6,23.5,19.2,20.7,20.7,15.8,16.6,17.9,18.6,21.2,20.3,19.5,20.5,20.9,20.5,16.6,16.4,19.2,18.1,18.3,20.1,20.0,20.5,20.7,18.1,17.2,16.8,20.3,20.6,20.3
202305,Sydney Olympic Park AWS (Archery Centre),21.3,22.5,24.0,21.5,22.5,22.5,16.2,17.6,19.7,21.0,21.8,23.5,21.9,21.8,22.0,22.2,17.9,17.4,19.7,19.4,19.9,19.9,20.6,21.9,21.3,17.0,18.7,17.7,22.1,22.0,21.6
202305,Terrey Hills AWS,19.0,21.2,22.4,18.8,20.6,20.3,14.6,15.3,18.0,18.6,19.6,22.7,18.9,18.3,18.6,19.9,15.6,15.7,17.5,17.3,18.1,18.7,18.6,20.8,20.1,16.9,17.5,15.6,20.6,19.4,20.4
202305,"Values are the maximum temperature, usually in the 24 hoursfrom9 am on the day indicated,and typically occurred in the afternoon of that day.",,,,,,,,,,,,,,,,,,,,,,,,,,,,,,,
202305,Temperatures coloured according to their differencefrom the long-termaveragefor the period,-10.0,-9.0,-8.0,-7.0,-6.0,-5.0,-4.0,-3.0,-2.0,-1.0,0.0,+1.0,+2.0,+3.0,+4.0,+5.0,+6.0,+7.0,+8.0,+9.0,+10.0,°C,Grey outline marks highestand lowest for the period,,,,,,,,
202306,Badgerys Creek AWS,20.4,21.6,24.4,17.7,17.4,20.3,20.4,14.1,19.7,18.4,18.3,18.7,20.4,17.7,17.8,19.6,19.0,19.4,17.3,15.3,16.8,14.8,18.0,20.0,19.7,18.4,18.0,10.9,15.1,18.5,
202306,Bankstown Airport AWS,21.3,21.6,24.7,18.5,20.0,20.4,21.3,18.6,20.8,18.9,18.8,20.7,20.8,18.5,18.9,20.4,19.8,19.8,17.6,16.4,17.2,15.2,19.2,20.5,20.6,19.2,18.4,11.6,15.7,18.5,
202306,Camden Airport AWS,22.7,21.2,24.8,17.3,18.1,19.5,20.6,12.7,20.3,18.5,18.6,18.7,20.5,17.5,18.3,19.9,19.4,20.1,17.6,16.0,17.1,14.5,18.5,20.1,20.3,18.0,17.5,10.9,14.8,17.6,
202306,Campbelltown (Mount Annan),22.7,21.5,24.6,18.0,19.3,19.5,21.5,13.3,19.4,18.6,18.8,18.7,20.3,17.7,18.3,20.2,19.3,19.4,17.1,16.1,16.5,14.8,18.5,20.0,20.2,18.0,17.4,10.9,15.0,17.7,
202306,Canterbury Racecourse AWS,21.0,21.4,24.3,18.1,19.6,20.0,21.2,18.1,20.8,18.3,19.3,21.3,20.7,18.6,18.4,20.3,19.9,19.7,17.2,15.3,17.5,15.3,19.1,20.1,20.4,19.3,18.2,11.6,15.5,18.4,
202306,Cooranbong (Lake Macquarie AWS),21.9,21.7,25.3,18.6,18.6,19.0,20.9,18.6,20.0,18.9,18.6,21.9,19.1,19.0,18.5,19.9,20.1,20.2,17.4,16.1,17.0,17.9,19.6,20.1,22.0,20.3,18.8,13.4,17.3,18.9,
202306,Gosford AWS,20.4,20.6,23.9,18.8,17.8,19.0,20.1,18.7,19.2,17.7,17.9,20.0,19.9,18.5,17.6,18.6,20.0,19.3,17.1,15.1,16.0,15.7,18.8,19.4,20.6,19.5,17.9,12.3,15.4,19.0,
202306,Holsworthy Aerodrome AWS,20.4,21.0,23.9,18.4,17.6,19.3,20.6,16.1,19.6,18.2,17.9,19.0,20.2,17.6,18.0,19.6,18.7,19.2,16.7,15.6,16.4,15.0,18.2,19.8,19.9,18.0,17.3,11.0,14.9,17.4,
202306,Holsworthy Defence AWS,22.1,21.0,23.6,16.8,17.3,19.0,20.9,14.6,19.0,18.5,18.7,19.1,20.5,17.2,17.9,19.7,19.3,19.0,17.2,14.8,16.6,14.8,18.2,19.6,19.0,17.2,17.1,10.7,14.2,17.4,
202306,Horsley Park Equestrian Centre AWS,19.8,20.9,23.7,18.7,17.3,18.9,20.8,16.9,19.6,18.2,18.1,19.9,20.3,18.0,18.0,19.3,19.4,19.0,17.0,15.6,16.3,14.4,18.2,19.8,20.0,18.8,17.9,10.9,15.4,18.5,
202306,Katoomba (Farnells Rd),17.0,18.0,18.0,9.1,9.0,13.3,18.0,11.3,10.5,13.5,14.0,13.5,13.2,9.4,11.8,14.0,13.5,9.8,8.3,9.9,10.9,9.7,9.5,12.0,11.2,9.1,,10.4,8.9,11.0,
202306,Mangrove Mountain AWS,21.2,20.7,23.6,16.2,17.4,18.0,19.6,16.6,18.3,17.5,19.1,20.1,18.8,17.2,17.3,18.8,19.2,18.5,16.2,14.3,15.1,15.7,16.8,18.5,20.1,18.7,17.0,10.2,16.0,18.1,
202306,Mount Boyce AWS,14.5,14.8,16.5,9.2,9.6,13.1,16.2,11.1,7.9,10.5,13.4,12.6,11.8,8.3,8.7,11.7,10.5,9.4,6.7,7.6,10.8,10.1,8.1,10.0,9.6,8.1,8.0,4.9,6.5,7.9,
202306,Norah Head AWS,21.5,21.6,23.0,19.7,19.5,22.5,21.9,18.9,18.8,17.3,18.4,19.5,19.8,18.4,17.1,19.0,20.2,19.5,17.5,14.5,15.7,17.7,18.6,19.6,21.4,19.7,18.0,12.6,15.1,18.4,
202306,Parramatta North (Masons Drive),20.3,21.2,23.8,17.4,18.2,19.8,21.0,18.2,20.0,19.0,19.2,21.0,20.6,18.8,18.4,19.5,20.0,19.4,17.4,16.7,17.2,14.8,18.8,20.0,20.2,18.8,19.0,11.8,16.3,19.2,
202306,Penrith Lakes AWS,22.4,22.3,23.9,17.4,16.9,19.5,20.8,15.2,20.4,19.8,18.5,18.2,21.6,19.0,19.1,19.9,19.9,19.9,17.9,16.6,17.0,12.9,19.3,20.9,20.6,18.7,18.9,10.9,17.9,19.8,
202306,Richmond RAAF,21.7,21.8,23.7,16.5,18.0,19.0,20.7,16.4,20.2,18.9,18.4,21.2,21.5,19.3,18.9,19.5,19.7,20.3,17.8,16.6,16.0,12.9,19.5,21.2,21.2,19.2,18.6,11.1,16.7,19.7,
202306,Sydney (Observatory Hill),19.3,19.8,22.0,18.4,18.7,19.2,20.7,17.8,20.6,19.0,18.3,19.3,20.6,18.6,18.8,19.0,18.4,19.3,17.7,15.3,17.3,15.2,18.9,20.2,20.3,19.5,18.4,11.7,16.3,18.9,
202306,Sydney Airport AMO,21.4,21.5,24.2,19.3,19.9,19.6,21.3,19.3,21.5,18.2,19.3,20.7,21.7,19.2,19.3,19.2,20.0,20.5,18.1,15.0,17.4,16.4,20.1,21.0,21.7,19.9,19.0,12.3,16.2,19.2,
202306,Sydney Harbour (Wedding Cake West),20.0,19.2,21.5,18.3,18.1,18.3,18.8,18.2,19.5,17.8,18.2,17.9,19.7,17.8,17.6,19.8,20.1,19.0,17.1,14.5,18.0,16.0,18.5,19.0,19.6,18.6,17.5,12.7,14.9,17.9,
202306,Sydney Olympic Park AWS (Archery Centre),21.1,21.7,23.1,17.8,19.8,20.7,21.9,18.1,20.9,19.7,18.4,21.7,20.8,19.2,19.2,20.7,21.1,20.5,17.9,16.3,17.8,15.3,19.2,20.3,20.9,20.1,18.9,11.5,16.0,19.6,
202306,Terrey Hills AWS,19.7,20.0,23.0,16.0,17.5,17.4,19.0,16.4,18.2,17.0,18.1,19.0,18.6,17.4,16.7,18.1,18.1,18.7,16.1,13.8,15.8,15.2,18.1,18.8,19.5,17.6,16.6,10.1,14.3,17.1,
202306,"Values are the maximum temperature, usually in the 24 hoursfrom9 am on the day indicated,and typically occurred in the afternoon of that day.",,,,,,,,,,,,,,,,,,,,,,,,,,,,,,,
202306,Temperatures coloured according to their differencefrom the long-termaveragefor the period,-10.0,-9.0,-8.0,-7.0,-6.0,-5.0,-4.0,-3.0,-2.0,-1.0,0.0,+1.0,+2.0,+3.0,+4.0,+5.0,+6.0,+7.0,+8.0,+9.0,+10.0,°C,Grey outline marks highestand lowest for the period,,,,,,,,
202307,Badgerys Creek AWS,17.9,18.4,18.7,14.2,20.5,17.8,17.8,19.4,18.1,19.3,20.5,20.2,20.6,23.4,24.0,18.5,18.7,22.3,17.3,18.7,18.8,17.5,20.0,18.8,20.0,21.1,20.5,24.1,23.3,25.8,23.9
202307,Bankstown Airport AWS,18.6,18.9,19.2,15.0,21.5,18.2,18.9,20.3,18.6,20.0,20.6,19.8,21.1,23.4,23.8,18.0,19.8,21.9,16.8,18.5,19.7,17.5,18.6,17.8,19.8,21.1,21.1,24.6,23.2,26.1,23.8
202307,Camden Airport AWS,18.1,18.3,18.8,14.4,20.7,18.0,18.3,19.7,17.8,19.3,20.4,20.3,22.1,23.4,24.3,16.7,19.1,22.3,17.7,17.2,18.7,17.7,18.9,18.6,20.0,21.1,20.5,22.7,22.2,24.9,23.3
202307,Campbelltown (Mount Annan),18.6,18.6,19.0,14.1,20.7,18.0,17.7,19.9,17.9,19.2,20.3,19.9,22.2,22.7,24.5,17.6,18.9,21.9,17.2,17.4,18.9,17.8,18.9,18.7,20.4,21.2,20.3,23.4,22.0,25.0,23.6
202307,Canterbury Racecourse AWS,18.7,18.0,19.6,15.4,,18.0,18.5,19.6,18.7,19.8,20.3,20.3,21.0,22.9,23.6,17.4,18.6,21.9,15.7,18.5,19.6,16.7,17.1,17.4,18.6,21.6,20.8,24.4,23.3,25.4,23.2
202307,Cooranbong (Lake Macquarie AWS),19.1,18.9,17.2,17.4,21.8,17.6,18.5,19.2,19.5,20.5,19.1,20.4,21.7,22.8,23.9,17.7,18.5,21.9,17.2,18.6,19.3,18.2,18.4,17.8,20.6,21.4,21.1,23.9,23.9,25.6,23.6
202307,Gosford AWS,18.1,17.4,17.3,17.2,21.6,17.0,18.2,19.0,18.4,19.9,18.9,19.6,22.2,22.7,23.1,16.4,18.7,21.9,15.8,19.2,18.6,16.6,17.1,16.1,18.5,20.5,21.2,23.4,23.5,24.9,22.2
202307,Holsworthy Aerodrome AWS,17.8,18.0,18.4,14.5,20.5,17.6,17.8,19.8,17.8,19.1,20.3,19.3,21.4,22.6,23.5,17.2,19.3,21.1,16.4,17.8,19.0,16.8,17.9,18.1,19.0,20.9,20.3,23.9,22.0,25.2,23.2
202307,Holsworthy Defence AWS,17.5,17.6,19.3,14.1,20.6,16.8,17.0,19.1,17.0,,20.1,19.7,21.8,22.4,23.7,16.4,19.7,21.7,15.6,18.0,19.4,16.2,16.8,16.7,18.3,21.2,20.1,24.2,21.8,24.5,23.3
202307,Horsley Park Equestrian Centre AWS,18.3,18.5,18.5,14.1,20.9,17.2,18.1,18.9,18.1,19.4,19.8,19.4,20.9,22.8,23.0,17.6,18.7,21.8,16.9,17.9,19.0,17.5,18.8,18.0,19.4,21.1,20.7,24.1,23.1,25.4,22.6
202307,Katoomba (Farnells Rd),11.2,,,11.1,,,14.0,10.5,,12.1,,,15.6,15.0,15.0,,13.0,14.2,12.7,14.2,11.5,11.5,,11.7,14.1,16.5,16.0,15.2,17.5,,
202307,Mangrove Mountain AWS,17.7,16.8,16.0,14.8,21.0,15.3,17.7,17.5,17.4,19.8,18.4,19.6,21.0,22.1,21.7,14.6,18.2,21.0,15.4,18.4,18.4,16.3,16.7,15.6,17.2,19.9,20.2,23.1,24.0,23.9,22.3
202307,Mount Boyce AWS,8.9,11.8,10.8,9.1,11.5,6.4,7.9,8.9,6.7,9.6,12.2,14.6,12.4,12.8,13.6,10.8,13.1,11.5,11.5,12.2,9.4,10.4,12.4,11.3,13.2,13.9,13.5,13.8,14.7,15.4,14.6
202307,Norah Head AWS,17.5,17.0,16.7,16.5,22.1,16.8,18.2,18.8,18.8,19.8,18.0,19.7,22.0,23.0,23.0,16.6,19.4,19.5,15.1,17.8,18.5,15.6,16.4,15.6,17.1,21.4,21.4,22.9,24.0,24.8,21.3
202307,Parramatta North (Masons Drive),18.8,19.0,18.4,15.2,21.2,17.5,18.8,20.0,18.9,20.2,20.0,20.2,20.8,23.2,23.5,17.2,18.8,21.6,17.0,19.0,19.6,17.5,18.5,18.3,19.9,21.6,22.3,24.8,24.0,24.8,22.7
202307,Penrith Lakes AWS,19.8,18.6,17.2,13.9,21.1,19.2,18.9,20.5,19.2,20.8,20.4,20.6,20.7,23.6,24.1,17.7,19.1,22.7,17.8,18.9,19.4,17.7,19.3,19.6,19.7,21.4,21.7,25.8,23.7,26.4,23.4
202307,Richmond RAAF,19.1,18.3,17.1,14.1,23.0,18.5,18.7,20.5,19.0,20.5,20.1,20.7,22.0,,24.3,17.7,18.4,21.4,17.5,19.9,19.3,17.4,18.6,18.5,18.8,21.1,21.3,26.0,24.1,26.3,23.0
202307,Sydney (Observatory Hill),18.6,17.8,18.3,15.9,21.6,17.6,18.9,19.7,19.0,19.9,20.3,19.6,21.9,23.3,23.6,18.1,18.2,21.9,16.0,19.5,20.1,17.0,17.7,17.1,19.7,20.7,19.5,24.4,22.6,25.2,23.5
202307,Sydney Airport AMO,19.1,16.6,18.1,16.7,22.2,19.3,19.5,20.7,19.5,20.3,20.6,20.5,21.5,23.9,24.7,16.7,19.3,22.5,14.8,19.1,19.6,15.9,16.2,16.1,18.0,21.5,21.3,24.0,23.2,26.0,24.2
202307,Sydney Harbour (Wedding Cake West),17.8,16.5,17.5,16.2,20.5,16.5,17.8,19.6,18.1,19.1,19.1,18.5,19.5,21.9,23.1,17.7,18.8,,14.8,17.9,17.8,15.4,16.1,16.4,17.7,18.5,19.1,22.8,19.4,24.9,21.7
202307,Sydney Olympic Park AWS (Archery Centre),19.1,19.2,19.3,15.7,22.4,18.5,19.2,20.5,19.8,20.6,20.5,20.9,21.7,23.3,24.1,17.7,19.5,22.6,17.1,19.6,19.8,17.8,18.1,18.0,20.5,22.1,22.2,25.3,24.5,26.0,23.8
202307,Terrey Hills AWS,16.9,16.5,16.4,15.8,20.5,16.9,17.0,18.9,17.2,18.1,18.3,18.8,20.5,21.8,22.2,16.4,17.8,20.9,14.5,16.9,17.6,16.4,16.0,15.7,17.5,19.1,19.5,22.7,21.2,24.0,21.8
202307,"Values are the maximum temperature, usually in the 24 hoursfrom9 am on the day indicated,and typically occurred in the afternoon of that day.",,,,,,,,,,,,,,,,,,,,,,,,,,,,,,,
202307,Temperatures coloured according to their differencefrom the long-termaveragefor the period,-10.0,-9.0,-8.0,-7.0,-6.0,-5.0,-4.0,-3.0,-2.0,-1.0,0.0,+1.0,+2.0,+3.0,+4.0,+5.0,+6.0,+7.0,+8.0,+9.0,+10.0,°C,Grey outline marks highestand lowest for the period,,,,,,,,
202308,Badgerys Creek AWS,23.0,19.7,22.7,24.1,16.2,18.3,17.6,20.8,21.5,23.3,20.7,22.2,19.4,15.4,19.0,18.7,21.4,17.6,19.1,23.5,22.6,26.1,19.2,20.4,23.7,22.2,23.1,23.1,24.3,25.8,21.5
202308,Bankstown Airport AWS,22.3,19.5,22.8,24.1,18.1,17.4,16.6,20.0,21.2,24.2,20.0,21.3,18.8,15.8,18.1,18.3,21.2,18.7,19.4,22.6,22.0,27.1,19.1,19.3,22.1,21.1,22.0,22.5,24.7,26.6,20.3
202308,Camden Airport AWS,23.5,19.5,22.6,23.8,15.2,17.3,17.0,20.7,21.1,23.2,20.5,21.7,19.2,15.1,18.4,18.5,21.8,18.0,18.6,22.9,22.2,24.4,18.8,20.6,23.7,22.1,22.6,22.7,24.0,26.6,21.5
202308,Campbelltown (Mount Annan),23.5,19.8,22.7,23.5,15.5,17.1,16.3,20.1,20.9,23.0,20.3,21.7,19.0,14.6,18.2,18.3,22.2,17.4,18.6,22.6,22.0,24.4,18.4,19.5,23.3,20.6,22.3,22.4,23.8,26.0,20.8
202308,Canterbury Racecourse AWS,21.8,18.6,22.2,23.9,17.9,17.5,16.9,19.0,20.6,23.6,19.7,20.9,18.2,16.0,16.7,18.2,21.0,19.0,18.7,21.9,21.9,25.8,18.2,19.2,20.1,19.9,21.4,21.1,23.3,26.6,18.8
202308,Cooranbong (Lake Macquarie AWS),22.1,19.0,21.6,23.9,21.7,17.1,17.5,19.3,20.5,24.3,20.2,23.6,17.8,18.0,18.2,18.3,22.7,19.6,19.6,22.0,22.2,25.8,20.8,20.0,22.6,20.4,20.2,21.0,23.9,26.9,20.4
202308,Gosford AWS,20.3,,,24.1,20.6,16.0,16.8,18.7,20.0,23.9,18.8,22.4,17.4,17.7,16.8,17.8,20.8,18.6,19.1,21.0,20.0,25.1,19.9,19.3,21.2,20.3,20.8,21.0,22.1,26.7,19.0
202308,Holsworthy Aerodrome AWS,22.0,19.0,22.4,23.2,16.7,16.6,15.8,19.0,20.5,23.3,19.4,21.1,17.7,15.9,16.9,17.4,21.0,18.0,18.4,22.1,21.3,24.9,18.1,18.7,21.5,19.6,21.4,21.7,24.0,26.1,19.8
202308,Holsworthy Defence AWS,21.7,17.9,22.3,23.5,17.5,15.4,15.4,18.0,20.4,23.0,19.9,22.0,18.1,15.1,16.3,17.6,21.0,16.9,18.3,22.9,22.0,24.4,17.3,18.3,20.9,19.8,21.6,22.0,24.0,25.5,18.4
202308,Horsley Park Equestrian Centre AWS,22.3,18.9,22.4,23.6,17.8,16.7,16.3,19.3,20.7,23.0,19.8,21.6,18.6,15.6,17.5,18.2,21.0,18.7,19.1,22.0,21.9,25.4,19.0,19.5,22.1,20.9,22.1,22.4,24.3,26.1,20.8
202308,Katoomba (Farnells Rd),18.7,13.0,18.0,17.5,,,,,16.2,14.0,15.5,13.5,12.6,11.0,11.5,12.0,15.0,8.8,10.0,16.5,18.0,18.7,13.5,13.5,17.5,15.5,17.0,17.2,18.6,19.0,
202308,Mangrove Mountain AWS,20.7,16.4,21.8,23.3,18.6,13.6,15.3,18.8,19.7,22.6,19.2,22.2,15.4,16.7,15.6,16.6,21.8,17.8,19.0,21.9,21.6,25.6,18.6,18.4,21.3,19.9,20.9,21.1,,26.0,18.6
202308,Mount Boyce AWS,16.3,13.4,15.4,15.3,11.4,11.4,11.9,12.6,14.7,12.9,14.4,12.5,10.4,9.9,11.9,12.5,13.5,6.8,7.8,14.3,16.4,18.3,13.9,13.9,18.6,16.4,16.9,17.7,16.6,18.3,14.6
202308,Norah Head AWS,20.9,19.4,19.8,22.9,21.1,16.7,17.1,17.8,21.2,23.8,19.4,19.5,18.0,18.8,15.9,18.1,18.5,19.1,19.5,22.0,18.8,23.3,17.6,20.9,20.5,21.4,19.7,20.3,23.3,26.3,18.4
202308,Parramatta North (Masons Drive),21.8,17.8,22.1,24.0,18.0,16.7,16.7,19.9,20.5,23.0,20.0,22.0,19.0,15.3,17.4,18.0,21.5,19.8,19.0,22.8,22.3,25.8,18.8,19.0,21.0,21.5,20.5,21.2,23.2,26.0,20.8
202308,Penrith Lakes AWS,23.4,20.2,23.4,25.0,16.7,18.4,18.0,20.6,22.2,24.1,20.6,22.9,18.8,15.4,19.3,19.4,20.9,18.5,20.1,23.3,22.9,26.7,20.6,20.6,23.3,21.8,22.8,23.2,24.7,27.8,22.4
202308,Richmond RAAF,22.4,20.1,23.0,24.9,16.8,17.8,17.8,20.3,21.7,24.7,20.0,23.4,18.7,14.9,19.1,19.1,21.0,19.4,20.0,22.5,22.3,25.8,20.6,20.7,22.9,21.6,22.8,23.2,24.8,27.1,21.8
202308,Sydney (Observatory Hill),21.9,18.9,21.7,20.7,16.4,17.0,16.3,19.2,20.9,23.8,19.7,21.3,18.5,16.0,16.7,17.3,21.3,19.2,19.1,22.5,21.6,24.6,18.6,20.8,,20.2,20.5,20.4,20.9,27.5,20.5
202308,Sydney Airport AMO,20.8,19.2,22.1,24.8,18.9,16.8,15.1,17.5,21.6,24.4,18.9,22.3,17.8,15.9,15.6,17.3,21.0,19.3,19.9,22.8,22.3,25.4,17.6,18.7,19.3,18.8,20.8,21.2,22.6,27.4,18.8
202308,Sydney Harbour (Wedding Cake West),20.2,17.8,17.8,20.3,17.1,16.3,15.9,17.3,18.6,23.0,17.5,20.3,16.8,15.5,15.3,16.5,19.2,18.0,18.2,20.7,19.3,20.9,16.9,18.4,19.0,19.2,18.6,17.7,18.0,24.1,18.3
202308,Sydney Olympic Park AWS (Archery Centre),22.3,18.9,23.0,24.7,17.9,17.3,17.0,19.8,21.7,24.5,20.7,21.7,18.6,16.7,17.1,17.8,21.3,20.0,19.6,23.4,23.0,26.5,18.9,19.5,20.9,21.2,21.5,22.8,23.9,27.5,19.7
202308,Terrey Hills AWS,19.4,17.8,20.3,22.3,17.3,14.5,15.3,17.5,18.9,22.4,17.8,20.9,17.8,14.7,14.7,15.4,19.9,16.8,17.4,21.2,20.2,23.2,17.7,17.5,19.7,19.4,19.5,,22.3,25.1,18.1
202308,"Values are the maximum temperature, usually in the 24 hoursfrom9 am on the day indicated,and typically occurred in the afternoon of that day.",,,,,,,,,,,,,,,,,,,,,,,,,,,,,,,
202308,Temperatures coloured according to their differencefrom the long-termaveragefor the period,-10.0,-9.0,-8.0,-7.0,-6.0,-5.0,-4.0,-3.0,-2.0,-1.0,0.0,+1.0,+2.0,+3.0,+4.0,+5.0,+6.0,+7.0,+8.0,+9.0,+10.0,°C,Grey outline marks highestand lowest for the period,,,,,,,,
202309,Badgerys Creek AWS,20.3,20.7,21.0,23.6,23.9,24.5,29.0,18.9,19.5,20.1,21.2,21.2,25.7,27.6,31.1,33.0,32.7,35.9,34.3,34.7,24.8,20.0,21.9,22.4,,,25.9,,31.7,31.1,
202309,Bankstown Airport AWS,19.0,19.1,20.1,21.9,24.8,23.1,28.5,19.4,19.1,19.8,20.3,20.8,23.5,26.8,31.0,33.3,32.7,35.4,34.9,34.7,23.6,19.4,20.1,21.1,28.2,22.4,24.8,22.4,30.6,29.4,
202309,Camden Airport AWS,21.1,20.1,21.0,23.5,23.5,24.2,28.7,19.1,18.7,20.0,21.7,21.6,25.3,27.9,30.7,33.2,32.2,35.5,34.3,33.9,24.7,20.7,21.0,22.6,28.7,23.1,26.3,23.4,31.5,30.7,
202309,Campbelltown (Mount Annan),19.6,19.9,20.8,22.9,23.7,24.0,28.2,18.8,18.7,19.9,20.8,21.4,25.0,27.3,30.5,33.2,32.1,34.9,34.0,34.2,24.1,19.7,20.5,22.2,28.1,23.0,25.5,22.8,30.9,30.6,
202309,Canterbury Racecourse AWS,17.9,17.3,18.4,20.2,24.2,20.8,25.6,19.2,18.7,18.8,18.9,21.1,22.9,26.1,28.0,33.1,32.2,34.2,33.9,33.9,22.2,17.6,19.7,20.3,25.3,20.6,23.2,21.7,29.0,26.9,
202309,Cooranbong (Lake Macquarie AWS),19.1,19.1,19.7,22.4,26.1,21.4,28.0,21.1,19.7,19.6,20.7,21.4,23.6,24.0,26.5,33.0,33.6,34.3,34.0,33.9,25.3,19.5,20.0,20.8,25.2,24.9,23.9,22.3,31.3,27.1,
202309,Gosford AWS,17.3,17.6,19.1,20.8,25.0,20.8,25.0,19.3,18.5,18.8,19.8,20.1,22.7,23.8,26.7,33.2,32.6,33.8,33.9,34.3,23.6,18.1,19.0,20.0,24.1,21.8,23.4,22.5,29.0,27.2,
202309,Holsworthy Aerodrome AWS,18.5,18.3,19.3,21.5,23.7,22.8,27.8,19.1,18.8,19.3,19.7,20.0,23.0,26.5,31.0,33.0,32.5,35.2,34.6,34.7,23.2,18.7,20.3,21.0,28.2,21.5,24.7,22.3,31.0,30.1,
202309,Holsworthy Defence AWS,17.6,17.6,20.3,21.6,23.5,23.5,27.5,18.1,18.0,20.3,19.4,20.3,23.5,26.2,31.1,33.6,32.4,35.8,35.3,34.7,22.4,17.4,19.3,20.9,28.8,20.4,24.3,22.6,30.5,31.1,
202309,Horsley Park Equestrian Centre AWS,19.8,19.4,20.3,22.5,24.3,23.9,28.6,18.6,18.9,19.1,20.4,21.0,23.8,26.7,30.7,32.5,32.5,35.1,34.1,34.1,23.9,19.4,20.3,21.3,27.7,22.6,25.3,22.3,31.2,30.6,
202309,Katoomba (Farnells Rd),14.0,14.5,16.0,19.0,15.7,19.5,22.8,10.5,12.5,14.5,,17.2,19.5,22.0,24.6,25.0,25.5,28.0,27.0,26.5,19.5,13.0,15.0,18.2,24.0,19.7,27.2,,26.2,27.0,
202309,Mangrove Mountain AWS,18.6,18.3,19.8,21.1,25.1,22.8,28.5,17.5,19.4,18.7,19.6,21.1,23.8,25.8,29.6,32.2,32.2,34.4,33.4,33.3,23.8,16.8,17.5,19.8,27.0,23.4,25.0,21.0,30.2,31.0,
202309,Mount Boyce AWS,13.6,14.3,15.8,19.6,14.0,19.3,22.1,8.8,10.1,13.0,15.4,16.7,19.5,22.0,,23.3,23.6,26.1,24.9,24.5,16.2,14.0,15.2,18.1,21.3,20.2,,19.9,23.1,24.6,
202309,Norah Head AWS,16.7,16.8,20.2,21.9,25.3,21.4,23.6,21.5,18.6,19.7,20.9,19.6,21.2,23.1,24.9,31.0,31.1,26.2,31.8,33.1,22.7,19.1,22.2,20.8,24.7,21.5,23.6,22.4,25.6,25.6,
202309,Parramatta North (Masons Drive),19.0,18.1,20.1,20.8,24.2,22.1,26.6,18.8,18.3,19.2,19.5,20.6,22.1,24.9,29.3,31.9,31.1,33.7,33.0,34.0,23.2,19.5,19.1,20.5,25.5,22.0,23.9,22.5,23.1,30.3,
202309,Penrith Lakes AWS,20.6,20.9,21.8,23.8,25.1,24.8,29.6,19.6,21.1,20.6,21.4,21.8,25.4,27.9,32.3,34.0,33.6,36.5,34.8,35.2,25.8,20.9,22.4,23.4,28.9,25.2,26.6,23.3,31.8,32.8,
202309,Richmond RAAF,21.2,20.0,21.6,24.1,24.9,24.6,29.9,19.4,20.4,20.7,20.9,22.2,24.9,27.5,31.3,33.8,33.3,36.0,34.7,35.0,25.6,20.1,20.8,22.5,28.3,24.9,26.1,21.9,31.0,31.8,
202309,Sydney (Observatory Hill),18.5,18.7,21.0,20.6,25.5,21.0,25.3,19.1,19.7,19.8,20.8,21.2,23.3,23.1,23.9,31.8,32.8,29.8,34.6,33.9,23.0,19.4,20.9,21.2,23.3,21.6,24.0,21.5,25.8,25.0,
202309,Sydney Airport AMO,17.0,16.8,18.9,20.6,25.6,21.7,26.2,20.1,17.8,18.8,18.4,19.9,23.0,25.5,27.6,,33.3,33.6,35.9,35.7,21.6,17.6,19.7,20.5,24.7,20.8,23.1,22.6,27.8,27.0,
202309,Sydney Harbour (Wedding Cake West),16.4,16.2,18.6,19.0,23.9,17.9,25.8,18.6,16.2,17.1,17.4,18.7,20.2,19.8,20.9,27.4,29.6,24.7,32.1,33.8,20.1,17.0,18.8,18.4,19.3,19.5,20.7,20.4,21.9,24.7,
202309,Sydney Olympic Park AWS (Archery Centre),18.8,19.5,20.5,21.3,25.3,23.0,28.1,19.6,19.4,20.0,20.8,21.5,24.2,26.6,28.3,33.5,33.1,35.7,34.3,33.9,23.1,18.2,20.3,20.5,26.7,22.1,24.4,22.7,30.9,28.7,
202309,Terrey Hills AWS,16.6,16.9,17.7,18.9,23.9,20.1,24.1,17.2,16.8,17.7,18.2,19.4,21.1,23.4,27.6,32.2,30.7,33.0,32.7,32.9,21.3,16.4,17.9,18.7,24.0,20.8,21.3,20.6,25.9,25.7,
202309,"Values are the maximum temperature, usually in the 24 hoursfrom9 am on the day indicated,and typically occurred in the afternoon of that day.",,,,,,,,,,,,,,,,,,,,,,,,,,,,,,,
202309,Temperatures coloured according to their differencefrom the long-termaveragefor the period,-10.0,-9.0,-8.0,-7.0,-6.0,-5.0,-4.0,-3.0,-2.0,-1.0,0.0,+1.0,+2.0,+3.0,+4.0,+5.0,+6.0,+7.0,+8.0,+9.0,+10.0,°C,Grey outline marks highestand lowest for the period,,,,,,,,
202310,Badgerys Creek AWS,36.4,26.8,36.8,25.1,21.0,23.0,21.0,23.2,28.2,25.3,27.9,34.0,25.5,28.8,28.9,26.2,19.1,23.2,24.6,30.4,30.4,30.9,30.1,34.8,28.4,18.0,20.5,22.7,29.3,35.6,28.7
202310,Bankstown Airport AWS,35.9,24.2,36.1,27.7,21.9,22.1,20.0,21.9,27.3,23.1,27.0,34.1,25.2,29.0,25.9,25.9,18.8,21.6,23.1,27.2,27.4,31.1,29.4,32.1,24.4,17.5,19.4,20.8,28.0,34.9,29.3
202310,Camden Airport AWS,36.2,26.3,36.5,24.5,21.0,22.4,21.0,22.9,27.9,25.2,27.7,33.7,24.9,27.8,28.2,25.6,19.2,22.8,24.2,30.6,30.6,30.5,30.5,34.8,29.3,18.9,19.8,22.8,29.6,35.5,28.2
202310,Campbelltown (Mount Annan),35.7,25.6,35.4,25.3,20.8,21.9,20.2,22.8,28.0,23.9,27.3,33.0,24.6,27.4,27.5,24.6,18.2,22.1,23.4,29.2,29.5,29.9,30.0,33.4,28.3,19.1,19.4,21.8,29.2,34.4,27.7
202310,Canterbury Racecourse AWS,35.5,22.6,35.3,27.6,21.8,20.8,18.6,21.3,24.6,21.6,24.7,33.2,23.0,28.7,24.3,25.9,17.9,20.6,21.9,25.7,25.8,30.1,27.9,29.1,22.3,16.3,17.8,20.0,26.5,34.3,28.2
202310,Cooranbong (Lake Macquarie AWS),34.4,23.3,34.9,29.3,23.1,22.2,19.7,21.3,23.5,23.5,24.3,33.2,25.5,29.6,26.8,28.9,20.9,21.4,22.8,25.6,25.9,29.4,25.6,26.8,24.1,14.3,17.8,20.7,25.4,32.9,31.3
202310,Gosford AWS,35.8,23.8,35.9,29.1,22.5,21.8,18.6,21.0,24.1,22.2,24.2,33.8,23.7,29.5,24.8,27.2,19.3,21.1,22.4,25.3,26.0,27.8,25.4,27.6,23.0,16.1,17.2,19.5,25.0,34.0,30.5
202310,Holsworthy Aerodrome AWS,36.0,23.1,36.1,27.4,20.9,21.2,19.0,22.2,27.5,22.5,26.8,33.7,,28.2,25.7,25.1,18.1,21.1,23.0,27.6,27.3,30.6,29.4,32.6,24.5,,18.7,20.9,28.4,34.6,27.8
202310,Holsworthy Defence AWS,36.3,24.6,36.5,26.2,20.8,21.4,18.1,20.8,28.0,22.5,27.4,34.1,24.7,27.9,26.9,25.6,16.9,20.2,23.3,28.5,27.8,30.6,30.1,33.2,24.1,16.1,18.1,21.0,29.3,35.7,27.0
202310,Horsley Park Equestrian Centre AWS,35.8,25.6,35.8,26.1,21.6,22.6,19.8,22.6,27.7,23.9,27.7,33.6,25.2,28.8,28.1,25.4,18.9,21.9,23.0,29.1,29.3,30.4,29.7,34.0,26.1,16.3,19.0,21.4,28.6,34.5,28.9
202310,Katoomba (Farnells Rd),28.0,24.0,28.5,17.5,13.8,16.5,14.0,,22.2,19.2,,25.0,19.5,20.5,22.5,15.5,12.5,15.5,20.5,27.5,28.5,,27.5,28.5,24.5,12.5,12.5,16.0,23.0,27.0,
202310,Mangrove Mountain AWS,35.0,25.9,34.9,27.9,21.8,21.4,19.1,21.1,26.6,22.5,26.7,32.8,24.7,28.5,29.3,27.5,18.1,20.1,21.6,27.9,29.2,33.4,28.9,33.5,24.6,12.7,16.0,19.0,27.1,32.8,30.4
202310,Mount Boyce AWS,,,28.2,17.1,11.0,16.4,14.9,18.4,20.1,19.9,21.9,25.1,16.0,17.6,19.2,14.1,12.5,15.4,20.2,24.6,27.7,18.9,21.4,27.0,21.1,12.2,12.6,16.0,22.0,26.2,20.9
202310,Norah Head AWS,33.0,24.2,33.5,25.8,23.1,21.7,17.6,22.1,24.1,24.1,25.4,30.6,22.4,26.2,24.9,28.5,20.1,23.7,23.4,25.6,26.6,26.0,25.0,27.1,23.3,17.1,19.6,21.5,25.7,27.4,28.3
202310,Parramatta North (Masons Drive),34.8,24.4,34.0,26.5,21.9,21.8,19.7,21.1,25.6,23.2,25.8,32.7,24.7,28.0,25.7,25.0,18.7,21.5,23.1,26.9,28.3,29.8,28.0,31.6,24.8,17.0,18.2,21.2,26.5,33.8,28.5
202310,Penrith Lakes AWS,37.3,28.0,36.5,24.9,22.9,23.9,21.9,23.9,28.9,26.4,28.9,35.6,26.5,30.4,31.1,27.3,20.4,23.7,25.2,31.4,33.0,30.6,31.1,36.8,33.1,17.6,20.3,22.9,30.8,36.0,30.3
202310,Richmond RAAF,36.7,27.6,36.8,25.8,22.3,23.4,20.7,23.1,27.8,25.8,28.7,34.5,27.2,29.7,30.5,26.8,20.5,22.9,24.6,30.9,32.5,32.7,31.4,36.8,30.2,17.3,20.0,22.7,29.6,36.3,31.1
202310,Sydney (Observatory Hill),35.6,23.4,35.7,27.9,23.1,22.9,20.1,22.9,23.2,23.6,24.3,33.2,24.7,30.1,24.6,26.5,,22.3,23.9,25.6,25.7,28.7,27.1,26.2,24.6,16.4,19.4,22.6,25.1,31.3,29.8
202310,Sydney Airport AMO,36.9,23.3,37.2,28.8,22.7,21.0,18.3,20.9,24.9,22.1,25.6,32.8,22.9,30.0,24.3,27.4,17.8,21.0,22.8,26.0,26.0,26.5,28.7,29.0,23.3,17.0,18.3,20.5,26.0,32.1,29.2
202310,Sydney Harbour (Wedding Cake West),35.3,20.5,27.8,26.3,20.8,19.4,17.2,18.4,19.2,19.8,20.8,25.5,20.4,26.6,21.0,24.4,17.5,19.0,20.9,20.7,21.2,23.1,21.5,22.7,19.8,17.0,17.4,18.5,20.4,28.5,26.7
202310,Sydney Olympic Park AWS (Archery Centre),35.5,22.8,35.5,27.4,22.8,21.8,19.2,21.9,27.5,22.4,25.7,33.5,24.7,29.7,26.5,26.9,18.5,21.4,23.3,26.2,26.9,31.6,29.8,31.2,24.4,16.6,18.7,20.0,27.7,34.9,29.5
202310,Terrey Hills AWS,34.6,24.3,34.6,26.9,21.0,20.3,17.4,19.9,23.3,20.9,23.9,32.7,22.6,28.1,23.3,25.3,16.6,19.8,20.6,24.8,24.9,26.8,24.6,28.5,22.2,14.2,17.0,19.2,24.8,33.6,28.0
202310,"Values are the maximum temperature, usually in the 24 hoursfrom9 am on the day indicated,and typically occurred in the afternoon of that day.",,,,,,,,,,,,,,,,,,,,,,,,,,,,,,,
202310,Temperatures coloured according to their differencefrom the long-termaveragefor the period,-10.0,-9.0,-8.0,-7.0,-6.0,-5.0,-4.0,-3.0,-2.0,-1.0,0.0,+1.0,+2.0,+3.0,+4.0,+5.0,+6.0,+7.0,+8.0,+9.0,+10.0,°C,Grey outline marks highestand lowest for the period,,,,,,,,
202311,Badgerys Creek AWS,24.7,26.1,26.3,21.8,18.3,24.1,27.9,30.6,30.7,29.2,35.4,32.0,25.4,31.1,27.5,31.6,25.0,27.8,32.7,29.3,28.0,27.6,26.4,24.6,22.9,33.0,28.7,21.5,29.0,29.1,
202311,Bankstown Airport AWS,22.1,23.4,24.1,21.2,20.1,22.2,25.9,28.0,29.5,26.5,30.5,27.1,23.0,28.3,26.3,29.0,23.2,25.4,28.3,27.8,25.4,27.3,25.8,23.5,23.7,31.6,26.4,22.2,27.6,28.8,
202311,Camden Airport AWS,23.7,25.2,27.0,21.4,18.2,23.5,,30.2,30.7,29.3,34.5,31.2,24.8,30.3,26.9,30.8,24.9,27.9,31.9,29.7,28.0,28.5,25.5,25.1,23.4,32.9,28.7,21.9,28.3,29.5,
202311,Campbelltown (Mount Annan),22.5,24.7,25.2,21.7,18.3,23.0,27.4,29.9,30.4,28.2,33.3,29.7,23.3,29.9,26.1,30.3,24.3,26.6,30.5,29.1,27.4,27.6,24.7,24.5,23.2,32.2,27.4,21.0,27.7,28.2,
202311,Canterbury Racecourse AWS,20.3,22.2,22.9,21.3,19.4,21.6,23.9,26.5,26.5,25.0,27.7,25.0,21.9,25.3,24.8,27.0,21.6,23.4,25.7,26.2,23.5,25.2,23.8,23.9,23.3,30.8,25.2,21.9,25.5,28.2,
202311,Cooranbong (Lake Macquarie AWS),22.1,22.7,23.9,24.0,19.5,21.8,23.0,25.8,28.7,25.9,29.1,26.0,22.7,25.3,27.2,26.6,22.1,23.3,25.6,25.6,27.2,25.3,24.8,23.9,25.3,31.4,27.1,23.9,28.0,31.0,
202311,Gosford AWS,20.6,22.4,23.4,21.9,19.1,20.7,23.2,26.4,27.4,24.1,28.1,24.3,21.9,25.0,25.5,26.4,20.6,23.4,25.7,26.7,25.6,24.6,24.5,23.5,24.3,31.5,25.4,23.6,26.9,28.4,
202311,Holsworthy Aerodrome AWS,21.9,23.4,23.4,21.9,19.3,21.0,25.1,28.9,28.9,25.7,30.8,26.7,22.8,28.2,25.2,28.7,22.6,25.1,28.7,26.7,25.1,26.9,24.7,23.0,23.0,30.5,26.2,21.3,27.1,28.2,
202311,Holsworthy Defence AWS,20.3,22.2,23.6,18.3,17.5,21.2,26.5,29.2,28.4,26.5,32.1,29.0,21.3,28.8,24.1,28.3,21.3,25.8,29.2,27.6,24.8,25.5,23.4,23.9,23.6,32.6,25.4,20.4,27.0,28.6,
202311,Horsley Park Equestrian Centre AWS,23.4,24.2,25.4,22.2,19.2,22.9,26.9,29.2,29.3,27.6,33.7,28.8,24.1,29.2,26.7,29.9,23.0,26.1,30.7,27.3,26.4,28.2,24.7,23.9,23.7,31.2,26.8,21.2,27.9,28.1,
202311,Katoomba (Farnells Rd),19.0,,20.0,13.8,10.6,16.5,22.0,23.0,24.0,23.0,30.0,29.5,20.7,26.5,23.0,25.5,18.5,22.0,26.5,22.0,24.8,21.0,17.0,16.5,18.0,23.2,26.3,17.5,21.8,17.6,
202311,Mangrove Mountain AWS,21.3,22.6,24.3,22.7,17.3,19.6,23.8,28.8,28.5,25.5,32.6,30.8,21.7,28.7,28.7,28.7,21.9,23.6,29.0,24.9,26.3,25.1,23.0,22.6,22.6,30.8,26.3,22.1,27.6,28.7,
202311,Mount Boyce AWS,20.8,20.8,21.1,15.2,11.7,17.6,22.8,22.5,22.3,23.2,28.9,28.5,22.1,26.3,25.1,25.3,18.1,23.3,29.4,21.0,24.8,21.9,18.8,17.6,18.7,22.3,25.4,19.8,22.2,17.4,
202311,Norah Head AWS,24.2,23.5,26.0,22.3,20.9,22.2,25.1,25.5,24.9,23.9,27.2,25.1,24.7,26.1,27.0,25.5,24.1,25.6,27.0,25.2,26.4,23.3,22.7,25.1,24.6,27.8,26.6,22.9,26.8,,
202311,Parramatta North (Masons Drive),22.6,22.0,24.6,21.5,19.8,22.8,25.2,28.2,29.0,26.8,32.0,27.2,23.8,26.8,26.0,28.8,23.5,26.2,29.8,26.7,25.0,26.0,24.2,23.2,24.2,30.4,26.5,22.0,27.8,28.0,
202311,Penrith Lakes AWS,25.3,26.0,27.3,23.1,17.9,24.5,28.6,30.9,29.0,30.4,36.4,32.9,25.9,31.6,29.0,31.1,25.6,27.7,33.4,27.9,28.6,27.9,25.8,25.0,24.7,32.2,29.5,22.2,30.1,29.3,
202311,Richmond RAAF,25.2,25.8,27.9,22.9,18.6,23.8,28.4,31.0,29.4,29.8,36.2,34.0,25.4,31.7,28.9,31.7,25.1,27.6,33.5,28.5,28.7,28.1,26.7,25.2,25.1,33.4,29.6,22.8,29.3,29.1,
202311,Sydney (Observatory Hill),22.3,23.1,24.5,22.3,20.2,22.0,24.2,25.9,25.5,25.1,27.1,26.3,23.2,25.2,26.2,27.1,22.8,24.4,26.1,24.8,25.8,26.6,24.7,23.6,23.3,32.0,26.8,21.3,25.7,27.3,
202311,Sydney Airport AMO,21.2,22.6,22.8,22.0,20.7,21.9,24.9,27.0,27.6,25.9,28.1,24.6,22.9,25.5,24.6,26.4,21.8,,26.7,26.9,22.1,23.5,23.1,24.2,23.8,33.1,25.6,22.6,26.8,29.7,
202311,Sydney Harbour (Wedding Cake West),18.9,20.0,20.8,20.4,19.0,20.2,20.4,21.6,21.7,21.3,21.7,21.7,21.0,21.1,22.1,22.4,19.6,20.1,21.5,24.8,23.0,22.8,22.4,22.3,20.9,25.1,23.2,22.0,22.1,27.6,
202311,Sydney Olympic Park AWS (Archery Centre),21.2,23.4,24.7,21.1,19.3,22.2,,26.9,28.0,25.7,30.8,26.2,22.9,26.3,25.7,28.4,22.7,25.5,28.1,27.4,25.2,26.2,25.0,23.7,24.8,32.7,,22.5,26.9,28.6,
202311,Terrey Hills AWS,19.9,21.0,21.9,21.4,18.3,20.9,23.0,24.8,26.4,22.9,26.6,24.0,20.5,24.2,23.9,25.4,20.4,22.3,25.0,24.2,24.8,25.0,23.0,22.0,22.8,30.4,24.1,20.3,24.4,27.1,
202311,"Values are the maximum temperature, usually in the 24 hoursfrom9 am on the day indicated,and typically occurred in the afternoon of that day.",,,,,,,,,,,,,,,,,,,,,,,,,,,,,,,
202311,Temperatures coloured according to their differencefrom the long-termaveragefor the period,-10.0,-9.0,-8.0,-7.0,-6.0,-5.0,-4.0,-3.0,-2.0,-1.0,0.0,+1.0,+2.0,+3.0,+4.0,+5.0,+6.0,+7.0,+8.0,+9.0,+10.0,°C,Grey outline marks highestand lowest for the period,,,,,,,,
202312,Badgerys Creek AWS,29.9,27.7,29.8,27.8,37.7,29.6,32.3,39.6,44.0,31.0,34.7,31.8,34.4,38.9,30.2,35.6,29.2,32.7,35.4,20.5,24.9,27.8,28.2,24.0,29.1,31.3,26.2,33.5,27.4,30.6,21.2
202312,Bankstown Airport AWS,28.0,26.8,27.2,26.2,35.6,26.7,30.6,37.7,42.5,28.5,30.3,29.9,30.7,38.9,28.7,35.8,27.5,30.7,35.3,20.0,24.8,25.4,26.1,24.4,28.7,29.9,27.1,31.2,26.7,27.9,21.6
202312,Camden Airport AWS,30.2,27.9,28.1,27.8,37.8,29.2,31.9,38.8,42.5,31.0,34.5,30.3,34.3,38.9,30.3,35.4,28.2,32.4,34.6,20.3,24.8,27.5,28.1,23.4,28.7,31.4,26.3,33.0,26.4,31.5,21.8
202312,Campbelltown (Mount Annan),29.6,27.8,27.8,26.8,36.5,27.4,31.1,37.5,41.9,29.8,32.8,29.8,32.5,38.4,28.8,34.2,27.7,31.2,33.7,19.2,24.8,26.2,27.4,22.9,28.0,30.1,26.1,32.7,25.8,30.1,21.1
202312,Canterbury Racecourse AWS,26.4,25.6,25.7,24.7,31.3,24.7,28.7,35.6,41.6,26.5,27.7,28.9,28.8,38.4,27.2,35.2,26.7,29.4,34.0,19.3,23.1,23.4,25.1,23.5,27.6,28.0,25.8,28.7,25.5,26.1,21.5
202312,Cooranbong (Lake Macquarie AWS),28.3,25.3,27.0,24.6,31.5,27.3,29.3,31.2,40.9,29.2,29.4,27.7,29.3,39.4,26.3,36.7,26.5,29.0,28.7,21.7,22.4,24.6,25.5,25.4,27.1,28.5,28.5,32.3,28.0,27.1,22.5
202312,Gosford AWS,26.8,25.8,27.1,24.0,30.6,25.0,28.9,33.4,41.4,27.0,28.5,27.6,28.3,39.6,26.9,35.9,26.2,28.3,30.1,20.2,21.8,23.6,25.1,25.2,27.1,28.9,26.3,31.3,26.8,26.2,22.4
202312,Holsworthy Aerodrome AWS,27.7,26.2,26.9,25.5,36.0,26.4,29.5,37.4,42.6,28.8,30.5,29.6,30.9,38.5,27.1,35.3,26.5,29.9,34.9,19.4,,,25.2,23.1,27.6,29.5,26.4,,25.8,27.9,21.7
202312,Holsworthy Defence AWS,28.7,26.2,26.7,25.4,,25.7,30.2,38.2,43.8,28.2,30.0,27.9,32.3,38.9,28.1,35.4,26.4,30.6,33.8,19.5,22.7,23.6,25.4,22.7,27.4,29.0,25.4,31.0,24.7,28.6,21.4
202312,Horsley Park Equestrian Centre AWS,29.0,26.9,28.2,26.1,37.1,27.2,31.3,38.3,42.6,29.4,32.5,31.6,33.6,38.6,29.2,35.5,28.2,31.4,35.3,19.6,23.3,25.6,26.8,23.1,28.3,29.8,27.0,31.9,26.5,29.4,20.7
202312,Katoomba (Farnells Rd),24.5,23.0,24.6,22.0,32.5,27.5,32.0,33.5,35.0,,31.0,27.0,30.0,29.0,27.0,27.0,23.0,,27.0,14.5,15.5,22.0,22.0,18.0,20.5,23.0,20.8,27.2,22.5,26.0,14.2
202312,Mangrove Mountain AWS,29.8,25.8,29.0,,,,,37.3,40.3,28.2,32.1,28.1,30.8,38.2,26.6,36.2,25.9,30.2,29.4,18.5,19.9,23.9,25.6,24.7,27.5,29.0,26.9,32.5,27.4,27.6,19.9
202312,Mount Boyce AWS,23.6,22.8,23.0,23.1,30.4,29.3,30.6,32.3,34.3,26.4,31.4,27.0,31.4,29.1,29.2,25.9,25.7,31.4,27.4,14.6,14.4,21.3,22.0,20.3,22.5,25.9,19.4,25.7,21.4,23.9,14.2
202312,Norah Head AWS,26.2,25.1,25.7,25.5,28.4,25.7,28.0,27.8,30.2,23.9,25.5,26.5,29.3,38.8,27.8,28.6,25.6,28.6,27.1,21.1,21.0,22.5,25.9,26.4,27.4,28.1,26.0,29.6,27.1,26.8,24.4
202312,Parramatta North (Masons Drive),28.0,26.6,27.0,27.0,35.0,27.0,30.0,37.4,40.5,28.2,30.5,31.0,32.5,39.0,29.9,36.0,27.5,30.0,34.5,19.8,23.0,25.6,26.0,24.0,28.0,28.7,26.0,30.8,27.0,27.8,22.0
202312,Penrith Lakes AWS,30.1,28.4,30.1,28.1,38.7,30.2,34.1,40.6,43.9,31.1,35.8,33.7,36.4,39.5,31.8,36.6,29.0,33.7,35.6,20.6,24.1,28.0,29.3,24.6,28.3,31.8,27.8,33.8,27.9,31.0,21.3
202312,Richmond RAAF,31.4,28.2,30.5,27.7,38.1,30.0,34.9,41.1,43.8,30.3,35.5,32.5,36.5,39.1,30.4,36.0,29.9,33.5,36.0,20.8,23.8,27.6,28.3,24.8,28.1,30.0,26.2,34.1,27.9,31.0,21.1
202312,Sydney (Observatory Hill),26.6,27.2,26.7,26.2,28.5,26.8,26.5,29.5,40.0,27.6,29.4,29.3,29.2,38.9,28.3,35.3,28.5,29.0,33.5,18.5,22.0,25.6,25.9,24.4,27.9,29.7,26.3,29.5,26.6,27.7,21.6
202312,Sydney Airport AMO,25.8,24.9,24.9,26.1,30.7,25.3,28.5,34.3,43.5,23.9,27.3,29.4,30.2,40.4,27.3,33.5,27.5,29.2,36.2,19.4,21.9,23.2,25.4,23.9,27.6,27.5,26.3,27.3,26.1,26.0,22.0
202312,Sydney Harbour (Wedding Cake West),23.1,23.3,23.5,22.6,25.8,22.6,23.6,24.8,35.4,25.0,24.9,24.4,25.5,37.5,23.9,30.6,23.3,25.2,31.6,19.7,21.4,22.0,22.2,22.3,26.1,26.1,23.2,26.0,24.8,23.4,
202312,Sydney Olympic Park AWS (Archery Centre),27.9,26.5,27.4,25.1,34.5,26.0,29.5,37.7,42.5,27.3,30.1,29.1,30.6,39.4,27.3,36.9,27.2,29.8,34.5,19.4,23.1,24.2,25.4,23.5,28.4,29.9,25.8,31.7,26.7,27.9,21.6
202312,Terrey Hills AWS,25.1,23.5,25.5,23.2,30.3,25.0,28.6,34.5,40.7,25.0,27.4,27.2,27.2,37.4,25.1,34.1,25.1,27.6,31.9,17.5,20.4,22.6,23.1,22.6,26.1,27.0,24.8,28.8,24.1,24.8,21.1
202312,"Values are the maximum temperature, usually in the 24 hoursfrom9 am on the day indicated,and typically occurred in the afternoon of that day.",,,,,,,,,,,,,,,,,,,,,,,,,,,,,,,
202312,Temperatures coloured according to their differencefrom the long-termaveragefor the period,-10.0,-9.0,-8.0,-7.0,-6.0,-5.0,-4.0,-3.0,-2.0,-1.0,0.0,+1.0,+2.0,+3.0,+4.0,+5.0,+6.0,+7.0,+8.0,+9.0,+10.0,°C,Grey outline marks highestand lowest for the period,,,,,,,,
202401,Badgerys Creek AWS,23.3,28.9,32.0,29.3,25.2,27.5,30.6,25.1,29.4,31.3,32.2,29.6,33.8,27.8,22.6,25.1,27.5,31.6,30.7,27.9,38.8,24.8,27.1,30.3,31.1,38.0,,,33.1,27.0,26.0
202401,Bankstown Airport AWS,25.3,28.9,30.0,28.7,25.8,27.1,28.8,26.8,28.1,30.9,30.4,30.1,32.8,29.0,25.0,25.2,29.4,30.3,29.6,27.9,39.7,24.8,26.4,31.8,32.7,39.8,24.0,28.7,31.6,27.8,27.5
202401,Camden Airport AWS,23.8,29.0,31.8,29.2,25.3,27.6,30.5,24.9,28.8,32.0,32.3,29.6,33.7,27.9,21.0,24.7,27.5,31.4,31.1,28.7,38.4,25.3,26.9,29.9,31.4,38.9,23.3,28.4,33.3,27.4,26.5
202401,Campbelltown (Mount Annan),23.4,29.3,31.7,29.0,24.6,26.7,29.3,24.9,28.0,31.5,31.1,29.5,33.5,26.8,22.0,24.6,27.7,31.1,30.6,27.2,38.4,24.3,26.4,30.3,32.4,37.6,22.9,27.8,32.8,27.9,27.2
202401,Canterbury Racecourse AWS,25.1,27.7,28.0,26.4,24.1,26.1,27.7,27.1,25.6,28.6,28.6,28.4,30.8,26.3,23.9,25.1,28.4,29.0,28.1,26.3,39.1,23.9,25.5,30.1,32.2,39.5,23.4,26.7,29.0,26.5,27.1
202401,Cooranbong (Lake Macquarie AWS),24.4,27.3,27.7,30.0,26.0,25.9,28.1,28.3,28.2,28.1,29.9,28.4,30.1,26.5,24.6,25.7,29.6,34.6,28.8,27.3,38.6,26.0,26.2,30.7,39.0,40.9,24.1,27.3,29.6,29.7,28.4
202401,Gosford AWS,24.5,27.6,28.1,28.0,24.4,25.8,27.9,28.7,26.3,28.8,30.3,28.6,30.0,27.5,23.9,26.4,29.5,32.0,27.9,27.3,36.8,25.0,25.2,32.2,35.2,40.0,24.2,27.4,29.3,29.4,27.3
202401,Holsworthy Aerodrome AWS,25.2,28.3,29.7,28.5,25.6,26.5,28.1,26.5,,30.9,30.1,29.2,32.5,28.0,23.6,24.3,28.6,29.6,29.4,27.6,39.3,24.5,25.7,32.2,31.0,39.2,22.7,,31.1,28.2,28.2
202401,Holsworthy Defence AWS,23.5,28.3,31.2,27.3,23.9,27.0,28.9,25.1,25.9,31.8,29.1,29.0,33.5,25.8,21.2,24.6,28.0,31.6,29.9,26.2,39.7,24.1,25.1,31.1,31.6,38.4,22.4,25.9,31.9,27.0,26.1
202401,Horsley Park Equestrian Centre AWS,23.8,28.9,31.1,28.2,24.3,26.6,28.9,25.5,29.1,31.7,30.6,29.4,32.9,26.6,23.2,24.4,28.6,31.9,30.7,27.0,38.4,24.0,26.2,31.1,31.9,37.8,23.1,27.8,32.7,27.2,27.1
202401,Katoomba (Farnells Rd),19.0,21.5,26.0,22.5,16.0,19.2,27.5,20.0,24.7,26.2,25.9,24.0,29.0,20.2,14.0,18.5,23.0,24.5,28.0,23.0,31.5,21.2,21.1,28.6,28.2,30.5,,23.4,31.0,20.5,22.0
202401,Mangrove Mountain AWS,23.0,28.3,29.8,29.4,24.2,25.9,28.4,26.4,26.5,29.7,30.8,28.4,32.2,25.2,20.3,24.1,29.2,32.5,29.1,25.8,38.4,24.6,25.5,35.3,36.8,39.7,22.7,27.9,32.5,30.2,27.1
202401,Mount Boyce AWS,20.3,24.0,25.9,24.4,17.9,19.9,24.6,19.8,26.4,27.1,27.0,25.8,29.0,21.7,14.4,20.5,22.3,21.9,26.7,24.7,30.4,22.1,21.8,27.5,28.8,30.0,20.2,24.0,30.1,23.1,22.2
202401,Norah Head AWS,26.1,29.4,29.5,26.9,25.3,27.3,29.6,25.1,26.6,29.3,,28.1,30.0,25.4,24.8,28.2,29.0,31.1,27.4,28.8,29.4,24.6,27.0,30.3,37.3,39.6,25.1,27.6,30.3,28.6,26.4
202401,Parramatta North (Masons Drive),24.4,29.2,30.2,27.8,25.0,27.0,30.0,26.2,27.5,30.2,30.5,30.4,32.2,27.6,23.6,25.2,28.2,30.8,30.2,27.5,37.5,24.5,26.8,31.0,31.0,37.5,23.8,27.5,31.2,26.2,27.0
202401,Penrith Lakes AWS,23.8,29.6,31.9,29.9,24.3,28.4,31.3,26.6,30.0,31.1,31.5,31.4,34.4,27.9,21.3,25.7,28.2,31.8,31.7,28.9,38.7,25.1,27.7,31.4,29.1,38.0,24.3,29.1,34.8,26.8,27.8
202401,Richmond RAAF,24.8,30.8,32.4,29.8,25.4,27.4,30.5,25.8,30.3,30.4,31.3,30.7,34.7,28.6,20.9,25.9,28.2,32.6,31.0,28.4,39.2,26.2,27.6,32.9,34.2,38.4,23.4,29.2,34.2,27.2,27.7
202401,Sydney (Observatory Hill),24.8,27.6,27.5,26.9,26.0,27.8,27.8,27.3,28.0,29.3,30.8,30.1,29.9,26.7,23.7,26.0,28.6,29.7,29.1,26.5,33.9,24.9,27.0,29.8,32.1,38.5,24.6,27.8,29.4,27.0,28.0
202401,Sydney Airport AMO,26.0,29.0,29.6,24.9,24.5,26.8,28.7,28.9,25.6,29.5,28.4,29.7,31.3,26.6,25.6,25.8,28.7,28.1,27.9,28.0,39.7,24.2,25.9,30.1,31.8,40.6,25.0,27.7,30.7,24.4,25.4
202401,Sydney Harbour (Wedding Cake West),23.6,24.1,24.2,25.0,23.0,24.1,24.4,25.7,23.9,25.1,27.2,25.7,26.2,25.1,23.3,24.1,25.4,27.3,25.1,24.4,30.3,22.5,23.7,28.5,32.9,37.7,23.7,24.7,25.6,25.4,25.5
202401,Sydney Olympic Park AWS (Archery Centre),26.1,28.9,29.7,27.7,24.8,26.7,28.7,27.3,27.0,30.2,29.5,29.0,31.0,27.5,24.2,24.8,29.3,30.8,29.3,27.2,38.7,23.8,26.3,31.8,32.0,39.3,24.5,26.8,30.5,26.8,27.2
202401,Terrey Hills AWS,23.8,26.2,26.9,26.1,23.8,24.8,26.4,24.9,25.1,27.8,28.2,27.0,28.7,25.8,21.8,24.1,27.4,29.7,26.3,24.8,36.5,22.1,24.2,28.4,32.5,37.5,22.5,25.2,27.9,24.8,25.8
202401,"Values are the maximum temperature, usually in the 24 hoursfrom9 am on the day indicated,and typically occurred in the afternoon of that day.",,,,,,,,,,,,,,,,,,,,,,,,,,,,,,,
202401,Temperatures coloured according to their differencefrom the long-termaveragefor the period,-10.0,-9.0,-8.0,-7.0,-6.0,-5.0,-4.0,-3.0,-2.0,-1.0,0.0,+1.0,+2.0,+3.0,+4.0,+5.0,+6.0,+7.0,+8.0,+9.0,+10.0,°C,Grey outline marks highestand lowest for the period,,,,,,,,
202402,Badgerys Creek AWS,31.0,33.8,30.4,37.7,34.9,25.2,25.5,24.2,27.8,26.8,26.1,32.5,35.1,31.7,21.3,29.8,33.6,31.4,28.5,25.5,28.0,32.9,37.1,20.6,29.1,30.8,23.0,30.7,38.7,,
202402,Bankstown Airport AWS,32.1,31.1,28.7,36.5,34.6,25.6,26.3,25.8,25.6,26.6,26.0,31.9,34.3,32.0,21.3,29.3,32.6,31.4,27.6,24.1,27.2,33.3,38.2,21.8,29.5,28.9,24.4,29.7,39.6,,
202402,Camden Airport AWS,31.4,34.2,30.1,37.3,33.6,25.5,26.7,24.8,27.2,26.3,26.1,32.3,34.6,30.2,22.4,28.3,32.8,31.1,27.8,27.1,27.1,32.1,37.1,22.2,28.9,30.8,21.8,30.5,38.1,,
202402,Campbelltown (Mount Annan),31.3,32.6,29.9,37.9,32.8,25.5,26.2,24.5,26.7,26.0,26.1,32.3,35.4,30.7,21.7,28.4,33.4,31.3,27.2,26.4,27.1,32.8,37.1,21.1,29.4,30.2,22.4,29.8,39.3,,
202402,Canterbury Racecourse AWS,29.5,29.0,27.3,32.9,32.8,24.5,23.8,24.7,24.2,24.9,25.4,28.7,31.4,30.2,21.6,28.4,30.6,29.8,26.7,23.6,26.0,30.9,37.4,21.7,28.1,28.1,24.8,28.5,39.6,,
202402,Cooranbong (Lake Macquarie AWS),29.0,31.3,26.5,31.3,32.9,26.8,22.5,24.2,26.1,25.6,24.1,28.7,33.2,33.1,22.6,28.7,31.3,29.9,24.5,24.6,27.7,30.6,39.1,20.7,26.8,33.1,24.5,29.1,40.5,,
202402,Gosford AWS,29.6,29.0,27.1,32.1,34.0,26.0,22.9,23.6,24.5,25.0,24.5,29.4,32.1,32.2,22.4,28.1,30.3,30.5,23.8,25.1,26.9,29.6,38.3,21.8,26.8,31.3,24.7,28.5,38.9,,
202402,Holsworthy Aerodrome AWS,32.2,31.3,28.8,36.0,33.7,25.6,25.1,25.3,25.7,25.9,25.8,,34.8,30.0,21.5,28.7,31.9,31.1,27.7,24.9,26.9,32.1,37.4,21.1,28.7,28.2,22.9,28.9,39.1,,
202402,Holsworthy Defence AWS,33.0,30.0,29.1,37.0,32.8,25.0,23.9,24.2,25.5,24.2,25.8,32.9,36.1,28.8,22.2,28.3,32.1,31.8,26.7,24.7,25.6,33.4,38.2,19.9,29.7,26.8,22.6,28.9,39.4,,
202402,Horsley Park Equestrian Centre AWS,31.1,31.5,28.8,37.7,33.6,24.6,25.9,24.9,26.2,25.8,25.4,32.1,34.8,31.6,21.3,28.7,32.6,31.3,26.1,24.1,26.6,32.7,37.2,20.3,28.9,29.2,23.2,29.8,39.6,,
202402,Katoomba (Farnells Rd),28.0,,25.0,34.0,27.1,19.8,,18.0,23.8,18.0,20.0,25.0,28.2,28.2,,24.0,28.0,,27.7,,21.8,,30.0,17.0,26.4,26.9,21.5,26.8,31.0,,
202402,Mangrove Mountain AWS,31.4,31.5,26.6,37.4,36.7,23.4,21.5,23.7,24.9,23.5,22.6,30.9,34.9,32.9,19.8,27.1,31.8,31.3,22.7,24.2,25.9,32.8,37.3,18.6,27.6,32.0,21.6,28.8,39.7,,
202402,Mount Boyce AWS,28.8,30.3,26.0,33.1,27.2,20.1,18.5,15.5,24.2,18.5,21.4,25.7,27.0,25.7,17.6,25.3,26.1,25.4,23.6,19.9,22.6,27.8,29.4,15.9,26.0,27.2,17.8,27.0,29.8,,
202402,Norah Head AWS,28.6,28.4,28.7,30.8,28.9,24.6,22.3,25.5,23.8,24.8,25.3,30.3,31.5,30.3,22.8,28.2,29.6,27.9,23.9,24.5,25.3,29.3,36.8,22.2,27.2,28.7,27.0,30.9,31.5,,
202402,Parramatta North (Masons Drive),30.5,31.6,29.0,39.2,34.0,25.0,24.6,24.4,25.5,25.6,25.5,31.2,33.0,31.0,21.2,27.6,32.0,30.2,27.0,23.0,26.8,31.4,35.5,22.0,28.6,28.4,24.3,29.6,37.6,,
202402,Penrith Lakes AWS,31.6,34.0,30.4,39.8,35.0,25.7,25.1,24.3,29.3,27.0,26.6,32.8,35.7,32.8,21.7,30.0,34.1,30.6,27.9,25.3,28.7,33.2,37.6,20.9,30.0,32.0,23.5,31.0,40.0,,
202402,Richmond RAAF,31.3,33.1,29.7,39.0,33.7,24.8,25.1,24.9,28.4,26.3,25.7,32.6,34.4,32.7,21.3,29.6,32.7,29.7,26.9,24.8,28.1,33.0,37.5,21.5,29.4,31.5,23.6,30.9,40.0,,
202402,Sydney (Observatory Hill),29.0,31.2,28.4,31.0,34.3,24.1,24.6,25.1,24.3,26.1,27.1,,30.6,31.1,21.8,28.3,30.6,30.7,,23.1,27.7,29.6,36.8,21.6,28.3,27.9,24.6,29.4,32.8,,
202402,Sydney Airport AMO,31.1,29.4,28.7,32.6,30.7,23.6,23.5,25.7,23.3,25.8,25.5,29.9,31.7,30.5,22.1,28.7,30.6,29.2,25.9,22.6,25.3,30.9,38.6,21.8,27.6,27.6,26.7,29.6,34.9,,
202402,Sydney Harbour (Wedding Cake West),24.6,25.9,24.8,25.9,31.1,23.5,22.5,22.8,22.9,23.7,24.2,24.6,26.6,28.7,23.3,26.0,27.0,27.7,25.6,23.7,25.8,27.0,37.7,22.2,25.5,26.2,25.1,25.9,30.1,,
202402,Sydney Olympic Park AWS (Archery Centre),30.8,29.9,28.3,33.4,33.5,24.8,24.8,24.9,24.9,25.4,25.4,31.2,32.9,32.3,21.3,28.6,31.9,31.1,26.6,23.8,26.8,31.3,37.9,22.0,29.2,29.2,24.8,29.4,40.2,,
202402,Terrey Hills AWS,28.5,27.9,25.7,31.6,,22.8,22.1,22.7,23.0,22.6,23.0,27.1,29.8,30.3,20.4,26.9,28.8,27.9,23.8,22.0,25.0,29.3,36.2,19.6,26.0,28.8,23.6,26.5,37.4,,
202402,"Values are the maximum temperature, usually in the 24 hoursfrom9 am on the day indicated,and typically occurred in the afternoon of that day.",,,,,,,,,,,,,,,,,,,,,,,,,,,,,,,
202402,Temperatures coloured according to their differencefrom the long-termaveragefor the period,-10.0,-9.0,-8.0,-7.0,-6.0,-5.0,-4.0,-3.0,-2.0,-1.0,0.0,+1.0,+2.0,+3.0,+4.0,+5.0,+6.0,+7.0,+8.0,+9.0,+10.0,°C,Grey outline marks highestand lowest for the period,,,,,,,,
202403,Badgerys Creek AWS,30.5,25.6,32.7,24.6,27.3,32.2,31.9,31.7,31.3,31.4,30.9,35.7,30.4,35.0,24.9,25.0,23.0,27.1,29.6,26.4,23.2,24.7,27.9,28.8,31.4,30.6,27.9,27.4,28.9,31.0,29.4
202403,Bankstown Airport AWS,29.7,26.2,33.2,24.5,27.5,31.5,29.5,30.1,31.0,31.0,30.0,35.3,29.4,34.7,25.1,25.4,22.7,26.6,29.3,26.7,22.6,25.3,26.7,28.3,30.9,29.4,26.3,25.5,26.7,30.0,28.7
202403,Camden Airport AWS,30.5,25.6,32.5,23.9,27.0,31.7,31.5,31.2,31.3,31.3,30.6,35.9,29.6,36.4,26.0,25.7,22.1,26.0,29.2,27.7,23.0,24.5,26.5,28.8,30.8,30.6,27.8,26.7,28.7,30.8,28.8
202403,Campbelltown (Mount Annan),31.4,24.9,32.6,23.4,27.3,32.0,31.1,30.9,31.3,30.8,29.9,35.4,29.7,35.1,25.1,25.5,21.7,26.8,30.0,26.6,22.7,25.0,26.5,28.6,30.5,30.4,27.1,25.5,27.9,30.6,28.5
202403,Canterbury Racecourse AWS,27.9,24.6,32.8,22.5,25.7,29.5,26.9,29.3,29.2,29.3,28.4,34.2,28.7,33.0,24.1,24.8,22.6,25.5,28.1,25.2,21.5,23.9,26.0,27.3,31.4,27.9,24.9,24.7,26.0,28.8,28.3
202403,Cooranbong (Lake Macquarie AWS),29.4,30.9,29.8,24.1,26.4,28.9,29.6,28.7,28.3,28.4,28.1,31.5,28.7,34.4,26.3,24.9,23.9,25.7,28.5,27.4,23.1,24.4,25.0,27.4,29.4,28.5,27.0,25.3,25.9,28.2,27.9
202403,Gosford AWS,28.2,27.5,28.0,23.7,25.1,29.1,27.4,28.6,28.6,28.8,28.2,31.2,27.9,34.5,25.1,25.0,22.2,25.1,27.6,27.9,22.0,23.9,25.2,25.6,28.1,27.7,25.0,25.3,25.0,27.8,27.3
202403,Holsworthy Aerodrome AWS,29.9,24.2,32.9,23.2,27.0,31.3,29.5,29.2,30.5,30.8,29.7,34.9,28.6,34.6,25.0,24.5,22.5,26.3,29.3,26.6,22.1,23.6,25.8,27.2,30.5,29.2,26.4,25.5,26.1,29.7,28.4
202403,Holsworthy Defence AWS,31.2,23.6,32.7,22.3,28.1,31.8,27.9,29.4,30.8,30.4,30.1,34.8,28.1,35.7,23.3,23.0,22.0,26.4,29.4,26.4,21.3,23.8,25.2,27.8,30.8,30.5,24.7,24.6,25.8,30.1,28.9
202403,Horsley Park Equestrian Centre AWS,30.7,25.6,32.6,24.4,27.6,32.3,30.2,30.9,30.9,30.6,30.3,35.4,30.0,34.6,24.2,24.9,22.3,26.3,29.6,26.7,22.6,24.8,27.2,28.0,31.1,30.2,27.8,26.1,27.7,30.3,28.6
202403,Katoomba (Farnells Rd),29.5,,,26.6,23.6,27.8,25.4,24.5,23.5,24.1,,30.1,25.0,30.0,16.4,18.0,16.6,,,,15.1,18.5,20.0,22.4,25.6,25.4,21.4,21.5,22.8,26.0,24.2
202403,Mangrove Mountain AWS,28.6,28.9,32.1,22.4,24.9,30.9,28.2,28.3,28.9,28.6,28.6,33.8,28.8,35.7,24.4,22.5,20.8,25.3,28.4,27.6,21.6,23.0,23.9,27.1,31.5,28.8,25.7,24.2,25.2,29.5,27.6
202403,Mount Boyce AWS,28.5,22.7,24.6,19.3,22.9,26.5,26.6,24.5,23.9,24.3,24.5,28.8,25.8,27.9,14.5,17.2,16.9,20.4,24.2,17.8,14.9,19.4,20.7,22.1,23.3,24.9,21.3,21.6,22.4,24.8,24.0
202403,Norah Head AWS,27.8,27.4,29.7,23.6,26.0,29.5,29.3,29.0,29.4,29.7,30.5,30.4,28.9,29.5,26.7,25.4,23.9,26.1,27.4,26.3,21.9,24.7,25.4,25.6,27.8,25.9,23.9,24.9,26.0,25.7,27.4
202403,Parramatta North (Masons Drive),29.6,26.2,31.2,24.0,26.2,30.3,28.0,29.0,29.5,29.6,29.1,33.5,29.1,34.5,24.0,25.1,23.0,25.6,28.5,25.0,22.0,24.2,25.5,27.2,29.6,27.6,26.2,25.0,25.6,28.6,26.6
202403,Penrith Lakes AWS,30.3,25.8,32.8,24.8,28.1,32.6,31.4,31.8,31.7,31.9,31.3,36.3,31.6,36.6,23.4,26.8,23.6,27.4,29.9,,23.1,25.7,27.4,28.7,31.8,30.9,29.0,27.1,29.1,31.4,29.8
202403,Richmond RAAF,29.5,27.3,33.0,24.3,27.5,32.4,30.1,30.9,30.7,30.7,30.3,34.6,30.3,34.5,23.4,25.2,23.2,27.1,29.3,26.0,23.2,23.9,26.3,28.3,31.4,30.3,28.0,26.1,27.5,30.6,28.8
202403,Sydney (Observatory Hill),27.9,25.7,31.0,23.3,26.6,28.3,28.1,29.3,30.5,29.6,29.4,30.1,30.1,32.0,25.4,26.8,22.8,26.4,27.1,25.0,22.4,24.5,27.4,27.3,30.0,28.4,26.4,25.7,26.7,26.9,27.5
202403,Sydney Airport AMO,29.0,24.3,33.6,22.9,26.8,29.3,25.5,29.5,30.4,30.6,29.7,33.8,29.6,31.3,25.5,25.5,22.2,26.2,28.6,25.6,20.8,24.7,24.2,25.6,30.7,27.5,25.2,25.0,25.5,29.2,27.7
202403,Sydney Harbour (Wedding Cake West),26.4,26.2,25.8,22.3,23.6,24.6,25.8,27.3,26.3,25.9,25.4,25.5,25.8,26.0,23.5,24.5,22.8,24.3,24.2,25.6,20.2,23.2,23.9,24.0,24.1,25.2,23.7,23.4,24.0,24.4,25.0
202403,Sydney Olympic Park AWS (Archery Centre),29.1,26.1,33.3,23.2,27.3,31.0,27.5,29.6,31.1,31.2,30.2,35.3,29.1,35.0,24.5,25.7,23.2,26.9,29.5,25.9,22.1,24.8,26.5,29.0,31.4,29.0,26.1,24.9,25.8,29.4,28.6
202403,Terrey Hills AWS,26.3,25.0,29.6,21.4,24.8,27.4,26.7,28.0,27.5,27.5,27.2,31.3,26.9,31.7,23.2,23.9,21.1,23.3,26.2,24.2,20.8,22.3,23.8,24.5,27.6,25.9,24.4,21.4,23.0,26.7,24.8
202403,"Values are the maximum temperature, usually in the 24 hoursfrom9 am on the day indicated,and typically occurred in the afternoon of that day.",,,,,,,,,,,,,,,,,,,,,,,,,,,,,,,
202403,Temperatures coloured according to their differencefrom the long-termaveragefor the period,-10.0,-9.0,-8.0,-7.0,-6.0,-5.0,-4.0,-3.0,-2.0,-1.0,0.0,+1.0,+2.0,+3.0,+4.0,+5.0,+6.0,+7.0,+8.0,+9.0,+10.0,°C,Grey outline marks highestand lowest for the period,,,,,,,,
202404,Badgerys Creek AWS,32.0,26.8,26.4,21.2,19.7,28.6,28.4,26.2,22.1,22.5,24.1,24.9,27.0,26.7,27.0,25.9,24.1,25.3,20.6,20.1,24.4,23.9,25.9,25.9,22.4,22.6,23.7,24.9,27.8,18.3,
202404,Bankstown Airport AWS,31.1,27.3,26.0,21.8,20.6,28.2,28.2,24.9,23.0,22.6,23.1,25.1,24.5,26.9,27.1,25.7,23.3,24.8,21.0,20.7,23.2,24.5,26.4,26.2,22.3,21.2,22.5,26.0,28.2,18.5,
202404,Camden Airport AWS,31.5,27.9,26.7,20.8,20.3,28.0,27.6,26.0,22.5,22.1,23.6,24.6,26.2,26.5,27.5,25.2,24.1,25.4,21.2,21.0,23.8,23.8,25.8,25.6,22.6,22.4,23.1,25.2,26.7,18.3,
202404,Campbelltown (Mount Annan),31.6,27.5,25.5,21.0,20.8,27.7,28.0,25.7,22.4,22.0,23.9,24.9,26.1,27.0,27.4,25.1,23.9,25.2,21.2,19.3,23.2,23.8,25.9,25.7,22.3,22.8,22.0,25.4,26.7,17.9,
202404,Canterbury Racecourse AWS,29.2,26.8,24.5,21.5,20.5,28.1,28.1,23.9,21.9,21.1,21.9,24.4,24.1,25.9,25.3,23.6,21.8,24.5,21.1,19.4,21.4,24.2,25.8,25.8,22.1,19.9,21.8,24.9,27.9,19.8,
202404,Cooranbong (Lake Macquarie AWS),28.2,27.6,25.9,19.4,20.9,27.5,27.3,27.0,24.4,21.9,24.1,25.2,25.3,26.1,27.2,26.0,25.3,26.2,22.1,18.0,22.3,24.1,25.5,26.8,21.8,21.8,23.3,24.5,27.6,22.0,
202404,Gosford AWS,28.8,28.0,24.8,18.9,21.5,28.6,27.6,24.9,23.3,20.5,22.5,23.9,24.9,25.1,25.2,24.3,23.4,24.2,21.2,19.4,20.5,22.9,25.7,27.0,21.1,20.7,22.5,24.6,27.3,20.7,
202404,Holsworthy Aerodrome AWS,31.0,26.5,24.7,21.4,20.3,27.9,27.9,24.3,22.0,21.6,22.3,24.5,24.6,25.8,26.7,24.7,22.5,24.6,21.0,19.7,21.7,23.7,25.7,25.6,21.8,20.6,21.8,25.0,27.1,18.3,
202404,Holsworthy Defence AWS,31.4,26.7,23.6,20.0,19.8,28.2,28.7,23.6,21.5,21.0,21.3,25.0,24.9,26.8,26.8,24.9,21.1,25.0,20.3,18.5,21.1,24.0,25.6,25.1,21.5,19.6,21.8,25.3,26.9,17.4,
202404,Horsley Park Equestrian Centre AWS,31.7,27.2,27.4,20.6,19.6,28.0,28.4,26.2,23.2,22.0,23.3,24.6,25.8,26.3,26.9,25.1,23.1,25.4,20.4,19.7,23.2,23.9,25.3,25.4,21.9,21.6,22.0,24.8,26.7,18.2,
202404,Katoomba (Farnells Rd),26.9,20.3,20.0,12.7,14.5,21.0,20.7,19.0,,15.7,,21.0,21.2,22.2,21.7,21.0,18.3,18.8,14.5,10.6,17.4,18.8,20.5,19.0,16.2,17.0,17.2,20.2,21.0,10.8,
202404,Mangrove Mountain AWS,29.9,27.6,24.6,17.1,18.7,26.6,27.9,26.9,23.0,20.2,22.6,23.9,23.9,26.6,27.4,24.8,23.8,24.8,21.0,16.1,19.8,22.5,25.1,25.8,19.6,20.3,21.9,25.1,26.1,18.8,
202404,Mount Boyce AWS,26.1,18.3,20.1,12.5,13.8,19.4,19.4,19.1,14.1,14.0,17.2,18.4,20.1,20.3,,20.2,19.9,17.3,14.3,10.8,16.7,17.6,18.5,17.9,16.4,15.7,16.8,18.5,18.7,11.0,
202404,Norah Head AWS,28.7,25.5,23.6,20.0,21.2,27.8,27.0,24.4,23.1,19.7,21.1,24.9,25.7,24.4,25.0,24.1,23.7,23.1,20.9,20.5,21.4,,26.0,25.7,20.7,20.0,23.2,25.5,27.0,20.8,
202404,Parramatta North (Masons Drive),29.6,27.0,24.4,21.2,20.2,27.0,26.6,24.6,21.8,21.5,22.5,25.7,25.2,25.2,26.0,24.0,22.0,24.0,21.5,19.6,21.6,23.5,24.8,25.1,21.4,20.2,21.6,24.5,26.0,18.0,
202404,Penrith Lakes AWS,32.9,28.6,27.8,20.6,19.8,29.0,28.1,26.2,23.3,22.4,24.4,25.8,26.9,26.7,27.4,26.0,23.9,25.6,21.8,20.2,23.8,24.1,25.9,25.4,22.4,21.3,23.3,25.1,25.8,18.8,
202404,Richmond RAAF,32.1,27.9,27.4,19.8,19.7,27.4,28.1,26.1,23.5,22.0,23.9,25.1,25.9,26.6,27.0,25.8,23.9,25.2,20.9,20.3,23.3,23.8,26.0,26.9,22.2,21.8,23.0,25.4,27.3,19.2,
202404,Sydney (Observatory Hill),28.6,25.3,25.3,21.3,20.5,28.5,27.9,25.5,22.5,21.4,22.4,24.7,25.0,25.7,26.2,25.0,23.3,24.8,22.5,18.9,21.6,24.3,25.7,26.3,22.4,21.2,23.4,24.9,27.7,19.8,
202404,Sydney Airport AMO,29.2,27.7,24.5,22.3,21.2,29.6,28.1,23.2,21.3,19.8,20.3,23.3,22.8,25.1,23.8,23.6,21.4,23.0,20.6,19.6,20.6,22.8,25.9,26.6,20.5,19.3,21.3,24.7,28.2,20.0,
202404,Sydney Harbour (Wedding Cake West),23.6,26.4,22.6,21.6,22.7,27.3,25.0,22.9,20.5,19.7,20.2,22.6,23.7,24.5,23.4,22.8,21.4,23.1,19.9,20.1,20.6,23.8,22.7,25.3,19.9,19.3,21.8,22.3,24.4,19.9,
202404,Sydney Olympic Park AWS (Archery Centre),30.9,26.6,25.7,21.5,20.8,28.6,29.2,25.7,22.8,22.2,23.5,25.5,25.5,26.3,27.1,25.6,22.4,24.9,22.3,19.2,22.2,25.1,26.6,27.0,22.6,20.8,23.3,26.1,28.1,19.0,
202404,Terrey Hills AWS,26.6,24.0,23.2,18.2,19.5,26.8,26.7,23.2,20.6,20.4,22.0,23.4,23.5,23.8,25.2,22.9,21.8,22.8,19.9,16.9,20.4,21.8,23.4,25.1,20.7,19.3,21.2,23.3,25.4,18.7,
202404,"Values are the maximum temperature, usually in the 24 hoursfrom9 am on the day indicated,and typically occurred in the afternoon of that day.",,,,,,,,,,,,,,,,,,,,,,,,,,,,,,,
202404,Temperatures coloured according to their differencefrom the long-termaveragefor the period,-10.0,-9.0,-8.0,-7.0,-6.0,-5.0,-4.0,-3.0,-2.0,-1.0,0.0,+1.0,+2.0,+3.0,+4.0,+5.0,+6.0,+7.0,+8.0,+9.0,+10.0,°C,Grey outline marks highestand lowest for the period,,,,,,,,
202405,Badgerys Creek AWS,21.1,20.7,19.0,20.1,16.5,20.4,20.0,18.8,21.0,21.1,17.0,21.2,22.0,23.2,22.1,22.6,24.2,16.1,17.9,19.5,,18.9,21.1,20.6,18.4,21.5,21.0,21.6,21.4,23.0,20.3
202405,Bankstown Airport AWS,21.0,21.1,18.2,20.5,19.5,21.1,20.3,19.4,20.4,21.8,17.3,20.8,22.2,23.2,22.8,22.7,23.8,16.6,18.1,18.5,19.9,19.5,21.2,21.5,18.6,22.4,21.1,21.7,22.8,24.0,21.5
202405,Camden Airport AWS,20.7,20.9,16.8,19.4,16.1,19.5,18.9,,20.5,20.2,16.9,21.1,22.4,23.1,22.1,22.5,23.5,15.9,17.9,19.9,20.8,19.0,21.0,20.7,18.7,21.9,21.2,21.9,21.4,22.4,20.1
202405,Campbelltown (Mount Annan),20.7,21.4,17.4,20.1,15.6,20.2,18.6,18.7,20.6,19.7,16.3,20.6,21.6,23.3,21.9,22.2,23.7,16.0,17.8,18.9,20.1,19.4,20.6,20.9,18.5,22.2,21.1,21.7,21.8,23.2,19.7
202405,Canterbury Racecourse AWS,19.0,19.7,17.4,19.3,19.6,21.0,20.9,19.4,19.8,20.2,17.0,20.5,21.2,,22.3,23.0,,15.8,18.2,18.4,18.9,19.5,21.2,20.9,18.8,22.0,19.9,22.0,23.2,23.8,21.4
202405,Cooranbong (Lake Macquarie AWS),18.7,21.9,20.2,21.9,19.6,18.5,21.7,21.8,22.4,21.5,18.3,21.2,21.6,23.7,22.2,22.3,23.0,16.2,19.2,18.6,18.6,19.9,21.6,21.7,19.9,22.3,21.9,23.0,23.1,24.3,21.4
202405,Gosford AWS,,20.0,18.2,19.9,19.6,20.7,20.9,21.1,21.1,20.6,18.1,21.3,21.4,22.7,21.8,21.2,22.6,16.3,18.0,18.4,18.6,19.0,19.6,20.2,19.1,20.8,19.9,22.5,23.2,24.6,20.9
202405,Holsworthy Aerodrome AWS,19.7,20.6,17.7,19.6,19.3,21.0,19.9,19.4,,21.2,16.5,20.3,21.5,22.6,22.0,22.1,23.4,15.8,17.9,17.9,19.0,19.3,21.0,21.2,18.4,21.9,20.5,21.3,21.8,23.1,20.3
202405,Holsworthy Defence AWS,19.3,19.2,17.2,19.1,17.0,18.9,18.3,18.2,19.5,19.4,16.1,19.7,20.6,22.2,22.1,22.4,23.3,14.9,17.8,17.2,18.1,18.9,20.7,21.1,17.9,21.8,20.6,21.6,21.6,22.5,18.6
202405,Horsley Park Equestrian Centre AWS,20.1,20.1,17.5,19.9,16.9,20.7,19.9,18.4,20.5,21.4,17.0,20.5,21.9,22.8,21.6,20.8,23.2,16.0,17.7,18.0,20.1,18.6,20.9,20.5,17.9,21.3,20.4,,21.4,22.7,20.7
202405,Katoomba (Farnells Rd),10.9,13.2,10.5,11.0,10.3,9.8,12.0,12.2,15.5,13.0,10.6,14.0,15.4,18.9,17.7,15.1,19.0,7.6,13.6,12.4,14.1,14.0,,16.5,13.3,15.4,16.5,,19.6,17.9,14.0
202405,Mangrove Mountain AWS,15.5,19.0,17.5,19.2,18.6,16.2,19.7,19.4,19.8,18.6,15.7,19.2,19.7,22.6,22.4,20.3,22.8,14.1,18.0,16.8,17.6,19.3,20.0,20.3,17.9,21.9,20.8,21.7,23.2,22.8,19.6
202405,Mount Boyce AWS,10.8,12.3,14.1,11.4,10.7,10.3,11.8,12.2,15.5,13.4,11.5,12.9,14.0,15.8,15.2,15.1,15.5,6.5,10.7,12.0,14.1,12.3,14.7,14.5,12.7,13.6,14.8,17.2,15.6,15.8,12.9
202405,Norah Head AWS,18.9,21.5,19.7,21.9,19.8,20.8,23.3,19.7,21.1,21.8,19.0,21.0,20.4,22.0,22.6,22.1,22.8,15.3,17.4,17.4,17.6,18.5,18.9,19.2,18.4,21.2,19.6,20.4,22.4,,
202405,Parramatta North (Masons Drive),18.8,18.8,17.4,19.8,18.5,20.5,19.6,19.4,19.8,20.0,17.2,20.0,21.2,22.0,22.8,21.5,22.8,15.2,18.0,17.8,18.8,18.5,20.5,20.4,18.0,21.2,20.0,20.8,20.4,23.5,21.0
202405,Penrith Lakes AWS,20.6,20.2,19.3,20.6,17.2,20.2,19.2,20.2,21.8,21.3,17.3,21.7,22.2,23.0,22.9,22.3,22.6,16.4,19.1,19.8,20.6,19.8,21.4,19.7,17.8,21.0,21.3,20.6,20.7,23.9,21.7
202405,Richmond RAAF,20.8,20.6,18.1,20.6,17.5,21.2,20.3,19.8,22.2,20.9,18.1,21.8,22.4,23.7,22.8,22.4,23.3,17.0,18.9,19.4,20.6,19.7,20.6,20.2,17.9,21.3,20.7,21.3,21.5,23.7,22.0
202405,Sydney (Observatory Hill),18.9,19.8,16.8,19.5,19.2,22.3,23.3,21.3,20.1,19.8,17.1,22.5,21.3,23.1,,22.6,23.7,15.9,20.0,18.5,18.7,20.7,21.3,21.9,19.0,22.1,21.3,22.4,21.3,24.2,20.8
202405,Sydney Airport AMO,18.2,18.9,17.1,19.0,20.8,22.0,19.4,19.9,19.8,19.8,17.9,19.4,20.1,21.8,23.0,20.6,23.9,15.4,17.6,17.4,17.6,19.1,19.3,19.3,20.0,20.9,19.5,22.5,22.5,24.7,22.4
202405,Sydney Harbour (Wedding Cake West),18.8,19.4,17.4,19.4,20.6,21.0,22.1,20.9,19.9,21.4,19.7,19.6,20.3,22.1,21.2,22.1,22.3,15.3,17.5,17.9,17.7,18.2,20.0,20.0,18.1,21.0,19.3,20.7,19.6,22.6,21.4
202405,Sydney Olympic Park AWS (Archery Centre),19.4,20.1,17.7,20.5,19.2,21.6,20.4,20.3,20.4,21.2,17.2,20.9,22.1,24.1,23.1,22.3,24.3,16.1,19.0,18.2,19.2,20.0,21.7,21.1,18.5,22.7,21.2,22.5,23.4,24.6,21.5
202405,Terrey Hills AWS,17.4,17.3,16.2,19.3,17.8,19.3,19.7,18.7,19.7,20.2,16.5,20.0,19.6,21.3,20.8,20.5,22.4,14.8,16.6,16.7,17.6,17.8,19.6,18.9,17.8,20.4,18.7,20.9,21.4,22.1,19.6
202405,"Values are the maximum temperature, usually in the 24 hoursfrom9 am on the day indicated,and typically occurred in the afternoon of that day.",,,,,,,,,,,,,,,,,,,,,,,,,,,,,,,
202405,Temperatures coloured according to their differencefrom the long-termaveragefor the period,-10.0,-9.0,-8.0,-7.0,-6.0,-5.0,-4.0,-3.0,-2.0,-1.0,0.0,+1.0,+2.0,+3.0,+4.0,+5.0,+6.0,+7.0,+8.0,+9.0,+10.0,°C,Grey outline marks highestand lowest for the period,,,,,,,,
202406,Badgerys Creek AWS,16.0,16.4,18.4,16.7,15.2,15.5,17.4,20.1,21.0,17.5,16.6,18.1,15.6,14.6,15.4,15.2,17.3,17.0,16.7,16.3,17.6,15.5,17.4,17.3,18.4,20.7,19.0,19.3,18.2,14.7,
202406,Bankstown Airport AWS,16.0,16.6,17.8,17.1,15.2,15.9,18.5,20.9,20.5,18.7,16.6,19.0,15.9,15.7,15.3,16.1,17.1,17.6,16.3,17.5,18.0,15.0,16.5,17.8,19.8,21.6,19.7,19.2,19.3,14.9,
202406,Camden Airport AWS,16.7,17.2,17.7,17.1,14.6,15.9,16.0,21.0,19.6,18.7,16.4,17.8,15.4,14.9,15.0,16.1,17.5,17.5,15.8,16.3,17.8,16.4,17.6,18.1,18.5,19.9,19.1,18.6,17.0,14.6,
202406,Campbelltown (Mount Annan),16.5,16.4,17.0,16.9,13.7,15.2,15.7,20.8,19.7,18.1,16.3,17.8,15.3,14.8,14.8,15.9,16.6,17.3,16.2,16.5,18.2,15.9,17.6,18.2,18.7,20.3,19.0,18.8,17.9,14.0,
202406,Canterbury Racecourse AWS,16.5,16.8,17.8,18.0,15.5,15.9,18.2,20.3,20.4,18.2,16.5,19.5,15.9,15.6,14.5,16.0,16.4,17.4,16.2,17.5,17.6,13.4,15.9,18.3,20.7,21.5,19.4,19.6,19.8,14.8,
202406,Cooranbong (Lake Macquarie AWS),14.4,15.8,18.0,16.9,19.4,19.6,15.9,20.8,21.1,18.3,17.7,19.9,16.4,15.5,15.8,17.0,17.5,17.8,16.6,18.6,18.5,15.7,17.6,19.1,20.0,22.1,19.4,19.8,21.9,16.5,
202406,Gosford AWS,15.0,16.6,17.8,19.1,18.9,17.8,19.3,20.6,19.1,18.4,18.3,19.8,15.8,14.4,15.1,15.9,16.3,16.6,15.6,17.9,17.5,14.7,16.4,18.0,20.6,22.4,19.1,19.6,21.4,15.1,
202406,Holsworthy Aerodrome AWS,16.4,16.3,16.7,16.5,14.3,14.6,17.5,20.2,19.3,18.3,16.1,18.5,15.2,15.4,14.4,15.7,16.7,17.0,15.7,16.0,17.3,15.4,16.1,17.4,18.5,21.0,18.9,19.2,17.7,13.8,
202406,Holsworthy Defence AWS,15.8,16.7,16.4,16.6,13.3,15.4,16.9,20.1,18.9,17.4,15.2,17.3,14.9,15.0,13.5,14.9,15.7,17.0,15.7,15.8,17.6,14.9,15.7,17.7,18.2,20.6,17.9,18.0,17.2,13.6,
202406,Horsley Park Equestrian Centre AWS,15.3,16.2,17.5,16.7,16.2,15.1,17.6,20.3,19.5,18.2,16.3,18.1,15.4,14.8,15.0,15.4,17.1,16.5,15.6,16.3,17.0,15.1,16.4,16.9,18.9,21.1,19.0,19.0,18.5,14.8,
202406,Katoomba (Farnells Rd),8.5,,9.0,12.2,11.9,8.8,9.3,14.0,13.2,12.1,12.6,9.7,8.2,8.8,6.3,10.6,10.0,11.9,12.0,11.9,,7.5,10.0,11.6,13.8,14.9,12.7,13.0,14.1,10.2,
202406,Mangrove Mountain AWS,12.8,13.9,17.1,17.0,19.1,16.9,15.0,19.5,20.2,16.9,17.4,19.1,15.1,12.7,13.2,15.5,15.6,16.7,15.3,16.7,17.0,12.5,15.6,17.6,19.4,20.5,18.1,18.8,21.6,13.8,
202406,Mount Boyce AWS,8.7,7.6,6.9,9.5,12.6,9.1,9.2,11.1,10.1,9.2,10.0,8.4,8.0,8.2,7.2,7.6,8.3,9.9,8.8,8.9,9.4,7.3,7.6,8.9,11.4,13.4,9.9,11.4,12.8,8.9,
202406,Norah Head AWS,16.3,16.2,17.4,18.0,18.5,18.6,17.5,19.8,19.2,17.3,18.6,19.7,15.6,15.6,15.2,15.1,16.3,16.5,15.1,17.2,17.2,14.9,15.9,18.6,20.2,21.4,18.9,18.3,19.8,15.6,
202406,Parramatta North (Masons Drive),15.4,16.2,17.4,17.5,16.2,16.2,17.0,20.0,19.8,17.6,16.4,18.5,15.4,14.8,14.8,15.3,16.3,16.6,15.6,16.5,16.8,12.9,15.0,17.2,18.4,20.5,18.5,18.4,18.2,14.2,
202406,Penrith Lakes AWS,16.7,16.4,18.0,16.2,16.6,16.7,17.4,21.4,20.2,18.1,17.7,19.4,16.0,15.6,15.2,16.5,17.9,17.5,17.1,15.8,18.0,16.1,17.5,17.0,18.3,21.6,20.4,,17.7,14.8,
202406,Richmond RAAF,16.6,16.6,17.7,15.9,16.6,17.2,17.5,21.6,19.4,18.1,17.6,19.9,16.7,15.1,15.4,17.0,18.3,18.0,16.3,16.0,18.1,15.9,16.8,17.3,20.2,21.8,19.7,18.4,19.8,15.6,
202406,Sydney (Observatory Hill),15.8,16.6,19.0,18.2,18.5,16.3,19.3,19.1,21.2,18.3,16.6,19.1,16.8,14.4,13.9,17.1,16.3,18.4,17.7,17.8,19.5,12.1,16.1,18.7,20.5,22.0,20.4,19.7,20.4,14.5,
202406,Sydney Airport AMO,18.1,16.8,19.4,17.8,15.5,16.6,17.9,20.3,20.1,17.4,17.4,18.9,16.4,15.7,14.0,15.9,16.1,16.2,16.9,17.7,16.7,13.5,15.5,18.0,19.9,22.4,20.3,19.3,20.3,14.6,
202406,Sydney Harbour (Wedding Cake West),17.7,17.0,17.2,16.6,16.3,16.7,18.1,19.9,19.6,16.8,17.2,18.1,15.6,14.6,14.5,15.7,16.4,16.2,15.2,17.7,16.7,14.3,16.0,17.3,19.5,20.8,18.7,18.3,18.4,15.3,
202406,Sydney Olympic Park AWS (Archery Centre),16.5,16.5,18.2,18.3,16.7,16.8,18.6,20.7,20.4,18.7,16.7,19.3,16.0,15.7,15.0,16.6,16.8,18.1,16.6,17.7,17.6,13.0,16.5,18.3,20.8,21.4,20.1,19.9,19.5,14.4,
202406,Terrey Hills AWS,14.2,15.2,16.1,16.3,16.5,16.0,17.1,19.5,18.2,16.8,16.3,17.8,14.2,13.0,13.2,14.2,14.9,15.4,14.4,16.4,16.2,10.8,14.5,16.7,17.8,19.9,17.9,17.9,19.6,13.3,
202406,"Values are the maximum temperature, usually in the 24 hoursfrom9 am on the day indicated,and typically occurred in the afternoon of that day.",,,,,,,,,,,,,,,,,,,,,,,,,,,,,,,
202406,Temperatures coloured according to their differencefrom the long-termaveragefor the period,-10.0,-9.0,-8.0,-7.0,-6.0,-5.0,-4.0,-3.0,-2.0,-1.0,0.0,+1.0,+2.0,+3.0,+4.0,+5.0,+6.0,+7.0,+8.0,+9.0,+10.0,°C,Grey outline marks highestand lowest for the period,,,,,,,,
202407,Badgerys Creek AWS,15.3,16.1,16.6,17.0,16.9,17.3,17.8,16.8,19.8,19.5,15.8,18.7,17.9,16.2,14.5,15.1,18.4,17.7,15.4,16.4,18.0,18.8,20.4,19.3,25.0,19.9,16.1,13.5,15.5,16.7,17.1
202407,Bankstown Airport AWS,15.7,16.3,16.7,17.1,17.5,16.8,17.1,17.2,20.2,19.3,16.7,18.8,17.4,16.9,15.3,16.5,19.5,18.2,15.2,17.1,18.1,19.4,,20.2,23.2,20.3,16.8,14.3,16.1,16.9,16.9
202407,Camden Airport AWS,15.2,15.8,16.7,17.2,16.9,17.1,18.5,17.9,19.8,19.3,16.2,18.7,17.7,16.2,14.4,16.3,19.0,17.5,15.3,16.7,17.1,19.2,19.9,18.9,23.9,19.8,16.6,13.6,15.8,16.5,16.6
202407,Campbelltown (Mount Annan),15.3,16.1,16.2,16.8,16.9,16.5,17.0,17.0,19.8,18.9,16.4,18.9,17.6,16.0,14.3,14.7,18.9,17.5,15.2,16.2,17.8,19.0,19.6,18.9,23.4,19.9,17.0,13.0,15.4,16.3,16.9
202407,Canterbury Racecourse AWS,15.1,15.7,16.3,17.0,16.8,16.7,16.2,17.3,20.0,19.1,17.0,18.7,16.9,17.0,15.3,15.7,18.9,18.0,15.2,17.0,18.0,18.9,19.9,20.1,22.6,20.2,17.3,14.3,15.4,15.9,15.9
202407,Cooranbong (Lake Macquarie AWS),16.0,13.4,17.0,17.6,17.7,17.4,17.9,17.6,19.1,19.0,18.6,20.4,18.2,17.4,16.0,14.9,19.2,19.1,17.6,17.6,19.1,19.4,20.1,20.4,22.8,21.6,17.8,15.4,15.7,16.5,15.6
202407,Gosford AWS,15.2,13.1,16.8,17.4,17.2,17.4,16.8,16.9,19.7,19.8,17.6,18.8,17.6,17.5,15.6,15.4,18.8,18.2,16.8,18.1,18.6,18.0,19.7,20.4,21.9,20.6,17.9,15.0,14.9,14.9,15.1
202407,Holsworthy Aerodrome AWS,14.8,15.7,15.9,16.8,15.2,16.4,15.9,16.2,19.2,18.8,16.5,18.5,16.8,16.2,14.4,15.2,18.7,17.4,15.2,16.2,17.4,18.8,19.2,19.3,22.9,19.6,16.4,13.4,15.1,16.0,16.2
202407,Holsworthy Defence AWS,13.9,14.7,14.9,15.4,16.4,15.5,15.3,15.8,19.3,19.3,16.4,18.0,16.6,15.6,13.8,14.1,18.4,17.5,15.5,15.9,16.7,18.4,19.6,18.7,22.9,19.0,16.1,12.9,14.4,14.8,15.5
202407,Horsley Park Equestrian Centre AWS,15.1,15.9,16.3,17.1,15.8,16.0,17.3,16.5,19.8,19.2,15.7,17.9,16.8,16.6,14.6,15.6,18.2,17.9,15.5,16.1,17.6,18.1,18.9,18.9,22.5,19.8,15.8,13.8,15.6,16.2,16.7
202407,Katoomba (Farnells Rd),7.7,6.3,8.0,8.6,7.5,9.0,9.0,12.0,13.5,11.6,11.8,12.0,10.0,7.8,6.0,6.5,11.5,10.5,8.2,5.8,11.0,12.3,14.7,15.2,15.4,15.0,12.0,6.5,9.7,10.0,9.8
202407,Mangrove Mountain AWS,14.0,11.6,15.4,15.3,15.5,15.7,14.9,16.1,18.2,,17.4,17.6,16.8,16.5,14.6,12.0,18.8,18.5,15.8,15.9,18.3,18.2,18.9,19.4,20.4,20.3,15.9,13.7,13.7,13.9,13.4
202407,Mount Boyce AWS,8.9,8.7,8.3,9.2,8.4,8.4,9.3,11.6,11.4,9.4,11.0,10.4,8.5,5.3,4.2,4.0,8.7,7.4,6.1,4.6,7.1,10.0,11.9,13.3,14.2,12.0,11.0,4.0,,8.3,8.2
202407,Norah Head AWS,15.1,16.2,16.9,18.4,17.8,19.1,17.4,16.6,18.0,19.6,17.9,18.6,16.7,16.8,15.6,14.2,18.2,17.5,16.7,18.1,17.9,19.7,17.9,18.6,21.5,20.0,15.9,14.9,14.1,14.6,14.9
202407,Parramatta North (Masons Drive),14.8,15.0,15.6,16.8,16.4,16.0,16.2,16.8,19.6,19.6,16.2,17.5,16.5,16.6,15.5,15.2,18.0,17.4,15.2,16.2,17.5,18.6,20.0,19.4,21.7,20.2,15.8,14.6,15.2,15.8,16.2
202407,Penrith Lakes AWS,15.2,16.3,16.9,17.3,16.4,17.2,17.8,16.8,20.1,18.5,15.4,18.7,16.9,17.3,14.9,16.4,19.2,18.5,16.3,17.0,18.8,18.1,19.3,18.9,24.1,21.3,14.8,14.4,15.9,16.9,16.7
202407,Richmond RAAF,15.6,16.4,17.6,18.1,16.7,17.2,17.1,16.5,20.4,19.7,17.0,18.8,17.1,17.4,15.6,15.9,19.7,19.2,17.9,17.6,19.4,18.3,19.7,21.5,23.3,21.3,14.9,15.6,16.2,16.7,17.0
202407,Sydney (Observatory Hill),16.1,16.7,16.6,18.3,17.6,17.9,17.6,16.8,20.9,19.9,17.0,19.7,17.7,17.9,16.2,15.9,19.4,19.0,16.3,16.7,18.8,18.7,20.5,20.9,22.5,21.3,18.4,15.0,15.9,15.7,16.5
202407,Sydney Airport AMO,14.5,15.3,15.9,17.7,17.3,17.0,15.5,17.6,20.2,20.4,18.2,19.2,16.8,17.5,15.8,16.2,18.3,18.7,16.5,17.9,18.1,19.9,20.0,20.6,23.5,20.2,17.3,14.3,14.1,14.4,14.7
202407,Sydney Harbour (Wedding Cake West),14.6,15.9,16.7,17.1,16.8,17.3,16.7,16.4,20.0,18.7,16.7,17.5,16.3,15.9,14.7,14.9,17.8,17.1,15.3,16.3,17.2,17.5,17.9,18.1,21.3,18.7,18.0,13.6,14.1,14.5,14.8
202407,Sydney Olympic Park AWS (Archery Centre),15.4,15.7,16.8,,17.1,16.8,16.7,17.3,20.2,20.2,17.2,19.3,17.1,17.5,15.8,16.1,19.5,18.8,16.2,17.3,17.9,18.6,20.5,20.9,22.8,20.2,17.4,14.9,15.3,16.5,16.2
202407,Terrey Hills AWS,13.8,12.2,14.7,15.3,15.0,15.4,14.7,15.6,18.2,18.6,16.3,17.9,15.9,15.4,13.6,13.5,17.6,16.6,15.8,16.0,16.6,16.8,18.5,,20.6,19.2,16.4,13.5,13.6,14.0,14.4
202407,"Values are the maximum temperature, usually in the 24 hoursfrom9 am on the day indicated,and typically occurred in the afternoon of that day.",,,,,,,,,,,,,,,,,,,,,,,,,,,,,,,
202407,Temperatures coloured according to their differencefrom the long-termaveragefor the period,-10.0,-9.0,-8.0,-7.0,-6.0,-5.0,-4.0,-3.0,-2.0,-1.0,0.0,+1.0,+2.0,+3.0,+4.0,+5.0,+6.0,+7.0,+8.0,+9.0,+10.0,°C,Grey outline marks highestand lowest for the period,,,,,,,,
202408,Badgerys Creek AWS,17.1,18.1,19.2,17.0,15.7,18.8,18.7,19.9,20.9,20.9,20.3,17.7,18.9,17.0,18.7,22.7,20.8,18.4,19.4,22.5,25.8,23.2,22.9,28.0,22.7,25.7,24.2,27.9,24.1,29.9,23.7
202408,Bankstown Airport AWS,16.9,17.4,,,15.6,19.0,19.0,20.3,21.4,19.8,20.4,17.2,19.7,18.2,18.7,23.0,21.1,18.2,18.6,23.0,26.6,23.6,22.8,28.7,23.0,25.5,25.5,28.7,24.1,30.5,24.8
202408,Camden Airport AWS,16.4,18.1,19.1,17.5,15.5,19.0,18.9,19.6,21.3,21.1,20.0,18.2,18.7,16.8,19.1,22.4,20.5,18.7,19.7,22.0,25.9,23.2,22.1,28.0,21.9,24.4,23.9,28.2,23.4,29.5,23.9
202408,Campbelltown (Mount Annan),16.5,17.1,18.9,17.8,15.5,18.8,19.1,19.8,21.1,21.0,20.9,17.5,18.7,16.5,19.4,22.6,19.7,18.0,19.2,22.2,25.5,22.6,22.0,27.9,22.1,23.8,24.2,27.9,23.1,29.7,24.1
202408,Canterbury Racecourse AWS,15.7,16.4,19.3,17.0,16.0,18.0,18.9,19.5,21.8,19.3,18.6,16.8,19.3,17.9,19.0,22.0,20.9,17.6,17.5,22.3,26.1,22.7,22.3,27.6,23.1,25.1,24.8,28.3,23.5,30.2,24.5
202408,Cooranbong (Lake Macquarie AWS),16.1,18.4,18.4,17.0,17.5,18.9,18.9,20.2,22.6,19.6,18.4,17.5,20.6,17.2,18.1,21.3,21.9,19.4,18.3,22.7,26.3,23.2,22.0,25.3,22.3,26.2,25.1,29.4,24.4,28.9,25.5
202408,Gosford AWS,15.1,16.7,18.1,16.4,16.6,17.6,17.9,19.8,21.8,19.1,18.1,17.0,19.5,17.5,17.3,21.0,21.2,18.5,17.7,22.4,26.0,22.2,21.6,25.8,23.7,23.1,25.7,28.6,24.1,30.2,24.8
202408,Holsworthy Aerodrome AWS,15.9,17.1,18.9,16.1,15.5,18.7,18.7,19.9,21.1,19.7,19.4,16.7,18.7,17.5,18.9,21.9,19.8,18.2,17.5,21.9,25.8,22.1,21.7,28.0,22.1,24.0,24.2,28.0,23.1,29.5,23.8
202408,Holsworthy Defence AWS,15.0,16.0,19.1,17.1,16.0,18.2,18.2,19.3,21.4,18.4,18.1,16.5,17.9,16.7,17.9,21.9,19.5,17.0,18.5,22.2,25.7,22.5,21.6,27.6,23.0,23.8,24.0,28.6,23.2,29.8,24.4
202408,Horsley Park Equestrian Centre AWS,15.4,16.9,18.6,15.7,14.7,18.4,18.3,19.5,20.9,19.5,19.4,16.9,18.6,17.2,18.2,21.8,20.8,17.9,19.0,21.5,25.5,22.0,22.3,27.8,22.4,24.9,24.4,27.8,23.3,29.3,23.8
202408,Katoomba (Farnells Rd),9.6,11.5,14.0,10.6,10.6,12.0,14.1,16.0,14.5,14.6,14.0,11.2,13.0,12.0,12.0,16.8,12.0,11.6,,,,15.9,17.5,20.0,17.2,17.9,,,16.7,20.0,15.5
202408,Mangrove Mountain AWS,14.1,16.3,18.1,15.3,14.8,17.3,18.4,19.3,21.2,18.4,16.1,15.5,18.4,15.8,15.2,19.7,20.1,17.6,17.5,21.1,25.1,22.4,21.7,23.8,19.5,25.3,24.5,27.3,22.8,28.7,23.5
202408,Mount Boyce AWS,8.1,11.0,12.1,11.0,9.3,10.8,13.8,14.9,13.2,14.7,14.9,11.2,13.5,12.3,12.4,14.8,9.8,10.9,11.6,16.7,15.3,14.0,17.3,18.6,16.5,16.1,17.3,17.9,14.6,18.8,13.1
202408,Norah Head AWS,14.6,15.7,19.3,15.7,17.9,16.3,17.9,20.4,19.4,17.4,16.9,17.5,19.6,17.1,17.5,19.3,21.1,18.5,18.3,22.0,25.5,22.6,21.4,24.7,22.4,23.8,23.2,28.2,23.6,28.1,24.4
202408,Parramatta North (Masons Drive),15.3,16.4,20.8,15.5,15.4,18.5,18.8,19.0,21.4,19.0,19.2,15.8,19.0,17.8,18.2,22.2,20.4,17.2,18.4,22.5,26.2,22.7,22.2,27.0,22.5,24.5,26.0,28.2,24.6,30.0,24.8
202408,Penrith Lakes AWS,16.8,18.5,18.7,15.4,14.0,18.6,18.7,20.1,20.6,20.2,20.4,17.8,19.6,17.5,18.9,22.6,21.3,19.4,20.0,22.9,25.9,23.1,22.9,28.7,24.0,26.2,24.7,28.2,24.2,30.3,24.1
202408,Richmond RAAF,16.2,18.5,19.0,15.9,14.0,19.2,19.0,20.5,20.8,20.4,20.8,16.9,19.4,17.8,18.4,23.1,22.4,20.0,20.0,23.2,26.9,23.6,23.1,28.1,24.0,26.3,26.5,29.0,24.8,31.0,24.2
202408,Sydney (Observatory Hill),15.9,17.5,19.8,16.5,15.3,18.6,19.3,19.8,21.3,19.7,20.1,16.8,18.9,17.5,19.0,21.3,21.8,17.5,19.3,21.8,26.2,23.7,22.9,26.9,23.1,24.9,23.5,28.1,24.5,30.3,24.8
202408,Sydney Airport AMO,14.7,15.3,19.4,16.7,16.6,16.2,17.2,19.7,21.6,18.3,18.8,17.0,19.9,18.7,17.9,22.6,21.8,16.8,17.0,22.4,27.3,23.5,23.1,28.1,23.8,25.4,25.4,29.6,25.2,31.6,25.9
202408,Sydney Harbour (Wedding Cake West),14.6,15.4,17.6,16.0,14.6,16.4,17.8,17.1,19.4,17.7,17.6,16.5,18.3,17.5,17.7,19.3,20.1,16.3,17.5,19.0,25.5,21.9,20.4,26.5,22.6,21.3,23.8,28.1,22.9,30.4,23.7
202408,Sydney Olympic Park AWS (Archery Centre),15.7,17.2,19.8,16.4,15.5,19.0,19.2,20.4,21.9,19.7,19.9,17.3,19.5,18.0,18.5,23.0,21.5,17.4,19.0,23.0,26.4,23.3,23.2,27.2,22.6,25.3,26.1,28.6,24.0,30.3,24.8
202408,Terrey Hills AWS,14.3,14.5,17.5,15.2,14.8,16.5,17.6,18.1,21.3,17.8,17.9,16.1,17.5,16.3,16.3,20.8,19.8,15.8,16.3,20.7,25.5,21.5,20.7,24.9,22.4,22.2,23.2,27.7,22.6,29.4,23.0
202408,"Values are the maximum temperature, usually in the 24 hoursfrom9 am on the day indicated,and typically occurred in the afternoon of that day.",,,,,,,,,,,,,,,,,,,,,,,,,,,,,,,
202408,Temperatures coloured according to their differencefrom the long-termaveragefor the period,-10.0,-9.0,-8.0,-7.0,-6.0,-5.0,-4.0,-3.0,-2.0,-1.0,0.0,+1.0,+2.0,+3.0,+4.0,+5.0,+6.0,+7.0,+8.0,+9.0,+10.0,°C,Grey outline marks highestand lowest for the period,,,,,,,,
202409,Badgerys Creek AWS,26.6,24.0,19.7,23.0,27.7,29.2,26.9,20.7,24.6,23.2,,,20.7,24.4,18.1,21.8,21.9,26.3,26.9,24.9,24.6,25.6,29.3,25.9,27.4,13.7,16.6,19.5,22.3,21.7,
202409,Bankstown Airport AWS,27.4,25.5,19.7,23.8,27.5,30.3,25.7,21.3,25.3,22.1,27.0,21.5,19.9,24.8,18.2,19.4,22.7,27.2,27.6,25.6,25.1,26.3,29.3,27.6,27.9,14.0,18.5,19.4,21.4,21.4,
202409,Camden Airport AWS,26.0,24.1,19.9,23.0,26.9,29.3,26.1,22.0,23.9,23.3,26.1,21.4,20.1,24.1,18.0,21.6,22.6,26.0,26.5,24.3,23.7,25.5,28.5,25.9,27.8,15.4,18.0,19.1,22.0,21.3,
202409,Campbelltown (Mount Annan),26.2,24.3,20.1,22.7,27.2,29.3,25.9,21.9,23.7,23.2,26.2,20.6,20.4,23.9,17.9,21.7,22.4,26.3,26.1,24.4,23.9,25.1,28.5,26.0,27.4,14.5,16.6,18.8,21.4,21.2,
202409,Canterbury Racecourse AWS,26.9,25.1,17.4,21.6,27.4,29.8,23.9,20.1,24.6,21.4,26.7,19.6,,23.8,16.1,,21.5,26.1,26.6,24.4,24.0,25.1,28.1,24.6,26.5,14.2,17.3,18.7,19.8,19.2,
202409,Cooranbong (Lake Macquarie AWS),28.0,26.9,18.5,21.7,26.4,27.8,29.0,19.4,24.3,22.8,26.9,22.6,18.3,22.8,17.6,21.2,21.0,26.4,27.5,26.4,25.1,26.5,28.2,24.3,29.2,16.9,18.2,19.4,20.3,21.4,
202409,Gosford AWS,27.6,26.4,18.1,21.8,28.4,29.4,28.4,19.9,24.8,21.7,26.3,20.6,19.0,24.7,16.2,19.7,20.5,26.9,27.8,24.3,25.0,26.3,29.3,24.7,29.2,17.1,17.6,19.6,20.2,,
202409,Holsworthy Aerodrome AWS,26.5,24.3,18.8,22.9,27.2,29.4,24.7,20.8,24.3,22.1,26.1,20.1,19.3,24.0,17.0,19.9,22.2,26.1,26.7,24.8,24.2,25.7,28.7,26.7,26.8,13.5,17.2,19.1,21.4,20.3,
202409,Holsworthy Defence AWS,26.6,24.2,19.1,22.8,26.8,29.7,24.5,20.9,24.2,21.6,26.7,19.1,19.3,24.3,16.1,18.7,23.1,26.4,26.5,24.9,24.1,25.5,28.6,26.6,26.1,12.9,15.9,17.9,21.7,19.0,
202409,Horsley Park Equestrian Centre AWS,26.5,24.0,19.1,22.9,27.2,29.5,25.7,20.4,24.6,22.6,25.8,20.6,19.3,23.7,17.6,20.8,21.6,26.1,26.6,24.7,24.5,25.7,29.0,26.4,27.4,12.9,16.7,18.5,21.4,20.9,
202409,Katoomba (Farnells Rd),17.3,14.6,14.7,19.2,21.0,21.5,23.0,15.9,17.3,17.7,20.4,13.8,15.2,18.0,12.3,16.7,17.7,17.8,18.9,17.1,16.5,18.0,21.2,23.8,21.8,,,11.0,16.0,,
202409,Mangrove Mountain AWS,26.5,24.7,17.7,21.9,28.3,27.6,29.0,18.7,23.2,21.6,27.0,19.6,18.3,23.7,16.2,20.6,21.4,25.6,26.5,25.2,23.8,25.3,28.1,26.6,29.0,13.1,15.4,18.7,18.1,19.8,
202409,Mount Boyce AWS,16.0,12.6,14.1,17.3,19.2,19.9,20.7,13.5,15.0,17.6,19.5,14.5,14.4,15.6,10.2,13.6,15.4,15.9,16.9,14.5,14.0,15.5,18.5,21.5,19.3,5.8,8.9,12.5,17.1,17.9,
202409,Norah Head AWS,27.4,26.4,16.9,22.4,26.7,27.8,24.2,18.4,23.6,20.8,24.2,19.1,18.8,22.2,15.3,20.8,20.6,26.5,27.4,21.5,24.6,25.8,27.1,22.8,23.3,17.0,18.6,20.9,22.6,19.2,
202409,Parramatta North (Masons Drive),27.0,25.0,18.2,22.6,26.5,29.3,24.8,20.7,25.0,22.2,26.2,19.8,18.2,23.0,16.8,18.8,21.5,26.0,26.5,25.4,24.5,25.6,28.5,25.8,28.0,13.4,17.4,19.2,20.8,20.8,
202409,Penrith Lakes AWS,27.1,25.2,19.8,23.8,28.8,30.6,27.9,21.0,25.8,23.5,26.6,21.8,20.6,24.9,18.3,22.4,22.4,26.4,27.9,25.8,24.8,26.5,29.9,26.2,30.4,13.9,17.4,19.8,22.4,22.6,
202409,Richmond RAAF,27.9,25.3,20.0,23.7,28.5,30.3,27.9,22.6,25.6,23.3,27.5,22.5,20.4,24.8,18.8,22.4,22.4,26.6,28.2,25.2,24.8,26.2,29.1,26.2,29.4,13.2,16.8,20.3,22.0,22.7,
202409,Sydney (Observatory Hill),27.4,25.2,19.9,21.6,27.8,29.7,25.5,19.8,25.6,24.1,22.7,20.7,19.6,23.4,16.5,19.9,22.0,26.9,27.4,26.1,25.7,26.5,29.5,24.6,26.9,15.4,18.5,20.7,20.2,20.7,
202409,Sydney Airport AMO,28.1,26.2,18.0,22.3,28.8,31.5,23.1,21.5,25.8,21.3,25.1,18.5,17.9,23.2,15.3,18.3,21.8,27.7,28.1,26.4,25.9,27.0,29.8,25.7,27.4,16.2,18.4,19.6,22.1,19.1,
202409,Sydney Harbour (Wedding Cake West),27.1,24.4,17.1,18.0,27.0,28.6,23.6,19.5,24.8,21.0,20.0,18.5,17.1,20.1,14.9,17.5,18.3,25.4,25.9,23.0,23.7,23.5,25.2,25.8,23.9,16.1,17.4,18.3,18.9,18.3,
202409,Sydney Olympic Park AWS (Archery Centre),27.3,25.4,18.8,23.5,27.7,29.8,25.0,20.7,25.8,22.8,27.5,20.1,19.1,24.8,17.0,19.0,22.9,26.7,27.5,25.7,25.2,26.5,29.6,26.5,28.6,14.2,18.0,19.5,21.5,21.1,
202409,Terrey Hills AWS,26.4,24.4,16.3,20.2,27.0,28.3,24.4,18.6,23.6,19.7,25.4,18.8,17.5,22.3,14.4,18.6,19.4,25.0,25.9,23.6,23.5,24.4,28.1,24.5,29.0,13.9,16.1,18.0,18.8,18.6,
202409,"Values are the maximum temperature, usually in the 24 hoursfrom9 am on the day indicated,and typically occurred in the afternoon of that day.",,,,,,,,,,,,,,,,,,,,,,,,,,,,,,,
202409,Temperatures coloured according to their differencefrom the long-termaveragefor the period,-10.0,-9.0,-8.0,-7.0,-6.0,-5.0,-4.0,-3.0,-2.0,-1.0,0.0,+1.0,+2.0,+3.0,+4.0,+5.0,+6.0,+7.0,+8.0,+9.0,+10.0,°C,Grey outline marks highestand lowest for the period,,,,,,,,
202410,Badgerys Creek AWS,24.9,19.2,22.1,26.1,26.0,27.7,29.6,14.7,17.1,24.9,25.7,19.6,22.4,26.7,17.5,19.8,25.9,26.0,27.1,25.0,23.6,27.0,29.7,24.7,24.0,21.6,27.2,30.2,26.3,30.1,31.3
202410,Bankstown Airport AWS,23.4,19.5,21.7,24.6,27.2,28.8,29.8,16.0,17.7,25.8,25.9,20.0,22.3,25.4,18.4,20.3,25.4,27.4,25.9,22.5,22.3,26.1,30.7,22.8,22.7,21.3,27.5,27.4,25.3,28.2,30.8
202410,Camden Airport AWS,24.7,19.5,21.9,24.8,26.5,27.3,29.3,14.5,17.2,25.2,25.4,18.5,23.1,26.4,18.0,20.3,26.3,26.0,26.8,24.7,23.5,27.8,29.2,24.0,23.3,21.9,27.3,29.5,26.6,30.6,31.0
202410,Campbelltown (Mount Annan),23.9,19.6,21.9,24.7,25.6,26.3,29.0,14.4,16.9,25.2,25.4,18.6,22.1,25.6,17.2,20.4,26.2,26.1,26.4,24.0,22.6,27.0,29.3,22.7,22.4,21.4,27.4,30.1,26.0,30.0,30.5
202410,Canterbury Racecourse AWS,21.3,18.9,19.5,22.7,26.0,27.7,28.7,15.6,16.4,22.5,23.0,18.0,20.0,24.6,17.9,19.4,22.7,25.8,23.6,20.2,20.3,23.3,29.5,20.3,20.4,17.8,25.1,25.1,21.9,24.5,27.8
202410,Cooranbong (Lake Macquarie AWS),22.2,20.0,21.0,24.2,28.8,29.7,30.6,17.4,16.9,23.0,24.9,18.1,20.9,24.2,18.4,19.7,23.3,25.4,26.3,22.3,22.3,24.1,30.0,23.0,23.3,20.3,26.0,30.9,23.3,25.9,29.9
202410,Gosford AWS,21.4,20.2,20.1,23.8,27.7,29.1,30.5,15.7,17.7,22.7,23.7,18.3,21.0,26.1,18.1,18.8,23.3,24.6,25.8,21.3,20.8,22.8,28.7,22.1,22.3,19.1,26.2,30.1,22.2,25.5,29.0
202410,Holsworthy Aerodrome AWS,23.0,19.2,20.9,24.7,25.9,27.4,29.1,15.4,16.8,24.9,24.9,18.8,21.4,25.6,17.1,20.6,25.1,26.5,25.1,22.0,21.7,26.0,29.4,22.2,21.5,20.1,27.1,26.7,24.1,28.2,30.3
202410,Holsworthy Defence AWS,23.3,18.3,20.5,25.9,25.4,26.3,29.2,13.9,16.4,25.5,25.6,18.0,22.1,26.0,16.3,21.4,26.1,26.0,23.8,20.8,20.7,27.1,29.6,20.7,21.3,19.0,28.1,26.3,25.1,30.0,30.8
202410,Horsley Park Equestrian Centre AWS,23.6,18.6,21.4,25.6,26.6,27.6,29.0,15.0,16.5,25.1,25.2,18.7,21.6,26.6,17.1,18.9,25.9,26.1,26.0,23.4,22.5,26.4,29.8,23.6,23.0,21.5,27.2,29.3,25.2,29.6,31.3
202410,Katoomba (Farnells Rd),19.5,9.9,16.6,20.0,18.2,18.3,21.2,9.9,8.0,21.6,21.5,9.5,14.9,20.7,10.6,13.0,,,20.0,20.9,,,,,,17.0,22.9,,,,
202410,Mangrove Mountain AWS,21.9,18.1,19.5,25.6,26.8,28.3,29.2,14.5,14.0,24.0,25.6,15.9,19.7,24.9,16.1,16.8,23.9,24.8,25.1,21.3,20.5,25.2,30.8,22.4,22.2,19.7,26.9,29.8,24.1,29.0,30.3
202410,Mount Boyce AWS,19.0,12.0,16.9,17.9,17.0,16.6,19.6,11.0,8.9,19.8,20.7,9.6,15.8,19.8,10.8,13.4,21.1,21.2,18.5,21.1,18.4,23.7,22.6,20.1,16.2,17.3,21.6,23.1,22.7,23.8,22.4
202410,Norah Head AWS,20.7,21.6,21.2,24.0,27.3,29.2,28.2,16.7,18.3,24.1,24.9,18.4,23.4,25.2,18.8,20.9,24.2,22.8,24.8,20.3,19.8,22.3,27.0,23.2,22.9,19.9,25.6,29.2,22.0,26.5,26.1
202410,Parramatta North (Masons Drive),22.2,19.8,21.0,22.8,26.2,27.8,29.0,16.2,17.0,24.6,25.3,18.8,21.2,26.4,17.7,19.6,25.0,,25.2,22.8,21.5,25.2,29.6,22.5,21.8,20.0,26.6,26.2,24.5,27.7,29.8
202410,Penrith Lakes AWS,25.3,19.8,23.4,26.2,27.0,28.5,30.4,14.9,16.8,26.0,26.6,18.8,22.9,24.9,17.3,19.5,26.6,26.7,27.2,25.7,24.2,27.4,29.5,25.9,25.1,22.4,28.3,31.6,26.9,31.7,32.0
202410,Richmond RAAF,24.7,19.5,23.0,25.9,27.7,28.0,30.1,15.2,,25.6,26.6,18.8,22.5,27.6,18.0,19.0,26.2,27.4,27.6,25.3,24.1,27.6,30.3,25.3,24.8,22.1,27.8,32.3,26.3,31.4,32.0
202410,Sydney (Observatory Hill),21.9,20.7,21.8,23.1,27.1,29.0,29.6,16.4,17.7,23.3,24.0,19.5,22.1,25.0,18.2,20.0,22.6,25.5,24.6,22.5,21.6,22.9,26.0,22.5,22.3,20.7,24.2,26.8,23.6,25.2,27.3
202410,Sydney Airport AMO,21.8,20.2,20.9,24.0,27.8,29.3,31.0,16.9,17.7,23.9,23.7,18.0,21.9,24.1,18.7,20.6,23.8,27.0,24.5,20.1,19.9,23.3,30.8,22.2,21.2,19.4,26.3,27.1,22.7,26.2,26.0
202410,Sydney Harbour (Wedding Cake West),19.1,18.6,18.3,22.5,25.6,27.5,28.6,16.4,17.4,19.7,22.0,17.2,18.9,20.9,17.8,18.7,19.6,21.3,22.8,19.3,18.9,20.0,22.2,19.5,20.2,17.8,21.0,24.9,20.0,20.8,22.5
202410,Sydney Olympic Park AWS (Archery Centre),22.8,19.5,20.3,24.6,27.2,28.4,29.5,16.0,17.0,25.7,25.2,18.5,21.3,27.3,17.9,20.4,24.8,26.8,25.3,21.8,21.4,25.1,30.3,22.3,22.7,20.0,26.8,26.9,24.8,27.4,30.9
202410,Terrey Hills AWS,20.5,18.0,19.0,22.4,25.4,26.7,28.7,13.9,15.5,21.2,22.3,16.5,19.6,24.8,16.9,17.2,22.3,23.8,23.6,20.2,20.1,21.3,28.2,20.4,21.0,18.9,24.6,28.9,21.2,24.1,26.7
202410,"Values are the maximum temperature, usually in the 24 hoursfrom9 am on the day indicated,and typically occurred in the afternoon of that day.",,,,,,,,,,,,,,,,,,,,,,,,,,,,,,,
202410,Temperatures coloured according to their differencefrom the long-termaveragefor the period,-10.0,-9.0,-8.0,-7.0,-6.0,-5.0,-4.0,-3.0,-2.0,-1.0,0.0,+1.0,+2.0,+3.0,+4.0,+5.0,+6.0,+7.0,+8.0,+9.0,+10.0,°C,Grey outline marks highestand lowest for the period,,,,,,,,
202411,Badgerys Creek AWS,24.5,19.8,31.4,24.3,24.9,32.8,32.4,30.5,27.0,29.2,22.3,27.5,25.4,22.3,21.1,25.8,33.0,29.3,22.9,27.0,27.0,30.3,34.0,34.5,33.4,37.7,38.2,32.6,22.6,24.7,
202411,Bankstown Airport AWS,24.0,19.7,32.4,22.4,23.4,32.4,31.9,30.5,25.9,28.1,22.3,26.0,26.1,22.7,22.6,25.2,32.8,30.4,22.5,25.4,26.1,28.6,31.9,32.4,31.5,36.9,38.7,31.2,23.0,25.5,
202411,Camden Airport AWS,24.3,19.1,30.7,23.7,25.3,33.4,31.4,29.6,26.8,28.8,22.8,24.6,25.7,22.1,20.7,26.3,33.2,29.5,23.5,26.8,27.3,30.7,34.4,34.5,33.7,39.1,,,22.7,24.4,
202411,Campbelltown (Mount Annan),24.1,18.9,30.5,22.6,24.9,33.6,30.9,29.4,26.2,28.0,21.3,26.7,26.3,21.7,20.9,26.6,33.4,29.8,23.0,26.6,26.9,30.0,34.3,34.5,33.2,38.1,37.1,33.1,22.8,24.2,
202411,Canterbury Racecourse AWS,21.5,20.6,30.2,20.7,22.1,27.9,32.8,29.5,24.3,25.2,20.8,24.1,24.5,21.1,21.0,23.5,27.8,28.8,20.6,24.1,23.9,25.2,27.7,28.5,26.8,31.9,36.5,29.2,21.9,24.3,
202411,Cooranbong (Lake Macquarie AWS),23.1,21.7,32.2,22.6,22.4,28.4,34.1,31.2,26.5,27.5,22.1,24.6,25.3,23.2,21.7,23.8,30.9,26.1,23.0,24.0,24.1,25.3,27.2,27.8,28.8,31.6,36.4,26.5,23.4,26.9,
202411,Gosford AWS,22.6,21.2,31.0,21.1,22.1,28.7,31.7,27.6,24.6,25.1,21.9,24.3,23.2,21.8,21.5,23.9,28.5,26.4,22.1,24.2,24.4,25.3,28.1,28.8,28.1,31.6,37.6,29.1,22.5,25.4,
202411,Holsworthy Aerodrome AWS,23.2,19.1,31.3,21.6,23.1,31.9,30.7,29.4,25.0,27.4,21.7,26.0,25.9,22.6,21.9,24.9,31.4,29.6,22.0,24.7,25.6,28.1,31.6,32.1,30.2,35.9,38.0,31.2,22.5,24.4,
202411,Holsworthy Defence AWS,22.4,18.6,30.4,22.0,22.3,33.3,30.8,29.8,24.7,26.1,20.5,24.8,25.8,20.5,20.6,24.9,32.4,29.7,21.0,24.8,26.1,30.1,33.6,33.0,31.7,38.8,39.0,32.8,21.8,24.4,
202411,Horsley Park Equestrian Centre AWS,23.8,18.7,32.3,22.5,23.9,33.3,32.4,30.0,25.7,28.1,21.6,24.9,25.5,21.5,21.2,25.4,33.5,29.9,22.5,25.9,26.8,30.0,34.0,34.0,33.0,38.1,38.1,31.3,22.3,24.6,
202411,Katoomba (Farnells Rd),18.8,,,24.1,19.6,30.6,27.2,21.5,21.0,24.3,,21.0,20.0,16.3,,,26.4,23.1,18.7,20.4,20.0,26.0,28.2,28.7,30.0,31.3,28.1,25.0,17.5,18.0,
202411,Mangrove Mountain AWS,22.2,20.1,31.2,23.4,22.1,32.7,33.4,30.2,24.8,26.9,20.9,22.0,23.0,21.1,19.7,23.1,31.0,27.4,21.5,24.8,24.1,26.9,30.5,31.7,31.2,37.0,36.9,28.0,21.1,24.3,
202411,Mount Boyce AWS,20.7,16.2,24.2,23.5,20.0,29.3,26.8,19.8,21.8,24.8,14.8,22.9,20.4,17.8,15.5,22.5,26.7,21.2,20.0,21.9,20.9,25.7,28.2,30.0,29.9,29.7,28.1,23.6,17.4,17.6,
202411,Norah Head AWS,23.3,21.5,25.6,20.6,22.9,26.9,28.4,25.2,26.9,25.0,22.4,24.8,23.3,21.8,22.4,25.2,25.9,24.4,24.8,25.7,26.2,26.0,27.0,26.9,26.4,26.5,27.1,25.2,20.8,23.5,
202411,Parramatta North (Masons Drive),23.7,21.2,31.2,22.3,24.2,31.5,32.4,31.0,26.5,27.0,21.2,25.2,26.0,22.0,21.2,25.1,31.5,30.2,21.5,25.8,25.8,28.4,31.2,33.2,32.2,37.5,37.0,29.2,22.8,26.0,
202411,Penrith Lakes AWS,25.5,20.1,33.4,24.9,25.5,33.9,32.7,31.1,28.0,30.5,21.2,27.0,26.1,21.7,20.3,26.5,34.9,30.6,24.0,27.8,27.6,31.2,35.3,37.0,36.0,39.7,39.9,31.7,22.8,24.5,
202411,Richmond RAAF,25.6,20.7,33.5,24.1,25.4,33.8,33.9,30.8,27.8,30.5,21.0,25.8,25.4,23.2,20.9,27.5,34.3,30.5,24.0,27.8,27.4,30.8,34.5,36.3,35.6,39.4,38.5,29.4,22.8,25.9,
202411,Sydney (Observatory Hill),23.6,21.1,28.6,21.6,24.1,27.5,30.7,30.7,26.8,26.3,21.0,24.9,26.0,22.9,21.2,24.7,27.4,28.0,23.3,24.9,25.8,,27.5,26.4,27.8,28.2,32.9,29.0,22.1,24.7,
202411,Sydney Airport AMO,23.0,22.4,30.4,21.1,23.2,28.0,33.9,31.7,24.8,,20.6,24.6,25.9,,22.6,25.1,28.2,29.0,22.8,24.9,25.5,27.2,28.7,28.9,28.5,31.8,38.2,30.5,22.5,25.7,
202411,Sydney Harbour (Wedding Cake West),20.6,20.4,25.9,20.7,21.8,22.7,27.3,26.0,22.2,23.1,20.3,22.0,21.6,20.2,20.8,21.5,23.6,24.2,21.7,22.0,21.4,21.8,21.8,22.3,22.8,22.4,29.1,26.2,21.8,24.8,
202411,Sydney Olympic Park AWS (Archery Centre),23.1,22.9,33.0,21.9,23.8,30.7,34.3,31.3,24.7,27.5,21.5,25.4,26.6,21.8,21.8,25.3,32.5,30.4,22.4,25.0,26.1,27.6,31.4,31.7,29.5,33.2,38.6,30.6,22.9,26.0,
202411,Terrey Hills AWS,21.1,19.2,28.7,19.6,21.0,27.5,32.4,29.0,22.6,25.3,20.1,21.5,22.6,20.7,18.9,22.7,26.2,27.2,20.0,23.6,23.3,24.6,27.4,28.1,26.6,31.9,36.3,28.1,20.6,23.9,
202411,"Values are the maximum temperature, usually in the 24 hoursfrom9 am on the day indicated,and typically occurred in the afternoon of that day.",,,,,,,,,,,,,,,,,,,,,,,,,,,,,,,
202411,Temperatures coloured according to their differencefrom the long-termaveragefor the period,-10.0,-9.0,-8.0,-7.0,-6.0,-5.0,-4.0,-3.0,-2.0,-1.0,0.0,+1.0,+2.0,+3.0,+4.0,+5.0,+6.0,+7.0,+8.0,+9.0,+10.0,°C,Grey outline marks highestand lowest for the period,,,,,,,,
202412,Badgerys Creek AWS,29.7,36.2,32.0,28.4,30.2,35.4,29.0,32.0,25.1,28.5,28.8,32.4,36.5,31.7,31.7,35.3,40.2,25.0,26.1,29.8,36.7,30.3,29.6,28.5,32.9,35.8,38.6,30.3,32.3,29.8,31.3
202412,Bankstown Airport AWS,31.9,36.6,34.0,27.1,29.4,34.0,30.1,31.0,24.0,26.5,27.1,31.0,35.8,29.4,30.0,32.6,39.2,24.2,25.5,27.2,33.1,28.5,29.4,25.4,31.0,31.3,38.0,27.3,30.7,27.8,29.7
202412,Camden Airport AWS,31.1,36.1,32.0,29.5,30.2,35.7,29.4,33.3,25.0,28.4,29.0,33.1,36.2,31.9,31.9,35.4,40.1,24.6,25.9,29.3,35.5,30.1,28.4,27.2,32.5,35.0,38.5,30.7,32.0,29.9,30.4
202412,Campbelltown (Mount Annan),30.5,35.3,32.3,28.9,29.8,34.8,29.3,32.1,24.5,27.9,27.8,32.3,35.1,31.1,30.6,34.0,39.7,23.7,24.9,28.8,34.2,28.4,27.7,25.9,31.3,33.6,37.5,28.8,31.0,28.7,29.5
202412,Canterbury Racecourse AWS,29.8,34.5,32.9,24.5,26.7,30.6,29.3,29.8,23.5,24.1,25.0,29.6,32.1,27.3,27.1,29.0,35.0,22.3,23.0,24.0,31.0,26.2,28.2,23.0,28.0,28.1,36.9,25.3,28.4,26.3,27.7
202412,Cooranbong (Lake Macquarie AWS),32.7,35.9,32.6,27.9,26.9,30.4,34.3,31.6,24.7,27.3,26.6,30.3,33.3,30.0,30.0,29.6,36.3,22.8,24.8,26.4,31.9,28.2,32.1,25.5,28.6,29.2,37.2,27.1,30.1,28.4,29.3
202412,Gosford AWS,30.0,35.0,32.8,25.0,26.0,30.4,28.2,31.2,22.6,24.8,25.6,29.3,30.3,28.8,27.6,29.4,35.1,22.1,23.9,25.5,31.1,27.7,30.9,24.0,28.0,29.1,38.3,27.2,29.8,26.8,28.1
202412,Holsworthy Aerodrome AWS,30.7,35.6,33.0,26.8,28.6,31.8,28.8,30.5,23.6,25.9,26.7,30.7,35.6,29.0,29.5,31.9,39.0,23.1,24.8,26.7,33.3,27.2,28.5,24.8,30.2,31.2,37.5,26.7,30.2,27.5,29.0
202412,Holsworthy Defence AWS,29.2,36.1,33.2,25.5,29.3,34.3,28.5,31.3,23.4,24.6,27.0,32.7,36.8,30.5,28.2,33.3,41.1,22.0,23.4,27.6,33.3,27.5,28.5,24.1,32.3,32.4,38.8,26.7,29.9,27.4,28.2
202412,Horsley Park Equestrian Centre AWS,30.8,35.8,33.1,27.9,29.9,34.6,29.3,31.4,23.7,26.9,27.7,32.1,35.9,30.9,30.7,34.3,39.9,23.9,25.1,28.7,34.9,29.2,28.7,26.5,32.1,34.7,37.7,27.8,30.9,28.5,29.9
202412,Katoomba (Farnells Rd),23.8,29.0,,,,,23.5,28.1,22.9,,,28.5,28.8,28.0,29.1,30.0,33.0,16.7,,,30.0,27.0,,,28.8,31.2,29.0,25.5,26.5,24.0,24.0
202412,Mangrove Mountain AWS,32.0,35.7,32.1,27.1,27.6,34.6,32.8,34.3,21.4,26.9,27.0,33.4,36.5,31.8,31.0,31.5,40.1,20.6,23.8,26.8,36.2,28.7,31.2,26.4,30.5,31.8,37.1,29.3,31.8,27.5,28.0
202412,Mount Boyce AWS,22.8,27.9,22.5,24.3,26.4,29.4,23.2,27.0,23.9,24.2,24.5,27.5,28.2,29.0,30.1,31.1,31.7,17.2,19.9,25.6,29.4,28.6,19.5,24.5,28.7,31.1,28.9,23.8,26.5,25.7,25.0
202412,Norah Head AWS,26.2,27.6,28.9,23.1,25.0,27.4,25.8,27.1,23.1,24.2,26.5,27.1,27.5,26.8,25.9,29.2,30.5,22.0,23.0,24.7,28.3,27.7,31.8,23.4,27.2,29.9,36.3,26.9,28.6,28.2,28.8
202412,Parramatta North (Masons Drive),31.5,36.0,32.5,27.0,28.8,33.0,29.5,30.2,24.6,26.4,28.0,31.8,35.0,28.8,29.2,33.5,38.5,23.5,25.0,27.0,33.0,29.0,29.8,25.2,30.0,32.0,36.5,28.2,30.0,28.5,30.0
202412,Penrith Lakes AWS,31.2,36.6,32.1,29.9,30.9,35.7,28.4,33.4,25.6,29.6,29.7,33.7,36.1,33.0,32.6,36.9,41.6,24.9,26.7,30.5,37.1,31.6,29.8,28.8,33.6,37.4,39.6,30.4,33.4,31.0,32.2
202412,Richmond RAAF,32.9,36.6,33.6,29.5,30.5,35.9,29.8,33.5,23.8,28.9,29.4,33.6,36.9,33.9,32.7,36.1,41.7,24.9,26.7,30.5,37.0,32.2,30.6,29.5,34.0,37.5,39.7,31.1,33.1,30.9,32.6
202412,Sydney (Observatory Hill),29.0,33.3,30.0,26.8,25.8,27.5,29.3,28.4,24.8,25.8,26.4,28.1,30.3,29.2,28.8,29.0,32.1,23.6,25.1,26.1,27.2,27.2,29.1,25.5,27.4,28.6,37.4,27.2,30.2,28.2,30.1
202412,Sydney Airport AMO,31.3,34.9,35.1,24.5,27.0,30.2,30.1,27.1,24.8,25.1,26.2,29.1,31.9,27.3,25.8,30.7,34.0,22.4,23.5,25.1,30.1,27.7,29.7,24.4,29.0,29.3,39.5,27.1,29.8,27.7,29.6
202412,Sydney Harbour (Wedding Cake West),25.5,27.2,30.1,22.8,24.0,23.8,29.4,25.9,22.3,22.7,22.3,24.6,25.9,25.6,25.5,25.4,26.8,21.4,21.4,22.3,23.6,25.2,27.3,21.6,23.5,27.9,33.2,23.1,25.9,23.9,
202412,Sydney Olympic Park AWS (Archery Centre),32.5,36.1,34.2,25.9,27.6,31.0,30.5,30.9,24.0,25.6,26.6,32.0,33.6,28.8,28.1,31.3,36.5,22.9,23.9,26.1,33.2,27.3,29.9,24.9,29.3,31.3,38.2,26.8,30.1,27.6,28.3
202412,Terrey Hills AWS,29.1,34.6,31.6,24.8,26.5,30.4,28.5,29.4,21.2,24.0,23.8,28.5,29.9,27.4,26.9,28.6,34.4,20.7,23.0,24.9,30.8,26.0,28.3,23.9,27.3,27.2,37.0,25.1,29.0,25.8,26.4
202412,"Values are the maximum temperature, usually in the 24 hoursfrom9 am on the day indicated,and typically occurred in the afternoon of that day.",,,,,,,,,,,,,,,,,,,,,,,,,,,,,,,
202412,Temperatures coloured according to their differencefrom the long-termaveragefor the period,-10.0,-9.0,-8.0,-7.0,-6.0,-5.0,-4.0,-3.0,-2.0,-1.0,0.0,+1.0,+2.0,+3.0,+4.0,+5.0,+6.0,+7.0,+8.0,+9.0,+10.0,°C,Grey outline marks highestand lowest for the period,,,,,,,,
202501,Badgerys Creek AWS,35.1,23.0,28.3,34.1,39.4,40.0,20.9,21.4,26.3,26.7,27.0,31.4,33.4,33.7,33.9,23.9,21.4,27.0,25.4,28.3,31.3,40.1,26.4,28.7,30.0,30.2,38.9,43.3,27.3,25.1,25.4
202501,Bankstown Airport AWS,32.1,24.0,26.8,30.9,35.6,37.7,22.0,21.0,25.8,26.9,27.0,29.3,32.2,31.8,33.7,22.6,21.7,26.1,24.5,25.7,28.9,36.7,25.8,27.4,28.2,28.6,35.1,42.3,26.0,25.4,26.5
202501,Camden Airport AWS,35.1,22.2,28.0,34.5,38.9,39.1,,22.1,26.9,24.5,25.5,30.3,33.2,32.7,34.1,23.3,21.8,26.3,24.3,27.8,30.8,36.4,26.4,27.8,29.6,29.6,37.3,41.5,25.5,24.4,25.7
202501,Campbelltown (Mount Annan),34.1,21.8,27.1,33.1,38.0,38.7,21.2,21.1,27.3,27.0,25.9,30.3,33.2,32.0,34.7,23.4,22.1,24.4,23.9,26.8,30.3,,26.6,26.9,29.1,29.0,36.4,40.7,25.0,24.4,25.3
202501,Canterbury Racecourse AWS,29.2,22.9,25.1,28.0,31.2,33.6,22.4,20.2,23.6,26.4,26.7,27.5,30.6,29.6,30.9,21.6,21.3,23.9,22.9,23.7,26.2,35.7,23.7,24.6,26.2,26.8,30.9,40.7,24.3,24.3,25.1
202501,Cooranbong (Lake Macquarie AWS),30.6,22.9,25.6,28.3,31.8,34.3,22.5,19.4,24.1,27.6,28.3,28.8,30.2,31.7,32.6,21.3,21.0,26.0,24.8,26.1,27.6,35.5,26.4,26.8,27.3,29.6,34.4,41.0,24.2,24.7,24.3
202501,Gosford AWS,31.1,23.0,25.0,28.9,32.1,33.4,21.3,20.4,23.3,26.4,26.9,28.4,29.7,30.3,30.9,21.3,21.4,23.8,23.1,24.5,26.0,35.4,24.6,24.4,25.6,28.2,31.4,41.3,24.1,23.3,24.6
202501,Holsworthy Aerodrome AWS,33.2,22.9,25.9,30.9,35.4,36.8,21.2,21.7,25.4,26.3,25.4,28.7,31.9,30.6,33.5,21.6,21.7,25.1,23.7,25.3,27.6,36.4,25.5,26.2,28.4,28.2,34.2,41.6,25.8,25.2,25.7
202501,Holsworthy Defence AWS,34.3,22.1,25.6,32.1,37.5,39.1,20.3,22.3,24.9,25.6,25.6,28.8,32.9,30.4,35.2,21.8,21.6,23.3,22.3,26.1,29.9,37.4,24.0,25.3,29.6,27.5,36.0,42.1,24.1,23.5,24.0
202501,Horsley Park Equestrian Centre AWS,34.4,22.3,27.7,33.4,38.2,38.8,20.6,20.5,25.0,25.8,27.4,30.1,32.9,32.4,35.1,22.2,20.9,25.6,23.4,26.1,29.8,38.4,25.3,26.4,28.3,28.1,36.9,42.0,26.5,24.6,25.5
202501,Katoomba (Farnells Rd),29.0,,,27.0,30.0,31.6,,12.5,18.0,21.6,21.0,21.5,27.0,29.0,31.0,16.5,12.0,,,23.2,28.5,31.5,16.3,22.5,25.2,24.5,32.5,34.2,25.6,18.5,
202501,Mangrove Mountain AWS,33.5,23.8,25.9,30.7,37.2,39.7,20.4,16.7,21.2,24.6,26.9,29.1,31.8,32.9,35.5,19.7,17.9,21.9,22.2,25.4,29.4,36.7,25.2,25.4,26.7,29.3,36.0,40.7,,21.4,22.4
202501,Mount Boyce AWS,29.2,15.3,22.6,28.9,29.9,,15.7,13.3,19.6,19.1,23.6,23.9,26.7,29.0,31.5,18.0,13.2,19.3,18.0,23.3,28.9,30.0,16.8,22.5,25.6,25.9,32.3,33.2,22.1,21.7,16.6
202501,Norah Head AWS,30.6,24.2,26.8,30.3,,31.3,21.1,20.9,25.2,26.8,27.9,29.3,29.6,28.9,30.5,21.5,21.4,23.6,22.7,25.6,25.8,30.4,24.1,23.4,26.2,29.3,29.6,37.6,22.7,24.0,25.5
202501,Parramatta North (Masons Drive),32.8,23.5,27.0,31.8,35.5,37.2,22.2,20.2,24.5,26.2,27.2,29.0,31.4,32.2,33.0,21.8,21.0,24.6,23.8,27.2,29.0,35.2,25.2,26.5,28.0,28.6,35.2,41.5,25.2,24.8,25.8
202501,Penrith Lakes AWS,36.3,22.8,28.7,34.4,38.3,39.6,20.7,21.5,25.7,24.3,28.1,30.3,34.1,33.4,33.9,23.2,21.0,27.4,24.5,28.1,32.4,39.6,25.2,28.4,30.3,30.2,39.2,42.5,26.9,24.4,25.2
202501,Richmond RAAF,36.4,23.2,29.5,34.7,38.8,39.2,20.4,22.8,26.3,26.9,29.4,31.0,34.0,34.4,37.6,22.8,21.1,27.2,,,,40.3,26.1,28.2,30.4,31.2,38.5,42.5,26.6,24.3,25.9
202501,Sydney (Observatory Hill),29.4,23.9,27.1,29.2,31.2,31.7,23.0,20.3,24.4,27.2,28.3,28.6,29.3,29.6,29.9,21.6,20.8,24.3,24.6,25.5,25.9,30.8,25.6,25.1,26.8,28.9,30.7,35.5,25.7,25.1,27.1
202501,Sydney Airport AMO,30.7,24.4,25.6,29.4,31.4,32.7,23.3,20.8,23.1,27.7,27.4,29.3,30.7,30.3,32.4,22.3,,24.6,23.2,24.4,27.0,36.0,24.7,24.0,26.3,29.0,31.6,42.5,24.2,24.0,26.7
202501,Sydney Harbour (Wedding Cake West),24.8,22.4,23.4,23.9,24.9,25.1,22.7,22.6,24.2,24.7,24.8,24.7,25.3,27.3,26.5,22.0,22.8,24.5,21.9,22.3,23.7,27.6,22.4,23.1,23.5,25.3,27.3,30.8,23.3,23.9,24.5
202501,Sydney Olympic Park AWS (Archery Centre),32.3,23.7,26.1,30.6,34.3,34.4,22.2,20.4,24.3,26.3,28.3,29.3,30.8,31.1,32.9,21.8,21.4,24.8,24.0,25.6,27.0,37.6,24.9,25.9,27.7,27.4,35.2,41.6,24.9,24.7,25.7
202501,Terrey Hills AWS,28.8,21.8,24.5,27.2,31.7,33.4,20.6,18.3,22.4,24.4,25.9,27.1,28.9,29.4,30.4,19.7,19.1,22.9,21.8,23.3,25.1,36.9,22.9,24.0,24.5,26.0,29.3,40.1,22.3,23.1,23.8
202501,"Values are the maximum temperature, usually in the 24 hoursfrom9 am on the day indicated,and typically occurred in the afternoon of that day.",,,,,,,,,,,,,,,,,,,,,,,,,,,,,,,
202501,Temperatures coloured according to their differencefrom the long-termaveragefor the period,-10.0,-9.0,-8.0,-7.0,-6.0,-5.0,-4.0,-3.0,-2.0,-1.0,0.0,+1.0,+2.0,+3.0,+4.0,+5.0,+6.0,+7.0,+8.0,+9.0,+10.0,°C,Grey outline marks highestand lowest for the period,,,,,,,,
202502,Badgerys Creek AWS,29.2,31.2,33.0,36.0,35.0,32.5,35.5,35.3,30.9,25.3,29.9,30.4,31.8,27.4,29.9,24.5,25.9,29.4,29.8,23.1,28.9,31.1,32.4,31.7,23.2,31.8,34.7,38.9,,,
202502,Bankstown Airport AWS,27.6,29.1,31.0,33.2,32.7,28.8,32.2,31.1,29.2,25.6,27.5,28.9,29.9,26.8,29.3,23.1,24.1,28.4,27.4,24.2,25.4,28.6,31.3,28.1,23.4,29.0,31.4,37.7,,,
202502,Camden Airport AWS,28.1,29.8,32.0,34.7,31.8,31.0,34.0,32.7,28.9,25.0,28.4,28.5,30.6,27.9,29.0,24.0,25.2,28.5,28.0,22.9,27.4,30.0,32.2,30.9,22.6,31.3,33.2,37.9,,,
202502,Campbelltown (Mount Annan),26.9,29.8,31.7,34.9,32.0,30.4,34.0,32.9,28.8,25.4,28.7,28.6,29.9,27.8,28.8,23.5,25.4,29.0,27.7,24.2,27.5,30.2,32.9,30.5,,,33.1,38.3,,,
202502,Canterbury Racecourse AWS,26.9,27.6,28.8,29.8,31.0,27.3,29.9,29.3,27.4,24.9,26.4,26.8,28.3,26.2,25.5,20.9,22.2,26.5,26.1,22.5,23.7,27.4,28.1,26.3,22.9,27.4,29.3,34.5,,,
202502,Cooranbong (Lake Macquarie AWS),28.5,28.3,29.6,31.7,34.4,29.3,31.0,29.8,30.0,27.4,25.7,29.0,31.1,33.2,28.0,24.0,24.6,28.2,27.1,22.2,26.3,27.4,30.3,34.0,23.6,29.1,29.5,36.1,,,
202502,Gosford AWS,28.0,27.5,28.9,30.9,32.9,27.9,29.6,28.8,28.6,25.5,25.4,27.1,28.5,31.2,26.4,21.9,22.9,27.9,26.5,21.9,23.8,27.3,28.6,29.5,22.7,26.9,29.3,34.0,,,
202502,Holsworthy Aerodrome AWS,27.2,28.1,30.6,32.8,31.9,28.7,32.5,31.3,28.4,25.4,27.6,28.2,28.5,26.1,28.2,22.3,23.7,27.9,27.1,23.6,25.2,28.2,31.1,28.0,23.3,29.2,30.3,37.3,,,
202502,Holsworthy Defence AWS,27.5,28.6,30.7,34.3,31.5,28.0,33.8,30.4,26.5,25.0,28.3,27.5,28.8,26.6,28.9,22.2,22.7,29.2,26.8,22.0,26.0,27.8,32.0,26.1,22.6,30.4,30.9,38.2,,,
202502,Horsley Park Equestrian Centre AWS,28.1,29.1,31.4,34.4,32.9,30.2,34.3,32.9,29.4,25.5,27.8,28.2,29.9,26.4,29.4,23.7,24.8,28.6,27.4,22.8,25.5,29.3,31.7,29.5,22.6,30.4,32.3,37.4,,,
202502,Katoomba (Farnells Rd),,,,,,25.5,29.0,26.0,24.6,18.0,22.0,22.5,24.2,23.0,21.8,17.6,19.8,24.0,22.2,13.5,21.0,24.0,27.5,30.5,16.2,26.0,27.7,31.0,,,
202502,Mangrove Mountain AWS,25.5,27.3,28.8,32.2,32.6,28.7,31.7,30.5,29.3,24.8,25.0,27.3,29.3,31.6,29.8,23.8,24.2,28.5,27.1,20.1,23.0,26.9,30.8,34.1,20.4,28.7,31.7,35.5,,,
202502,Mount Boyce AWS,20.2,23.6,26.0,29.5,25.8,26.7,29.3,26.8,24.9,,,23.4,25.8,24.6,20.8,18.0,,,,,22.2,24.7,26.3,29.6,17.5,,,,,,
202502,Norah Head AWS,27.9,28.7,30.4,30.9,29.9,29.0,30.8,30.1,28.9,25.0,25.3,27.5,30.1,30.7,26.9,21.2,21.7,25.5,27.5,21.8,23.8,28.2,29.2,28.6,22.3,26.6,28.9,29.7,,,
202502,Parramatta North (Masons Drive),27.2,29.0,31.0,32.5,31.2,29.0,32.0,31.0,30.0,25.0,27.0,28.5,29.2,26.7,28.6,23.3,24.0,27.7,26.8,23.0,25.0,28.2,30.5,28.0,23.0,28.8,31.0,36.8,,,
202502,Penrith Lakes AWS,27.8,31.2,33.7,34.5,35.3,31.9,35.0,33.9,31.1,24.2,29.1,29.7,31.6,28.1,30.6,24.4,25.2,29.4,29.6,22.7,28.2,30.4,32.4,32.3,22.9,31.9,35.0,38.9,,,
202502,Richmond RAAF,28.7,30.5,32.0,34.7,34.9,32.0,34.9,33.4,30.7,23.8,27.9,29.9,31.3,27.9,31.3,24.5,25.8,29.2,29.3,22.8,27.7,30.3,,,22.9,31.5,34.8,38.4,,,
202502,Sydney (Observatory Hill),27.8,28.9,30.0,29.5,32.1,29.3,30.0,29.1,29.5,25.1,27.4,29.1,28.5,26.8,26.8,23.0,24.2,25.1,27.5,23.6,22.7,28.1,28.2,27.7,23.1,28.0,28.7,31.2,,,
202502,Sydney Airport AMO,28.9,29.0,30.8,31.3,31.1,28.5,31.4,30.5,,24.8,27.2,28.2,30.2,29.1,26.3,21.7,22.4,27.2,27.4,22.9,23.7,29.2,29.8,25.1,23.5,29.2,30.2,35.6,,,
202502,Sydney Harbour (Wedding Cake West),26.1,25.8,26.0,27.8,28.7,26.7,26.0,25.4,26.5,24.5,25.7,26.0,25.6,25.9,24.6,20.9,21.1,22.7,24.4,21.9,23.4,24.4,25.3,25.6,23.3,25.8,27.2,25.8,,,
202502,Sydney Olympic Park AWS (Archery Centre),27.3,28.2,30.4,31.5,32.0,28.2,31.6,30.2,28.9,25.5,27.6,27.7,29.6,26.8,28.8,22.1,23.8,27.5,26.9,23.0,24.5,28.5,30.6,27.8,23.2,29.3,30.0,36.1,,,
202502,Terrey Hills AWS,25.2,26.2,28.0,29.4,31.2,27.0,28.7,28.3,27.5,24.0,25.1,26.8,27.0,28.1,25.8,20.8,22.6,25.9,25.2,21.2,22.8,25.8,27.0,28.2,21.2,27.0,,,,,
202502,"Values are the maximum temperature, usually in the 24 hoursfrom9 am on the day indicated,and typically occurred in the afternoon of that day.",,,,,,,,,,,,,,,,,,,,,,,,,,,,,,,
202502,Temperatures coloured according to their differencefrom the long-termaveragefor the period,-10.0,-9.0,-8.0,-7.0,-6.0,-5.0,-4.0,-3.0,-2.0,-1.0,0.0,+1.0,+2.0,+3.0,+4.0,+5.0,+6.0,+7.0,+8.0,+9.0,+10.0,°C,Grey outline marks highestand lowest for the period,,,,,,,,
202503,Badgerys Creek AWS,34.9,29.8,26.6,26.2,29.4,27.9,26.1,25.1,28.2,26.3,22.4,29.4,33.6,37.2,37.7,38.5,24.1,26.1,31.0,33.3,28.6,28.3,21.3,26.0,28.0,28.5,26.3,25.6,22.3,26.5,24.4
202503,Bankstown Airport AWS,32.0,25.6,25.9,27.0,27.9,27.7,27.0,25.6,29.0,27.2,24.3,27.5,32.3,36.2,35.6,37.9,22.0,24.1,28.8,32.9,28.9,26.8,22.3,27.1,26.7,28.3,27.0,25.7,22.6,25.2,24.7
202503,Camden Airport AWS,34.6,29.7,25.8,26.0,28.1,27.5,25.1,24.6,26.9,25.6,22.0,27.1,31.9,35.7,36.5,35.3,22.9,24.4,30.1,33.3,29.0,27.8,20.9,25.6,26.1,28.2,27.2,25.0,22.3,25.5,24.9
202503,Campbelltown (Mount Annan),34.3,29.7,26.9,25.9,27.7,28.2,26.4,26.0,28.6,26.0,22.1,27.3,32.2,36.2,36.5,36.2,23.3,25.3,30.3,33.5,28.9,28.1,20.9,26.2,28.3,28.9,27.6,24.8,21.8,25.2,23.9
202503,Canterbury Racecourse AWS,30.0,26.1,24.8,25.5,25.9,25.9,25.7,26.1,27.2,26.7,23.4,26.3,29.9,33.3,33.5,36.9,20.6,23.4,26.9,30.3,28.2,25.2,22.0,25.9,26.5,27.6,26.2,24.9,21.6,24.8,23.7
202503,Cooranbong (Lake Macquarie AWS),31.3,30.8,26.7,27.1,27.0,25.9,25.4,24.9,26.0,23.4,23.6,26.4,28.7,32.1,36.1,36.5,22.9,24.8,28.9,30.5,26.4,26.3,22.7,25.4,27.4,26.8,27.2,25.9,22.4,26.5,25.0
202503,Gosford AWS,29.6,28.8,24.8,26.4,26.9,26.7,25.9,26.3,27.0,25.0,23.2,25.8,29.1,31.7,34.4,36.4,20.8,24.7,27.9,30.3,26.6,25.3,24.9,25.2,25.7,26.5,26.6,25.6,21.6,25.5,23.6
202503,Holsworthy Aerodrome AWS,32.0,25.7,25.6,26.0,26.7,26.9,26.5,24.5,28.5,27.1,22.3,27.0,31.7,35.8,34.7,37.0,21.5,24.4,28.6,32.5,27.5,26.7,22.1,25.8,26.2,27.5,25.7,24.2,22.0,24.2,24.3
202503,Holsworthy Defence AWS,33.4,25.7,24.6,23.8,25.6,25.8,24.8,22.8,27.0,25.3,21.3,25.9,31.9,36.2,35.0,37.1,20.3,23.1,28.3,32.6,27.9,24.7,20.3,24.8,24.9,27.1,24.6,23.6,21.1,23.6,22.7
202503,Horsley Park Equestrian Centre AWS,33.2,26.6,25.4,26.6,26.8,26.4,25.7,24.6,29.0,26.0,23.3,27.6,32.4,36.7,36.6,37.8,22.3,25.1,30.1,33.9,28.7,27.3,21.5,25.9,26.8,28.3,26.2,25.4,21.4,25.1,23.9
202503,Katoomba (Farnells Rd),30.0,27.5,19.0,17.5,21.0,18.0,16.0,16.8,19.5,21.0,17.7,18.2,26.5,30.0,32.0,28.3,17.9,15.2,24.8,26.5,24.5,23.0,24.0,27.0,,,17.0,18.0,,,
202503,Mangrove Mountain AWS,33.0,29.3,23.7,25.5,25.6,25.1,22.1,23.3,25.3,21.9,21.6,25.0,30.7,34.2,35.2,35.3,21.2,23.4,28.5,31.4,25.1,24.7,21.9,22.4,24.0,25.6,25.0,23.9,19.3,23.8,22.9
202503,Mount Boyce AWS,31.1,28.9,19.7,18.3,21.3,18.8,15.6,16.8,19.5,19.5,18.8,19.8,26.4,28.6,31.5,28.0,17.8,17.4,25.4,25.8,22.4,23.6,17.3,21.9,19.1,21.5,18.7,18.1,15.9,16.6,16.1
202503,Norah Head AWS,28.2,28.8,24.0,26.5,26.4,27.1,25.9,26.4,29.0,23.5,22.7,26.4,28.8,29.8,30.1,35.9,20.3,26.3,28.1,28.8,23.9,24.9,24.0,25.2,27.3,27.1,26.1,26.0,21.2,23.6,22.7
202503,Parramatta North (Masons Drive),32.0,27.2,25.0,26.5,26.7,26.6,26.0,25.0,28.0,26.5,24.0,26.0,31.0,34.2,34.5,36.8,22.5,25.0,28.0,32.0,28.2,27.0,22.3,24.9,25.0,27.1,26.3,24.9,21.5,24.5,24.0
202503,Penrith Lakes AWS,35.0,29.8,26.9,26.9,28.7,28.6,25.5,24.1,28.4,26.5,23.3,28.1,32.2,36.4,38.3,37.4,23.7,25.4,31.2,32.7,28.0,29.0,21.4,25.3,25.5,28.6,26.1,26.1,23.0,25.9,25.3
202503,Richmond RAAF,34.7,29.5,26.9,28.6,28.9,,25.6,26.2,28.9,25.5,24.4,27.9,32.3,37.0,39.1,37.9,24.2,,,,27.9,28.7,22.0,25.1,25.7,28.7,26.9,26.5,23.7,,
202503,Sydney (Observatory Hill),28.8,28.0,25.9,26.9,27.7,27.7,26.7,27.0,27.8,28.0,23.7,27.4,28.0,29.5,31.0,37.1,22.5,25.3,27.6,28.0,28.1,27.5,24.2,27.4,26.0,27.8,26.8,25.6,21.2,25.3,23.4
202503,Sydney Airport AMO,31.5,25.7,24.2,27.4,27.8,27.9,28.0,27.7,28.5,28.4,23.8,26.8,30.0,34.2,34.1,39.3,20.3,24.4,27.9,30.0,29.0,,,,27.2,28.4,27.0,25.9,22.5,24.2,
202503,Sydney Harbour (Wedding Cake West),27.1,25.6,24.7,24.9,25.2,25.3,24.7,25.2,24.8,24.2,23.1,26.6,25.5,26.7,28.1,36.9,20.2,23.7,23.8,24.3,24.7,24.7,25.3,25.2,25.2,27.2,26.4,24.7,23.2,24.7,22.7
202503,Sydney Olympic Park AWS (Archery Centre),30.4,27.2,24.9,26.3,26.6,26.7,26.1,25.5,28.4,27.3,23.9,27.7,31.5,34.0,34.5,37.6,21.3,24.3,29.5,30.7,29.3,26.4,22.1,25.7,26.2,27.8,26.5,26.2,21.9,24.9,24.5
202503,Terrey Hills AWS,29.2,27.3,24.0,24.7,25.0,25.1,23.9,,26.7,25.5,21.9,24.8,28.6,32.3,,36.1,20.1,24.4,26.5,29.7,26.5,25.1,23.3,25.2,22.6,26.3,24.3,23.9,20.0,23.4,22.2
202503,"Values are the maximum temperature, usually in the 24 hoursfrom9 am on the day indicated,and typically occurred in the afternoon of that day.",,,,,,,,,,,,,,,,,,,,,,,,,,,,,,,
202503,Temperatures coloured according to their differencefrom the long-termaveragefor the period,-10.0,-9.0,-8.0,-7.0,-6.0,-5.0,-4.0,-3.0,-2.0,-1.0,0.0,+1.0,+2.0,+3.0,+4.0,+5.0,+6.0,+7.0,+8.0,+9.0,+10.0,°C,Grey outline marks highestand lowest for the period,,,,,,,,
202504,Badgerys Creek AWS,23.7,25.7,27.5,27.5,27.4,28.0,27.7,24.0,26.0,25.8,30.9,28.4,27.7,30.0,24.6,24.1,26.0,26.8,30.2,30.5,27.6,24.9,25.3,23.6,24.9,24.5,20.1,23.6,25.4,18.5,
202504,Bankstown Airport AWS,25.0,25.3,27.1,26.0,26.9,26.4,27.3,22.5,25.1,25.2,30.9,26.6,27.5,29.9,23.5,23.4,25.2,25.6,30.7,30.8,27.2,24.3,25.1,25.6,22.9,24.4,21.2,22.7,24.8,18.6,
202504,Camden Airport AWS,23.3,25.7,27.0,26.6,26.9,26.3,26.9,22.8,26.0,25.4,30.6,28.1,27.4,29.3,24.1,23.7,25.4,26.6,30.4,30.3,26.7,24.8,25.7,24.9,24.2,24.2,20.4,24.7,25.0,,
202504,Campbelltown (Mount Annan),23.1,26.1,27.0,25.8,27.1,25.3,27.1,23.5,24.8,25.8,30.3,27.9,27.7,29.1,23.8,23.5,25.7,26.5,30.3,30.6,26.9,24.8,25.0,24.5,24.2,23.5,19.8,23.7,24.7,18.0,
202504,Canterbury Racecourse AWS,22.8,23.9,26.7,24.3,25.1,26.1,25.7,21.4,24.1,24.7,29.1,24.7,26.1,28.2,21.7,21.7,23.2,23.7,29.6,29.7,26.1,22.9,24.2,24.1,23.3,23.9,21.1,21.3,23.4,18.1,
202504,Cooranbong (Lake Macquarie AWS),24.1,21.5,28.2,27.6,27.7,28.9,27.8,23.1,24.7,25.7,29.3,26.4,25.9,27.8,23.2,22.8,23.9,26.0,29.5,30.4,28.4,21.2,25.2,25.0,22.9,24.9,19.0,23.3,25.1,19.8,
202504,Gosford AWS,22.8,23.6,27.6,25.8,26.4,28.4,26.1,21.5,23.3,25.1,28.9,26.0,25.6,27.8,23.1,21.8,23.5,24.6,29.1,29.7,27.2,23.0,24.1,25.0,24.4,24.8,21.2,21.8,24.6,19.1,
202504,Holsworthy Aerodrome AWS,23.2,24.6,26.7,25.3,26.2,25.3,26.9,22.2,24.0,24.2,30.1,26.4,26.8,28.8,22.3,23.1,24.4,25.9,30.3,30.3,27.4,23.6,25.0,25.0,22.9,23.6,20.9,22.7,24.2,18.2,
202504,Holsworthy Defence AWS,22.7,25.7,26.4,23.9,26.2,25.5,26.2,22.3,24.9,25.1,29.7,25.0,27.5,29.2,21.5,22.7,23.9,26.0,30.7,30.6,27.6,22.4,23.9,22.9,23.7,22.7,19.8,21.5,24.0,17.3,
202504,Horsley Park Equestrian Centre AWS,23.6,25.0,26.6,27.2,26.8,26.3,27.4,23.4,25.1,25.1,30.5,26.7,27.3,29.0,23.1,23.9,25.5,26.1,30.1,30.3,27.4,23.7,24.5,24.4,23.1,24.3,20.1,22.0,24.3,18.7,
202504,Katoomba (Farnells Rd),15.2,19.6,21.1,22.5,21.5,20.7,20.0,,,21.0,23.5,20.5,22.0,23.0,16.2,16.9,18.6,21.5,25.0,24.3,18.5,13.0,15.5,,,19.2,12.6,16.6,18.2,9.9,
202504,Mangrove Mountain AWS,21.8,22.7,,27.6,25.9,26.9,27.4,20.7,24.2,25.8,28.8,25.4,25.1,28.1,21.5,20.5,23.4,25.1,29.1,30.1,27.1,21.2,22.8,23.6,22.5,23.2,17.1,20.5,23.3,16.1,
202504,Mount Boyce AWS,15.6,19.6,19.6,21.5,19.9,19.0,18.6,18.7,20.8,20.2,23.2,20.5,21.8,22.1,16.0,17.1,18.6,21.7,23.1,23.1,17.2,14.3,16.0,18.8,18.8,18.6,12.4,16.6,17.9,9.8,
202504,Norah Head AWS,22.0,22.0,27.5,27.2,25.6,27.5,26.4,22.4,23.8,25.7,26.9,27.8,24.1,27.4,22.6,21.3,22.3,23.6,28.4,29.7,28.9,23.5,24.2,24.7,24.5,25.7,21.5,22.4,23.8,19.4,
202504,Parramatta North (Masons Drive),23.4,24.7,25.9,25.5,25.5,25.4,26.6,22.6,24.0,24.9,28.2,26.1,26.2,27.5,22.6,23.0,23.9,26.2,28.0,29.4,27.0,23.0,23.8,23.6,22.0,23.4,21.2,21.6,23.6,18.2,
202504,Penrith Lakes AWS,24.8,25.9,27.6,27.3,27.8,29.6,28.0,24.2,26.3,25.2,30.9,27.9,27.5,29.8,24.3,24.1,26.4,27.1,30.7,30.8,28.1,25.2,25.0,24.9,24.7,24.5,21.3,23.1,25.3,18.8,
202504,Richmond RAAF,23.9,24.9,27.5,27.6,27.2,28.7,28.3,24.1,26.3,25.5,30.2,28.0,27.1,29.4,,,,26.0,30.3,31.3,27.7,24.8,25.4,25.3,24.3,24.3,21.3,23.6,25.0,19.0,
202504,Sydney (Observatory Hill),23.5,25.5,27.5,26.0,27.0,27.5,27.7,22.5,24.4,24.2,28.5,26.3,26.7,27.3,23.2,22.7,24.2,25.6,28.6,29.6,28.0,23.8,24.3,25.2,24.9,24.8,21.2,21.4,24.6,18.4,
202504,Sydney Airport AMO,21.7,23.1,26.9,24.9,25.4,27.5,26.7,21.3,24.0,24.6,29.1,24.8,26.4,28.6,22.2,21.3,22.3,23.4,29.9,30.2,25.7,23.0,25.2,24.8,24.6,24.5,21.9,20.7,22.7,18.7,
202504,Sydney Harbour (Wedding Cake West),22.0,23.2,25.7,26.5,24.1,25.0,24.9,22.3,23.8,23.7,26.0,26.2,26.0,25.9,21.8,21.1,22.7,24.1,26.8,28.3,24.9,23.8,24.3,24.2,23.5,23.8,23.0,22.5,23.3,19.4,
202504,Sydney Olympic Park AWS (Archery Centre),23.7,24.8,27.5,26.1,26.6,27.1,27.4,22.6,23.6,24.7,29.6,25.9,26.6,28.9,22.9,22.5,24.4,25.5,30.7,30.6,28.1,23.9,24.2,24.2,23.1,24.1,21.4,22.1,24.6,18.3,
202504,Terrey Hills AWS,22.4,,25.8,25.6,24.9,26.1,25.6,20.1,21.9,23.5,27.8,24.4,25.3,27.2,21.4,21.3,22.5,24.0,28.1,29.0,26.4,21.1,22.5,23.1,23.0,22.9,19.7,20.1,22.4,16.9,
202504,"Values are the maximum temperature, usually in the 24 hoursfrom9 am on the day indicated,and typically occurred in the afternoon of that day.",,,,,,,,,,,,,,,,,,,,,,,,,,,,,,,
202504,Temperatures coloured according to their differencefrom the long-termaveragefor the period,-10.0,-9.0,-8.0,-7.0,-6.0,-5.0,-4.0,-3.0,-2.0,-1.0,0.0,+1.0,+2.0,+3.0,+4.0,+5.0,+6.0,+7.0,+8.0,+9.0,+10.0,°C,Grey outline marks highestand lowest for the period,,,,,,,,
202505,Badgerys Creek AWS,20.1,20.8,23.1,23.0,24.8,25.3,27.2,22.1,21.2,23.3,22.4,23.8,23.4,23.9,21.4,21.8,23.9,16.4,18.1,19.6,18.3,18.8,22.6,21.1,19.2,16.5,17.9,19.9,18.1,21.1,21.2
202505,Bankstown Airport AWS,20.4,20.9,21.9,22.8,24.4,26.1,27.3,20.6,19.5,22.1,22.3,23.7,21.8,24.3,20.1,20.8,22.4,16.4,18.1,20.1,19.3,19.1,21.0,21.8,19.5,17.8,18.8,19.8,18.4,21.2,19.8
202505,Camden Airport AWS,20.0,20.5,22.5,22.8,24.7,24.9,27.0,21.4,20.0,22.3,21.5,23.4,21.5,23.6,21.1,21.4,23.0,17.3,18.7,19.7,18.6,18.2,21.5,21.6,18.3,17.9,17.9,19.6,19.2,20.5,20.5
202505,Campbelltown (Mount Annan),20.0,20.1,23.0,23.0,24.5,25.2,26.6,21.0,20.2,22.5,22.1,23.3,21.4,23.9,20.3,20.8,23.2,16.1,18.2,19.5,18.5,18.1,20.1,20.9,18.1,18.3,17.7,19.3,18.5,20.8,20.6
202505,Canterbury Racecourse AWS,18.7,19.8,21.4,22.6,23.9,25.8,26.2,19.5,18.7,21.4,21.3,21.3,23.1,23.1,19.2,19.9,21.1,16.5,17.6,19.6,19.9,19.7,22.3,22.0,19.5,18.4,18.7,19.4,17.6,21.2,20.5
202505,Cooranbong (Lake Macquarie AWS),20.3,19.9,22.2,22.5,24.9,26.1,26.3,21.8,19.8,20.2,18.8,22.1,23.9,23.6,19.7,20.4,23.2,15.4,17.7,19.5,18.6,20.4,22.5,22.2,19.6,16.7,19.6,,,,
202505,Gosford AWS,18.7,19.0,21.9,21.9,24.5,26.5,26.6,19.9,18.1,20.2,19.6,20.4,23.1,24.1,19.0,20.0,21.5,17.4,18.4,19.8,19.9,20.8,23.2,21.6,18.7,18.5,18.8,19.4,16.7,19.8,20.1
202505,Holsworthy Aerodrome AWS,19.3,20.4,21.4,22.6,24.0,25.4,26.7,19.9,19.7,21.9,21.7,21.9,22.3,23.2,19.3,20.2,22.0,15.9,17.7,19.6,18.7,18.6,20.2,20.8,18.6,17.1,17.7,19.0,18.2,20.6,19.7
202505,Holsworthy Defence AWS,17.9,19.4,20.6,22.8,24.4,25.2,26.6,18.7,19.1,20.9,20.4,21.6,20.5,23.8,17.8,19.9,22.4,15.5,16.6,17.6,17.8,17.9,19.8,20.7,17.9,18.3,17.3,18.7,17.7,20.4,19.3
202505,Horsley Park Equestrian Centre AWS,19.6,20.3,21.9,22.5,23.9,24.9,26.6,19.7,19.5,22.4,21.7,22.9,21.7,24.1,19.7,22.1,22.7,15.9,17.4,19.1,17.9,18.3,20.9,21.1,18.4,16.2,17.9,19.7,17.4,20.6,20.5
202505,Katoomba (Farnells Rd),11.9,12.0,15.0,18.0,19.4,18.4,18.2,17.1,13.5,15.2,13.2,17.2,14.0,,,13.2,17.0,9.0,8.9,10.2,12.0,13.1,15.0,12.0,13.0,15.3,9.1,12.9,11.1,14.0,14.8
202505,Mangrove Mountain AWS,17.4,17.6,20.3,19.7,22.8,25.5,25.7,18.6,18.0,18.4,17.6,18.6,20.4,22.4,16.5,17.3,21.1,13.2,13.6,17.4,16.5,17.8,19.4,20.7,17.5,16.6,17.3,20.2,15.7,19.4,18.9
202505,Mount Boyce AWS,11.2,13.1,15.4,16.9,17.7,17.4,17.3,16.7,14.0,14.2,13.3,17.3,15.4,17.1,12.6,12.6,15.3,9.8,8.7,10.5,11.2,13.3,14.9,11.1,11.4,15.6,7.6,10.3,9.2,14.8,14.1
202505,Norah Head AWS,19.2,18.8,22.3,22.6,24.4,25.7,27.0,20.0,18.8,19.7,19.0,20.2,24.5,23.7,19.4,19.4,21.4,18.1,19.2,20.9,20.4,20.8,22.9,21.5,18.6,18.7,18.5,19.3,16.6,18.9,19.5
202505,Parramatta North (Masons Drive),19.0,20.0,21.2,21.6,24.0,24.6,25.5,20.0,19.0,21.0,20.8,21.0,21.5,23.5,19.7,20.7,21.5,16.3,17.4,20.0,18.5,18.7,20.8,21.2,18.2,17.0,18.2,19.2,17.5,20.0,19.5
202505,Penrith Lakes AWS,20.4,20.8,22.4,23.4,25.2,25.0,28.2,22.1,21.1,22.5,21.3,23.9,21.6,23.6,20.7,21.9,23.3,16.6,17.9,18.6,17.5,18.2,22.7,22.2,19.2,17.0,18.9,21.4,18.2,20.9,20.6
202505,Richmond RAAF,20.1,20.9,22.8,23.0,24.9,25.6,27.8,21.4,20.2,21.9,21.1,,,,20.4,22.4,23.2,16.3,17.7,20.5,17.4,18.9,22.6,22.0,19.0,16.8,19.1,21.4,17.8,20.4,21.0
202505,Sydney (Observatory Hill),19.5,19.7,22.7,22.8,24.5,24.2,26.2,19.9,19.0,23.8,21.3,21.6,22.6,24.2,19.3,20.0,22.1,16.4,17.5,20.8,19.5,19.6,21.3,21.4,19.6,19.1,18.5,20.4,17.3,21.9,20.9
202505,Sydney Airport AMO,18.5,19.0,21.9,23.1,24.6,26.0,27.4,19.5,18.0,21.6,21.6,21.2,21.9,23.4,19.6,19.6,20.0,17.7,18.0,20.9,20.5,20.6,21.9,22.7,20.2,20.6,19.2,19.5,17.6,19.3,19.3
202505,Sydney Harbour (Wedding Cake West),19.3,19.9,22.3,22.5,22.0,22.4,25.6,18.8,19.0,22.3,21.6,22.8,23.2,22.3,19.9,20.3,20.9,18.2,19.3,20.1,21.0,21.9,21.6,21.5,18.6,18.2,18.2,18.8,18.0,20.2,20.1
202505,Sydney Olympic Park AWS (Archery Centre),19.5,20.3,22.2,22.8,24.9,26.6,27.1,19.1,18.9,22.3,21.6,21.5,23.2,24.3,19.9,21.7,22.4,16.5,17.9,20.6,19.0,19.4,22.0,22.0,19.8,18.8,19.0,20.1,17.9,21.5,21.2
202505,Terrey Hills AWS,17.1,16.7,20.4,21.7,22.8,25.2,25.1,17.5,17.6,19.4,20.4,19.1,20.8,22.9,17.5,19.2,19.8,15.3,16.5,18.6,17.8,18.6,21.0,20.4,17.9,16.0,17.9,18.4,15.7,18.8,18.7
202505,"Values are the maximum temperature, usually in the 24 hoursfrom9 am on the day indicated,and typically occurred in the afternoon of that day.",,,,,,,,,,,,,,,,,,,,,,,,,,,,,,,
202505,Temperatures coloured according to their differencefrom the long-termaveragefor the period,-10.0,-9.0,-8.0,-7.0,-6.0,-5.0,-4.0,-3.0,-2.0,-1.0,0.0,+1.0,+2.0,+3.0,+4.0,+5.0,+6.0,+7.0,+8.0,+9.0,+10.0,°C,Grey outline marks highestand lowest for the period,,,,,,,,
202506,Badgerys Creek AWS,19.9,16.7,19.9,15.6,16.8,15.3,19.4,16.2,15.3,17.7,16.4,16.9,16.3,18.3,19.2,17.6,19.5,17.4,17.4,18.3,18.3,18.8,21.2,21.5,16.2,15.2,17.0,18.8,19.6,17.7,
202506,Bankstown Airport AWS,20.7,18.0,19.8,15.5,18.3,15.9,20.2,16.5,16.1,17.8,17.0,16.6,16.8,17.6,19.2,17.9,19.4,17.7,18.5,18.8,19.2,19.1,22.9,22.5,17.2,16.2,15.8,18.4,19.8,18.0,
202506,Camden Airport AWS,19.9,17.4,20.3,15.6,17.4,15.2,19.7,16.0,14.9,17.1,16.3,17.6,16.7,18.7,19.1,16.9,18.9,17.4,17.7,18.4,18.7,20.4,21.2,21.8,15.9,15.0,16.9,18.6,19.1,17.7,
202506,Campbelltown (Mount Annan),20.3,17.9,19.7,15.6,17.4,16.0,19.0,15.7,14.2,17.0,16.2,17.5,16.9,17.9,18.9,16.9,18.3,17.1,17.4,18.2,18.4,20.3,21.4,21.4,15.8,14.8,16.6,18.6,18.5,18.2,
202506,Canterbury Racecourse AWS,21.1,18.0,18.4,14.7,17.5,16.5,19.8,16.7,15.7,17.8,16.7,16.5,16.4,17.3,19.0,17.4,19.0,17.5,18.9,18.1,19.8,19.0,22.0,20.9,17.4,15.1,15.5,17.8,19.7,17.6,
202506,Cooranbong (Lake Macquarie AWS),20.9,20.4,19.2,14.0,18.4,19.1,20.8,17.6,15.5,19.4,18.1,18.3,15.5,19.0,20.3,19.6,18.4,18.3,19.1,19.4,20.9,21.2,22.8,22.4,18.3,16.4,17.1,16.8,21.2,17.9,
202506,Gosford AWS,21.6,21.1,18.5,13.9,17.6,20.0,20.3,16.9,14.6,18.8,17.2,16.4,16.2,17.6,19.9,18.0,18.5,16.6,18.8,18.1,20.6,21.9,23.3,21.7,17.4,15.3,15.8,16.8,19.2,16.9,
202506,Holsworthy Aerodrome AWS,20.1,17.5,19.2,14.8,17.5,15.2,19.3,15.9,14.6,17.0,16.3,17.3,16.3,17.5,18.5,17.1,18.6,17.1,17.5,17.9,18.2,19.1,22.4,21.4,16.2,15.7,15.3,17.7,19.0,18.6,
202506,Holsworthy Defence AWS,20.3,16.6,18.6,13.7,17.1,17.1,19.0,15.8,14.9,16.9,15.7,16.1,15.5,16.8,19.5,16.9,18.0,17.3,17.8,18.8,18.6,19.3,21.3,21.6,15.8,14.8,14.7,17.7,18.5,17.6,
202506,Horsley Park Equestrian Centre AWS,19.7,17.3,19.1,14.8,17.2,15.8,19.5,15.9,15.0,17.5,16.6,16.7,16.5,17.5,18.1,17.0,18.9,16.6,16.9,18.0,18.3,18.8,22.7,21.5,16.0,14.9,15.5,17.8,18.9,17.4,
202506,Katoomba (Farnells Rd),,,15.0,8.7,11.9,12.2,10.5,6.8,,,8.0,10.7,9.0,11.2,10.2,,,12.8,14.6,15.8,17.6,,,13.0,5.7,8.1,9.5,11.5,12.1,11.2,
202506,Mangrove Mountain AWS,20.8,19.2,16.7,12.1,16.9,17.0,18.6,15.6,13.3,18.2,16.5,16.9,16.3,16.9,18.6,17.4,16.6,17.2,18.5,18.3,19.5,20.4,21.6,19.4,15.5,14.2,14.5,15.3,18.5,15.7,
202506,Mount Boyce AWS,15.2,13.1,13.5,7.0,10.7,10.4,8.6,5.9,5.3,5.8,6.8,9.3,8.4,11.2,9.6,9.1,9.5,10.8,13.4,14.6,15.1,14.0,14.6,11.6,4.4,6.5,8.8,11.2,10.6,11.3,
202506,Norah Head AWS,20.7,19.9,18.1,13.8,16.8,18.2,19.7,16.8,14.4,18.7,16.6,15.8,15.4,17.0,19.7,17.4,18.4,17.1,17.8,18.4,19.4,21.5,22.5,20.2,17.5,15.1,15.9,16.4,18.7,16.6,
202506,Parramatta North (Masons Drive),20.0,17.0,18.2,16.6,17.2,16.0,19.6,16.6,15.6,17.5,16.2,16.0,15.7,16.8,18.5,15.5,18.5,17.2,18.0,18.0,18.2,18.5,21.6,20.2,16.7,15.7,15.5,16.6,18.0,17.0,
202506,Penrith Lakes AWS,20.5,17.1,20.1,16.1,17.7,15.0,20.3,16.6,15.8,18.1,17.4,16.6,16.9,18.2,19.3,17.4,20.1,17.3,17.7,17.7,18.1,17.4,21.3,22.1,17.2,15.3,16.4,18.2,17.6,17.4,
202506,Richmond RAAF,20.3,17.8,20.0,15.7,17.9,15.6,21.3,16.9,15.7,18.6,17.9,17.2,17.6,18.9,20.0,17.4,19.9,16.9,17.8,18.1,18.4,17.4,22.9,21.8,17.4,15.4,16.6,17.7,18.1,17.5,
202506,Sydney (Observatory Hill),20.6,18.2,19.2,14.1,18.9,17.1,20.1,16.4,15.4,18.2,17.5,17.2,16.3,18.1,19.3,17.5,19.1,17.8,18.6,19.2,19.2,20.3,22.4,21.4,17.2,15.8,16.4,18.4,19.8,17.5,
202506,Sydney Airport AMO,21.2,18.5,17.9,14.1,16.7,16.9,20.4,17.0,15.5,18.3,17.6,15.9,15.0,16.0,19.1,18.0,19.5,17.9,18.9,17.2,19.8,19.9,22.0,22.1,17.4,14.3,15.2,17.5,19.2,16.7,
202506,Sydney Harbour (Wedding Cake West),20.2,18.9,18.3,14.7,16.6,17.1,19.4,16.1,14.5,17.0,16.1,15.8,15.3,17.0,17.7,15.5,18.6,15.9,16.7,18.4,19.3,17.6,19.7,21.3,16.8,14.2,15.7,17.0,18.0,16.2,
202506,Sydney Olympic Park AWS (Archery Centre),21.4,17.8,19.1,15.1,18.6,17.6,20.8,17.2,16.1,18.5,17.6,16.7,16.4,18.0,19.7,17.0,19.3,17.9,18.5,18.7,19.2,20.1,22.9,21.7,17.6,15.7,15.8,18.2,19.6,18.0,
202506,Terrey Hills AWS,19.5,18.1,16.9,12.0,15.9,17.0,19.0,15.1,13.9,16.8,15.4,15.2,14.8,16.1,17.9,16.1,17.4,16.2,17.2,17.2,18.2,19.8,20.7,20.0,15.9,13.9,14.2,15.6,18.7,15.2,
202506,"Values are the maximum temperature, usually in the 24 hoursfrom9 am on the day indicated,and typically occurred in the afternoon of that day.",,,,,,,,,,,,,,,,,,,,,,,,,,,,,,,
202506,Temperatures coloured according to their differencefrom the long-termaveragefor the period,-10.0,-9.0,-8.0,-7.0,-6.0,-5.0,-4.0,-3.0,-2.0,-1.0,0.0,+1.0,+2.0,+3.0,+4.0,+5.0,+6.0,+7.0,+8.0,+9.0,+10.0,°C,Grey outline marks highestand lowest for the period,,,,,,,,
202507,Badgerys Creek AWS,14.6,17.7,18.0,19.8,18.0,21.7,17.1,15.8,19.6,14.7,17.5,19.5,17.0,18.9,14.4,18.1,17.1,15.5,18.6,19.4,20.0,18.2,18.6,17.5,17.8,19.5,19.2,18.7,15.3,12.0,16.2
202507,Bankstown Airport AWS,15.3,18.1,18.4,19.0,18.9,21.8,16.6,16.3,20.0,15.9,18.5,20.1,17.0,19.0,14.4,18.1,17.2,16.5,19.0,19.0,19.4,19.0,19.7,17.4,18.2,19.8,19.5,19.8,16.9,11.2,15.5
202507,Camden Airport AWS,15.0,18.1,18.3,18.9,17.4,21.0,16.5,15.5,19.2,15.2,17.1,19.1,16.8,18.3,14.4,18.1,17.4,15.3,18.5,18.8,19.9,18.1,18.3,17.3,17.0,19.2,19.2,18.2,16.4,11.0,15.6
202507,Campbelltown (Mount Annan),14.3,17.0,18.2,19.1,17.7,21.0,16.3,15.6,19.8,15.1,16.8,19.3,16.5,18.0,14.5,18.4,17.7,16.3,18.4,18.2,19.4,18.0,17.6,17.4,16.7,18.8,18.1,17.5,15.4,10.6,15.2
202507,Canterbury Racecourse AWS,16.4,18.2,18.6,19.6,18.5,21.4,16.6,16.9,19.8,16.3,,18.9,17.1,18.8,14.1,17.6,17.4,15.8,18.8,17.9,18.8,19.5,18.8,17.6,17.8,18.7,18.5,18.6,16.8,11.7,14.4
202507,Cooranbong (Lake Macquarie AWS),14.6,17.3,18.8,20.1,19.2,23.5,19.4,16.8,20.9,17.6,19.6,20.9,19.8,20.9,15.9,18.3,18.7,17.8,19.6,18.7,20.4,20.1,21.6,17.4,18.2,18.2,18.1,18.1,17.1,13.4,15.7
202507,Gosford AWS,14.1,17.1,18.0,18.0,19.4,22.2,17.7,16.3,19.9,16.4,18.3,18.7,18.9,18.9,14.4,18.0,18.2,15.1,18.6,18.1,19.3,19.7,20.3,16.2,18.0,16.8,18.4,18.0,17.0,12.4,14.7
202507,Holsworthy Aerodrome AWS,15.0,17.4,18.0,19.0,17.9,21.1,16.5,15.4,19.5,14.9,17.1,18.6,16.3,18.4,14.7,17.6,16.6,15.4,18.1,18.3,19.3,18.1,18.0,17.1,17.5,19.0,18.1,18.0,15.9,11.1,15.0
202507,Holsworthy Defence AWS,14.1,16.8,17.0,17.9,18.2,20.8,16.1,14.3,18.9,14.8,16.9,18.3,17.3,18.2,14.3,17.6,17.2,14.6,18.7,16.9,19.1,18.0,17.9,16.8,16.8,18.3,18.7,17.8,15.2,10.2,14.0
202507,Horsley Park Equestrian Centre AWS,13.8,17.4,17.9,18.8,17.8,21.0,16.4,15.7,19.1,15.4,17.8,18.9,16.7,19.0,14.2,17.4,16.4,15.3,18.3,18.6,18.7,18.0,18.5,17.1,16.7,19.2,17.6,17.7,16.3,11.4,15.2
202507,Katoomba (Farnells Rd),8.4,9.1,,,14.5,15.4,8.7,9.6,,,8.8,12.5,11.3,12.1,6.0,13.6,13.2,,,,,12.8,10.2,11.0,11.2,10.6,6.9,,,4.1,
202507,Mangrove Mountain AWS,,,17.1,18.0,18.4,21.6,17.9,13.6,19.1,15.6,17.8,18.9,18.4,19.3,12.9,17.2,16.6,14.2,17.9,17.3,18.8,18.6,19.3,16.2,16.4,17.0,16.9,16.3,15.4,10.4,13.4
202507,Mount Boyce AWS,7.6,8.4,9.0,12.3,13.6,14.6,6.8,8.3,11.9,4.3,6.9,9.8,9.3,9.8,4.2,10.4,11.2,7.5,10.2,11.6,13.3,12.5,8.3,8.6,11.1,10.3,6.9,5.4,8.6,4.0,
202507,Norah Head AWS,13.9,16.8,17.6,17.0,20.7,21.5,18.0,16.0,19.3,16.5,18.5,18.9,18.7,19.2,14.8,17.4,18.6,15.5,17.3,17.0,19.8,19.2,20.6,16.3,18.4,16.5,17.4,17.6,17.1,14.2,15.2
202507,Parramatta North (Masons Drive),,17.0,18.0,18.3,17.8,,16.5,16.0,19.8,16.4,17.7,17.8,17.5,18.2,14.3,17.8,17.0,15.3,18.2,18.0,18.6,18.8,18.3,17.5,17.6,19.5,18.4,18.5,16.0,12.0,14.8
202507,Penrith Lakes AWS,15.7,18.9,18.8,18.9,17.2,22.9,17.7,16.0,20.4,15.8,18.9,20.0,17.7,20.1,14.8,18.9,16.7,15.2,18.8,18.8,19.9,18.9,20.1,18.0,17.5,20.0,19.4,19.0,19.0,13.1,16.3
202507,Richmond RAAF,15.5,19.0,19.0,18.9,18.1,22.2,17.9,16.6,20.4,16.2,18.8,19.7,18.5,20.1,14.7,19.1,16.9,15.0,18.3,19.0,19.4,19.3,20.3,17.9,17.5,20.3,19.3,18.6,19.5,12.7,16.5
202507,Sydney (Observatory Hill),15.8,17.7,18.8,19.4,18.4,21.9,17.2,16.8,20.3,16.2,18.5,19.5,17.9,19.8,14.6,18.2,17.4,16.6,19.1,18.7,20.7,19.6,20.4,17.8,18.4,18.4,18.0,18.8,17.9,12.5,15.0
202507,Sydney Airport AMO,16.3,16.4,18.2,17.2,18.9,22.3,17.1,17.3,20.4,16.6,18.3,18.7,18.1,18.7,15.1,18.5,17.9,15.2,19.1,16.8,17.6,20.3,19.7,16.9,18.1,18.6,18.9,19.3,17.9,14.4,14.3
202507,Sydney Harbour (Wedding Cake West),17.8,17.2,18.0,17.5,17.4,20.6,15.9,15.9,18.5,15.7,17.5,17.6,17.2,18.8,14.1,17.0,17.1,15.6,17.5,17.4,18.1,18.6,18.2,18.5,17.3,16.8,17.1,17.6,16.2,15.5,14.8
202507,Sydney Olympic Park AWS (Archery Centre),15.4,18.3,18.8,19.7,18.3,22.0,18.0,16.7,20.9,17.2,18.6,20.4,18.5,19.3,15.0,18.3,17.8,16.2,19.5,19.2,19.4,19.8,19.7,17.9,18.4,19.2,19.2,19.2,17.2,12.1,15.2
202507,Terrey Hills AWS,13.8,15.3,16.7,17.1,17.9,19.9,15.8,14.4,18.6,15.2,17.0,17.5,17.4,17.4,12.9,16.4,16.0,14.0,17.1,16.4,17.8,18.1,18.5,15.5,16.5,17.6,16.9,16.8,15.8,10.3,13.3
202507,"Values are the maximum temperature, usually in the 24 hoursfrom9 am on the day indicated,and typically occurred in the afternoon of that day.",,,,,,,,,,,,,,,,,,,,,,,,,,,,,,,
202507,Temperatures coloured according to their differencefrom the long-termaveragefor the period,-10.0,-9.0,-8.0,-7.0,-6.0,-5.0,-4.0,-3.0,-2.0,-1.0,0.0,+1.0,+2.0,+3.0,+4.0,+5.0,+6.0,+7.0,+8.0,+9.0,+10.0,°C,Grey outline marks highestand lowest for the period,,,,,,,,
202508,Badgerys Creek AWS,15.7,14.2,16.9,19.2,21.8,19.1,17.1,17.9,17.4,17.4,18.0,18.8,19.7,16.5,20.1,19.0,16.6,16.4,16.5,13.5,14.7,16.9,21.6,19.9,23.7,25.1,20.5,18.9,21.2,17.4,21.1
202508,Bankstown Airport AWS,16.1,16.7,17.4,19.3,22.5,19.2,16.9,17.7,16.8,16.6,16.4,18.7,19.8,16.1,19.5,18.5,16.7,14.8,16.7,14.6,15.6,17.1,20.8,18.5,22.7,25.5,21.3,19.8,21.1,17.9,21.3
202508,Camden Airport AWS,15.6,15.2,17.7,17.6,21.1,18.9,17.5,16.6,17.4,16.5,17.6,19.2,19.5,16.8,19.9,18.7,16.9,15.6,15.9,13.9,14.7,17.2,21.2,19.2,22.9,24.5,20.1,19.4,20.8,17.1,21.3
202508,Campbelltown (Mount Annan),15.7,15.7,17.0,17.5,21.0,18.9,17.0,16.5,16.8,16.3,17.3,18.5,20.1,16.0,19.5,17.7,16.5,14.3,15.6,13.9,14.6,16.9,20.4,18.5,22.8,24.5,19.9,18.5,20.8,17.2,21.0
202508,Canterbury Racecourse AWS,14.5,16.4,16.5,18.5,22.5,18.7,16.5,16.6,16.8,15.4,15.7,18.2,19.1,13.9,19.9,19.1,17.0,14.2,16.0,14.3,16.0,16.6,20.3,18.5,21.8,23.2,21.3,,20.6,17.8,20.8
202508,Cooranbong (Lake Macquarie AWS),15.7,16.2,18.7,19.3,22.4,19.1,14.6,17.5,17.4,17.3,16.6,18.9,20.0,16.9,19.4,20.9,17.2,15.7,17.3,16.1,14.9,17.2,21.7,20.2,23.0,24.1,24.4,20.5,21.2,19.3,21.0
202508,Gosford AWS,12.4,17.2,17.9,18.9,22.1,18.9,15.4,16.7,17.5,15.8,16.7,18.1,18.5,14.8,19.1,19.5,16.4,15.2,17.7,15.3,15.2,16.3,20.9,19.3,21.3,23.4,22.0,20.2,21.4,18.7,19.9
202508,Holsworthy Aerodrome AWS,15.0,16.3,16.6,17.8,21.0,18.4,16.6,16.7,16.1,16.0,16.3,17.1,19.2,15.4,19.0,17.9,16.5,13.9,16.1,14.1,14.9,16.7,20.5,18.5,22.3,24.6,20.3,19.2,20.5,17.2,20.8
202508,Holsworthy Defence AWS,15.3,15.1,16.0,17.2,21.3,18.2,15.4,15.7,14.8,15.3,16.2,16.8,19.2,15.6,19.6,17.7,16.0,12.8,15.9,13.2,14.3,16.7,19.4,18.8,22.1,25.1,19.3,18.5,20.9,16.9,21.3
202508,Horsley Park Equestrian Centre AWS,15.1,15.7,17.3,18.2,21.2,18.4,16.2,17.3,17.2,16.1,17.3,18.7,19.0,15.8,19.0,18.6,16.5,14.7,15.9,13.3,14.7,16.7,20.4,18.8,23.1,24.2,20.8,18.9,20.1,17.3,21.2
202508,Katoomba (Farnells Rd),,7.2,8.9,10.2,,,7.7,7.5,7.5,8.2,10.1,12.2,10.6,12.1,14.5,10.2,10.4,8.3,,,8.7,11.0,15.5,14.1,17.1,,,10.1,11.6,8.5,15.2
202508,Mangrove Mountain AWS,10.6,13.6,15.4,17.6,20.9,18.2,14.7,15.7,15.6,14.4,15.2,17.1,19.4,13.2,18.4,19.0,16.1,14.3,15.8,13.0,13.2,14.5,20.0,19.3,22.6,23.9,21.2,19.8,20.8,17.7,20.1
202508,Mount Boyce AWS,5.4,7.0,8.9,13.2,12.1,10.1,8.7,7.1,8.0,8.5,9.2,12.0,10.1,9.0,12.9,9.0,8.6,9.7,9.4,6.9,8.5,11.6,13.8,12.9,17.6,18.8,10.1,9.0,10.8,6.7,13.6
202508,Norah Head AWS,15.1,17.2,18.8,17.6,21.6,18.2,15.9,17.1,15.8,15.5,15.6,17.8,,15.8,18.7,20.1,16.5,14.3,17.1,16.3,16.5,16.2,19.3,19.1,23.0,21.9,22.6,19.9,20.2,18.6,20.1
202508,Parramatta North (Masons Drive),14.2,15.5,,17.6,21.2,18.8,16.2,17.0,16.2,15.2,16.0,17.2,18.8,14.2,19.0,19.0,16.8,14.0,15.2,14.0,15.5,17.0,20.5,18.4,21.2,25.0,20.4,19.2,20.6,17.7,21.0
202508,Penrith Lakes AWS,15.1,15.0,16.9,18.4,22.0,19.9,16.8,16.8,17.3,17.6,17.9,18.9,19.2,16.9,20.7,20.1,17.2,16.3,17.6,13.6,14.8,18.4,21.8,20.2,23.6,25.8,21.7,19.6,20.7,18.2,21.0
202508,Richmond RAAF,13.8,14.6,16.9,17.6,21.5,19.9,16.1,16.9,17.3,16.4,17.4,18.4,19.2,16.5,20.2,20.5,17.2,16.3,18.1,14.0,15.2,17.7,21.6,20.4,23.0,25.9,21.6,19.8,21.4,19.3,21.1
202508,Sydney (Observatory Hill),13.0,16.5,17.1,19.0,22.9,19.5,17.6,17.9,17.5,16.3,15.8,18.1,19.4,12.8,20.2,20.0,17.9,15.3,16.7,15.2,15.8,16.3,20.8,19.2,22.3,22.8,21.0,19.4,20.8,17.6,20.3
202508,Sydney Airport AMO,14.2,17.5,16.5,17.3,22.6,19.2,15.9,16.6,16.0,16.2,14.9,16.5,19.8,14.2,19.8,18.6,16.5,13.6,14.8,15.9,17.3,16.8,18.6,19.1,20.8,22.7,22.1,20.3,21.9,18.5,21.3
202508,Sydney Harbour (Wedding Cake West),15.4,17.7,18.3,18.2,21.0,18.1,16.2,16.4,16.2,15.4,14.9,16.9,18.8,14.6,18.8,17.8,16.0,13.9,15.3,17.7,17.7,16.6,19.1,17.6,20.3,20.5,21.7,19.0,20.2,16.9,18.0
202508,Sydney Olympic Park AWS (Archery Centre),14.4,16.5,17.2,20.1,22.6,19.2,16.9,17.4,17.7,16.2,16.7,18.7,20.5,14.3,20.7,20.0,17.1,15.1,16.2,14.0,15.9,16.9,20.7,19.0,22.5,25.3,21.3,20.2,20.9,18.4,21.2
202508,Terrey Hills AWS,11.4,15.0,15.5,17.5,20.6,17.1,14.7,15.6,15.3,14.3,14.7,16.4,18.6,13.5,18.1,18.9,14.8,13.3,15.9,13.4,14.1,14.9,19.1,17.0,19.9,21.7,20.0,18.4,19.4,16.6,18.5
202508,"Values are the maximum temperature, usually in the 24 hoursfrom9 am on the day indicated,and typically occurred in the afternoon of that day.",,,,,,,,,,,,,,,,,,,,,,,,,,,,,,,
202508,Temperatures coloured according to their differencefrom the long-termaveragefor the period,-10.0,-9.0,-8.0,-7.0,-6.0,-5.0,-4.0,-3.0,-2.0,-1.0,0.0,+1.0,+2.0,+3.0,+4.0,+5.0,+6.0,+7.0,+8.0,+9.0,+10.0,°C,Grey outline marks highestand lowest for the period,,,,,,,,
202509,Badgerys Creek AWS,20.3,21.7,22.3,24.4,20.5,21.8,26.2,29.5,27.0,18.1,18.4,21.1,23.1,24.2,27.2,28.7,25.6,21.7,25.0,22.4,22.5,22.0,19.4,25.6,25.9,29.0,29.9,25.3,24.5,28.6,
202509,Bankstown Airport AWS,20.5,20.9,22.5,24.6,19.5,21.5,26.6,29.5,26.5,18.3,18.0,20.6,22.3,24.8,27.8,28.3,26.3,21.7,25.5,22.6,22.6,22.4,19.3,26.0,26.3,29.7,29.4,24.6,23.9,28.4,
202509,Camden Airport AWS,20.7,21.3,22.4,24.4,19.9,21.4,26.0,28.6,27.3,15.6,18.4,21.2,22.0,23.8,27.1,28.4,24.5,21.6,24.0,21.7,22.5,21.4,19.5,25.1,25.4,29.1,29.7,25.9,23.4,28.4,
202509,Campbelltown (Mount Annan),20.7,20.9,22.1,23.9,19.1,20.9,25.7,28.4,26.9,15.8,17.9,20.7,21.9,23.7,26.6,28.1,23.9,21.6,23.6,21.0,22.2,20.4,19.4,24.6,24.9,28.3,29.5,24.8,23.7,28.5,
202509,Canterbury Racecourse AWS,19.9,20.1,21.9,23.7,17.9,20.2,24.6,,26.0,17.8,17.3,20.7,21.5,24.5,27.3,27.9,25.9,20.3,25.0,22.1,22.0,22.2,17.6,25.7,25.9,28.7,28.4,22.8,22.1,25.1,
202509,Cooranbong (Lake Macquarie AWS),19.8,20.5,22.4,24.0,21.0,21.0,24.9,28.1,25.8,18.1,18.0,20.2,21.1,24.3,27.1,26.8,28.7,21.7,,24.9,23.2,24.2,19.6,26.9,27.1,29.0,26.8,26.0,24.4,28.7,
202509,Gosford AWS,19.7,19.8,22.3,23.7,19.3,20.9,25.0,29.1,25.5,18.3,17.2,20.1,20.3,24.9,27.6,26.5,27.3,21.7,26.8,23.8,22.6,22.9,18.2,26.2,26.2,28.4,26.7,24.4,24.1,25.6,
202509,Holsworthy Aerodrome AWS,19.7,20.3,21.6,23.9,18.5,20.5,25.8,29.2,26.4,17.3,17.3,20.6,21.5,23.9,27.0,28.1,24.8,21.1,24.4,21.1,21.7,21.4,18.7,25.1,25.3,28.6,28.8,24.3,23.0,27.7,
202509,Holsworthy Defence AWS,20.5,20.9,22.4,24.0,17.3,21.7,26.2,29.5,27.2,15.8,16.9,21.1,22.3,24.6,27.5,27.4,24.7,22.4,24.9,21.0,22.6,22.0,19.2,24.9,25.1,28.7,28.6,23.3,22.2,28.4,
202509,Horsley Park Equestrian Centre AWS,19.9,21.1,21.6,23.6,18.9,20.9,25.7,28.9,25.6,17.4,17.9,20.4,21.3,24.1,26.6,28.4,25.2,21.9,24.5,22.0,22.6,21.6,19.0,25.2,25.5,28.2,28.1,24.3,24.3,29.2,
202509,Katoomba (Farnells Rd),15.9,,,15.7,14.0,16.2,21.0,20.9,18.6,,,14.5,16.8,17.0,,,,,18.0,13.5,15.0,14.7,,,17.4,20.0,23.0,23.6,20.1,24.9,
202509,Mangrove Mountain AWS,21.6,19.1,21.4,22.7,19.6,20.3,24.9,27.8,24.1,17.1,15.3,20.4,21.8,23.9,26.4,25.3,26.7,22.4,26.6,23.3,22.7,22.5,18.3,26.6,25.8,27.6,26.0,27.3,25.6,28.6,
202509,Mount Boyce AWS,15.6,14.5,14.1,14.5,15.2,16.1,20.1,19.4,16.6,12.9,10.1,14.0,15.6,16.5,18.1,20.2,14.6,17.9,17.2,12.2,13.8,13.7,14.1,16.4,16.7,19.6,22.1,22.9,19.8,24.5,
202509,Norah Head AWS,19.9,20.9,22.0,24.4,20.3,22.6,21.7,28.4,23.8,17.8,16.3,20.9,21.1,23.2,27.0,24.3,26.9,20.1,23.7,24.3,22.0,23.7,17.9,24.8,25.7,28.1,25.1,26.0,24.5,25.0,
202509,Parramatta North (Masons Drive),20.0,20.5,22.0,23.5,18.6,21.0,26.0,28.0,26.0,18.0,17.5,20.2,21.0,24.2,27.0,27.5,26.0,21.5,24.2,22.2,22.0,22.0,18.2,25.2,25.4,28.0,28.0,24.5,24.0,27.8,
202509,Penrith Lakes AWS,20.4,21.7,22.6,24.6,20.2,21.9,27.0,,26.1,17.3,18.8,21.5,22.1,24.9,27.5,29.3,26.2,22.1,25.7,22.5,23.3,23.2,19.4,26.9,26.6,29.1,27.3,27.2,25.6,30.8,
202509,Richmond RAAF,20.4,21.6,23.1,24.6,20.5,21.9,26.6,29.5,26.0,17.7,18.6,20.8,22.3,24.6,28.1,29.0,26.2,22.4,26.1,23.0,23.2,23.2,19.7,27.2,26.3,28.6,27.9,,25.0,30.3,
202509,Sydney (Observatory Hill),20.7,20.2,22.5,23.6,19.8,21.1,22.3,29.0,26.1,17.1,17.5,21.1,21.3,23.9,27.9,27.0,27.2,21.2,24.9,22.5,22.9,23.2,18.5,26.1,26.1,28.2,28.6,25.2,24.0,25.6,
202509,Sydney Airport AMO,18.1,20.5,23.1,24.9,17.7,21.1,23.9,30.1,27.1,17.8,15.9,19.1,21.4,24.7,28.7,28.4,26.4,20.8,26.1,22.7,23.1,21.7,17.4,25.4,26.5,29.9,29.7,23.8,22.5,25.4,
202509,Sydney Harbour (Wedding Cake West),17.8,19.9,20.3,23.5,17.1,18.1,22.0,28.0,24.6,18.0,16.4,18.2,19.7,20.9,27.2,26.5,23.0,18.9,22.3,21.4,20.9,20.2,16.9,24.1,25.2,28.0,27.6,21.8,21.0,23.7,
202509,Sydney Olympic Park AWS (Archery Centre),20.6,20.1,22.7,24.0,18.6,21.2,26.5,28.5,26.1,18.3,17.8,21.2,21.6,25.0,27.8,28.1,26.7,21.4,25.6,23.0,22.8,23.0,18.3,26.0,26.0,28.6,28.3,24.3,24.0,27.9,
202509,Terrey Hills AWS,17.9,19.1,20.6,22.3,16.9,18.9,22.9,27.7,24.6,16.2,15.5,19.0,18.8,22.5,26.2,25.6,25.0,20.2,23.4,21.0,21.0,21.2,16.7,24.0,24.4,27.1,25.9,22.2,22.7,23.4,
202509,"Values are the maximum temperature, usually in the 24 hoursfrom9 am on the day indicated,and typically occurred in the afternoon of that day.",,,,,,,,,,,,,,,,,,,,,,,,,,,,,,,
202509,Temperatures coloured according to their differencefrom the long-termaveragefor the period,-10.0,-9.0,-8.0,-7.0,-6.0,-5.0,-4.0,-3.0,-2.0,-1.0,0.0,+1.0,+2.0,+3.0,+4.0,+5.0,+6.0,+7.0,+8.0,+9.0,+10.0,°C,Grey outline marks highestand lowest for the period,,,,,,,,
202510,Badgerys Creek AWS,25.9,25.4,25.8,25.2,30.8,31.9,24.0,31.2,28.2,30.4,30.8,32.0,24.3,28.3,29.2,33.8,35.3,25.9,28.6,37.1,27.0,37.2,24.5,27.2,26.5,27.4,27.3,15.4,17.6,26.1,28.0
202510,Bankstown Airport AWS,26.9,25.9,25.3,24.0,31.2,32.3,22.9,32.4,29.2,31.4,31.5,32.2,23.9,28.5,29.0,32.8,35.6,23.4,28.4,37.6,24.6,39.8,23.2,25.6,27.8,27.2,26.7,17.4,18.0,23.9,27.2
202510,Camden Airport AWS,25.6,24.8,24.6,25.6,30.6,30.7,24.1,31.3,28.1,30.1,30.0,29.7,23.6,27.1,28.7,32.8,34.5,25.1,28.7,36.3,26.9,35.9,24.3,25.9,26.7,26.3,26.9,15.6,17.8,25.2,29.2
202510,Campbelltown (Mount Annan),25.4,25.1,24.1,25.0,30.4,30.6,22.4,31.4,28.2,30.5,29.8,30.3,22.8,27.4,29.1,32.9,34.0,24.6,28.9,37.1,25.7,36.0,23.7,25.1,26.8,26.0,25.7,15.7,16.3,24.8,27.5
202510,Canterbury Racecourse AWS,26.0,25.1,24.8,22.3,29.0,31.2,21.9,30.1,27.8,30.2,30.6,31.4,22.2,27.7,27.6,29.1,33.6,22.1,25.2,35.6,23.2,38.1,21.6,24.0,25.1,26.5,26.0,16.5,17.9,22.6,25.2
202510,Cooranbong (Lake Macquarie AWS),26.0,27.0,26.4,22.7,30.2,34.3,21.2,29.3,29.2,30.4,32.1,31.7,25.1,28.8,27.2,28.2,32.0,23.1,24.9,35.2,24.9,38.1,23.0,27.2,24.1,27.6,28.4,16.7,19.0,23.5,24.3
202510,Gosford AWS,28.5,26.7,26.5,23.0,30.4,32.7,22.7,29.8,26.9,31.5,31.9,32.6,24.4,26.1,26.1,29.1,32.4,22.9,25.4,36.9,24.3,38.6,22.1,25.9,25.8,28.4,28.0,16.4,18.7,23.2,24.3
202510,Holsworthy Aerodrome AWS,25.9,25.1,24.5,23.5,30.2,31.8,22.3,31.5,27.8,30.5,30.8,30.9,22.5,27.7,28.6,32.1,34.4,23.1,28.0,37.2,24.1,36.2,,25.3,26.6,26.0,25.1,15.9,17.9,23.3,25.2
202510,Holsworthy Defence AWS,26.4,25.9,24.6,23.6,30.7,31.8,21.7,31.9,26.4,30.7,31.1,31.7,22.6,27.5,29.9,32.7,35.9,22.4,29.2,36.2,24.2,35.6,21.1,25.2,27.7,24.6,25.6,14.4,15.7,22.4,26.3
202510,Horsley Park Equestrian Centre AWS,25.7,24.6,25.1,24.3,30.3,32.2,23.0,31.5,28.3,30.3,30.9,31.0,23.3,27.7,28.8,33.1,35.1,23.9,28.5,36.5,25.2,38.3,22.6,25.6,25.9,26.8,25.4,15.2,17.5,24.3,26.8
202510,Katoomba (Farnells Rd),17.1,15.3,17.5,20.5,24.0,23.2,18.9,25.6,21.0,21.5,21.8,22.3,18.0,20.2,,,,21.0,25.1,,,29.1,,,19.2,19.3,20.0,6.8,11.0,17.8,20.8
202510,Mangrove Mountain AWS,28.2,25.9,26.3,24.4,30.8,32.1,22.8,31.9,24.6,30.6,31.8,31.1,25.4,28.4,29.4,31.9,32.3,23.4,28.4,36.5,26.2,37.3,23.4,26.9,25.8,29.0,27.6,14.5,17.1,24.3,25.6
202510,Mount Boyce AWS,15.9,14.0,15.4,20.7,21.7,21.5,18.4,25.6,19.6,20.0,20.1,21.5,17.6,18.9,23.5,24.7,25.9,21.2,25.2,28.5,26.9,29.0,20.1,19.3,19.1,19.4,17.6,8.2,11.8,18.9,22.0
202510,Norah Head AWS,25.6,26.3,24.5,24.3,27.1,27.8,21.6,27.8,27.2,30.4,31.6,30.5,25.4,24.8,26.3,27.7,29.7,23.7,25.4,26.6,23.2,35.7,23.0,26.5,25.1,27.0,26.7,16.7,17.8,23.8,24.2
202510,Parramatta North (Masons Drive),26.6,25.0,25.0,23.3,30.2,,22.8,30.2,27.0,30.2,30.5,31.0,23.5,28.0,27.6,31.0,34.5,23.5,27.0,36.0,24.5,37.3,24.0,24.8,26.0,26.4,25.2,16.0,17.5,23.5,26.0
202510,Penrith Lakes AWS,26.6,25.7,26.5,26.1,31.6,32.8,23.9,32.4,29.7,31.2,31.4,33.0,25.8,28.9,30.2,34.4,36.8,27.3,30.4,39.0,28.9,39.5,25.6,28.1,26.8,28.9,27.5,15.9,19.6,26.8,28.4
202510,Richmond RAAF,26.4,26.0,26.5,25.0,31.1,32.0,23.9,33.3,28.1,30.6,30.6,32.4,25.4,28.4,29.7,33.7,35.0,26.2,29.9,37.4,28.9,39.4,25.2,27.8,26.2,28.8,27.9,15.1,17.5,25.4,28.5
202510,Sydney (Observatory Hill),27.0,25.4,25.5,24.5,25.9,31.8,22.7,28.3,26.9,30.6,30.5,31.7,23.6,27.1,26.1,27.1,32.8,23.6,25.5,36.0,24.6,37.0,23.4,24.9,24.6,26.0,25.9,17.9,17.4,24.5,24.9
202510,Sydney Airport AMO,27.8,26.8,25.4,22.5,28.7,32.1,22.8,29.9,29.0,32.1,32.3,32.8,22.4,28.8,26.8,29.2,34.7,22.2,25.6,36.8,23.5,38.8,22.2,24.0,24.4,27.6,26.3,18.4,18.1,20.9,25.3
202510,Sydney Harbour (Wedding Cake West),25.5,24.1,23.6,21.1,25.6,27.1,21.5,29.4,26.9,30.2,29.6,30.4,20.4,21.6,22.6,26.7,30.4,19.9,21.8,29.2,21.1,37.7,19.8,22.2,21.5,26.6,23.5,16.1,17.6,20.7,21.2
202510,Sydney Olympic Park AWS (Archery Centre),27.3,26.1,25.9,24.3,31.2,32.6,23.0,31.9,27.1,31.3,31.7,31.9,23.6,28.6,28.9,29.9,35.2,23.6,27.8,36.9,24.9,38.9,22.4,25.6,27.1,27.5,26.4,16.3,18.6,23.8,26.2
202510,Terrey Hills AWS,25.2,24.2,24.5,21.6,27.0,31.2,21.3,28.8,24.9,29.8,30.0,30.9,22.8,26.4,24.9,27.9,31.5,20.8,23.8,35.9,23.2,37.2,20.5,24.0,24.4,25.2,25.8,15.4,16.8,21.1,23.4
202510,"Values are the maximum temperature, usually in the 24 hoursfrom9 am on the day indicated,and typically occurred in the afternoon of that day.",,,,,,,,,,,,,,,,,,,,,,,,,,,,,,,
202510,Temperatures coloured according to their differencefrom the long-termaveragefor the period,-10.0,-9.0,-8.0,-7.0,-6.0,-5.0,-4.0,-3.0,-2.0,-1.0,0.0,+1.0,+2.0,+3.0,+4.0,+5.0,+6.0,+7.0,+8.0,+9.0,+10.0,°C,Grey outline marks highestand lowest for the period,,,,,,,,
202511,Badgerys Creek AWS,23.1,25.9,33.3,22.1,26.7,27.6,29.8,34.6,24.1,26.7,28.3,25.4,30.6,26.8,30.7,31.9,24.0,30.3,34.9,27.6,20.0,21.5,33.6,27.9,33.6,35.6,32.4,33.9,32.3,29.2,
202511,Bankstown Airport AWS,23.8,25.4,33.5,23.8,27.0,26.9,31.0,35.5,22.8,25.0,29.1,24.1,29.8,24.6,29.4,32.1,24.5,29.3,33.1,26.0,21.4,21.9,32.0,26.2,34.0,35.6,32.8,33.0,33.4,29.7,
202511,Camden Airport AWS,23.8,25.2,31.7,22.6,25.9,27.5,27.8,35.4,23.8,26.6,28.0,25.1,30.8,27.8,31.2,31.2,23.6,30.4,34.2,28.1,20.2,21.3,33.3,27.4,33.8,34.7,31.5,33.6,31.7,27.7,
202511,Campbelltown (Mount Annan),23.5,25.0,33.0,21.6,25.8,27.0,28.8,35.3,22.7,26.1,27.9,25.1,30.6,27.2,30.3,31.3,23.7,29.7,33.2,26.9,20.5,21.8,33.0,26.9,32.7,35.2,31.1,33.5,32.2,27.7,
202511,Canterbury Racecourse AWS,23.6,24.3,28.4,23.2,26.0,24.5,27.1,34.0,20.8,23.0,27.8,21.5,26.7,22.8,26.6,31.3,24.0,26.4,30.7,23.7,21.0,22.5,28.1,23.9,30.6,34.3,31.5,29.6,31.3,28.1,
202511,Cooranbong (Lake Macquarie AWS),24.2,23.7,29.2,25.9,28.4,24.2,30.3,33.6,23.8,23.3,30.4,22.2,30.3,24.6,26.7,34.0,26.5,26.3,29.5,28.3,21.9,22.8,33.0,26.1,32.7,35.9,34.9,29.3,33.4,30.8,
202511,Gosford AWS,22.8,23.0,29.5,24.9,27.6,24.8,30.0,34.5,22.1,23.4,29.5,21.6,28.1,24.2,26.3,30.5,24.0,25.8,28.8,26.3,19.5,22.5,30.7,24.6,30.8,37.3,33.4,28.1,34.0,26.9,
202511,Holsworthy Aerodrome AWS,23.1,25.3,31.9,22.6,26.1,26.4,29.8,34.7,21.3,24.3,28.0,22.6,29.0,24.1,28.6,31.6,23.4,28.5,32.9,25.9,21.0,21.5,30.6,24.5,32.4,34.9,31.1,32.6,31.9,27.7,
202511,Holsworthy Defence AWS,23.8,24.7,32.6,22.5,26.3,27.8,30.0,36.5,21.3,26.6,28.8,24.8,30.2,24.9,29.0,32.4,23.7,30.0,34.8,24.7,19.4,20.4,32.1,23.8,33.3,34.9,32.2,34.1,32.4,28.6,
202511,Horsley Park Equestrian Centre AWS,22.1,26.1,34.2,22.2,26.4,27.1,30.9,35.2,23.6,26.3,28.2,23.9,31.0,25.4,30.2,31.7,24.2,29.3,33.6,26.8,20.1,21.6,33.2,26.8,34.8,34.4,31.4,33.3,32.0,28.0,
202511,Katoomba (Farnells Rd),19.0,22.7,28.2,12.2,18.0,23.8,25.5,27.8,,,17.6,19.2,22.8,23.5,24.2,22.9,16.0,,,,12.6,16.3,23.9,24.8,29.7,25.6,22.0,25.6,22.0,18.2,
202511,Mangrove Mountain AWS,22.9,21.5,33.0,23.9,27.4,25.5,30.8,33.7,23.5,26.8,30.2,24.8,32.3,26.2,30.9,33.2,24.6,29.6,32.3,33.1,18.2,21.4,33.5,26.1,38.1,35.8,,32.8,33.6,31.7,
202511,Mount Boyce AWS,18.8,22.9,28.4,12.6,17.1,23.4,24.6,26.5,18.2,20.2,18.2,18.6,21.6,25.8,27.3,22.1,15.7,24.3,26.9,26.3,13.0,15.9,24.3,25.3,28.9,25.1,21.4,24.8,21.0,17.2,
202511,Norah Head AWS,23.2,21.7,25.9,25.2,25.6,25.7,26.4,30.3,21.4,23.0,26.2,21.4,27.6,26.1,26.7,28.8,24.9,25.5,26.6,23.7,21.6,24.2,26.9,23.0,31.1,36.0,34.1,27.7,32.3,27.4,
202511,Parramatta North (Masons Drive),22.6,24.5,32.2,23.5,27.0,26.2,30.0,35.0,23.5,25.5,28.6,25.0,28.0,25.0,29.2,32.4,25.0,28.5,32.8,26.0,21.5,22.5,31.0,24.8,33.0,35.0,32.0,32.4,31.2,28.0,
202511,Penrith Lakes AWS,22.9,26.9,34.9,23.3,27.1,28.8,31.0,35.4,25.1,27.3,28.7,26.2,31.6,28.4,32.9,32.0,24.7,31.1,35.4,30.2,19.2,23.1,34.2,29.2,37.2,36.4,32.7,34.4,33.3,29.3,
202511,Richmond RAAF,22.2,25.6,34.9,23.0,26.9,28.6,31.8,35.6,25.2,27.0,29.2,25.4,30.5,29.0,32.6,32.3,25.4,31.3,34.7,28.9,19.1,22.5,34.4,28.4,36.9,36.2,31.5,34.2,33.7,29.6,
202511,Sydney (Observatory Hill),22.7,25.0,25.2,23.0,27.1,25.2,24.7,30.3,22.2,23.6,28.7,22.2,26.3,24.5,25.2,31.5,23.7,26.7,29.3,25.5,20.8,22.4,28.2,25.6,28.9,34.4,32.3,28.6,31.8,28.5,
202511,Sydney Airport AMO,22.8,24.1,28.0,24.4,26.8,25.8,26.4,32.4,20.7,23.8,29.2,21.0,27.7,23.3,26.5,32.6,23.1,26.6,29.7,21.9,21.8,22.6,25.0,23.7,30.0,35.6,32.9,30.4,33.2,29.2,
202511,Sydney Harbour (Wedding Cake West),22.0,22.7,25.7,22.4,24.1,22.4,23.1,29.7,18.5,20.2,26.8,18.4,21.5,21.0,23.2,26.2,21.9,23.2,24.1,21.0,20.8,21.4,25.0,21.9,30.0,34.2,30.2,27.5,31.0,26.3,
202511,Sydney Olympic Park AWS (Archery Centre),24.3,25.1,32.3,24.1,27.9,25.9,28.8,35.6,22.2,24.5,29.6,23.5,28.7,23.9,30.7,33.0,25.0,28.7,32.9,25.4,21.0,22.3,31.8,25.5,31.6,35.2,32.6,32.8,32.5,29.4,
202511,Terrey Hills AWS,20.4,21.9,27.9,22.8,25.6,23.4,26.8,33.3,19.9,21.6,27.3,19.9,26.0,22.2,26.1,31.4,22.5,25.1,28.3,25.2,18.7,19.7,29.0,23.7,29.9,34.2,30.7,27.8,31.3,27.6,
202511,"Values are the maximum temperature, usually in the 24 hoursfrom9 am on the day indicated,and typically occurred in the afternoon of that day.",,,,,,,,,,,,,,,,,,,,,,,,,,,,,,,
202511,Temperatures coloured according to their differencefrom the long-termaveragefor the period,-10.0,-9.0,-8.0,-7.0,-6.0,-5.0,-4.0,-3.0,-2.0,-1.0,0.0,+1.0,+2.0,+3.0,+4.0,+5.0,+6.0,+7.0,+8.0,+9.0,+10.0,°C,Grey outline marks highestand lowest for the period,,,,,,,,
202512,Badgerys Creek AWS,25.1,25.3,31.2,36.0,40.3,41.9,25.3,31.3,37.5,30.0,24.2,24.6,30.7,34.5,27.3,22.3,31.2,39.2,41.6,33.9,38.7,34.1,33.3,35.6,25.7,18.7,25.2,25.0,27.5,30.1,27.0
202512,Bankstown Airport AWS,25.2,23.0,29.8,34.9,39.1,40.8,23.6,29.2,36.3,27.5,25.8,23.4,30.0,34.7,25.3,22.5,28.9,37.6,42.0,34.8,38.6,32.1,33.5,34.9,24.0,19.9,23.0,24.4,25.2,27.4,25.3
202512,Camden Airport AWS,24.2,24.4,30.4,35.9,39.0,41.2,25.2,30.5,37.5,29.7,24.9,25.3,29.6,33.7,26.4,21.6,30.7,38.6,41.1,34.1,37.0,32.3,32.6,35.0,25.1,19.9,24.7,24.1,26.7,30.0,26.1
202512,Campbelltown (Mount Annan),24.2,23.7,30.2,35.0,38.8,40.7,24.6,30.5,37.1,29.9,25.7,25.2,30.1,33.3,25.9,21.4,30.4,38.9,42.2,34.2,36.8,31.9,32.5,34.9,24.6,20.0,23.7,24.0,26.1,29.5,25.5
202512,Canterbury Racecourse AWS,24.4,21.0,26.4,32.1,37.2,38.8,21.9,26.4,34.8,25.1,23.5,22.1,26.5,34.1,24.0,22.4,26.7,33.6,42.0,33.1,37.9,31.4,32.5,32.9,22.5,18.9,21.3,22.5,22.7,25.4,24.0
202512,Cooranbong (Lake Macquarie AWS),26.3,22.9,25.8,32.5,37.8,40.6,23.3,26.4,34.0,27.4,22.2,23.4,25.9,35.0,24.7,22.2,25.7,33.9,40.9,30.9,40.9,28.4,30.6,28.3,24.8,18.7,22.0,22.8,23.9,24.4,23.8
202512,Gosford AWS,25.9,21.7,26.4,32.2,38.1,42.0,22.4,27.1,32.4,25.6,22.4,22.4,26.2,34.9,24.3,23.7,26.6,34.0,41.9,31.4,40.7,29.4,31.8,29.6,23.3,18.5,21.9,22.6,23.5,24.6,24.8
202512,Holsworthy Aerodrome AWS,23.9,22.1,29.2,34.2,39.0,40.5,23.0,28.8,35.6,27.9,25.0,23.3,28.6,33.4,23.9,21.8,27.8,37.8,41.2,34.0,38.2,31.4,32.2,34.7,23.6,18.8,22.1,23.3,24.2,26.4,24.4
202512,Holsworthy Defence AWS,24.6,21.4,30.5,35.8,40.6,41.5,22.1,30.3,36.6,27.2,22.5,22.8,29.1,34.0,23.6,22.7,30.4,39.3,43.0,34.1,37.9,32.0,32.0,35.6,21.9,18.3,22.1,21.9,23.5,28.1,24.1
202512,Horsley Park Equestrian Centre AWS,24.9,23.2,29.3,34.9,39.0,40.8,23.8,29.9,36.3,28.2,23.4,23.4,30.0,34.2,25.4,22.3,29.8,38.8,41.0,32.9,38.7,32.5,32.9,34.9,24.3,18.2,23.1,24.0,25.3,28.4,25.7
202512,Katoomba (Farnells Rd),,,24.9,28.4,31.8,32.2,,,32.1,26.1,14.7,19.0,25.0,24.2,21.9,15.4,,,33.5,28.8,,,26.0,26.5,23.0,10.5,17.5,17.6,22.0,27.2,22.2
202512,Mangrove Mountain AWS,26.7,23.7,29.9,35.5,39.2,40.3,21.3,29.2,36.9,27.3,20.6,22.9,28.3,34.1,25.3,22.3,28.3,37.1,,,41.0,30.6,33.2,32.2,25.1,17.5,21.7,22.1,24.1,26.4,24.3
202512,Mount Boyce AWS,13.2,17.6,23.6,28.0,31.0,32.3,24.2,27.3,31.6,26.5,14.1,17.7,25.1,23.8,23.6,16.5,26.0,31.7,33.3,29.2,32.6,25.9,25.7,26.6,25.2,11.5,20.2,19.1,22.9,28.4,22.5
202512,Norah Head AWS,26.3,21.3,25.9,28.1,35.0,37.3,22.3,28.1,27.0,24.7,21.5,24.0,26.2,30.4,25.3,25.3,27.8,28.7,33.5,27.7,34.4,26.4,27.2,28.7,23.9,18.9,22.0,21.2,23.7,23.8,24.1
202512,Parramatta North (Masons Drive),24.8,22.0,30.0,34.2,39.5,41.0,23.0,27.0,35.5,26.8,25.8,23.0,27.5,35.0,24.6,24.6,29.0,37.5,41.5,34.5,38.5,32.0,32.8,34.2,23.0,19.0,22.5,24.2,24.0,26.2,24.6
202512,Penrith Lakes AWS,25.8,26.0,31.6,37.0,40.5,41.7,24.8,32.3,38.3,30.4,25.0,23.6,30.0,34.9,27.6,22.7,31.3,39.6,41.9,34.0,39.2,34.3,34.1,35.8,27.1,18.5,25.5,25.5,27.6,31.8,27.1
202512,Richmond RAAF,24.8,26.3,31.2,36.9,39.8,,25.5,32.5,38.2,30.5,24.9,23.0,30.0,34.3,27.5,22.4,31.0,39.3,42.0,33.6,41.0,34.4,34.3,35.6,27.2,19.1,25.0,24.8,27.6,31.7,27.1
202512,Sydney (Observatory Hill),24.6,22.9,26.3,29.6,37.8,33.8,23.5,27.2,31.9,28.3,26.4,22.7,27.3,32.5,26.4,23.8,27.4,30.8,42.2,34.4,35.0,32.3,33.4,31.2,23.7,18.7,23.6,23.9,25.5,25.7,24.9
202512,Sydney Airport AMO,26.5,21.1,26.8,32.5,37.8,39.2,22.6,27.2,33.2,24.3,25.0,22.8,26.5,34.6,24.4,24.3,27.5,32.6,42.6,33.4,36.5,32.5,32.7,31.5,23.8,18.9,21.5,22.7,23.4,24.1,24.2
202512,Sydney Harbour (Wedding Cake West),23.4,19.5,21.5,24.5,31.0,32.2,20.7,23.0,25.4,22.5,22.2,21.7,22.3,25.9,22.0,21.8,22.4,24.7,37.7,27.3,30.3,28.8,27.2,24.7,20.6,,,20.4,20.5,21.1,22.2
202512,Sydney Olympic Park AWS (Archery Centre),25.9,22.7,28.3,34.4,39.2,41.2,22.4,28.8,36.6,27.2,25.3,22.7,28.2,35.1,24.9,22.7,28.2,37.2,42.7,34.7,41.9,32.9,33.6,34.6,23.5,19.0,22.6,23.6,24.2,25.7,25.1
202512,Terrey Hills AWS,22.8,20.5,24.6,31.6,36.5,39.9,20.6,25.1,30.9,25.0,23.3,20.2,25.1,32.9,22.3,20.6,24.6,31.9,40.2,31.0,37.3,30.1,32.1,29.1,21.4,17.4,20.4,21.6,22.3,23.1,22.8
202512,"Values are the maximum temperature, usually in the 24 hoursfrom9 am on the day indicated,and typically occurred in the afternoon of that day.",,,,,,,,,,,,,,,,,,,,,,,,,,,,,,,
202512,Temperatures coloured according to their differencefrom the long-termaveragefor the period,-10.0,-9.0,-8.0,-7.0,-6.0,-5.0,-4.0,-3.0,-2.0,-1.0,0.0,+1.0,+2.0,+3.0,+4.0,+5.0,+6.0,+7.0,+8.0,+9.0,+10.0,°C,Grey outline marks highestand lowest for the period,,,,,,,,
202601,Badgerys Creek AWS,21.4,23.6,30.4,34.5,32.0,33.0,38.7,42.2,42.2,42.8,20.8,21.6,32.8,29.9,28.9,30.7,24.3,26.5,25.3,26.4,28.9,28.8,25.4,32.6,41.6,28.4,29.6,34.2,31.2,33.0,36.5
202601,Bankstown Airport AWS,21.8,23.9,28.1,34.2,28.8,30.3,35.8,40.0,37.5,42.3,22.5,22.9,30.1,28.9,27.9,29.1,24.6,24.9,25.0,25.7,26.1,26.2,24.2,30.1,41.5,26.4,27.9,30.6,29.7,31.9,33.9
202601,Camden Airport AWS,21.1,22.3,29.4,32.6,32.1,32.6,38.6,41.9,41.4,42.4,20.8,21.8,32.5,28.6,26.3,29.8,22.5,23.8,24.2,25.8,28.2,27.8,24.2,32.3,40.1,28.4,29.8,,,,37.0
202601,Campbelltown (Mount Annan),20.7,21.9,28.3,33.5,30.4,31.8,38.3,41.7,40.6,41.9,20.3,21.9,31.4,28.3,26.5,29.9,22.6,23.7,24.2,25.6,27.8,27.0,23.7,31.5,40.4,25.8,28.9,33.5,30.6,33.2,35.8
202601,Canterbury Racecourse AWS,20.5,22.9,25.9,30.9,26.5,28.8,32.7,35.1,33.7,41.2,21.3,22.2,27.7,27.3,25.8,26.0,23.4,23.7,24.2,24.3,24.0,24.5,22.8,26.9,39.0,24.2,25.5,27.5,,,31.9
202601,Cooranbong (Lake Macquarie AWS),21.1,22.7,25.8,33.0,27.9,28.7,30.4,33.3,34.3,40.1,22.2,23.1,27.0,25.5,28.0,26.8,26.6,23.7,25.4,25.8,25.9,27.4,24.7,27.5,34.1,26.3,26.0,28.7,27.9,28.4,30.5
202601,Gosford AWS,20.2,23.4,26.1,32.7,26.8,27.9,32.1,34.4,33.6,41.5,22.2,22.7,27.1,26.5,27.5,26.0,24.1,23.3,25.5,25.3,25.2,25.7,24.8,27.3,37.8,25.1,26.5,28.1,28.1,28.3,30.3
202601,Holsworthy Aerodrome AWS,21.2,21.9,26.9,33.0,28.5,29.6,36.3,40.6,37.9,41.7,21.5,23.2,30.1,27.5,27.3,27.9,23.2,24.8,24.8,25.4,25.8,25.6,23.4,29.8,40.8,25.8,27.8,30.9,29.3,31.5,33.5
202601,Holsworthy Defence AWS,20.1,21.8,26.8,34.4,27.6,30.2,37.2,42.1,40.2,43.5,19.7,20.9,31.0,27.7,26.5,27.0,20.4,23.3,23.3,24.6,26.6,24.7,22.9,31.1,42.6,24.6,28.3,33.7,29.8,34.2,36.0
202601,Horsley Park Equestrian Centre AWS,21.0,22.6,28.3,34.7,29.6,31.6,37.2,40.7,40.5,41.5,21.6,21.6,31.1,28.3,27.6,28.9,23.6,24.1,25.2,25.1,27.2,27.1,24.6,30.6,40.8,26.1,28.1,32.5,29.6,33.7,35.5
202601,Katoomba (Farnells Rd),12.8,15.6,23.8,27.2,,,30.9,34.0,35.6,33.0,,,24.4,19.9,20.2,22.0,15.4,14.6,18.0,,,,,29.3,35.0,24.3,25.0,32.7,26.7,30.0,34.1
202601,Mangrove Mountain AWS,18.6,21.8,26.1,33.4,28.3,29.1,33.1,37.8,37.5,40.7,20.4,20.8,27.7,23.7,27.7,26.3,21.4,19.6,23.7,23.9,26.0,27.3,22.9,30.8,,,,,,30.1,34.8
202601,Mount Boyce AWS,14.1,15.4,25.7,27.3,26.3,27.0,31.4,34.7,35.3,32.5,14.0,15.8,25.1,21.3,21.5,21.5,17.5,14.8,19.4,20.0,24.2,26.4,20.9,30.2,34.6,25.5,26.6,33.1,27.3,31.3,34.9
202601,Norah Head AWS,20.6,24.7,27.5,28.8,26.4,28.1,29.4,30.5,31.2,38.4,22.4,25.9,27.6,28.0,27.8,23.8,25.3,23.4,26.3,,26.3,24.1,26.4,27.1,29.0,24.1,26.7,28.7,28.2,28.8,29.3
202601,Parramatta North (Masons Drive),21.5,23.0,26.0,33.5,28.2,29.5,35.2,39.0,37.2,42.2,22.0,22.5,30.0,27.4,27.0,28.0,23.0,22.0,,24.0,26.0,25.0,23.7,29.0,40.2,25.0,27.0,29.5,28.3,30.2,32.5
202601,Penrith Lakes AWS,21.4,23.1,31.3,34.4,31.3,33.2,38.4,42.1,42.5,42.5,21.7,21.5,31.3,27.8,29.4,29.3,24.4,23.4,24.7,26.6,29.0,28.9,26.0,32.5,40.3,27.9,30.5,35.1,31.9,34.1,38.6
202601,Richmond RAAF,21.3,23.4,30.6,35.7,31.9,33.3,38.4,41.9,42.0,42.8,22.2,21.7,31.8,27.9,29.4,29.7,24.9,22.8,25.7,,29.1,28.5,26.0,32.9,40.8,28.4,29.8,35.1,32.0,34.3,38.4
202601,Sydney (Observatory Hill),21.5,26.0,26.1,32.3,29.2,29.7,30.4,33.2,33.3,42.2,22.0,21.6,28.1,27.3,27.0,28.1,23.4,24.8,25.9,26.0,26.4,25.1,24.8,27.7,32.6,25.8,27.7,28.5,29.5,29.5,29.3
202601,Sydney Airport AMO,20.6,24.1,26.5,30.7,26.6,27.9,32.0,34.0,33.5,42.7,21.9,22.4,28.0,28.4,27.3,24.2,24.3,26.5,26.0,25.3,25.2,23.5,23.8,27.8,39.7,23.7,27.3,28.8,29.0,29.9,30.5
202601,Sydney Harbour (Wedding Cake West),20.3,21.3,23.0,24.5,24.0,24.3,25.6,25.3,32.1,39.6,21.7,22.1,24.0,24.0,24.2,24.1,22.7,23.1,24.5,23.9,23.0,23.1,22.5,25.1,28.0,23.4,24.0,25.7,25.7,25.2,25.0
202601,Sydney Olympic Park AWS (Archery Centre),20.7,23.1,26.9,33.8,28.4,29.3,35.1,37.5,37.0,42.6,22.0,23.9,29.4,28.3,27.9,27.6,24.1,24.3,25.4,25.2,26.3,25.7,23.8,29.2,40.6,25.5,27.4,30.1,28.9,30.7,31.6
202601,Terrey Hills AWS,19.0,22.8,23.8,30.1,26.5,26.9,31.0,34.3,32.5,40.5,19.8,23.4,26.1,26.0,25.2,25.7,22.2,21.5,23.5,23.5,23.3,24.2,23.2,26.0,37.6,23.6,24.8,27.1,26.9,27.3,29.0
202601,"Values are the maximum temperature, usually in the 24 hoursfrom9 am on the day indicated,and typically occurred in the afternoon of that day.",,,,,,,,,,,,,,,,,,,,,,,,,,,,,,,
202601,Temperatures coloured according to their differencefrom the long-termaveragefor the period,-10.0,-9.0,-8.0,-7.0,-6.0,-5.0,-4.0,-3.0,-2.0,-1.0,0.0,+1.0,+2.0,+3.0,+4.0,+5.0,+6.0,+7.0,+8.0,+9.0,+10.0,°C,Grey outline marks highestand lowest for the period,,,,,,,,
202602,Badgerys Creek AWS,31.7,23.9,24.6,31.4,38.4,30.9,36.1,22.9,29.6,31.8,37.5,26.4,22.0,23.7,23.8,27.4,30.8,35.7,31.0,28.9,34.2,35.0,30.2,32.9,31.0,26.4,25.1,26.4,,,
202602,Bankstown Airport AWS,29.4,22.8,24.8,29.7,38.3,32.5,34.8,24.4,29.6,30.3,37.1,25.4,22.5,25.1,25.4,27.0,30.0,36.5,29.9,26.9,34.3,36.1,28.6,32.4,30.4,26.6,25.4,26.9,,,
202602,Camden Airport AWS,31.0,23.2,25.2,31.2,38.1,32.4,36.0,22.7,29.6,31.4,36.0,26.8,22.6,23.3,23.4,27.2,30.5,35.5,31.2,28.5,33.6,34.0,,32.8,30.5,23.0,24.3,25.3,,,
202602,Campbelltown (Mount Annan),30.1,22.5,24.9,30.7,38.1,31.4,36.0,23.1,29.2,30.8,35.9,26.0,22.4,23.7,23.5,27.6,30.2,35.0,30.9,28.4,34.8,34.3,28.4,33.0,31.0,24.4,24.6,25.9,,,
202602,Canterbury Racecourse AWS,28.3,21.4,24.3,27.3,37.4,31.5,32.1,24.2,29.7,29.3,34.8,24.5,21.8,25.4,23.6,25.7,28.3,35.7,28.5,27.0,33.0,35.7,27.7,30.7,29.1,26.3,25.0,26.4,,,
202602,Cooranbong (Lake Macquarie AWS),32.1,22.8,25.1,27.9,37.2,30.1,31.6,24.8,28.9,29.8,31.9,27.9,22.1,25.7,25.7,25.4,29.0,37.8,29.2,27.4,33.9,34.1,30.9,30.3,32.0,28.4,23.2,26.8,,,
202602,Gosford AWS,29.6,21.8,24.3,28.3,35.5,30.5,33.2,24.5,29.7,29.3,34.1,26.6,22.2,25.1,24.6,25.3,28.3,36.6,28.2,27.7,33.1,34.4,29.6,29.5,30.0,29.0,22.5,26.6,,,
202602,Holsworthy Aerodrome AWS,28.4,21.9,24.4,29.8,38.3,31.5,34.9,23.4,29.2,29.2,36.5,25.8,22.3,24.0,24.5,26.7,30.1,36.7,29.7,27.0,34.9,35.6,28.7,31.8,30.2,26.5,25.2,26.2,,,
202602,Holsworthy Defence AWS,26.8,20.6,24.2,30.2,39.2,31.8,36.6,22.4,30.0,29.9,37.1,23.7,21.4,22.7,23.4,25.4,31.0,37.8,30.9,27.9,35.2,36.5,27.0,32.8,29.7,24.2,24.6,25.1,,,
202602,Horsley Park Equestrian Centre AWS,29.5,21.9,23.7,30.3,37.3,30.2,35.3,23.4,29.2,31.0,36.0,25.2,21.2,23.5,24.1,26.6,30.4,35.6,29.8,27.6,34.9,35.1,29.0,32.5,30.5,25.8,24.6,26.0,,,
202602,Katoomba (Farnells Rd),26.2,,,,,,,18.2,24.2,24.6,,,13.5,15.8,18.0,19.8,26.1,27.9,,,30.0,27.0,,,,17.6,17.0,17.0,,,
202602,Mangrove Mountain AWS,32.5,21.3,22.7,29.9,,33.5,34.4,22.3,28.2,29.1,,27.5,,23.2,24.1,24.8,28.3,,29.5,25.8,,,,,,,,25.0,,,
202602,Mount Boyce AWS,27.6,17.8,17.9,27.6,31.5,29.6,31.2,17.2,24.5,24.0,29.9,26.6,14.3,14.9,19.2,20.5,24.9,27.0,29.3,24.6,29.3,26.7,24.8,27.0,27.7,20.7,17.4,17.2,,,
202602,Norah Head AWS,28.2,21.1,23.5,28.1,29.4,27.9,29.6,23.8,27.3,28.3,29.4,24.3,22.8,25.2,23.6,25.8,27.7,37.0,27.1,29.5,31.0,31.1,28.1,30.4,,,24.9,27.9,,,
202602,Parramatta North (Masons Drive),29.6,22.0,24.0,29.0,38.0,34.5,33.5,24.2,29.5,30.0,36.5,24.0,21.8,25.0,24.0,26.0,29.0,36.5,28.0,,34.5,35.2,28.5,31.2,31.0,26.0,24.0,25.6,,,
202602,Penrith Lakes AWS,32.3,23.1,24.9,31.8,39.0,30.8,34.6,23.0,29.8,31.1,36.8,27.9,21.9,23.3,23.4,27.6,31.1,37.3,32.2,28.6,34.8,34.8,29.9,32.8,31.5,26.4,23.5,25.8,,,
202602,Richmond RAAF,31.1,23.2,24.7,31.8,38.2,32.5,36.2,22.6,29.9,30.4,36.4,28.1,22.0,23.2,24.2,27.8,31.2,36.9,32.3,27.8,35.3,34.7,31.0,32.9,32.6,26.2,22.1,26.2,,,
202602,Sydney (Observatory Hill),28.1,22.6,25.2,27.3,34.6,30.0,30.1,23.8,29.1,29.0,31.7,24.2,22.1,25.9,25.4,27.2,28.0,36.6,28.0,26.1,32.2,31.6,29.3,30.3,30.4,26.6,24.1,26.8,,,
202602,Sydney Airport AMO,26.9,20.9,24.9,28.2,37.4,30.4,33.1,24.8,29.0,28.5,34.1,23.6,21.9,24.8,22.6,26.1,28.4,36.6,28.3,27.4,32.6,35.9,26.6,31.4,28.4,24.6,25.8,27.3,,,
202602,Sydney Harbour (Wedding Cake West),26.0,21.2,24.2,24.2,27.1,26.3,26.7,24.4,27.5,25.8,28.7,23.9,22.4,23.7,23.0,24.3,27.0,34.7,26.0,24.8,28.1,28.0,27.6,27.1,26.6,25.1,24.6,25.8,,,
202602,Sydney Olympic Park AWS (Archery Centre),30.0,22.1,24.6,28.8,38.6,32.2,33.8,24.5,30.3,30.3,37.1,25.3,22.2,25.0,24.5,26.4,29.7,37.3,28.4,27.0,34.1,35.6,28.8,31.0,30.9,26.8,24.1,26.2,,,
202602,Terrey Hills AWS,28.3,20.1,22.3,26.6,35.5,29.8,31.6,21.9,28.2,27.8,32.6,23.8,20.3,23.3,23.1,24.5,26.5,35.6,26.1,24.8,32.1,34.7,27.4,29.6,28.1,26.4,21.8,24.8,,,
202602,"Values are the maximum temperature, usually in the 24 hoursfrom9 am on the day indicated,and typically occurred in the afternoon of that day.",,,,,,,,,,,,,,,,,,,,,,,,,,,,,,,
202602,Temperatures coloured according to their differencefrom the long-termaveragefor the period,-10.0,-9.0,-8.0,-7.0,-6.0,-5.0,-4.0,-3.0,-2.0,-1.0,0.0,+1.0,+2.0,+3.0,+4.0,+5.0,+6.0,+7.0,+8.0,+9.0,+10.0,°C,Grey outline marks highestand lowest for the period,,,,,,,,
202603,Badgerys Creek AWS,25.6,27.9,26.3,31.7,30.8,32.1,30.2,24.9,24.8,29.6,33.4,27.8,24.1,,29.3,30.8,30.9,25.6,26.6,29.2,30.1,27.0,26.9,28.7,29.6,30.4,17.2,23.5,25.5,26.3,26.4
202603,Bankstown Airport AWS,26.6,29.3,27.2,32.1,30.7,30.5,29.9,25.2,24.1,27.8,33.3,26.7,23.6,25.7,29.2,31.3,31.0,25.2,25.4,27.2,28.4,27.5,27.2,28.0,30.1,30.8,18.1,22.8,24.0,25.5,25.4
202603,Camden Airport AWS,25.0,28.3,26.3,31.9,30.7,31.9,29.3,25.1,24.7,29.0,33.2,27.3,23.9,26.5,29.0,30.9,30.2,24.9,26.2,28.6,29.5,28.1,27.1,28.2,29.9,30.7,17.8,22.9,25.4,,
202603,Campbelltown (Mount Annan),25.7,28.4,26.0,31.8,30.6,31.6,28.3,24.1,24.9,28.7,33.4,27.2,23.9,26.5,29.2,31.7,30.7,24.4,25.8,28.5,29.3,27.8,27.0,28.5,29.4,30.7,17.2,23.0,25.0,25.8,26.0
202603,Canterbury Racecourse AWS,26.5,27.9,26.8,30.7,30.0,28.7,30.6,24.4,24.5,27.4,30.1,25.1,21.9,25.5,27.1,29.4,30.3,24.3,26.2,26.4,27.1,26.7,26.9,27.6,29.3,31.0,17.9,22.1,23.0,24.9,
202603,Cooranbong (Lake Macquarie AWS),27.0,29.7,26.6,31.3,30.6,30.2,30.9,26.2,25.5,27.7,31.4,28.0,22.8,26.0,27.7,29.2,32.5,28.0,24.8,27.3,28.6,28.2,27.2,27.4,29.1,31.7,20.3,23.2,24.5,25.6,25.8
202603,Gosford AWS,25.5,28.2,27.7,30.3,29.2,29.0,30.1,25.3,23.0,27.0,30.1,26.1,22.2,24.9,27.5,29.2,31.4,25.9,26.9,25.1,26.7,27.4,26.6,26.7,27.6,31.1,19.4,22.3,23.5,24.7,25.4
202603,Holsworthy Aerodrome AWS,26.4,28.3,26.8,31.8,29.7,30.6,29.6,24.9,24.3,26.7,32.8,25.8,22.5,25.1,28.4,31.1,30.3,25.5,25.3,27.3,28.5,27.0,26.8,27.5,28.9,30.2,17.4,22.3,23.6,24.8,25.3
202603,Holsworthy Defence AWS,25.4,28.3,26.9,32.3,30.1,29.9,30.7,23.4,23.3,26.5,33.9,24.3,21.1,25.3,29.9,31.7,30.6,23.8,24.6,26.5,28.3,25.8,26.0,26.9,30.0,30.7,15.9,21.8,23.1,24.2,26.7
202603,Horsley Park Equestrian Centre AWS,25.5,28.8,26.0,31.1,30.7,31.0,29.5,24.4,23.7,27.5,33.3,26.4,23.0,25.6,29.3,30.9,30.7,24.8,24.8,27.0,28.7,26.7,26.6,27.9,29.8,29.4,17.3,22.8,24.4,25.3,26.1
202603,Katoomba (Farnells Rd),18.9,,,26.2,27.2,25.0,23.5,16.7,16.1,22.4,26.9,,,19.5,,,22.0,20.2,,,20.5,21.0,19.2,,,24.2,9.0,16.5,19.0,20.1,20.7
202603,Mangrove Mountain AWS,22.6,27.8,26.9,28.6,29.9,30.2,28.4,23.1,,,31.4,27.3,20.9,23.2,27.6,29.8,29.3,25.5,22.5,24.5,25.5,26.0,25.3,25.6,27.5,30.1,17.5,21.2,23.7,23.8,24.3
202603,Mount Boyce AWS,16.8,23.3,20.1,25.8,28.0,27.5,22.9,16.1,17.0,22.6,25.9,23.9,19.9,20.0,25.5,26.3,20.6,21.5,20.3,22.2,22.1,22.3,19.3,21.5,23.0,23.8,8.6,15.9,18.8,20.8,21.0
202603,Norah Head AWS,26.5,28.5,24.4,26.7,25.7,25.9,28.0,22.7,24.7,26.3,27.8,24.8,22.5,24.3,27.8,27.6,30.4,24.6,25.2,24.5,26.7,28.0,27.0,26.6,26.3,28.1,19.4,21.0,22.2,24.9,26.2
202603,Parramatta North (Masons Drive),26.0,28.0,26.5,32.0,30.0,30.2,30.5,24.4,24.0,26.0,33.0,26.2,22.6,24.5,28.2,30.2,30.5,24.2,25.8,26.6,27.6,27.0,27.0,27.5,29.2,30.0,17.9,22.5,23.5,24.8,25.0
202603,Penrith Lakes AWS,24.8,28.1,,,,31.4,29.5,24.9,24.2,29.8,34.0,28.6,23.4,26.7,29.1,31.4,31.3,26.0,25.6,28.6,29.5,27.9,26.6,28.9,30.6,29.4,18.8,22.7,26.1,26.8,27.0
202603,Richmond RAAF,24.4,28.6,26.6,32.2,31.3,31.7,29.1,25.1,24.2,29.2,34.1,28.8,23.9,26.5,29.1,31.8,32.0,26.0,25.2,27.3,28.1,28.1,27.4,28.2,29.9,31.8,19.4,22.9,25.6,26.0,26.9
202603,Sydney (Observatory Hill),27.5,28.3,26.3,28.5,29.5,30.3,29.1,24.5,25.4,28.8,28.3,26.5,22.9,26.5,27.3,28.2,30.7,23.3,25.6,26.9,28.7,28.1,27.4,27.4,28.0,29.6,17.6,23.0,24.5,25.9,
202603,Sydney Airport AMO,26.8,28.9,26.2,30.0,29.4,26.3,29.7,23.5,25.3,25.6,29.7,25.0,21.7,25.0,27.4,29.5,30.5,23.0,25.9,25.1,27.4,27.1,26.8,27.5,28.9,30.9,17.5,20.9,21.9,24.2,25.6
202603,Sydney Harbour (Wedding Cake West),26.2,25.1,23.8,25.0,27.6,27.1,25.5,23.7,24.0,25.5,25.8,24.0,21.3,23.7,23.9,24.3,29.6,22.4,26.3,26.6,26.8,27.0,25.3,25.9,25.7,27.2,19.0,21.0,22.0,24.7,24.2
202603,Sydney Olympic Park AWS (Archery Centre),26.4,29.2,27.0,32.3,30.1,29.8,31.4,25.1,24.4,27.0,33.0,25.9,22.5,25.2,28.7,31.1,31.1,25.3,26.1,26.7,28.8,27.2,27.1,27.8,29.6,30.6,18.4,23.1,23.7,25.5,25.6
202603,Terrey Hills AWS,25.3,25.5,25.6,29.9,27.9,27.7,28.4,23.4,22.3,24.6,28.2,24.8,21.1,23.4,25.2,28.0,30.0,22.5,24.6,24.3,25.8,25.3,24.6,25.8,27.1,29.3,16.2,21.0,22.3,22.3,24.2
202603,"Values are the maximum temperature, usually in the 24 hoursfrom9 am on the day indicated,and typically occurred in the afternoon of that day.",,,,,,,,,,,,,,,,,,,,,,,,,,,,,,,
202603,Temperatures coloured according to their differencefrom the long-termaveragefor the period,-10.0,-9.0,-8.0,-7.0,-6.0,-5.0,-4.0,-3.0,-2.0,-1.0,0.0,+1.0,+2.0,+3.0,+4.0,+5.0,+6.0,+7.0,+8.0,+9.0,+10.0,°C,Grey outline marks highestand lowest for the period,,,,,,,,
202604,Badgerys Creek AWS,29.0,28.2,26.9,19.9,23.0,20.3,31.9,29.2,30.5,30.1,24.7,20.6,23.2,25.5,27.4,27.8,28.8,22.0,22.8,23.5,22.3,22.8,23.1,24.7,25.6,24.8,25.2,24.4,25.9,26.4,
202604,Bankstown Airport AWS,28.0,28.4,26.1,20.0,22.8,20.4,31.4,28.7,31.5,29.7,24.7,21.3,23.2,25.1,27.2,27.9,28.6,21.0,21.9,23.2,21.0,23.0,22.9,23.7,26.1,25.1,25.6,25.1,25.5,25.8,
202604,Camden Airport AWS,28.2,27.8,26.1,20.0,22.9,19.6,31.2,28.3,30.4,30.9,23.9,20.4,22.8,25.3,26.9,27.7,29.0,22.5,22.6,23.4,21.3,23.0,22.3,24.4,25.6,24.5,25.5,24.5,25.9,25.9,
202604,Campbelltown (Mount Annan),28.5,27.7,26.3,20.0,22.6,19.1,30.6,28.6,30.8,29.7,23.7,20.2,23.2,25.4,27.1,27.9,27.4,22.0,22.9,22.8,21.4,23.0,22.2,24.4,25.7,24.2,25.3,24.5,25.7,25.9,
202604,Canterbury Racecourse AWS,26.8,27.3,24.9,19.6,22.2,21.7,30.9,27.9,30.9,29.3,24.7,20.9,22.8,25.2,25.7,27.9,27.4,19.8,21.1,21.8,20.5,21.7,22.2,22.8,25.0,24.0,25.1,25.1,25.6,25.2,
202604,Cooranbong (Lake Macquarie AWS),26.6,27.0,26.8,20.6,23.1,23.8,30.9,30.1,29.1,29.3,27.4,22.2,23.2,25.4,27.2,28.7,30.3,21.8,22.5,23.3,21.3,22.6,22.0,24.1,24.2,23.8,23.9,24.6,24.8,24.9,
202604,Gosford AWS,26.5,26.9,25.4,20.4,22.3,20.8,31.6,28.9,29.4,29.1,25.6,21.3,22.6,24.3,25.5,28.3,28.8,20.3,21.5,22.1,21.4,22.0,22.2,23.6,25.2,24.2,23.3,24.9,25.6,25.0,
202604,Holsworthy Aerodrome AWS,27.8,27.9,25.4,19.8,22.6,19.3,30.5,28.3,30.9,29.8,24.0,20.1,22.8,24.8,26.3,27.4,28.3,20.8,21.7,22.2,21.0,22.3,22.8,23.8,25.6,24.5,25.1,24.4,26.2,25.4,
202604,Holsworthy Defence AWS,28.6,28.1,24.0,19.5,21.7,20.0,30.9,28.9,31.3,30.6,23.4,19.9,23.3,25.7,26.7,28.0,28.1,20.1,21.1,20.9,20.5,21.3,21.3,22.5,25.3,24.8,25.8,25.1,,,
202604,Horsley Park Equestrian Centre AWS,27.9,27.9,25.9,19.5,22.0,20.3,31.1,28.0,30.4,29.5,24.4,20.6,22.6,24.6,26.8,26.7,27.8,21.5,21.6,22.4,20.7,22.5,22.2,23.6,25.0,24.2,24.6,24.4,25.0,25.5,
202604,Katoomba (Farnells Rd),22.8,23.0,21.0,12.4,16.0,16.4,22.6,23.0,25.2,22.5,15.5,11.7,,,21.2,21.0,,17.8,17.8,16.7,14.8,,,17.3,20.5,19.5,18.9,20.3,,,
202604,Mangrove Mountain AWS,25.6,26.1,25.0,17.6,20.6,20.2,30.2,28.1,30.2,26.4,24.9,19.8,21.3,24.0,26.1,27.8,27.8,20.6,20.5,21.5,19.6,20.6,20.1,23.0,24.1,23.1,23.3,23.1,24.0,23.6,
202604,Mount Boyce AWS,22.7,,23.0,13.4,15.9,16.6,22.0,21.3,24.0,21.7,14.4,10.6,16.4,18.7,20.0,19.3,19.1,18.0,18.7,17.2,15.4,15.9,14.7,17.3,19.5,18.9,18.9,19.2,19.4,18.7,
202604,Norah Head AWS,26.1,27.9,24.5,21.9,23.3,22.7,28.6,27.2,28.1,27.0,25.6,21.1,21.8,23.6,25.6,26.1,27.4,19.4,20.4,20.9,20.7,21.8,22.0,25.3,24.2,24.9,25.0,24.3,25.0,24.0,
202604,Parramatta North (Masons Drive),27.5,27.4,24.5,19.8,21.8,20.6,31.0,28.5,31.5,28.2,25.0,21.0,21.6,24.7,26.5,27.5,28.0,20.5,21.6,22.6,20.5,22.5,21.6,22.8,25.6,24.8,24.5,25.0,24.0,25.2,
202604,Penrith Lakes AWS,29.5,28.4,27.0,19.6,23.8,20.4,32.6,29.2,31.5,31.0,26.2,21.9,23.5,25.6,26.6,28.4,30.3,22.6,23.3,23.5,22.4,23.7,22.9,25.4,26.4,25.7,26.1,25.5,26.5,26.3,
202604,Richmond RAAF,28.4,27.8,26.8,19.4,22.6,20.0,31.8,28.4,30.9,29.5,25.3,21.5,23.7,24.6,25.9,29.4,29.3,22.3,22.3,23.5,22.2,22.8,23.2,24.4,26.0,24.6,25.3,25.1,25.7,25.7,
202604,Sydney (Observatory Hill),26.4,27.3,25.5,20.4,22.7,22.0,27.9,28.4,29.0,28.2,25.7,21.4,23.7,25.1,26.3,27.7,26.6,21.4,22.5,22.4,21.7,23.3,23.8,23.7,25.3,24.5,24.7,24.4,25.6,25.0,
202604,Sydney Airport AMO,26.8,27.5,23.5,20.4,22.1,22.5,29.6,26.2,30.5,29.8,25.1,21.4,22.2,23.5,25.5,28.5,27.0,19.2,20.3,20.8,20.4,22.7,23.0,22.6,25.2,24.7,25.0,24.9,25.5,25.0,
202604,Sydney Harbour (Wedding Cake West),23.5,24.2,23.2,20.9,23.0,20.9,25.6,25.5,24.7,27.9,24.0,20.0,22.4,23.1,23.7,23.9,25.4,18.7,19.9,20.4,20.2,21.0,21.5,22.2,23.0,21.4,23.4,23.5,23.3,24.7,
202604,Sydney Olympic Park AWS (Archery Centre),28.0,27.8,25.0,19.9,23.3,22.0,31.5,29.3,32.0,28.8,25.5,21.6,23.6,25.2,26.8,27.8,28.2,21.2,22.3,22.6,21.1,22.1,22.7,23.7,26.6,25.1,25.3,25.4,25.9,24.8,
202604,Terrey Hills AWS,24.8,25.4,23.3,19.2,20.9,20.8,29.4,26.5,28.7,27.6,24.1,19.6,21.6,22.5,24.9,25.5,26.0,18.8,20.4,20.6,18.9,19.8,20.5,21.6,23.8,22.3,23.0,23.5,24.0,22.7,
202604,"Values are the maximum temperature, usually in the 24 hoursfrom9 am on the day indicated,and typically occurred in the afternoon of that day.",,,,,,,,,,,,,,,,,,,,,,,,,,,,,,,
202604,Temperatures coloured according to their differencefrom the long-termaveragefor the period,-10.0,-9.0,-8.0,-7.0,-6.0,-5.0,-4.0,-3.0,-2.0,-1.0,0.0,+1.0,+2.0,+3.0,+4.0,+5.0,+6.0,+7.0,+8.0,+9.0,+10.0,°C,Grey outline marks highestand lowest for the period,,,,,,,,
