YearMonth,Station,Day_1,Day_2,Day_3,Day_4,Day_5,Day_6,Day_7,Day_8,Day_9,Day_10,Day_11,Day_12,Day_13,Day_14,Day_15,Day_16,Day_17,Day_18,Day_19,Day_20,Day_21,Day_22,Day_23,Day_24,Day_25,Day_26,Day_27,Day_28,Day_29,Day_30,Day_31
201501,Abbotsbury (Fairfield (City Farm)),,,,,,,,,,15.0,25.0,8.0,1.0,1.0,,,,,,4.0,1.0,2.0,,1.0,,,10.0,40.0,15.0,,
201501,Abbotsford (Blackwall Point Rd),,,,,,,,,,,22.0,13.0,,4.0,,,,,,→,20.0,,,,14.0,,25.0,84.0,10.0,,
201501,Audley  (Royal National Park),,,,,,,,,,1.0,45.0,10.0,1.0,1.0,,,,,2.0,6.0,4.0,,,,,,28.0,59.0,3.0,,
201501,Avalon (Wollstonecraft Ave),,12.0,,,,,,,,,83.0,13.0,,1.0,,,,,1.0,9.0,,,,,1.0,1.0,31.0,74.0,7.0,,
201501,Badgerys Creek AWS,,,,,14.2,,,,,,30.4,13.8,0.4,0.8,,,,,,1.8,1.4,1.2,0.2,18.6,8.6,,9.6,38.8,5.2,,
201501,Bankstown Airport AWS,,,,,0.2,,,,0.2,1.4,37.2,3.4,1.0,1.0,,,,,,0.6,2.8,,,,1.4,,22.6,39.2,15.2,,
201501,Baulkham Hills Eucalyptus Ct,,,,,,,,,,3.0,19.5,10.5,2.0,1.0,,,,,,2.0,0.5,,,1.0,1.0,,24.5,47.0,13.0,,
201501,Belrose (Evelyn Place),,,,,0.4,,11.0,,,0.2,18.8,17.4,2.6,1.0,,,,,1.8,10.0,8.4,0.4,,,0.2,→,49.0,93.2,13.0,,
201501,Berowra (Goodwyn Road),,,,,1.6,0.4,,,,,→,29.0,1.0,,,,,,1.8,11.8,,,,,,1.2,29.6,89.8,13.6,,
201501,Box Hill (Hynds Road),,,,,,,,,,1.0,32.0,6.0,1.0,2.0,,,,,,3.0,,4.0,,,2.0,,15.0,44.0,9.0,,
201501,Camden Airport AWS,,,,,11.2,,,,,0.2,29.0,11.4,,2.2,,,,,1.4,3.0,4.4,0.4,0.2,4.2,6.6,,7.8,41.8,2.8,,
201501,Campbelltown (Kentlyn (Georges River Roa,,,,,11.0,,,,,6.0,30.0,10.0,,2.0,,,,,,4.0,8.0,,,,3.0,,11.0,40.0,2.0,,
201501,Campbelltown (Mount Annan),,,,,6.8,0.2,,,,19.2,,8.8,0.2,1.6,0.2,,,,0.2,3.2,6.0,2.0,0.2,0.4,7.6,0.2,6.8,31.0,1.2,,
201501,Canterbury Racecourse AWS,0.2,0.2,,,,,,,,0.2,,,5.6,0.8,,,,,,2.6,12.2,,,,0.8,,34.6,63.8,8.0,,
201501,Castle Cove (Rosebridge Ave),,,,,0.5,,,,,,23.0,25.0,5.5,0.5,,,,,,9.5,7.0,,,,,1.0,58.0,90.0,16.0,,
201501,Castle Hill (Kathleen Ave),,,,,,7.0,34.0,52.8,1.9,,17.0,45.2,,,,,,,,,,,,,,,,,,,
201501,Centennial Park,,,,,,,,,,0.4,16.4,5.8,4.2,0.4,,,,,,11.2,6.4,,,,1.0,,50.0,66.0,,,
201501,Chatswood Bowling Club,,,,,,,,,,,20.0,15.0,4.0,,,,,,,5.0,11.0,,,,,,42.0,103,10.0,,
201501,Collaroy (Long Reef Golf Club),,,,,,,,,,,22.0,27.9,,,,,,,,,,,,,,,,,,,
201501,Concord (Brays Rd),,,,,,,,,,,23.0,7.4,3.6,0.6,,,,,,2.2,4.4,,,,9.0,,42.2,58.6,5.0,,
201501,Concord Golf Club,,,,,,,,,,1.0,24.2,7.6,2.6,0.8,,,,,,1.8,2.8,,,,5.2,,45.6,,,,
201501,Cronulla South Bowling Club,,,,,11.0,0.6,→,24.5,,0.4,→,33.0,2.2,1.0,,,,,4.0,22.2,4.0,,,,→,5.0,36.0,69.0,9.2,,
201501,Frenchs Forest (Frenchs Forest Rd),,,,,,,,,,,23.0,21.0,3.0,1.0,,,,,3.0,10.0,6.0,,,,,1.0,57.0,100,13.0,,
201501,Glenorie (Old Northern Rd),,,,,,,,,,2.0,18.0,9.0,1.0,,,,,,2.0,4.0,,,,,,,8.6,59.0,10.0,,
201501,Holsworthy Aerodrome AWS,,0.2,,,,,,,,0.4,,4.2,0.2,1.4,,,,,,2.2,2.4,,,,0.4,0.2,11.4,55.2,3.2,,
201501,Horsley Park Equestrian Centre AWS,,,,,,,,,,22.4,30.4,8.4,0.8,0.8,,,,,,4.6,1.2,1.2,,1.0,0.4,0.2,10.8,43.4,16.8,,
201501,Lower Portland (Hawkesbury River),,,,,,,,,,,,0.8,,,,,,,,,,,,,,,,,,,
201501,Lucas Heights (ANSTO),,10.0,,,0.6,,,,,,28.4,7.6,,1.6,,,,,,4.6,7.8,,,,,,16.6,74.6,3.0,,
201501,Marrickville Golf Club,,2.0,,,,,,,,,31.0,8.0,4.0,,1.0,,,,,3.0,3.0,,,,1.0,,43.0,54.0,9.0,,
201501,Milperra Bridge (Georges River),,,,,,,,,,,34.0,4.0,,1.0,,,,,,,2.0,,,,,,19.0,39.0,14.0,,
201501,Mona Vale Golf Club,,7.2,,0.2,0.4,0.2,,,,,39.4,11.2,0.4,0.8,,,,,5.2,8.0,6.8,,,,,,,,,,
201501,Mount Annan Botanic Garden,,,,,8.6,,,,,20.0,40.5,11.4,0.4,2.2,,,,,,2.5,6.2,3.0,,,12.0,,4.8,33.2,2.2,,
201501,North Parramatta (Burnside Homes),,,,,,,,,,1.0,21.5,8.5,2.5,1.0,,1.0,,,,2.0,1.5,,,,1.5,,31.5,56.0,13.0,0.5,
201501,North Rocks (Muirfield Golf Club),,,,,,,,,,1.0,22.5,16.0,2.5,1.0,,,,,,2.5,2.0,,,0.5,2.5,,30.0,46.5,11.5,,
201501,Parramatta North (Masons Drive),,,,,,,,,,1.6,22.4,8.4,2.4,0.6,,1.6,,,,2.2,2.0,,,0.4,1.8,,30.2,51.6,13.4,,
201501,Peakhurst Golf Club,,,,,,,,,,1.0,36.0,5.0,2.0,1.0,,,,,,4.0,6.0,,,,,,19.0,53.0,14.0,,
201501,Pennant Hills (Yarrara Road),,,,,0.4,,9.4,,,0.2,16.0,33.0,3.2,1.2,,,,,0.8,4.0,3.0,,,,4.2,1.0,16.6,97.0,19.2,,
201501,Penrith Lakes AWS,,,,,7.2,,,0.2,,7.8,27.2,21.8,0.8,0.8,,,,,,5.0,4.2,,,3.2,1.8,,6.4,43.4,10.6,,
201501,Prospect Reservoir,,,,,,,,,,54.8,24.2,6.8,0.8,1.6,,,,,,3.4,1.7,,,0.9,1.0,,18.4,56.6,21.6,,
201501,Randwick (Randwick St),,,,,,,,,,,19.8,6.6,4.0,0.6,,,,,0.4,21.8,3.2,,,,1.4,2.6,49.6,66.6,15.2,,
201501,Richmond RAAF,,,0.2,,4.2,0.6,,,,9.0,26.6,8.2,0.8,1.2,,,,,0.8,3.8,0.2,,,,2.8,,10.0,47.4,22.6,,0.6
201501,Riverview Observatory,→,0.2,,,,,,,,,,,,,,,,,,,,,,,,,,,,,
201501,Rose Bay (Royal Sydney Golf Club),,,,,,,,,,,14.4,10.4,3.0,,,,,,0.4,9.8,2.8,,,,,1.0,41.6,73.8,,,
201501,Rossmore (South Creek),,,,,1.0,,,,,,22.0,10.0,,1.0,,,,,,2.0,3.0,4.0,,3.0,18.0,,13.0,40.0,4.0,,
201501,Sans Souci (Public School),,,,,,,,,,,37.0,4.0,,1.0,3.0,,,,,3.0,15.0,,,,1.0,,25.0,60.0,5.0,,
201501,Seven Hills  (Radio FM 103.2),,,,,,,,,,48.0,24.5,6.0,1.0,0.5,,,,,,3.0,1.5,,,1.0,1.5,0.5,12.5,44.0,12.0,,
201501,Seven Hills (Collins St),,,,,,,,,,26.4,29.6,6.8,,,,,,,,2.8,6.8,,,2.2,4.2,,6.4,34.4,29.6,,
201501,Springwood (Valley Heights),,0.4,,,12.2,,,,,7.2,21.0,24.0,1.8,1.4,,,,,0.2,8.0,,,,,,,,,,,
201501,St Ives (Richmond Avenue),,,,,1.0,1.0,,,,,15.0,31.0,3.2,1.2,,,,,1.4,9.0,3.2,0.4,,,,1.2,,91.8,13.0,,
201501,Strathfield Golf Club,,,,,,,,,,,15.0,5.0,2.0,1.0,1.0,,,,,2.0,3.0,,,,3.0,,29.0,53.0,10.0,,
201501,Sydney (Observatory Hill),,,,,0.2,0.2,,,,,21.0,9.6,4.8,,,,,,,7.0,10.6,0.2,,,,0.2,30.4,71.0,16.0,0.2,
201501,Sydney Airport AMO,0.2,,,,,,,,,0.2,19.0,5.8,4.2,0.8,0.2,,,,0.4,3.8,13.4,0.2,,0.4,0.4,0.2,18.2,40.2,5.2,,
201501,Sydney Botanic Gardens,,,,,,,,,,,22.0,8.0,4.8,0.2,,,,,0.2,8.6,24.8,0.4,,,1.2,,38.0,75.0,17.4,,
201501,Terrey Hills AWS,,,,,1.6,0.2,,,,,19.4,14.8,1.6,0.6,,,,,4.2,9.4,5.4,,,,,0.4,29.0,92.8,8.0,0.2,
201501,Turramurra (Kissing Point Road),,,,,0.6,,,,,,17.0,36.6,3.0,1.6,,,,,0.6,8.6,5.4,,,,0.6,0.6,37.6,100,11.0,,
201501,Willmot (Resolution Ave),,,,,6.0,,,,,1.0,18.0,8.0,1.0,,,,,,,2.0,,2.0,,,,,8.0,31.0,19.0,,
201501,"Most values are the precipitation in the 24 hoursto9 am on the day indicated.
Days marked with → are part of a longer accumulation, which is shown on the final day.Values over  100  mm have been rounded to the nearest whole millimetre.Days marked with - have a rainfall report of zero; 
days left blank have no rainfall report (which often indicates no rain fell).",,,,,,,,,,,,,,,,,,,,,,,,,,,,,,,
201501,Rainfalls colouredaccording to the amount,0,1.0,5.0,10.0,15.0,25.0,50.0,100,150,200,300,400,600,millimetres,,,,,,,,,,,,,,,,,
201502,Abbotsbury (Fairfield (City Farm)),,,,,,,,,,,,,25.0,,3.0,,,,,3.0,4.0,6.0,,,,20.0,1.0,,,,
201502,Abbotsford (Blackwall Point Rd),,,,,12.0,,,,,,,,,,,,,,,,4.0,4.0,,,→,→,20.0,,,,
201502,Audley  (Royal National Park),,,,,11.0,2.0,,,,,1.0,,29.0,11.0,2.0,,,,4.0,3.0,8.0,7.0,,,1.0,4.0,8.0,,,,
201502,Avalon (Wollstonecraft Ave),,,26.0,,,,,,,,4.0,,,1.0,,,,,,,18.0,1.0,,,,,1.0,,,,
201502,Avalon Beach (Avalon (Palmgrove Rd)),,0.6,29.0,,9.2,,0.2,,,2.8,1.2,,,,,,,,,1.8,12.6,,,,,18.4,,,,,
201502,Badgerys Creek AWS,,0.8,0.2,,0.6,,,,,,,,7.6,0.6,6.6,0.2,,,,0.2,4.4,8.8,0.8,0.4,,2.2,0.4,0.2,,,
201502,Bankstown Airport AWS,,,,,2.4,,0.2,,,0.4,1.2,,21.2,,0.6,1.6,,,,,1.6,9.8,1.2,0.6,,2.0,,,,,
201502,Baulkham Hills Eucalyptus Ct,,,,0.5,2.5,,,,,,2.5,,19.5,0.5,2.0,0.5,,,,,2.0,4.5,1.5,,,10.0,,1.0,,,
201502,Belrose (Evelyn Place),,14.0,3.0,,11.0,0.4,,,,1.2,8.0,,1.0,10.2,1.6,,,,0.4,,6.0,2.2,,0.4,0.8,10.8,0.4,1.0,,,
201502,Berowra (Goodwyn Road),,1.8,1.8,,9.0,,,,,→,4.0,,3.8,,,,,,,,14.2,4.4,3.0,0.4,,15.2,,,,,
201502,Box Hill (Hynds Road),,1.0,1.0,,1.0,,,,,,,,3.0,7.0,,20.0,,,,3.0,7.0,8.0,4.0,,,,1.0,,,,
201502,Camden Airport AWS,,,,,4.6,0.4,,,,2.2,,,2.8,10.8,3.4,,,,,1.0,1.4,10.6,0.6,0.2,0.6,6.6,3.8,,,,
201502,Campbelltown (Kentlyn (Georges River Roa,,,,,2.0,,,,,,2.0,,8.0,4.0,5.0,18.0,,,1.0,5.0,4.0,1.0,2.0,1.0,10.0,16.0,2.0,,,,
201502,Campbelltown (Mount Annan),,,,,2.8,0.2,,,,0.2,,,0.4,3.6,27.0,,,,,6.4,2.2,2.8,0.8,0.4,0.2,16.4,2.0,0.2,,,
201502,Canterbury Racecourse AWS,,,,,3.2,1.6,,,,,,0.2,1.2,9.6,0.8,0.2,,,2.4,0.2,1.6,4.8,0.6,0.2,,5.6,18.8,0.2,,,
201502,Castle Cove (Rosebridge Ave),,13.0,1.5,,18.0,,,,,1.0,0.5,,2.5,11.0,2.0,,,,1.0,,9.0,5.5,,,,4.0,1.0,2.0,,,
201502,Castlereagh (Castlereagh Road),12.4,0.1,,3.6,,,,,3.6,,,,,,,,,,,,,,,,,,,,,,
201502,Chatswood Bowling Club,,5.0,,,11.0,,,,,,2.0,,6.0,2.0,1.0,,,,,,5.0,5.0,,,,6.0,5.0,3.0,,,
201502,Collaroy (Long Reef Golf Club),,3.6,19.6,,8.0,,,,,1.0,0.2,,,,0.6,,,,0.6,,8.6,3.6,,,,10.8,,,,,
201502,Concord (Brays Rd),,,,0.6,9.2,,,,,,3.4,0.2,45.8,,0.8,,,,,1.0,4.0,2.2,,,,7.2,,26.4,,,
201502,Concord Golf Club,,,,,5.0,,,,,,4.6,,41.4,1.2,2.6,,,,0.8,1.4,3.8,4.8,,,,5.4,,,,,
201502,Cronulla South Bowling Club,,,,,12.6,1.0,,,,,3.6,,,,→,2.0,,,→,1.2,7.4,,,,,3.0,8.0,,,,
201502,Frenchs Forest (Frenchs Forest Rd),,16.0,8.0,,11.0,,,,,3.0,1.0,,,,1.0,,,,2.0,,6.0,3.0,,,,11.0,1.0,1.0,,,
201502,Glenorie (Old Northern Rd),,4.2,,,10.0,,,,,,,,2.0,2.4,,,,,,,21.5,7.0,9.0,1.2,,3.0,,,,,
201502,Holsworthy Aerodrome AWS,,,,,2.8,0.2,,,,,0.2,0.2,17.4,1.4,4.2,11.4,,,0.4,0.2,2.4,1.0,,0.4,,20.0,0.8,,,,
201502,Horsley Park Equestrian Centre AWS,,,,,0.4,0.2,,,,0.4,,,,,4.2,0.2,,,,3.4,3.4,4.0,0.4,0.6,,17.0,0.4,,,,
201502,Lower Portland (Hawkesbury River),,8.8,,,,,,,,,,,,,,,,,,,,,,,,,,,,,
201502,Lucas Heights (ANSTO),,,,,6.2,1.2,,,,,3.4,,,2.0,2.4,0.2,,,,1.4,,,,,1.8,6.0,,,,,
201502,Marrickville Golf Club,,,,,5.0,,,,,,,,50.0,15.0,1.0,,,,2.0,,3.0,9.0,1.0,,,7.0,8.0,,,,
201502,Milperra Bridge (Georges River),,,,,2.0,,,,,,2.0,,21.0,,,3.0,,,,,1.0,5.0,1.0,,,2.0,,,,,
201502,North Parramatta (Burnside Homes),,,,,4.5,,0.5,,,,1.0,,28.0,,2.5,6.0,,,,,3.0,2.5,1.5,,,11.5,1.0,2.0,,,
201502,North Rocks (Muirfield Golf Club),,,0.5,,4.5,,,,,,1.0,,12.5,,2.0,3.5,,,,,2.5,2.5,1.5,0.5,,6.5,1.5,,,,
201502,Parramatta North (Masons Drive),,,0.2,,4.4,,,,,,1.6,,28.4,0.2,2.2,2.0,,,,,3.2,2.8,2.0,0.2,,12.6,1.6,1.0,,,
201502,Peakhurst Golf Club,,,,,5.0,1.0,,,,,,,19.0,5.0,2.0,4.0,,,1.0,,3.0,3.0,1.0,,1.0,5.0,4.0,,,,
201502,Pennant Hills (Yarrara Road),,2.4,0.2,,12.8,0.2,,,,0.2,,0.8,7.0,1.2,2.2,8.4,,,,,6.2,4.4,4.4,0.6,,9.8,1.0,,,,
201502,Penrith Lakes AWS,,1.0,,,3.8,,,,,1.8,,,,4.6,2.8,0.2,,,,3.8,7.4,7.0,10.2,1.8,,1.6,1.2,,,,
201502,Prospect Reservoir,,,,,3.5,,,,,,0.8,,21.4,,2.0,1.0,,,,0.3,1.6,0.5,0.9,,,3.2,,,,,
201502,Randwick (Randwick St),,10.2,4.0,0.2,13.6,,,,0.1,0.4,,,6.2,0.2,0.6,,,,,,9.3,6.2,0.2,,0.4,6.8,4.0,,,,
201502,Richmond RAAF,,53.4,,,0.6,0.4,,,,0.2,0.2,,19.6,6.0,1.4,0.4,,,,4.8,5.4,2.6,2.4,,,0.6,1.0,0.2,,,
201502,Rossmore (South Creek),,,,,1.0,,,,,,,,1.0,,4.0,,,1.0,,,2.0,10.0,1.0,,1.0,4.0,,,,,
201502,Sans Souci (Public School),,,,,10.0,1.0,,,,,,,13.0,5.0,2.0,,,,,,4.0,6.0,,,,6.0,20.0,,,,
201502,Seven Hills  (Radio FM 103.2),,,,0.5,0.5,,,,,,0.5,0.5,23.5,,1.5,,,,,,1.0,6.0,0.5,,,,0.5,,,,
201502,Seven Hills (Collins St),,,,,,,,,,,,,28.4,,,,,,,,6.4,3.2,,,,,,,,,
201502,Springwood (Valley Heights),→,→,→,0.2,3.2,,,,,0.6,1.2,,25.6,3.4,4.4,11.0,,,,0.6,7.2,3.6,8.2,0.4,,3.6,4.8,,,,
201502,St Ives (Richmond Avenue),,6.0,1.8,,12.0,,0.4,,,1.4,1.0,,5.2,,0.8,1.0,,,,,5.4,1.2,1.0,,0.8,4.0,0.4,0.4,,,
201502,Strathfield Golf Club,,,,1.0,6.0,,,,,,4.0,,76.0,2.0,1.0,,,,,3.0,2.0,5.0,,,,3.0,6.0,1.0,,,
201502,Sydney (Observatory Hill),,3.4,1.0,1.2,7.4,0.2,,,,,0.2,,6.8,4.4,0.6,,,,0.2,,1.0,1.2,,0.2,,4.2,26.8,0.2,,,
201502,Sydney Airport AMO,,,,,1.8,,,,,,,,20.0,1.0,0.8,,,,,,5.4,3.4,,,,11.6,0.4,,,,
201502,Sydney Botanic Gardens,,3.8,1.4,1.6,8.8,0.4,,,,0.8,,,4.8,4.8,0.8,,,,0.4,,2.5,2.0,0.6,0.6,6.4,3.0,15.0,,,,
201502,Terrey Hills AWS,,4.6,4.6,,4.6,0.2,,,,1.0,0.6,0.2,,0.4,0.4,0.2,,,,,7.4,1.4,2.8,0.2,0.2,16.4,0.2,3.8,,,
201502,Turramurra (Kissing Point Road),,2.6,0.4,,,,,,,,1.6,,4.0,1.2,1.8,3.0,,,,,5.4,1.8,2.6,1.0,0.4,2.4,3.6,1.0,,,
201502,West Pennant Hills (Cumberland State For,,,,,5.6,,,,,,,,,,,,,,,,,,,,,,,,,,
201502,Willmot (Resolution Ave),,,,,1.0,,,,,,,,15.0,3.0,8.0,1.0,,,,,2.0,8.0,1.0,,,1.0,,,,,
201502,"Most values are the precipitation in the 24 hoursto9 am on the day indicated.
Days marked with → are part of a longer accumulation, which is shown on the final day.Values over  100  mm have been rounded to the nearest whole millimetre.Days marked with - have a rainfall report of zero; 
days left blank have no rainfall report (which often indicates no rain fell).",,,,,,,,,,,,,,,,,,,,,,,,,,,,,,,
201502,Rainfalls colouredaccording to the amount,0,1.0,5.0,10.0,15.0,25.0,50.0,100,150,200,300,400,600,millimetres,,,,,,,,,,,,,,,,,
201503,Abbotsbury (Fairfield (City Farm)),,2.0,,,,,,,,,,20.0,,,,,,,1.0,,2.0,1.0,,,14.0,,,,,,4.0
201503,Abbotsford (Blackwall Point Rd),,11.0,,,,,,,,,,,,4.0,,7.0,,,,,8.0,3.0,3.0,,35.0,,,,,11.0,
201503,Audley  (Royal National Park),,11.0,,,,,,,,,,,2.0,1.0,,1.0,,,,,2.0,5.0,,,8.0,,,,,,1.0
201503,Avalon (Wollstonecraft Ave),,4.0,,,,,,,,,,,,1.0,,4.0,,,,,1.0,,1.0,,10.0,,,,,,3.0
201503,Avalon Beach (Avalon (Palmgrove Rd)),,6.2,,0.3,,,,,,,,0.4,3.0,,,8.2,0.4,0.4,,,4.4,,,,,,,,,,
201503,Badgerys Creek AWS,,8.4,0.2,,,,,,,,,28.6,,,,,,,,,1.8,1.4,0.2,,10.8,,,,,0.2,4.2
201503,Bankstown Airport AWS,,2.4,0.4,,,,,,,,,5.0,0.2,,,,,,,,0.2,3.0,0.6,,10.6,0.2,,,,,0.2
201503,Baulkham Hills Eucalyptus Ct,,0.5,,,,,,,,,,7.0,0.5,0.5,,,,,0.5,,2.5,1.5,0.5,,14.0,,,,,,7.0
201503,Belrose (Evelyn Place),,8.4,,0.8,,,0.8,,,,,0.8,2.0,2.8,,3.0,,,2.0,,4.0,2.6,1.0,,23.6,,,,,,3.6
201503,Berowra (Goodwyn Road),,4.8,,,,,,,,,,,,3.4,,4.6,,,,,4.0,2.4,,1.2,18.4,,,,,10.4,2.0
201503,Box Hill (Hynds Road),,1.0,,,,,,,,,,17.0,1.0,,,,,,,,3.0,,1.0,,11.0,,,,,,3.0
201503,Camden Airport AWS,,19.6,,,0.2,,,,,,,33.8,,0.2,,,,,,,0.6,1.0,0.6,,7.0,,,,,,0.8
201503,Campbelltown (Kentlyn (Georges River Roa,,10.0,,,,,,,,,,13.0,2.0,,,,,,,,,2.0,1.0,,9.0,,,,,,
201503,Campbelltown (Mount Annan),,,2.6,,,,,,,,,29.6,0.6,0.2,,,,,1.2,,0.6,1.4,1.4,,7.2,0.2,,,,,
201503,Canterbury Racecourse AWS,,7.2,,,,,0.4,,,,,0.4,0.4,0.2,,,,,0.6,,2.2,1.8,1.2,0.2,22.2,,,,,,0.8
201503,Castle Cove (Rosebridge Ave),,11.0,,,,,1.0,,,,,1.0,,3.0,,6.0,,,3.0,,4.0,0.5,5.0,,21.0,,,,,,1.5
201503,Centennial Park,,3.8,,,,,9.4,,,,,0.6,,,,3.6,,,,,0.6,,0.5,,19.0,,,,,,22.6
201503,Chatswood Bowling Club,,9.0,1.0,,,,,,,,,1.0,,2.0,,2.0,,,,,3.0,2.0,1.0,,19.0,,,,,,1.0
201503,Collaroy (Long Reef Golf Club),,13.2,,,,,2.6,,,,,0.4,,1.2,,11.6,,,3.6,,1.6,1.8,0.4,,9.8,,,,,,6.6
201503,Concord (Brays Rd),,9.6,,,,,,,,,0.8,1.8,,0.2,,0.2,,,,,4.2,3.8,0.8,0.2,29.4,,,,,,2.0
201503,Concord Golf Club,,10.4,,,,,,,,,,1.8,,0.4,,0.6,,,,,,,,,,,,,,,
201503,Frenchs Forest (Frenchs Forest Rd),,17.0,,,,,1.0,,,,,,1.0,1.0,,8.0,,,2.0,1.0,7.0,1.0,3.0,,20.0,,,,,,4.0
201503,Glenorie (Old Northern Rd),,60.0,,,,,,,,,,24.4,,3.2,,,,,,,3.4,3.0,,12.0,12.0,,,,,,3.6
201503,Holsworthy Aerodrome AWS,,8.0,,,,,,,,,,2.0,0.8,,,,,,,,,2.0,0.8,,8.4,,,,,,
201503,Horsley Park Equestrian Centre AWS,,1.6,,,,,,,,,,16.0,,0.2,0.2,,,,1.4,0.2,2.2,0.4,0.2,,14.4,,,,,,2.2
201503,Lower Portland (Hawkesbury River),,3.0,,,,,,,,,,0.8,,,,,,,,,,,,,,,,,,,
201503,Lucas Heights (ANSTO),,13.2,,,,,,,,,,1.2,2.2,,,,,,,,1.9,2.0,0.9,0.2,9.4,,,,,,1.2
201503,Marrickville Golf Club,,8.0,,,,,,,,,1.0,,,1.0,,4.0,,,1.0,1.0,3.0,2.0,1.0,,22.0,,,,,,5.0
201503,Milperra Bridge (Georges River),,3.0,,,,,,,,,,3.0,,,,,,,,,,2.0,1.0,,11.0,,,,,,
201503,North Parramatta (Burnside Homes),,2.0,,,,,,,,,,6.5,1.0,,,1.0,,,,,1.5,1.0,1.0,,20.0,,,,,,1.0
201503,North Rocks (Muirfield Golf Club),,2.0,,,,,,,,,,6.5,2.5,,,0.5,,,0.5,,3.0,1.0,0.5,,14.5,,,,,,4.0
201503,Parramatta North (Masons Drive),,2.4,,,,,,,,,,8.0,1.0,0.2,,1.6,,,0.2,,1.6,2.2,0.8,,20.0,,,,,0.2,2.4
201503,Peakhurst Golf Club,,4.0,,,,,,,,,,,,,,,,,,,1.0,3.0,,,9.0,,,,,,1.0
201503,Pennant Hills (Yarrara Road),,5.2,,,0.2,,,,,,,7.8,0.6,0.8,,4.0,,,2.6,,9.0,3.8,1.2,,16.2,,,,,,5.6
201503,Penrith Lakes AWS,,4.0,,,,,,,,,,3.4,7.4,,,,,,0.8,,1.0,2.2,1.0,,17.0,0.2,,,,,9.4
201503,Prospect Reservoir,,0.2,,,,,,,,,,4.8,0.3,0.2,,0.6,,,0.2,,2.7,0.8,0.2,,26.6,0.1,,,,,8.4
201503,Randwick (Randwick St),,6.8,,,,,0.6,,,,,0.4,0.6,5.0,,6.8,,,0.3,,2.8,0.4,3.0,,→,→,→,→,→,→,40.0
201503,Richmond - UWS Hawkesbury,→,2.0,,,,,,,,,,1.2,3.6,,,,,,,,→,→,3.2,,11.2,,,,,,5.2
201503,Richmond RAAF,,1.2,,,,,,,,,,1.0,3.2,,0.2,,,,,0.2,3.4,0.4,2.0,0.2,10.6,0.2,,,,,2.8
201503,Rossmore (South Creek),,10.0,,,,,,,,,,31.0,,,,,,,,,3.0,1.0,,,10.0,,,,,,2.0
201503,Sans Souci (Public School),,5.0,,,,,6.0,,,,,,1.0,3.0,,,,,,,1.0,3.0,,,12.0,,,,,,14.0
201503,Seven Hills  (Radio FM 103.2),,1.0,,,,,,,,,,6.5,1.0,0.5,,,,,,,1.5,1.0,,,27.0,0.5,,,,,4.5
201503,Seven Hills (Collins St),,3.8,,,,,,,,,,11.4,,,,,,,,,4.2,,,,22.0,,,,,,3.2
201503,Springwood (Valley Heights),,1.2,0.2,,,,,,,,,4.4,15.0,0.8,,0.2,,,0.8,,3.4,3.0,1.2,,12.6,,,,,0.2,27.2
201503,St Ives (Richmond Avenue),,10.0,,,,,0.4,,,,,4.0,,3.0,,3.8,,,1.0,,,10.4,0.6,,,,,,,,3.0
201503,Strathfield Golf Club,,8.0,,,,1.0,,,,1.0,,1.0,,,,1.0,,1.0,,,2.0,1.0,2.0,,19.0,,,,,2.0,3.0
201503,Sydney (Observatory Hill),,11.4,0.2,,,,,,,,,0.2,0.6,1.2,,8.8,,,0.2,,2.0,2.2,1.4,0.2,22.4,0.2,,,,,14.2
201503,Sydney Airport AMO,,10.8,,,,,,,,,,,,2.0,0.2,7.2,,,,,3.2,1.4,3.0,,12.8,0.2,,,,0.2,10.4
201503,Sydney Botanic Gardens,,15.4,,,,,1.6,,,,,0.4,2.4,,,,,,,,,,,,,,,,,,
201503,Terrey Hills AWS,,9.6,,,0.2,,2.2,,,,,2.0,2.6,1.2,,6.4,,,0.4,,4.6,5.2,0.8,0.2,15.8,0.2,,,,,14.6
201503,Turramurra (Kissing Point Road),,14.2,,0.2,,,0.4,,,,,7.4,0.4,1.6,,10.6,,0.2,3.4,,5.4,5.2,0.6,,15.0,0.2,,,,,6.4
201503,Willmot (Resolution Ave),1.0,1.0,,,,,,,,,,7.0,7.0,,,,,,,,2.0,1.0,,,19.0,,,1.0,,,8.0
201503,"Most values are the precipitation in the 24 hoursto9 am on the day indicated.
Days marked with → are part of a longer accumulation, which is shown on the final day.Values over  100  mm have been rounded to the nearest whole millimetre.Days marked with - have a rainfall report of zero; 
days left blank have no rainfall report (which often indicates no rain fell).",,,,,,,,,,,,,,,,,,,,,,,,,,,,,,,
201503,Rainfalls colouredaccording to the amount,0,1.0,5.0,10.0,15.0,25.0,50.0,100,150,200,300,400,600,millimetres,,,,,,,,,,,,,,,,,
201504,Abbotsbury (Fairfield (City Farm)),8.0,,3.0,19.0,6.0,,4.0,1.0,,,3.0,,,,,3.0,2.0,2.0,7.0,7.0,75.0,73.0,31.0,,,12.0,,,,3.0,
201504,Abbotsford (Blackwall Point Rd),9.0,→,4.0,25.0,15.0,,,→,2.0,,6.0,,,,,3.0,3.0,,4.0,7.0,128,84.0,53.0,,,→,→,→,30.0,9.0,
201504,Audley  (Royal National Park),7.0,1.0,,18.0,7.0,,3.0,,,,6.0,1.0,,,,,5.0,6.0,5.0,6.0,74.0,116,64.0,,,6.0,2.0,,,11.0,
201504,Avalon (Wollstonecraft Ave),27.0,,1.0,30.0,21.0,,3.0,,,,9.0,,,,,2.0,5.0,,,,13.0,82.0,8.0,,,7.0,3.0,,1.0,9.0,
201504,Avalon Beach (Avalon (Palmgrove Rd)),33.4,,,,,,64.8,1.2,,,10.8,,,,,,6.2,,,17.6,94.4,97.0,13.2,,,10.0,,,,33.6,
201504,Badgerys Creek AWS,3.6,,3.0,21.4,9.0,,3.2,3.4,,,1.6,,0.2,,,7.0,2.6,3.4,6.8,7.2,83.6,50.2,26.2,0.2,,18.0,0.2,,,2.6,
201504,Bankstown Airport AWS,9.4,,0.6,18.8,8.8,,1.4,0.2,,,6.8,0.2,,,,7.4,2.4,1.4,4.8,4.6,79.0,72.8,61.0,0.2,,14.0,0.4,,,5.4,
201504,Baulkham Hills Eucalyptus Ct,25.0,,1.5,24.0,10.0,,5.5,0.5,,,4.5,,,,,5.5,4.0,0.5,6.0,6.0,121,120,52.5,,,5.5,,,,2.5,
201504,Belrose (Evelyn Place),12.6,,3.6,27.8,34.0,,2.2,8.4,,0.4,3.0,,,,,2.8,1.8,,1.6,18.2,42.8,55.6,16.2,,,12.4,4.2,,,8.2,
201504,Berowra (Goodwyn Road),17.2,,1.2,38.6,23.4,,,6.2,,,1.4,,,,,1.4,12.2,→,→,13.8,128,125,,16.2,,3.0,,,,8.8,
201504,Box Hill (Hynds Road),14.0,,2.0,24.0,12.0,,7.0,1.0,,,2.0,,4.0,,,4.0,4.0,,5.0,7.0,113,107,40.0,,,6.0,,,,2.0,
201504,Camden Airport AWS,1.6,0.2,10.2,21.0,6.0,0.2,1.6,8.8,,,1.2,0.2,0.6,,,7.4,3.4,14.2,8.2,4.8,63.6,37.6,14.4,,0.2,8.0,,,0.2,6.2,
201504,Campbelltown (Kentlyn (Georges River Roa,7.0,,3.0,15.0,4.0,,3.0,1.0,,,1.0,2.0,,,,6.0,4.0,12.0,8.0,4.0,80.0,77.0,12.0,,1.0,5.0,,,,4.0,
201504,Campbelltown (Mount Annan),5.0,,3.2,17.8,7.2,,,,,,0.6,0.2,,,,2.6,3.0,15.0,7.0,3.2,83.4,57.2,9.4,,,11.0,,,,0.2,
201504,Canterbury Racecourse AWS,18.0,1.0,1.4,21.8,11.4,,2.4,0.2,0.2,,4.0,,,,,0.4,0.8,0.6,2.4,5.4,123,102,57.2,,0.2,32.4,1.4,0.4,,11.2,
201504,Castle Cove (Rosebridge Ave),10.0,,0.5,30.0,29.0,,3.0,2.0,,,4.0,,,,,3.5,5.0,,2.0,12.0,122,101,30.0,,,10.0,4.5,,,10.0,
201504,Castle Hill (Kathleen Ave),30.2,,2.2,27.6,16.8,0.2,6.4,,,,7.2,0.4,,,,16.8,6.6,,5.4,7.0,143,124,49.5,,,7.4,,,,2.4,
201504,Chatswood Bowling Club,19.0,,2.0,35.0,19.0,,1.0,4.0,,,3.0,,,,,2.0,4.0,,2.0,11.0,131,115,23.0,1.0,,9.0,3.0,,,8.0,
201504,Collaroy (Long Reef Golf Club),12.4,,,18.2,24.2,,2.4,1.2,,,,,,,,1.2,1.4,,1.8,10.8,75.8,62.2,31.8,,,2.6,4.2,,,34.4,
201504,Concord (Brays Rd),42.4,,1.6,21.2,13.4,0.6,,2.6,,,5.8,,,,,2.2,2.6,,3.2,2.6,124,94.8,44.2,,,21.8,1.2,,,9.0,
201504,Concord Golf Club,90.4,,2.2,19.6,13.8,,1.2,1.2,,,4.6,,,,,2.4,2.2,0.6,3.2,6.4,136,91.6,43.4,,,23.4,,,,,
201504,Frenchs Forest (Frenchs Forest Rd),14.0,,3.0,30.0,38.0,,2.0,7.0,,,3.0,,,,,2.0,2.0,,1.0,24.0,134,97.0,23.0,,,13.0,5.0,,,10.0,
201504,Glenorie (Old Northern Rd),5.0,,2.0,31.0,17.0,,4.0,8.0,,,,,1.0,,,4.4,5.0,,4.2,6.4,160,120,22.0,,,3.0,,,,3.2,
201504,Holsworthy Aerodrome AWS,4.8,,0.2,11.4,4.6,,1.0,0.2,,,2.8,,,,,3.0,4.0,3.6,4.6,3.4,67.0,70.2,47.6,,,8.0,,,,2.8,
201504,Horsley Park Equestrian Centre AWS,11.6,,1.8,18.8,9.8,0.2,5.6,0.2,,,3.2,0.2,,,,3.4,2.2,2.2,6.0,6.8,90.8,79.6,33.8,0.8,,18.2,,,,3.0,
201504,Lower Portland (Hawkesbury River),,,,,0.2,,1.2,,,,,,,,,,,,,,,,,,,,,,,,
201504,Lucas Heights (ANSTO),5.2,,0.4,11.8,3.2,,1.8,0.6,,,2.6,,,,,,5.6,3.3,4.2,3.2,95.0,103,26.8,,,4.6,0.6,,,5.6,
201504,Marrickville Golf Club,32.0,,1.0,21.0,13.0,1.0,1.0,1.0,,,6.0,,,,,,1.0,1.0,2.0,7.0,123,104,59.0,,,21.0,2.0,,,17.0,
201504,Milperra Bridge (Georges River),10.0,,,17.0,6.0,,,1.0,,,4.0,,,,,5.0,2.0,1.0,4.0,4.0,59.0,58.0,52.0,,,16.0,,,,5.0,
201504,Mona Vale Golf Club,,,,,,,,,,,,,,,,,0.4,,2.4,0.2,12.4,68.8,10.4,0.2,,6.8,4.2,,0.4,15.6,
201504,North Parramatta (Burnside Homes),13.0,,2.5,27.0,11.5,,3.0,0.5,,,4.0,,,,,4.0,3.0,0.5,5.5,7.0,143,108,60.0,16.0,,4.5,,,,3.5,
201504,North Rocks (Muirfield Golf Club),38.0,,3.5,25.5,11.0,,2.0,2.5,,,3.0,,,,,4.0,3.0,0.5,4.0,7.0,134,110,48.5,8.5,,7.5,,,,3.0,
201504,Parramatta North (Masons Drive),14.0,,2.8,27.8,14.6,,2.8,0.8,,,4.4,,,,,4.4,3.4,0.8,5.6,7.0,130,109,54.0,16.5,0.2,5.0,0.4,,,3.0,
201504,Peakhurst Golf Club,31.0,,,16.0,9.0,,4.0,,,,7.0,,,,,2.0,1.0,1.0,4.0,3.0,84.0,81.0,70.0,,,16.0,1.0,,,9.0,
201504,Pennant Hills (Yarrara Road),1.2,1.0,3.2,34.0,→,→,→,23.0,,,4.2,,0.2,,,8.4,2.0,0.2,4.2,6.0,156,123,38.2,2.6,0.2,4.6,1.0,,,5.0,
201504,Penrith Lakes AWS,1.6,,4.2,23.4,18.6,0.2,3.4,0.4,,,1.2,,1.6,,,11.4,7.6,0.4,3.0,6.2,85.6,47.0,25.8,,,11.6,,0.2,,5.4,
201504,Prospect Reservoir,51.0,,2.4,20.1,11.4,,3.2,0.4,,,6.8,,,,,3.5,5.2,1.2,7.5,5.2,100,92.6,44.4,2.8,1.0,63.3,,,,,
201504,Randwick (Randwick St),8.0,,0.8,23.0,22.0,,0.8,2.4,,0.6,14.0,,0.2,,,0.4,1.8,1.0,2.2,13.0,115,105,32.6,0.2,,32.6,7.0,,,18.4,
201504,Richmond RAAF,17.0,0.2,2.8,32.0,18.4,0.2,5.2,1.0,,,0.6,,1.2,0.2,,21.4,6.2,,5.6,6.2,113,69.6,43.0,0.2,,7.6,,,,1.0,
201504,Rose Bay (Royal Sydney Golf Club),8.2,,2.2,21.0,23.4,1.0,1.2,1.4,,1.0,3.8,,,,,0.3,1.2,0.8,2.2,16.4,86.0,97.4,20.0,0.2,,28.0,7.3,,,,
201504,Rossmore (South Creek),4.0,,3.0,22.0,5.0,,2.0,4.0,,,2.0,,2.0,,,7.0,3.0,4.0,8.0,5.0,74.0,51.0,26.0,1.0,,13.0,,,,4.0,
201504,Sans Souci (Public School),18.0,,,17.0,9.0,,12.0,1.0,,,20.0,1.0,,,,,1.0,2.0,2.0,4.0,90.0,85.0,78.0,,,10.0,3.0,,1.0,13.0,
201504,Seven Hills  (Radio FM 103.2),14.5,,1.5,17.0,7.5,,4.0,0.5,,,3.5,0.5,,,,5.0,3.0,0.5,5.5,6.0,93.0,96.0,43.5,0.5,,26.0,,,,2.0,
201504,Seven Hills (Collins St),13.6,,1.6,21.0,9.6,,6.8,1.2,,,,,,,,6.0,3.4,1.4,6.8,3.4,101,88.0,78.0,,,12.6,,,,2.8,
201504,Springwood (Valley Heights),2.4,,2.2,41.2,36.6,,3.8,0.2,,,1.0,,0.8,,,19.4,10.6,0.6,3.8,11.2,88.2,48.8,31.6,,,2.6,,,,7.0,
201504,St Ives (Richmond Avenue),5.0,,4.6,→,27.2,,2.8,7.8,,0.8,2.8,,,,,5.0,3.2,,,→,150,121,15.0,0.4,,6.4,3.0,,,8.0,
201504,Strathfield Golf Club,22.0,,1.0,18.0,9.0,,3.0,,,,6.0,,,,,2.0,2.0,,3.0,6.0,109,108,54.0,,,32.0,1.0,,,11.0,
201504,Sydney (Observatory Hill),6.0,,0.6,24.0,21.4,,0.4,5.8,0.2,0.4,7.8,0.2,,,,0.6,1.6,0.4,2.4,13.2,119,106,29.0,,0.2,13.0,4.0,0.2,,10.2,
201504,Sydney Airport AMO,21.6,,0.4,17.2,12.8,,2.6,0.2,,0.2,6.8,,,,,,1.6,1.0,1.8,6.0,94.0,78.4,69.4,,,8.6,3.8,,0.4,22.2,
201504,Sydney Botanic Gardens,4.6,0.1,0.2,26.0,21.6,,0.6,2.6,,0.8,6.6,,,,,0.8,2.0,1.0,2.8,17.0,126,118,29.2,,,30.4,5.2,,,10.2,
201504,Terrey Hills AWS,12.0,,0.6,33.4,42.4,0.2,2.6,3.0,,0.2,2.2,,0.2,,,1.4,2.2,,2.0,12.4,115,95.6,14.6,0.2,,5.0,3.4,,,12.0,
201504,Turramurra (Kissing Point Road),4.0,0.2,3.2,40.0,25.0,,2.4,2.6,,,3.6,,,,,6.2,3.0,0.2,3.0,10.6,167,127,25.6,,,3.8,2.0,,,8.0,
201504,Willmot (Resolution Ave),3.0,,19.0,20.0,7.0,,1.0,1.0,,,2.0,,4.0,,,6.0,7.0,2.0,3.0,6.0,84.0,70.0,25.0,,1.0,18.0,,,,1.0,
201504,"Most values are the precipitation in the 24 hoursto9 am on the day indicated.
Days marked with → are part of a longer accumulation, which is shown on the final day.Values over  100  mm have been rounded to the nearest whole millimetre.Days marked with - have a rainfall report of zero; 
days left blank have no rainfall report (which often indicates no rain fell).",,,,,,,,,,,,,,,,,,,,,,,,,,,,,,,
201504,Rainfalls colouredaccording to the amount,0,1.0,5.0,10.0,15.0,25.0,50.0,100,150,200,300,400,600,millimetres,,,,,,,,,,,,,,,,,
201505,Abbotsbury (Fairfield (City Farm)),3.0,3.0,34.0,,1.0,,,,,,,,,1.0,,,,,,2.0,,4.0,11.0,,,,,,,,
201505,Abbotsford (Blackwall Point Rd),9.0,13.0,37.0,,,,,,,,,,,,,4.0,,,,,,7.0,20.0,,,,,,,,
201505,Audley  (Royal National Park),10.0,22.0,28.0,,,,,,,,,,,4.0,,,,,,2.0,,17.0,25.0,,,,,,,,
201505,Avalon (Wollstonecraft Ave),19.0,15.0,34.0,2.0,,,,,,,,,,,,,8.0,,,,,,5.0,,,,,,,,1.0
201505,Avalon Beach (Avalon (Palmgrove Rd)),22.8,6.8,45.0,3.2,,,,,,,,,,1.6,,12.8,,,,1.0,,2.2,,,,,,,,,
201505,Badgerys Creek AWS,1.0,7.4,27.2,0.2,0.2,,,,,,,,,1.0,,,,,0.4,3.8,0.8,1.6,8.8,,,0.2,,,,,
201505,Bankstown Airport AWS,3.0,18.0,26.4,0.2,,,,,,,,,,0.2,,,,,0.2,1.4,0.2,6.2,17.2,,,,,,,,0.2
201505,Baulkham Hills Eucalyptus Ct,10.0,4.0,23.0,,,,,,,,,,,1.0,,,,,0.5,0.5,,6.0,16.0,,,,,,0.5,,1.5
201505,Belrose (Evelyn Place),18.8,→,70.0,0.8,,,,,,,,,,0.6,,1.0,0.2,,0.4,1.4,,7.8,21.2,,,,,,→,0.4,1.0
201505,Berowra (Goodwyn Road),20.0,10.2,36.2,,,,,,,,,,,,,0.6,,,0.4,1.4,,10.6,,,,,,,16.6,,1.4
201505,Box Hill (Hynds Road),16.0,4.0,20.0,,,,,,,,,,,,,,,,,1.0,1.0,3.0,12.0,,,,,,1.0,,4.0
201505,Camden Airport AWS,1.4,7.8,3.2,,0.2,,,,,,,,,1.2,,,,,0.4,4.4,0.2,1.4,4.0,,0.2,,,0.2,,,
201505,Campbelltown (Kentlyn (Georges River Roa,3.0,12.0,16.0,,,,,,,,,,,,,,,,,3.0,,7.0,18.0,,1.0,,,,,,
201505,Campbelltown (Mount Annan),3.2,9.4,6.6,,,0.2,,,,,,,,0.6,,0.2,,0.2,0.2,4.0,,3.8,7.0,,0.2,,,,,,
201505,Canterbury Racecourse AWS,12.4,10.2,35.4,0.4,,,,,,,0.8,0.6,0.2,1.6,0.2,2.4,0.4,0.2,0.2,2.0,,8.6,29.0,,,,0.2,,0.4,,
201505,Castle Cove (Rosebridge Ave),20.0,36.0,84.0,0.5,,,,,,,,,,1.0,,2.0,1.0,,0.5,1.5,,6.0,30.0,,,,,,,,1.5
201505,Castle Hill (Kathleen Ave),14.8,10.4,26.4,,4.0,,,,,,,,,,,,2.0,,,1.4,,7.9,,,,,,,,,
201505,Castlereagh (Castlereagh Road),3.8,16.0,1.9,,,,,,,,,,,,,,,0.6,2.2,,,12.4,,,,,,,,,
201505,Chatswood Bowling Club,20.0,19.0,69.0,1.0,,,,,,,,,,1.0,,1.0,,,,1.0,,10.0,25.0,,,,,,,,1.0
201505,Collaroy (Long Reef Golf Club),7.2,23.2,76.6,,,,,,,,,,,1.6,,,,,,1.0,,14.2,26.6,,,,,,0.2,,
201505,Concord (Brays Rd),11.6,7.8,,1.2,,,,,,,,,,0.6,,0.6,,,0.6,0.2,,9.2,21.4,,,,,,0.2,,
201505,Concord Golf Club,18.8,11.6,40.8,0.4,,,,,,,,,,0.8,,1.8,,,0.6,1.2,,9.2,25.8,,,,,,,,
201505,Frenchs Forest (Frenchs Forest Rd),19.0,23.0,63.0,1.0,,,,,,,,,,1.0,,1.0,,,,2.0,,8.0,32.0,,,,,,,,1.0
201505,Glenorie (Old Northern Rd),7.0,11.0,31.0,1.0,,,,,,,,,,,,,,,,3.0,,8.4,20.0,,,,,,2.0,,
201505,Holsworthy Aerodrome AWS,3.4,9.0,16.2,,,,,,,,,,,1.0,,,,,,1.6,,7.2,14.4,,,,,,,,
201505,Horsley Park Equestrian Centre AWS,2.0,6.4,35.2,,,0.2,,,,,,,,2.2,,,,,,1.8,0.4,3.4,11.2,0.2,,,,,,0.4,0.6
201505,Lucas Heights (ANSTO),,17.2,15.8,,0.2,,,,,,,,,,,0.2,,,,2.0,,12.6,,,,,,,,,
201505,Marrickville Golf Club,20.0,12.0,35.0,,,,,,,,,,,2.0,,1.0,1.0,,,2.0,,9.0,19.0,,,,,,1.0,,
201505,Milperra Bridge (Georges River),4.0,21.0,21.0,,,,,,,,,,,,,,,,,1.0,,4.0,13.0,,,,,,,,
201505,Mona Vale Golf Club,13.0,8.6,52.6,0.8,0.4,,,,,,,,,,,,,,,,,,,,,,,,,,
201505,Mount Annan Botanic Garden,3.1,9.2,8.0,,,,,,,,,,,1.0,,3.0,,,,4.4,,0.2,11.0,0.1,0.1,,,0.1,,,
201505,North Parramatta (Burnside Homes),16.0,11.5,28.5,,0.5,,,,,,,,,,,0.5,,,,0.5,0.5,7.0,17.5,,,,,,,,1.0
201505,North Rocks (Muirfield Golf Club),7.5,5.0,28.0,,,,,,,,,,,0.5,,,,,,0.5,,6.5,18.0,,,,,,,,1.5
201505,Parramatta North (Masons Drive),15.6,9.8,27.2,,,,,,,,,,,0.6,,0.2,,0.2,0.2,1.0,,8.2,16.6,,,,,,0.4,,1.4
201505,Peakhurst Golf Club,13.0,9.0,20.0,,1.0,,,,,,,,,,,1.0,,,,1.0,,13.0,22.0,,,,,,1.0,,
201505,Pennant Hills (Yarrara Road),12.4,8.0,35.0,0.8,0.2,,,,,,,,,0.6,,0.8,0.2,,1.0,1.4,,→,26.0,,,,,,0.8,,2.0
201505,Penrith Lakes AWS,8.8,1.6,16.4,,0.2,,,,,,,,,,,,,,1.0,2.6,0.4,1.2,12.8,0.2,,0.2,,,0.2,,2.0
201505,Prospect Reservoir,,,,,,,,,,,,,,,,,,,,1.8,,3.3,13.2,0.2,,,,,,,0.6
201505,Randwick (Randwick St),34.6,12.2,34.6,1.2,0.1,,,,,,,,,0.8,,1.0,0.6,,0.4,1.8,,10.4,20.6,,,,,,0.6,,
201505,Richmond RAAF,8.2,5.2,26.8,,,0.2,,,,,,,,,,,,,0.2,2.2,0.2,3.4,11.8,0.2,,0.2,0.2,,0.2,,4.2
201505,Rose Bay (Royal Sydney Golf Club),42.6,7.8,38.4,1.6,0.2,,,,,,,,,,,,,,,,,,,,,,,,,,
201505,Rossmore (South Creek),3.0,4.0,15.0,,,,,,,,,,,2.0,,,,,,3.0,1.0,2.0,10.0,,,1.0,,,,,
201505,Sans Souci (Public School),22.0,18.0,23.0,,,,,,,,,,,2.0,,,,,1.0,2.0,,18.0,29.0,,,,,,,,
201505,Seven Hills  (Radio FM 103.2),13.0,2.5,12.0,,,,,,,,,,,0.5,,,,,,1.5,,3.0,12.0,0.5,,,,,0.5,,1.5
201505,Seven Hills (Collins St),12.6,,18.6,,,,,,,,,,,,,,,,,2.6,,,18.6,,,,,,,,2.6
201505,Springwood (Valley Heights),5.0,6.0,26.2,0.2,,,,,,,,,,,,,,,,2.8,,0.8,7.0,,,,,,,0.2,2.6
201505,St Ives (Richmond Avenue),20.0,7.6,34.4,1.4,,,,,,,,,,1.0,,0.8,,,0.6,1.6,,8.0,27.0,,,,,,,,2.0
201505,Strathfield Golf Club,12.0,10.0,29.0,,,,,,,,,,,,,1.0,,,2.0,2.0,,9.0,20.0,,,,,,1.0,,
201505,Sydney (Observatory Hill),28.4,8.6,31.6,0.4,,0.2,,,,,,,,2.2,0.2,0.8,0.6,,0.2,0.4,0.2,11.2,24.4,0.2,,,,,,0.2,
201505,Sydney Airport AMO,17.8,10.2,25.8,0.4,,,,,,,,,,2.2,,0.4,0.2,,,1.8,0.2,9.4,17.2,,,,,,0.2,,
201505,Sydney Botanic Gardens,27.6,9.0,23.0,0.6,,,,,,,,,,3.8,,2.0,0.8,0.2,0.6,1.0,0.2,11.2,22.0,0.1,,,,,,,
201505,Terrey Hills AWS,11.6,6.4,33.2,0.8,0.2,,,,,,,,,0.6,,0.6,,,,1.0,,5.6,29.2,,,,,,0.4,,1.6
201505,Turramurra (Kissing Point Road),16.6,11.0,40.0,1.2,,,,,,,,,,0.6,,1.0,1.0,,1.0,1.6,,9.0,25.4,,,,,,0.6,,1.6
201505,Willmot (Resolution Ave),8.0,3.0,19.0,,,,,,,,,,,,,,,,,,,4.0,11.0,,,,,,,,1.0
201505,"Most values are the precipitation in the 24 hoursto9 am on the day indicated.
Days marked with → are part of a longer accumulation, which is shown on the final day.Values over  100  mm have been rounded to the nearest whole millimetre.Days marked with - have a rainfall report of zero; 
days left blank have no rainfall report (which often indicates no rain fell).",,,,,,,,,,,,,,,,,,,,,,,,,,,,,,,
201505,Rainfalls colouredaccording to the amount,0,1.0,5.0,10.0,15.0,25.0,50.0,100,150,200,300,400,600,millimetres,,,,,,,,,,,,,,,,,
201506,Abbotsbury (Fairfield (City Farm)),,,,,1.0,,,,,,,,,,,3.0,12.0,3.0,37.0,,,,,,,8.0,,,,,
201506,Abbotsford (Blackwall Point Rd),,,,,,,,,,,5.0,,,,,→,→,16.0,,,,6.0,,,,5.0,,,,,
201506,Audley  (Royal National Park),,,,,,,,,,1.0,1.0,,,,,7.0,9.0,5.0,46.0,1.0,,2.0,,,,,,,,,
201506,Avalon (Wollstonecraft Ave),,,,,6.0,,,,,,11.0,1.0,,,,16.0,3.0,2.0,30.0,6.0,,,,,2.0,19.0,1.0,,,,
201506,Avalon Beach (Avalon (Palmgrove Rd)),2.0,,,,3.2,,,,,,11.8,1.8,,,,12.4,10.8,3.2,32.2,,,,,,,,,,,,
201506,Badgerys Creek AWS,,,,,2.0,,,,,,,,,,,1.8,15.0,3.6,38.0,0.2,,,,,,1.0,,0.2,,0.2,
201506,Bankstown Airport AWS,,,,0.4,0.6,,,,,,,,,,,2.2,9.2,3.2,41.2,,0.2,,,,,4.0,,,,,
201506,Baulkham Hills Eucalyptus Ct,0.5,,,0.5,,,,,,0.5,,,,,,2.0,10.5,3.0,41.5,,,,,,,3.5,,,,,
201506,Belrose (Evelyn Place),0.6,,,,,1.4,,,,2.6,2.0,1.0,,,,8.2,11.4,2.0,47.8,3.0,0.6,1.2,,,,9.4,,,,,
201506,Berowra (Goodwyn Road),0.5,,,,1.2,,,,,,,,,,,4.2,12.2,2.4,33.4,,,,,,,5.4,,,,,
201506,Box Hill (Hynds Road),,,,,1.0,,,,,,,,,1.0,,1.0,9.0,4.0,36.0,,,,,,,13.0,,,,1.0,
201506,Camden Airport AWS,,,,0.2,2.0,,,0.2,,,,,,,,4.8,8.2,4.6,33.2,,,0.2,,,,0.2,,0.2,,0.2,
201506,Campbelltown (Kentlyn (Georges River Roa,,,,,1.0,,,,,,,,,,,2.0,12.0,6.0,40.0,,,,,,,,,1.0,,,
201506,Campbelltown (Mount Annan),,,,,1.2,,,,,,,,,,,2.4,8.0,4.2,33.0,0.2,,,,,,,,,,,
201506,Canterbury Racecourse AWS,,,,,,,,,,0.8,6.0,0.2,,0.2,,1.6,10.6,1.8,54.2,1.0,0.2,4.6,,,,1.8,0.2,,,0.2,
201506,Castle Cove (Rosebridge Ave),0.5,,,,,0.5,,,,1.0,5.0,,,,,6.0,10.5,4.0,48.0,9.0,1.0,,,,,5.0,,,,,
201506,Castle Hill (Kathleen Ave),0.4,,,,,,,,,,1.4,,,,,1.6,10.6,3.5,41.8,,,,,,,,,,,,
201506,Chatswood Bowling Club,,,,,,,,,,3.0,2.0,,,,,4.0,10.0,2.0,54.0,2.0,,2.0,,,,6.0,,,,,
201506,Collaroy (Long Reef Golf Club),,,,,2.4,,1.0,,,9.0,3.4,1.2,,,,5.8,8.8,3.2,52.2,11.2,0.2,1.0,,,,,,,,,
201506,Concord (Brays Rd),0.2,,,,,,,,,0.8,3.0,0.2,,,,2.0,12.0,3.0,52.8,1.2,,,,,,3.2,,,,,
201506,Concord Golf Club,,,,,,,,,,1.4,3.0,,,,,2.8,,2.8,50.2,0.6,,4.0,,,,3.2,,,,,
201506,Frenchs Forest (Frenchs Forest Rd),,,,,,2.0,,,,3.0,2.0,3.0,,,,8.0,11.0,2.0,51.0,5.0,,2.0,,,,11.0,,,,,
201506,Glenorie (Old Northern Rd),1.0,,,,,,,,,,1.4,,,,,2.4,11.0,,,,,,,,,12.0,,,,,
201506,Holsworthy Aerodrome AWS,,,,,0.4,,,,,,0.2,,0.2,,,1.2,8.8,3.6,38.4,,,,,,,0.2,,,,,
201506,Horsley Park Equestrian Centre AWS,,,,,1.2,,,0.2,,,0.2,,,,,2.2,10.4,3.8,37.4,,0.2,,,,0.2,3.0,,,,,
201506,Lucas Heights (ANSTO),,,,,,,,,,0.2,0.2,,,,,3.2,8.6,5.0,43.5,,,0.8,,,,0.3,,,,,
201506,Marrickville Golf Club,,,,,,,,,,1.0,4.0,,,,,1.0,11.0,2.0,58.0,2.0,1.0,5.0,,,,4.0,1.0,,,,
201506,Milperra Bridge (Georges River),,,,,,,,,,,,,,,,1.0,9.0,3.0,35.0,,,,,,,5.0,,,,,
201506,Mona Vale Golf Club,,,,,,,,,,,,,,,,,,,,,,,,,,14.2,0.2,0.2,0.2,0.6,
201506,North Parramatta (Burnside Homes),0.5,,,,,,,,,0.5,0.5,0.5,,,,3.0,12.5,2.5,37.0,,,0.5,,,,3.0,,,,,
201506,North Rocks (Muirfield Golf Club),1.0,,,,,,,,,0.5,0.5,,,,,2.0,9.5,2.5,35.5,,,0.5,,,,2.5,,0.5,,,
201506,Parramatta North (Masons Drive),0.6,,,,0.2,,,,,0.8,0.8,,,,,3.8,10.6,2.8,36.0,,,0.8,,,,3.4,,,,0.2,
201506,Peakhurst Golf Club,,,,,1.0,,,,,1.0,1.0,,,,,1.0,10.0,2.0,47.0,1.0,,,,,,,,,,,
201506,Pennant Hills (Yarrara Road),0.8,,,,,0.4,0.2,,,→,2.0,,,,,4.2,10.2,2.6,39.0,,,0.2,0.2,,,4.0,,0.2,,,
201506,Penrith Lakes AWS,0.2,,,0.2,1.6,,0.2,,,,0.2,,0.2,,,3.4,12.6,3.0,39.8,,0.2,0.2,0.2,,,4.4,0.4,0.2,,0.4,
201506,Prospect Reservoir,,,,,1.0,,,,,,,,,,,2.2,9.6,4.1,41.0,,,,,,,2.2,,,,,
201506,Randwick (Randwick St),,,,,,3.8,,,,4.2,4.4,1.6,,,0.2,9.6,10.4,2.2,77.2,13.6,2.0,4.4,,,,1.0,,,,,
201506,Richmond RAAF,0.2,,,0.2,1.8,0.2,0.2,,,,1.4,,,,0.4,2.4,11.2,5.6,35.0,0.4,,,0.2,,,3.2,0.4,,0.4,,
201506,Rose Bay (Royal Sydney Golf Club),,,,,,4.0,4.0,,,4.0,7.0,1.4,,,,5.2,10.5,12.0,73.6,15.2,4.0,0.7,,,,5.6,,1.0,,0.2,
201506,Rossmore (South Creek),,,,,2.0,,,,,,,,,,,2.0,12.0,2.0,29.0,,,,,,,13.0,,1.0,,,
201506,Sans Souci (Public School),,,,,,,,,,1.0,2.0,,,,,4.0,10.0,2.0,77.0,2.0,,4.0,,,,2.0,,,,,
201506,Seven Hills  (Radio FM 103.2),,,,0.5,0.5,,,,,,,,,,,1.5,9.0,3.0,34.0,,,,0.5,,,2.0,,,,,
201506,Seven Hills (Collins St),,,,,,,,,,,1.4,,,,,→,11.0,→,40.0,,,,,,,4.2,,,,,
201506,Springwood (Valley Heights),0.2,,,,1.0,,,,,,0.8,,,,,3.6,11.4,3.6,36.0,,,,,,→,6.2,,,,0.2,
201506,St Ives (Richmond Avenue),,,,,,,,,,→,2.8,0.6,,,,6.6,11.0,1.8,41.8,1.4,0.4,0.4,,,,→,6.6,,,0.2,
201506,Strathfield Golf Club,,,,,,,,,,1.0,2.0,,,,,2.0,13.0,2.0,57.0,1.0,,4.0,,,,3.0,,,,,
201506,Sydney (Observatory Hill),,0.2,,,,1.0,,,,2.0,6.6,0.4,,,0.2,2.6,10.8,2.2,67.0,7.2,1.2,3.0,,,,6.2,,,,,
201506,Sydney Airport AMO,0.2,,,,,,,,,1.2,1.4,,,,,2.4,8.8,1.2,59.0,3.0,0.4,6.0,0.2,,,5.6,0.2,,,,
201506,Sydney Botanic Gardens,,,,,,1.8,,,,1.8,7.6,0.4,,,,4.0,11.4,2.4,75.6,7.5,0.2,4.4,,,,9.2,,,,,
201506,Terrey Hills AWS,0.8,,,,0.8,0.8,,,,1.8,4.0,1.8,0.2,,,14.8,10.4,1.6,36.8,2.8,,,,,,3.8,8.8,,,,
201506,Turramurra (Kissing Point Road),1.0,,,,,0.4,,,,1.0,1.6,0.3,,,,6.4,9.6,2.8,36.6,4.4,,0.4,,,,4.2,,,,,
201506,Willmot (Resolution Ave),1.0,,,,1.0,,,,,,1.0,,,,,1.0,9.0,3.0,28.0,,,,,,,12.0,,,,,
201506,"Most values are the precipitation in the 24 hoursto9 am on the day indicated.
Days marked with → are part of a longer accumulation, which is shown on the final day.Values over  100  mm have been rounded to the nearest whole millimetre.Days marked with - have a rainfall report of zero; 
days left blank have no rainfall report (which often indicates no rain fell).",,,,,,,,,,,,,,,,,,,,,,,,,,,,,,,
201506,Rainfalls colouredaccording to the amount,0,1.0,5.0,10.0,15.0,25.0,50.0,100,150,200,300,400,600,millimetres,,,,,,,,,,,,,,,,,
201507,Abbotsbury (Fairfield (City Farm)),3.0,,,,,,,,,,2.0,8.0,4.0,,,1.0,16.0,,,,,,1.0,,,,,,,,
201507,Abbotsford (Blackwall Point Rd),2.0,,,,,,,,,,3.0,8.0,4.0,,,,16.0,9.0,,,,,5.0,,,,,,,,
201507,Audley  (Royal National Park),1.0,,,,,,,2.0,1.0,,1.0,12.0,7.0,,,,17.0,5.0,1.0,,1.0,,4.0,,,,,,,,
201507,Avalon (Wollstonecraft Ave),1.0,,,,,,,1.0,,,1.0,1.0,,,,,,,,,,,,,,,,,,,
201507,Avalon Beach (Avalon (Palmgrove Rd)),,,,,,,,,,,,,,,,,,,6.8,,,,,,,,,,,,
201507,Badgerys Creek AWS,0.8,,,,,,,,,,1.6,12.6,1.0,,,0.4,18.0,0.2,,,,,1.4,,,,,,,,
201507,Bankstown Airport AWS,3.4,,,,,,,,,,1.2,12.2,4.6,0.4,,,16.6,1.6,,,,,4.4,0.2,0.2,,,,,,
201507,Baulkham Hills Eucalyptus Ct,3.5,0.5,,,,,,0.5,,,1.5,14.0,4.5,,,0.5,12.0,0.5,0.5,,,,5.0,,,,,,,,
201507,Belrose (Evelyn Place),1.6,,,,,,,1.8,,,1.6,3.2,5.2,0.4,,0.2,15.0,9.8,0.2,,0.2,,3.8,0.2,0.4,,,,,,
201507,Berowra (Goodwyn Road),1.8,,,,,,,1.4,,,,5.6,5.0,,,,7.8,,4.8,,,,,4.6,,,,,,,
201507,Box Hill (Hynds Road),3.0,,,,,1.0,,,,,1.0,12.0,3.0,,,2.0,9.0,1.0,,,,,2.0,,,,,,,,
201507,Camden Airport AWS,0.2,,0.2,,,0.2,,,,0.2,2.6,7.4,0.4,,,,10.0,0.2,,,,,1.0,,,,,,,,
201507,Campbelltown (Kentlyn (Georges River Roa,,,,,,1.0,,,,,2.0,16.0,6.0,,,,12.0,1.0,,,,1.0,1.0,,,,,,,,
201507,Campbelltown (Mount Annan),0.4,0.2,,,0.2,,,,,,2.4,8.4,1.4,,,,13.6,0.4,,0.2,,,1.0,0.2,,,,,,,
201507,Canterbury Racecourse AWS,2.2,0.2,,,,,,0.4,,,0.8,7.0,5.6,0.2,,,26.4,5.0,0.2,,0.6,0.2,3.6,0.8,,,,,,,
201507,Castle Cove (Rosebridge Ave),,,,,,,,4.5,,,1.5,3.5,5.0,,,2.2,18.0,8.0,0.5,,,,4.0,,,,,,,,
201507,Castle Hill (Kathleen Ave),2.8,,,,,,,,,,2.0,13.0,4.6,,,,,,,,,,,,,,,,,,
201507,Chatswood Bowling Club,2.0,,,,,,,1.0,,,1.0,3.0,5.0,,,,16.0,8.0,,,,,3.0,,,,,,,,
201507,Collaroy (Long Reef Golf Club),1.6,,,,,,,3.6,,,1.6,,7.4,1.2,,0.6,14.8,6.6,1.8,,8.2,,2.0,,,,,,,,
201507,Concord (Brays Rd),2.0,,,,,,,,,,1.0,6.4,1.8,0.8,,,12.4,9.2,0.2,,,,4.0,2.2,0.2,,,,,,
201507,Concord Golf Club,,,,,,,,,,,1.8,7.2,6.4,,,,17.8,4.6,,,,,5.2,0.4,,,,,,,
201507,Frenchs Forest (Frenchs Forest Rd),1.0,,,,,,,3.0,1.0,,1.0,4.0,4.0,1.0,,1.0,12.0,8.0,1.0,,,,3.0,,,,,,,,
201507,Glenorie (Old Northern Rd),3.0,,,,,,,,,,3.0,5.0,,,,5.0,,,,1.0,,,5.0,,,,,,,,
201507,Holsworthy Aerodrome AWS,1.0,0.2,,,,,,,,,1.0,9.4,4.6,,,,13.4,2.4,,,,,2.4,,,,,,,,
201507,Horsley Park Equestrian Centre AWS,3.8,,,,,0.2,,,,,2.4,9.0,3.4,,,,14.2,0.2,,,,,1.4,0.2,,,,,,,
201507,Lucas Heights (ANSTO),,,,,,,,0.4,,,0.7,11.6,5.6,,,,20.8,2.0,,,0.2,,4.4,0.2,,,,,,,
201507,Marrickville Golf Club,3.0,,,,,,,2.0,,,1.0,6.0,6.0,,,1.0,21.0,8.0,,,2.0,,4.0,,,,,,,,
201507,Milperra Bridge (Georges River),3.0,,,,,,,,,,1.0,8.0,3.0,,,,11.0,1.0,,,,,4.0,,,,,,,,
201507,Mona Vale Golf Club,1.0,,,,0.2,,,2.6,,0.4,4.4,4.2,4.8,0.6,,0.6,11.0,6.0,1.0,0.2,2.0,,3.2,,0.6,,,,,0.2,
201507,North Parramatta (Burnside Homes),3.5,,,,,,,0.5,,,1.5,9.0,5.0,,,,9.5,1.0,,,,,8.0,,,,,,,,
201507,North Rocks (Muirfield Golf Club),2.5,,,,,,,,0.5,,1.5,10.0,4.5,,,0.5,11.0,1.0,,,,,9.0,0.5,,,,,,,
201507,Parramatta North (Masons Drive),3.4,,,,,,,0.8,,,2.0,6.0,5.0,,,,11.4,1.2,0.2,,,,7.6,0.2,,,,,,,
201507,Peakhurst Golf Club,4.0,,,,,,,1.0,,,1.0,12.0,5.0,,,,17.0,3.0,,,,1.0,4.0,1.0,,,,,,,
201507,Pennant Hills (Yarrara Road),2.6,,,,,,,0.6,,0.2,1.4,5.6,5.4,0.2,,0.2,14.0,2.2,0.2,,,,5.4,0.8,,,,,,,
201507,Penrith Lakes AWS,2.0,0.2,,,0.2,0.2,,,0.2,,2.2,11.4,1.4,,,1.2,12.8,0.2,,,0.2,,1.2,,,,,,,,
201507,Prospect Reservoir,4.6,,,,,,,0.3,,,2.0,7.1,5.0,0.1,,0.2,12.4,0.8,0.2,,,,2.8,,,,,,,,
201507,Randwick (Randwick St),1.4,,,,,,,14.6,0.8,,0.6,2.2,4.2,0.8,,1.8,19.0,11.0,3.4,1.0,4.8,,1.4,,0.1,,,,,,
201507,Richmond - UWS Hawkesbury,1.8,0.1,,,,,,,,,→,→,6.6,,,5.0,7.8,,,,,,1.2,,,,,,,,
201507,Richmond RAAF,2.6,0.2,0.2,,,0.2,,,,,1.2,5.6,1.0,,0.2,3.0,8.0,,0.2,,,,1.8,,,,,,,,
201507,Rose Bay (Royal Sydney Golf Club),0.8,,,,,,,,,,,,,,,,,,,,,,,,,,,,,,
201507,Rossmore (South Creek),,,,,,,,,1.0,,1.0,13.0,2.0,,,1.0,12.0,,,,,,1.0,,,,,,,,
201507,Sans Souci (Public School),4.0,,,,,,,4.0,,,1.0,11.0,5.0,,,1.0,15.0,6.0,,,1.0,,3.0,,,,,,,,
201507,Seven Hills  (Radio FM 103.2),3.0,,,,,,,,,,1.5,13.0,3.5,0.5,,0.5,11.5,0.5,,,,,2.5,,,,,,,,
201507,Seven Hills (Collins St),3.2,,,,,,,,,,1.8,11.6,,4.8,,,11.4,3.0,,,,,,3.4,,,,,,,
201507,Springwood (Valley Heights),0.4,,,,,,,,0.2,,1.6,11.2,0.6,0.2,,1.2,13.6,0.4,,,0.2,,1.0,,,,,,,,
201507,St Ives (Richmond Avenue),2.2,,,,,,,,,,2.6,3.0,5.2,,,,14.8,7.0,,,,,4.2,,,,,,,,
201507,Strathfield Golf Club,3.0,,,,,,,,1.0,,1.0,9.0,5.0,1.0,,,18.0,3.0,,,,,6.0,,,,,,,,
201507,Sydney (Observatory Hill),1.0,,,,,,,5.6,,,0.8,2.2,4.8,0.6,0.2,0.2,17.2,9.0,0.6,,3.0,,1.8,,,,,,,,
201507,Sydney Airport AMO,2.2,,,,,,,3.4,0.2,,0.2,7.4,3.4,0.6,,,15.6,7.8,0.8,0.2,1.0,,2.0,0.6,,,,,,,
201507,Sydney Botanic Gardens,1.0,,,,,,,9.6,,,0.8,2.8,6.6,0.4,,6.2,17.0,1.2,,,1.6,,1.8,,,,,,,,
201507,Terrey Hills AWS,0.2,,,,,,,,,,,,,,,,7.4,3.2,0.2,,1.4,,2.2,0.2,0.2,,,,,,
201507,Turramurra (Kissing Point Road),2.6,,,,,,,0.8,,,1.0,,6.0,0.3,,,7.6,8.8,0.2,,,,4.8,,0.4,,,,,,
201507,Willmot (Resolution Ave),3.0,,,,,,,,,,2.0,6.0,1.0,,,1.0,8.0,1.0,,,,,1.0,,,,,,,,
201507,"Most values are the precipitation in the 24 hoursto9 am on the day indicated.
Days marked with → are part of a longer accumulation, which is shown on the final day.Values over  100  mm have been rounded to the nearest whole millimetre.Days marked with - have a rainfall report of zero; 
days left blank have no rainfall report (which often indicates no rain fell).",,,,,,,,,,,,,,,,,,,,,,,,,,,,,,,
201507,Rainfalls colouredaccording to the amount,0,1.0,5.0,10.0,15.0,25.0,50.0,100,150,200,300,400,600,millimetres,,,,,,,,,,,,,,,,,
201508,Abbotsbury (Fairfield (City Farm)),,,,,,,,,,,,,,,,,,,,,,,4.0,6.0,34.0,10.0,4.0,,,,
201508,Abbotsford (Blackwall Point Rd),,,,,,,,,,,,,,,,,4.0,,,,,,3.0,,35.0,8.0,,,,,
201508,Audley  (Royal National Park),,,,,,,,,,,,,,,,,,,,,,,3.0,5.0,38.0,3.0,,,,,
201508,Badgerys Creek AWS,,,,,,,,,,,,,0.4,,,,,,,,,,2.8,3.8,31.6,7.8,0.2,,,,
201508,Bankstown Airport AWS,,,,,,,,,,,,,,,,,,,,,,,4.0,4.0,27.2,10.0,2.2,,,,
201508,Baulkham Hills Eucalyptus Ct,,,,,1.5,,,,,,,,,,,,1.5,,,,,,3.0,4.5,20.0,7.0,1.0,,,,
201508,Belrose (Evelyn Place),,,,,,,,,,,,,,,,,0.4,,,,,,7.0,4.0,27.8,7.8,,1.0,,,
201508,Berowra (Goodwyn Road),,,,,,,,,,,,,,,,,,,,,,,8.4,,,7.4,,,,,
201508,Box Hill (Hynds Road),,,,,,,,,,,,,,,,,,,,,,,5.0,4.0,15.0,4.0,1.0,,,,
201508,Camden Airport AWS,,,,,,,,,0.2,,0.2,,1.4,,,,,,,,,0.2,0.6,4.6,37.2,7.2,0.4,,,,
201508,Campbelltown (Kentlyn (Georges River Roa,,,,,,,,,,,,,,,,,,,,,,,2.0,8.0,41.0,6.0,1.0,,,,
201508,Campbelltown (Mount Annan),,,,,,,,,,,,0.2,1.0,,,,,,,,,0.4,1.6,4.6,47.4,4.4,0.2,,,,
201508,Canterbury Racecourse AWS,,,,,,,,,,,,,,,,,2.2,0.2,,,,,3.2,3.4,45.6,6.0,0.2,,,,
201508,Castle Cove (Rosebridge Ave),,,,,,,,,,,,,,,,,2.5,,,,,,6.0,5.2,31.0,8.0,,,,,
201508,Castle Hill (Kathleen Ave),,,,,,,,,,,,,,,,,,,,,,,4.0,5.0,18.6,8.1,1.6,,,,
201508,Chatswood Bowling Club,,,,,,,,,,,,,,,,,1.0,,,,,,4.0,5.0,29.0,8.0,,,,,
201508,Collaroy (Long Reef Golf Club),,,,,,,,,,,,,,,,,,,,,,,3.8,6.2,39.6,1.8,,2.0,,,
201508,Concord (Brays Rd),,,,,,,,,,,,,,,,,2.2,,,,,,3.0,4.2,28.0,6.4,,,,,
201508,Concord Golf Club,,,,,,,,,,,,,,,,,2.4,,,,,,3.8,6.8,29.6,12.6,,,,,
201508,Frenchs Forest (Frenchs Forest Rd),,,,,,,,,,,,,,,,,1.0,,,,,,7.0,4.0,31.0,6.0,1.0,1.0,,,
201508,Glenorie (Old Northern Rd),,,,,,,,,,,,,,,,,,,,,,,10.0,4.0,20.0,10.0,2.0,,,,
201508,Holsworthy Aerodrome AWS,,,,,,,,,,,,,0.6,,,,,,,,,,2.2,5.0,35.4,16.8,1.4,,,,
201508,Horsley Park Equestrian Centre AWS,,,,,,,,,,,,,,,,,,,,,,,4.4,4.6,31.2,10.6,4.0,,0.2,,
201508,Lucas Heights (ANSTO),,,,,,,,,,,,,1.0,,,,,,,,,,2.0,5.2,49.2,12.4,0.6,,,,
201508,Marrickville Golf Club,,,,,,,,,,,,,,,,,1.0,,,,,,4.0,6.0,43.0,5.0,1.0,,,,
201508,Milperra Bridge (Georges River),,,,,,,,,,,,,,,,,,,,,,,3.0,4.0,26.0,7.0,2.0,,,,
201508,Mona Vale Golf Club,,,,,,,,,,,,,,,,,,,,,0.4,,1.6,,8.8,,,,,,
201508,Mount Annan Botanic Garden,,,,,,,,,,,,,,,,1.4,,,,,,0.6,1.6,5.0,46.0,4.4,0.2,,,,
201508,North Parramatta (Burnside Homes),,,,,,,,,,,,,,,,,2.0,,,,,,3.0,4.5,18.5,6.0,0.5,,,,
201508,North Rocks (Muirfield Golf Club),,,,,,,,,,0.5,,,,,,,3.0,,,,,,3.5,4.0,15.5,7.0,,,,,
201508,Parramatta North (Masons Drive),,,,,,,,,,,,,0.2,,,,2.6,,,,,,3.8,4.4,21.0,6.8,0.8,,,,
201508,Peakhurst Golf Club,,,,,,,,,,,,,,,,,,,,,,,3.0,5.0,24.0,6.0,,,,,
201508,Pennant Hills (Yarrara Road),,,,,,,,,→,0.2,,,,,,→,,,,,,,5.8,3.8,16.8,14.2,0.4,,,,
201508,Penrith Lakes AWS,,,,,,,,,0.2,,0.2,,0.4,,,,,,,,,,2.8,3.2,26.4,2.6,4.0,0.2,,,
201508,Prospect Reservoir,,,,,,,,,,,,,,,,,,,,,,0.1,1.8,4.5,29.4,7.1,1.6,,,,
201508,Randwick (Randwick St),,,,0.2,,,,,,,,,,,,0.4,2.0,,,,,,3.4,5.8,62.2,3.8,0.1,,,,
201508,Richmond - UWS Hawkesbury,,,,,,,,,,,,,,,,,,,,,,→,→,7.4,10.6,3.0,0.6,,,,
201508,Richmond RAAF,,,,,,,,,,,0.2,,,0.2,,,,,,,,,4.4,3.2,8.6,2.4,0.2,,,,
201508,Rose Bay (Royal Sydney Golf Club),,,,0.2,,,,,,,,,,,,,6.4,,,,,,3.0,6.4,71.6,,,,,,
201508,Rossmore (South Creek),,,,,,,,,,,,,,,,,,,,,,,2.0,5.0,34.0,6.0,,,,,
201508,Sans Souci (Public School),,,,,,,,,,,,,1.0,,,,,,,,,,3.0,6.0,31.0,7.0,1.0,,,,
201508,Seven Hills  (Radio FM 103.2),,,,,,,,,,,,,,,,,2.0,,,,,,1.5,4.0,33.0,5.5,1.0,,,,
201508,Seven Hills (Collins St),,,,,,,,,,,,,,,,,2.8,,,,,,3.6,4.0,28.0,6.2,1.6,,,,
201508,Springwood (Valley Heights),,,,,,,,,,,,,1.2,,,,,,,,,,3.0,2.4,20.6,5.0,2.4,0.2,,,
201508,St Ives (Richmond Avenue),,,,,,,,,,,,,,,,,,,,,,,6.6,5.0,19.0,4.8,0.2,,,,
201508,Strathfield Golf Club,,,,,,,,,,,,,,,,,1.0,,,,,,3.0,4.0,50.0,8.0,,,,,
201508,Sydney (Observatory Hill),,,,,,,,,,,,,,,,,5.6,,,,,,2.4,4.2,54.4,5.2,,,,,
201508,Sydney Airport AMO,,,,,,,,,,,,,,,,,,,,,,,2.8,4.6,43.6,5.0,0.2,,,,
201508,Sydney Botanic Gardens,,,,,,,,,,,,,,,,,6.0,,,,,,3.0,5.0,75.2,4.8,,,,,
201508,Terrey Hills AWS,,,,,,,,,,,,,,,,,,,,,,,4.4,2.6,25.8,2.6,0.6,0.2,,,
201508,Turramurra (Kissing Point Road),,,,,,,,,,,,,0.2,,,,1.4,,,,,,7.0,4.0,23.0,10.2,,0.4,,,
201508,Willmot (Resolution Ave),,,,,,,,,,,,,,,,,,,,,,,1.0,4.0,21.0,2.0,,,,,
201508,"Most values are the precipitation in the 24 hoursto9 am on the day indicated.
Days marked with → are part of a longer accumulation, which is shown on the final day.Values over  100  mm have been rounded to the nearest whole millimetre.Days marked with - have a rainfall report of zero; 
days left blank have no rainfall report (which often indicates no rain fell).",,,,,,,,,,,,,,,,,,,,,,,,,,,,,,,
201508,Rainfalls colouredaccording to the amount,0,1.0,5.0,10.0,15.0,25.0,50.0,100,150,200,300,400,600,millimetres,,,,,,,,,,,,,,,,,
201509,Abbotsbury (Fairfield (City Farm)),,,1.0,1.0,,,,,,,,,,,,,,2.0,2.0,1.0,1.0,,,,,1.0,1.0,,,,
201509,Abbotsford (Blackwall Point Rd),,,→,9.0,,,4.0,,,,,,,,,,,9.0,6.0,2.0,,,,,23.0,4.0,,,,2.0,
201509,Audley  (Royal National Park),,,2.0,4.0,,1.0,1.0,,,,,,,,,,,3.0,11.0,,1.0,,,2.0,12.0,9.0,9.0,,,,
201509,Badgerys Creek AWS,,,2.4,,,0.6,0.4,,,,,,,,,,,1.4,3.8,0.2,0.2,,,,,1.8,,,,,
201509,Bankstown Airport AWS,,,1.6,1.2,0.2,0.2,10.2,,,,,,,,,,,3.0,3.2,3.4,0.2,0.2,,,1.6,7.0,1.4,,,,
201509,Baulkham Hills Eucalyptus Ct,,,2.0,1.0,,,2.0,,,,,,,,,,,5.5,4.0,0.5,2.0,,,,4.0,6.5,1.0,,,,
201509,Belrose (Evelyn Place),,,3.4,18.4,,0.4,0.8,,,,,,,,,,,13.8,5.4,5.0,1.6,,→,1.0,33.8,7.4,3.0,,,0.6,
201509,Berowra (Goodwyn Road),,,3.2,7.0,,1.2,,,,,,,,,,,,,→,45.0,1.6,,,,20.6,6.4,1.2,,,,
201509,Box Hill (Hynds Road),,,2.0,,,1.0,2.0,,,,,,,,,,,3.0,2.0,1.0,,,,,3.0,2.0,1.0,,,,
201509,Camden Airport AWS,,,5.2,,,2.4,,,,,,,,,,,,0.8,4.6,13.4,0.2,,0.2,,,0.8,,,,,
201509,Campbelltown (Kentlyn (Georges River Roa,,,,,,,,,,,,,,,,,,1.0,9.0,,,1.0,,,,7.0,,,,,
201509,Campbelltown (Mount Annan),,,3.8,0.4,0.4,1.2,1.0,,,,,,,,,,,1.0,5.2,9.0,0.2,,0.4,,,2.6,,,,,
201509,Canterbury Racecourse AWS,,,2.2,4.8,,1.8,4.6,0.2,,,,,,,,,,6.4,9.4,0.6,1.8,,,0.2,12.4,3.8,4.2,,,,
201509,Castle Cove (Rosebridge Ave),,,3.4,19.0,,4.0,,,,,,,,,,,,7.2,7.4,,6.0,,,1.5,36.0,11.0,5.0,0.5,,,
201509,Castle Hill (Kathleen Ave),,,,1.2,,,2.9,,,,,,,,,,1.1,5.4,4.6,,4.7,,,,,,,,,,
201509,Chatswood Bowling Club,,,3.0,15.0,,1.0,2.0,,,,,,,,,,,2.0,8.0,,2.0,,1.0,,38.0,4.0,2.0,,,,
201509,Collaroy (Long Reef Golf Club),,,3.2,15.6,,0.6,,,,2.6,,,,,,,,10.0,8.8,,5.2,,4.2,2.4,31.6,3.2,2.6,1.0,,0.4,
201509,Concord (Brays Rd),,,1.4,5.0,,0.4,4.2,,,,,,,,,,,5.6,,,,,,,,,,,,,
201509,Concord Golf Club,,,2.0,3.4,,2.4,3.4,,,,,,,,,,,,,,,,,,,,,,,,
201509,Frenchs Forest (Frenchs Forest Rd),,,3.0,19.0,,,,,,,,,,,,,,16.0,6.0,1.0,2.0,,2.0,1.0,38.0,12.0,5.0,,,,
201509,Glenorie (Old Northern Rd),,,3.0,1.0,1.0,1.0,,,,,,,,,,,,13.0,3.0,3.0,,,,,12.0,4.0,1.0,,,,
201509,Holsworthy Aerodrome AWS,,,1.8,1.4,,0.8,2.2,,,,,,,,,,,1.8,5.4,0.6,,,,,1.0,6.6,,,,,
201509,Horsley Park Equestrian Centre AWS,,,1.4,,,,0.4,,,,,,,,,,,3.2,4.4,,0.2,,,,,4.4,,,,,
201509,Lucas Heights (ANSTO),,,2.6,2.2,,0.3,0.4,,,,,,,,,,,4.0,5.8,,1.2,,,,3.4,6.6,2.4,,,,
201509,Marrickville Golf Club,,,2.0,7.0,,1.0,3.0,,,,,,,,,,,4.0,12.0,,2.0,,,1.0,18.0,3.0,3.0,,,,
201509,Milperra Bridge (Georges River),,,1.0,,,,6.0,,,,,,,,,,,2.0,2.0,,,,,,,6.0,1.0,,,,
201509,Mona Vale Golf Club,,,,0.6,,,,,,1.4,,,,,,,,1.4,2.6,1.0,1.6,,3.0,2.6,35.6,3.6,0.6,0.2,0.2,0.4,
201509,North Parramatta (Burnside Homes),,,1.5,1.5,,,5.5,,,,,,,,,,,4.0,4.5,,,,,,5.5,3.5,1.0,,,1.0,
201509,North Rocks (Muirfield Golf Club),,,1.5,1.5,,0.5,1.5,,,,,,,,,,,5.5,3.0,1.0,,0.5,,,5.5,4.0,1.0,,,0.5,
201509,Parramatta North (Masons Drive),,,2.0,1.6,,,4.2,,,,,,,,,,,4.2,4.6,4.2,0.2,,,,5.4,4.2,1.2,,,1.8,
201509,Peakhurst Golf Club,,,2.0,3.0,,2.0,1.0,,,,,,,,,,,11.0,6.0,,,,,1.0,6.0,4.0,4.0,,,,
201509,Pennant Hills (Yarrara Road),,,3.4,3.6,0.2,→,3.0,,,,,,,,,,,7.6,5.8,1.8,0.4,0.4,0.2,,→,→,→,25.0,,1.8,
201509,Penrith Lakes AWS,,,1.2,0.2,1.4,3.8,2.6,0.2,,,,,,,,,,0.2,2.2,0.6,0.4,,,,,1.8,,,,1.2,
201509,Prospect Reservoir,,,1.8,0.3,,,0.9,,,,,,,,,,,2.6,6.2,0.6,,,,,,6.3,0.1,,,1.6,
201509,Randwick (Randwick St),,,2.8,28.8,,2.6,1.6,,,4.2,,,,,,,,3.8,16.0,,0.6,,2.8,6.0,36.8,7.6,8.0,1.0,,,
201509,Richmond RAAF,,,1.8,,0.6,5.0,4.2,,,,,,,,,,,1.6,1.4,0.2,,0.2,,,,2.6,,,,,
201509,Rossmore (South Creek),,,2.0,,,,1.0,,,,,,,,,,,2.0,3.0,1.0,,,,,,2.0,,,1.0,,
201509,Sans Souci (Public School),,,2.0,6.0,,1.0,4.0,,,,,,,,,,,8.0,8.0,,,,,3.0,10.0,2.0,1.0,,,,
201509,Seven Hills  (Radio FM 103.2),,,2.0,0.5,,,1.5,,,,,,,,,,,3.0,4.0,,,0.5,,,2.0,5.0,0.5,,,,
201509,Seven Hills (Collins St),,,,1.8,,,,,,,,,,,,,,5.2,4.6,,,,,,3.2,,,,,,
201509,Springwood (Valley Heights),,,1.2,,,5.8,1.0,,,,,,,,,,,0.2,3.2,8.0,,,,,,1.6,0.2,,,,
201509,St Ives (Richmond Avenue),,,3.6,12.2,0.1,,0.2,,,,,,,,,,,12.0,5.4,1.8,2.0,,,0.2,33.0,7.6,3.6,,,,
201509,Strathfield Golf Club,,,2.0,3.0,,,5.0,,,,,,,,,,,5.0,6.0,1.0,,,,,8.0,4.0,2.0,,,,
201509,Sydney (Observatory Hill),,,2.8,20.4,,0.4,0.2,,,,,,,,,,,2.2,10.8,0.4,0.2,0.2,0.2,3.2,31.8,3.4,3.6,0.2,,,
201509,Sydney Airport AMO,,,2.0,9.2,0.2,2.2,3.2,0.2,,,,,,,,,,1.8,15.4,,0.4,0.2,0.2,5.4,21.0,1.0,4.2,,,,
201509,Sydney Botanic Gardens,,,3.2,25.2,,0.8,,0.3,,1.2,0.6,,,,,,,2.4,12.0,,0.6,,1.2,3.0,33.8,4.0,5.8,,,,
201509,Terrey Hills AWS,,,2.4,9.2,0.2,3.0,0.8,,,,,,,,,,,18.0,7.0,2.0,2.6,,,0.2,24.8,10.8,2.0,,,0.4,
201509,Turramurra (Kissing Point Road),,,2.8,7.4,,0.4,1.6,,,,,,,,,,,15.0,5.4,2.4,0.6,0.4,,,29.6,3.6,1.2,,,1.6,
201509,Willmot (Resolution Ave),,,1.0,,,,3.0,,,,,,,,,,,1.0,3.0,3.0,,,,,,2.0,,,,,
201509,"Most values are the precipitation in the 24 hoursto9 am on the day indicated.
Days marked with → are part of a longer accumulation, which is shown on the final day.Values over  100  mm have been rounded to the nearest whole millimetre.Days marked with - have a rainfall report of zero; 
days left blank have no rainfall report (which often indicates no rain fell).",,,,,,,,,,,,,,,,,,,,,,,,,,,,,,,
201509,Rainfalls colouredaccording to the amount,0,1.0,5.0,10.0,15.0,25.0,50.0,100,150,200,300,400,600,millimetres,,,,,,,,,,,,,,,,,
201510,Abbotsbury (Fairfield (City Farm)),,,,,,,,,,,,,,,,,,,,,,,,,,,,,,,
201510,Abbotsford (Blackwall Point Rd),,,,,,,,,,,,,→,9.0,,,,,3.0,,6.0,4.0,9.5,,,,6.0,1.4,,,
201510,Audley  (Royal National Park),,,,,,,,,,,,1.0,14.0,1.0,,,,,,,2.0,3.0,11.0,,,,9.0,,,,
201510,Badgerys Creek AWS,,,,,,,,,,,,10.0,5.4,3.6,,,,0.4,,,5.4,1.0,19.0,,,0.2,13.2,,,,
201510,Bankstown Airport AWS,,,,,,,,,,,,2.8,,1.4,,,,1.0,,,10.0,1.8,17.0,,,,7.6,,,,
201510,Baulkham Hills Eucalyptus Ct,,,,,,,,,,,,2.5,1.5,11.0,1.0,,,0.5,,,3.5,1.5,12.5,,,,18.0,,,,
201510,Belrose (Evelyn Place),,,,,,,,,,,,4.0,0.6,16.8,,,,0.6,0.6,,,3.0,7.0,,,,→,7.0,,,
201510,Berowra (Goodwyn Road),,,,,,,,,,,,4.4,2.4,,,,,4.0,,,,2.8,,,,,2.8,,,,
201510,Box Hill (Hynds Road),,,,,,,,,,,,2.0,,3.0,,,,,,,,1.0,7.0,,,,2.0,1.0,,,
201510,Camden Airport AWS,,,,,,,,,,1.2,,2.4,0.2,1.0,,,,,,,,1.0,0.8,,,,15.8,0.4,,,
201510,Campbelltown (Kentlyn (Georges River Roa,,,,,,,,,,,,2.0,19.0,,,,,,,,15.0,1.0,1.0,,,,13.0,,,,
201510,Campbelltown (Mount Annan),,,,,,,,,,0.2,0.2,1.2,21.2,1.2,,,,,,,0.2,0.8,,,,,10.6,0.4,,,
201510,Canterbury Racecourse AWS,,,,,,,,,,,,3.6,,0.6,,,,1.8,0.2,,7.2,3.8,7.2,,,,4.0,,,,
201510,Castle Cove (Rosebridge Ave),,,,,,,,,,,,3.5,,6.5,,,,0.5,,,,3.5,25.0,,,,8.5,1.5,,,
201510,Castle Hill (Kathleen Ave),,,,,,,,,,,,1.4,1.6,,,,,,,,3.8,2.5,9.8,,,,9.6,0.3,,,
201510,Chatswood Bowling Club,,,,,,,,,,,,4.0,,7.0,,,,1.0,,,,3.0,19.0,,,,7.0,,,,
201510,Collaroy (Long Reef Golf Club),,,,,,,,,0.2,,,4.2,1.6,6.6,,,,0.6,,,,2.2,5.6,,,,10.2,0.4,,,
201510,Concord (Brays Rd),0.2,,,,,,,,,,,2.4,0.2,4.2,,,,1.4,0.4,,11.4,3.4,10.0,,,,5.0,0.8,0.2,,
201510,Concord Golf Club,,,,,,,,,,,,3.0,,4.6,,,,3.2,,,15.4,5.6,9.6,,,,5.8,1.2,,,
201510,Frenchs Forest (Frenchs Forest Rd),,,,,,,,,,,,5.0,3.0,6.0,,,,,,,,3.0,15.0,,,,15.0,,,,
201510,Glenorie (Old Northern Rd),,,,,,,,,,,,4.0,,7.0,,,,1.0,,,,,7.4,,,,2.4,1.0,,,
201510,Holsworthy Aerodrome AWS,,,,,,,,,,,0.2,1.4,1.8,,0.2,,,,,,15.2,1.8,9.0,,,,7.6,0.4,,,
201510,Horsley Park Equestrian Centre AWS,,,,,,,,,,,,3.4,,1.6,,,,1.4,,,3.0,1.2,24.2,,,,13.6,,,,
201510,Lucas Heights (ANSTO),,,,,,,,,,,,,8.0,0.4,,,,,0.4,,2.0,2.4,5.8,,,,11.8,0.8,,,
201510,Macquarie Park (Willandra Village),,,,,,,,,,,,4.0,0.4,16.0,,,,1.4,0.2,,2.4,4.0,16.0,,,,9.2,0.8,,,
201510,Marrickville Golf Club,,,,,,,,,,,,3.0,,4.0,,,,2.0,,,7.0,3.0,9.0,,,,3.0,,,,
201510,Milperra Bridge (Georges River),,,,,,,,,,,,1.0,,,,,,,,,5.0,1.0,17.0,,,,6.0,,,,
201510,Mona Vale Golf Club,,0.2,,,,,,,0.2,,0.4,4.2,1.8,12.4,,0.2,0.2,0.2,0.4,,,2.4,7.4,,,0.2,12.2,0.2,,,
201510,North Parramatta (Burnside Homes),,0.5,,,,,,,,,,4.0,,2.5,,,,3.5,,,6.5,2.5,13.0,,,,12.5,0.5,,,
201510,North Rocks (Muirfield Golf Club),,,,,,,,,,,,2.5,1.5,5.5,,,,,,,8.0,2.0,8.5,,,,13.5,,,,
201510,Parramatta North (Masons Drive),,,,,,,,,,,,5.0,0.4,2.8,,,,3.2,,,6.4,3.2,11.4,,,,13.4,0.2,,,
201510,Peakhurst Golf Club,,,,,,,,,,,,2.0,2.0,,,,,1.0,,,17.0,3.0,4.0,,,,6.0,1.0,,,
201510,Pennant Hills (Yarrara Road),,,,,,,,,,,→,2.0,0.2,5.0,,,,0.6,,,0.8,3.4,15.2,,,,18.0,1.2,,,
201510,Penrith Lakes AWS,0.2,,,,,,,,,,,0.8,2.2,3.8,0.2,,,0.2,,,1.4,2.4,15.2,,,,4.6,0.6,,,
201510,Prospect Reservoir,,,,,,,,,,,,3.4,,5.8,,,,1.4,,,6.6,1.4,6.1,,,,14.3,,,,
201510,Randwick (Randwick St),,,,,,,,,0.2,,,3.8,4.4,4.2,,,,1.8,,,1.2,3.4,7.8,,,,5.4,2.6,,,
201510,Richmond RAAF,,,,,,,,,,,,3.2,0.2,0.2,0.2,,,0.2,0.4,,,1.4,11.4,,,,1.6,,0.2,,
201510,Rose Bay (Royal Sydney Golf Club),,,1.0,,,,,,0.2,,0.2,2.8,4.4,4.2,1.2,,,2.2,,,,,,,,,,,,,
201510,Rossmore (South Creek),,,,,,,,,,,,3.0,9.0,1.0,,,,,,,7.0,,8.0,,,,14.0,,,,
201510,Sans Souci (Public School),,,,,,,,,,,,2.0,4.0,10.0,,,,,1.0,,7.0,3.0,4.0,,,,4.0,,,,
201510,Seven Hills  (Radio FM 103.2),,,,,,,,,,,,6.0,,,1.0,,,1.0,,,1.5,1.5,22.0,0.5,,,16.5,0.5,,,
201510,Seven Hills (Collins St),,,,,,,,,,,,4.0,,1.8,,,,,,,5.0,2.0,,,,,12.6,1.8,,,
201510,Springwood (Valley Heights),,,,,,,,0.4,,,,2.2,2.2,5.2,,,,2.0,0.6,,7.0,2.0,23.0,,,,4.2,0.2,,,
201510,St Ives (Richmond Avenue),,,,,,,,,,,,,,,,,,,,,0.8,3.0,12.4,,,,11.0,,0.4,,
201510,Strathfield Golf Club,,,,,,,,,,,,4.0,,,,,,1.0,,1.0,5.0,3.0,9.0,,,,7.0,,,,
201510,Sydney (Observatory Hill),,,,,,,,,,,,3.6,1.6,3.4,,,,1.4,0.2,0.4,1.0,8.4,14.8,0.2,,,7.6,0.4,,,
201510,Sydney Airport AMO,,,,,,,,,,,,2.0,3.6,2.2,0.2,,,0.8,0.8,,4.6,3.2,6.2,,,,3.6,0.6,0.2,,
201510,Sydney Botanic Gardens,,,,,,,,,0.1,,,3.6,3.8,6.4,,,,2.0,0.6,,1.2,11.8,14.0,,,,9.5,0.1,,,
201510,Terrey Hills AWS,,,,,,,,,,,0.2,4.0,,11.4,,,,0.2,0.2,0.2,,2.2,10.4,,,,14.2,,0.2,,
201510,Turramurra (Kissing Point Road),,,,,,,,,,,,3.0,0.4,7.6,0.4,,,0.8,0.2,,3.6,4.8,16.8,,,,17.6,0.4,,,
201510,Willmot (Resolution Ave),,,,,,,,,,,,,,5.0,,,,,,,3.0,1.0,38.0,,,,4.0,,,,
201510,"Most values are the precipitation in the 24 hoursto9 am on the day indicated.
Days marked with → are part of a longer accumulation, which is shown on the final day.Values over  100  mm have been rounded to the nearest whole millimetre.Days marked with - have a rainfall report of zero; 
days left blank have no rainfall report (which often indicates no rain fell).",,,,,,,,,,,,,,,,,,,,,,,,,,,,,,,
201510,Rainfalls colouredaccording to the amount,0,1.0,5.0,10.0,15.0,25.0,50.0,100,150,200,300,400,600,millimetres,,,,,,,,,,,,,,,,,
201511,Abbotsbury (Fairfield (City Farm)),,,,,,,,,,,,,,,,,,,,,,,,,,,,,,,
201511,Abbotsford (Blackwall Point Rd),0.1,24.0,,3.0,11.0,13.6,15.0,0.2,,,,0.7,3.0,19.4,22.0,8.0,,,,,,,,,,,,0.2,,,
201511,Audley  (Royal National Park),,5.0,1.0,2.0,51.0,12.0,13.0,,1.0,,,2.0,2.0,14.0,18.0,1.0,,,,,,,,,,,,,1.0,,
201511,Avalon Beach (Avalon (Palmgrove Rd)),,9.8,2.4,5.2,21.8,12.6,,,,,,,,,46.6,,,,,,,,,,,,,,,,
201511,Badgerys Creek AWS,1.6,19.4,0.2,1.0,27.8,9.2,0.4,1.6,,0.2,,1.0,2.8,,,,,,,,,,,,,,,,,,
201511,Bankstown Airport AWS,,15.4,,3.2,18.4,13.0,0.8,,0.2,,,0.8,3.8,20.0,20.0,1.0,,,,,,,,,,,,,1.2,,
201511,Baulkham Hills Eucalyptus Ct,,17.0,1.0,3.0,9.0,14.5,1.0,,,,,,4.0,48.5,14.0,8.0,,,,,,,,,,,,,,,
201511,Belrose (Evelyn Place),,15.2,0.6,7.8,48.4,27.0,6.0,0.4,,,1.4,3.2,1.4,52.0,33.4,4.0,,,,,,,,,,,0.4,0.2,1.0,,
201511,Berowra (Goodwyn Road),,17.2,0.8,5.4,27.6,,28.8,1.6,,,1.0,,,14.2,14.8,,,,,,,,,7.4,,,,1.1,,,
201511,Box Hill (Hynds Road),,15.0,,2.0,5.0,22.0,3.0,,,,,,3.0,12.0,40.0,4.0,,,,,,,,,,,,,,,
201511,Camden Airport AWS,0.8,14.2,0.2,2.4,17.2,7.4,6.8,,,,,1.6,3.0,15.6,19.0,,,,,,,,,,,,,,6.8,,
201511,Campbelltown (Kentlyn (Georges River Roa,2.0,11.0,,1.0,14.0,7.0,12.0,,,,,2.0,2.0,14.0,18.0,1.0,,,,,,,,,,,,,3.0,,
201511,Campbelltown (Mount Annan),1.0,11.0,,1.4,17.6,7.8,4.6,,,,,1.2,2.0,12.8,9.0,,,,,,,,,,,,,,3.2,,
201511,Canterbury Racecourse AWS,,11.0,,3.4,10.2,13.0,5.8,,0.4,,,0.2,2.6,16.8,13.0,0.4,,,,,,,,,,,,,,,
201511,Castle Cove (Rosebridge Ave),,16.5,0.5,8.0,36.0,20.0,16.5,0.5,,,1.0,5.0,2.0,77.0,42.0,5.0,,,,,,,,,,,1.0,,,,
201511,Castle Hill (Kathleen Ave),,,,3.2,9.4,19.5,,1.5,,,,,2.1,32.6,28.0,10.1,,,,,,,,,,,,,,,
201511,Castlereagh (Castlereagh Road),11.4,0.4,2.6,37.6,15.2,0.5,11.0,,,,2.2,6.8,10.0,23.2,0.5,,,,,,,,,,,,,,,,
201511,Chatswood Bowling Club,,16.0,,5.0,29.0,14.0,6.0,,,,,2.0,,57.0,26.0,5.0,,,,,,,,,,,,,1.0,,
201511,Collaroy (Long Reef Golf Club),,11.4,1.2,1.8,19.4,28.8,6.6,1.6,,,2.2,,1.6,36.2,35.6,12.0,,,,,,,,,,,,,,,
201511,Concord (Brays Rd),,19.6,,4.0,11.4,11.6,13.4,,,,,,4.0,20.6,23.4,17.8,,,,,,,,,,,,,,,
201511,Concord Golf Club,,13.8,,2.0,11.4,12.2,5.2,,,,,2.0,4.6,18.0,17.2,14.8,,,,,,,,,,,,,,,
201511,Frenchs Forest (Frenchs Forest Rd),,17.0,1.0,7.0,47.0,26.0,14.0,1.0,,,5.0,2.0,1.0,58.0,29.0,7.0,,,,,,,,,,,,,,,
201511,Glenorie (Old Northern Rd),,16.0,,5.0,7.0,25.0,3.0,,,,,1.2,4.0,18.0,22.0,5.0,,,,,,,,,,,,,,,
201511,Holsworthy Aerodrome AWS,0.2,11.0,,2.6,30.2,9.4,7.6,,,,,3.0,4.0,25.2,9.8,,,,,,,,,,,,,0.2,1.4,,
201511,Horsley Park Equestrian Centre AWS,0.2,19.8,,2.6,38.0,15.6,0.2,0.2,0.2,,,,2.8,20.4,15.8,,0.2,,,,,,,,,,,,2.8,,
201511,Lucas Heights (ANSTO),0.6,8.6,,4.2,28.6,8.8,11.0,,,,,3.0,3.0,12.0,17.4,,,,,,,,,,,,,,1.4,,
201511,Macquarie Park (Willandra Village),,15.4,0.6,8.2,23.6,12.8,5.0,0.4,,,0.4,1.4,2.4,35.6,18.0,7.0,,,,,,,,,,,,0.8,0.2,,
201511,Marrickville Golf Club,,7.0,,3.0,9.0,10.0,12.0,,,,,,1.0,22.0,14.0,3.0,,,,,,,,,,,,,,,
201511,Milperra Bridge (Georges River),,9.0,,1.0,12.0,13.0,1.0,,,,,1.0,4.0,20.0,14.0,,,,,,,,,,,,,,,,
201511,Mona Vale Golf Club,,8.2,0.4,3.0,28.0,24.8,27.0,1.0,,,0.8,,2.6,41.8,26.8,10.4,0.2,,,,,,,,,,,,,0.2,
201511,North Parramatta (Burnside Homes),,15.0,0.5,4.0,15.5,12.0,0.5,,,,,,8.0,42.0,11.0,8.5,,,,,,,,,,,,,,,
201511,North Rocks (Muirfield Golf Club),,14.5,1.0,3.0,8.5,13.0,1.0,,,,,,4.0,31.5,14.5,9.0,,,,,,,,,,,,,,,
201511,Parramatta North (Masons Drive),0.4,16.4,0.6,3.8,16.2,14.6,0.8,,,,,,8.2,41.0,10.4,8.0,,,,,,,,,,,,0.4,0.2,,
201511,Peakhurst Golf Club,,7.0,,4.0,18.0,12.0,1.0,,,,,3.0,2.0,22.0,19.0,,,,,,,,,,,,,,,,
201511,Pennant Hills (Yarrara Road),,12.8,1.8,→,22.6,17.0,7.4,1.2,,,0.6,2.2,2.2,43.4,20.0,7.0,,,,,,,,,,,0.2,,0.2,,
201511,Penrith Lakes AWS,0.2,24.8,0.2,6.0,26.8,16.4,0.2,6.0,0.2,,,3.4,9.6,23.4,21.6,0.2,,,,,,,,,,,,0.2,2.0,,
201511,Prospect Reservoir,0.4,10.9,,3.6,17.6,16.0,0.5,0.1,,,,0.3,4.6,34.2,17.2,0.9,,,,,,,,,,,,,0.2,,
201511,Randwick (Randwick St),,14.2,0.6,4.0,15.6,13.4,9.8,0.8,,,0.4,5.0,0.8,18.2,39.8,2.6,,,,,,,,,,,0.4,,0.6,,
201511,Richmond - UWS Hawkesbury,→,35.0,0.2,3.4,16.4,16.6,→,→,12.4,,,1.0,3.0,→,→,49.2,,,,,,,,,,,,→,→,1.2,
201511,Richmond RAAF,,21.4,,1.8,13.6,18.2,0.2,6.0,,,,,4.4,13.8,28.4,7.4,,,,,,,,,,,,,0.6,0.2,
201511,Rose Bay (Royal Sydney Golf Club),,11.6,0.4,6.0,13.6,18.0,,,,,,,,,,,,,,,,,,,,,,,,,
201511,Rossmore (South Creek),1.0,13.0,,2.0,19.0,7.0,5.0,,,,,,4.0,33.0,4.0,1.0,,1.0,,,,,,,,,,,3.0,,
201511,Sans Souci (Public School),,8.0,,1.0,7.0,12.0,5.0,,,,,2.0,2.0,20.0,28.0,6.0,,,,,,,,,,,,,,,
201511,Seven Hills  (Radio FM 103.2),,14.0,0.5,1.5,9.0,14.0,0.5,,,,,,4.0,41.0,12.5,6.5,,,,,,,,,,,,,,,
201511,Seven Hills (Collins St),,12.6,,2.4,→,26.0,1.2,,,,,,4.2,→,57.6,4.6,,,,,,,,,,,,,,,
201511,Springwood (Valley Heights),1.0,11.8,1.2,10.2,47.6,16.0,1.2,10.0,0.6,,,2.2,10.8,11.4,22.8,0.4,,,,,,,,,,,,,2.6,,
201511,St Ives (Richmond Avenue),,,,,,,,,,,0.8,3.6,,43.0,35.0,3.6,,,,,,,,,,,,1.8,,,
201511,Strathfield Golf Club,,13.0,,4.0,8.0,12.0,2.0,,,,,,3.0,17.0,13.0,1.0,,,,,,,,,,,,,,,
201511,Sydney (Observatory Hill),,26.0,1.4,3.8,13.0,11.6,10.0,0.4,,,,2.4,0.4,18.2,29.6,5.0,,,,,,,,,,,0.6,,,0.2,
201511,Sydney Airport AMO,,9.0,0.2,3.6,11.0,8.2,4.6,0.2,,,,0.6,2.0,19.6,16.8,5.8,,,,,,,,,,,,0.2,0.8,,
201511,Sydney Botanic Gardens,,23.4,1.2,4.4,18.0,15.4,9.8,0.4,,,,3.8,0.8,21.0,27.0,2.2,,,,,,,,,,,0.2,,0.3,,
201511,Terrey Hills AWS,,12.6,0.8,5.2,43.2,16.2,9.6,1.2,,,1.6,0.8,1.0,28.2,14.4,7.0,,,,,,0.2,,,,,,0.2,0.6,,
201511,Turramurra (Kissing Point Road),,14.0,2.0,12.0,21.6,20.0,5.4,3.0,0.2,,0.4,2.0,2.0,67.8,25.0,4.0,,,,,,,,,,,0.4,3.0,0.2,,
201511,Willmot (Resolution Ave),,8.0,,2.0,18.0,12.0,,,,,,,8.0,16.0,13.0,,,,,,,,,,,,,1.0,1.0,,
201511,"Most values are the precipitation in the 24 hoursto9 am on the day indicated.
Days marked with → are part of a longer accumulation, which is shown on the final day.Values over  100  mm have been rounded to the nearest whole millimetre.Days marked with - have a rainfall report of zero; 
days left blank have no rainfall report (which often indicates no rain fell).",,,,,,,,,,,,,,,,,,,,,,,,,,,,,,,
201511,Rainfalls colouredaccording to the amount,0,1.0,5.0,10.0,15.0,25.0,50.0,100,150,200,300,400,600,millimetres,,,,,,,,,,,,,,,,,
201512,Abbotsford (Blackwall Point Rd),,,,0.3,,,,,1.0,,,,,,,9.0,6.0,,,,,29.0,30.0,2.0,0.1,,3.4,0.3,,,
201512,Audley  (Royal National Park),,,,,,,,,2.0,,,,,,,5.0,11.0,,,,,16.0,23.0,1.0,,1.0,6.0,1.0,2.0,,
201512,Badgerys Creek AWS,,,,,,,,,,,,,,,,,,,,,,,,,,,,,,,
201512,Bankstown Airport AWS,,,,,,,,,1.8,10.6,,,,,,2.4,,,,,,,23.0,,,,2.4,0.4,,,
201512,Baulkham Hills Eucalyptus Ct,,,1.0,,,,,,1.0,4.0,,,,,,3.5,1.5,0.5,,,,26.5,18.5,0.5,,,2.0,,,,
201512,Belrose (Evelyn Place),,,,,,,,,1.6,12.2,,,0.6,,,1.8,5.4,,,,,36.6,23.2,1.0,0.4,0.4,1.8,1.4,0.4,,
201512,Berowra (Goodwyn Road),0.4,,,,,,,,2.2,8.4,,,,,,11.6,12.6,,,,,41.5,39.3,1.6,,,5.2,0.6,,,
201512,Box Hill (Hynds Road),,,,,,,,,2.0,1.0,,,,,,7.0,21.0,,,,,34.0,23.0,1.0,,,1.0,,,,
201512,Camden Airport AWS,,0.2,,,,,,,3.8,1.0,,,,,,2.2,,,,,,22.6,20.4,,,,5.8,,,,
201512,Campbelltown (Kentlyn (Georges River Roa,,,,,,,,,3.0,,,,,,,3.0,,,,,,16.0,15.0,,,,11.0,,,,
201512,Campbelltown (Mount Annan),,,,,,,,,3.0,,,,,,,2.8,0.2,,,,,19.6,15.8,,,,8.8,0.2,,,
201512,Canterbury Racecourse AWS,,,,,,,,,1.2,11.6,,,,,,,,,,,,,,0.2,,0.2,2.4,1.0,,,
201512,Castle Cove (Rosebridge Ave),,,1.0,,,,,,1.5,3.0,,,,,,1.2,6.0,,,,,29.0,25.0,,,1.5,1.2,0.5,2.0,,
201512,Castle Hill (Kathleen Ave),,,,,,,,,2.9,9.8,,,,,,2.5,2.2,,,,,37.0,19.0,,,,,,,,
201512,Chatswood Bowling Club,,,,,,,,,1.0,,,,,,,1.0,6.0,,,,,30.0,23.0,1.0,,1.0,3.0,1.0,,,
201512,Collaroy (Long Reef Golf Club),,,,,,,,,1.6,7.2,,,0.2,,,1.8,5.0,,,,,40.2,16.4,,,2.0,2.4,,1.6,,
201512,Concord (Brays Rd),,,,,,,,,1.4,2.6,,,,,,0.4,10.0,,,,,27.2,20.0,1.2,,0.4,2.4,,,,
201512,Concord Golf Club,,,,,,,,,1.4,3.0,,,,,,0.8,16.0,,,,,24.2,27.4,,,,3.2,,,,
201512,Frenchs Forest (Frenchs Forest Rd),,,,,,,,,2.0,14.0,,,1.0,,,2.0,2.0,,,,,50.0,22.0,2.0,,1.0,2.0,2.0,1.0,,
201512,Glenorie (Old Northern Rd),,,,,,,,,6.0,,,,,,,3.0,4.0,,,,,55.0,66.0,1.4,,,2.0,,,,
201512,Holsworthy Aerodrome AWS,,,,,,,,,2.0,4.4,,,,,,2.6,1.0,,,,,16.2,20.4,,,0.2,5.0,0.6,,,
201512,Horsley Park Equestrian Centre AWS,,,0.2,,,,,,3.4,,,,,,,4.6,0.2,,,,,18.8,26.6,0.6,,,4.0,0.6,,,
201512,Lucas Heights (ANSTO),,,,,,,,,2.8,0.4,,,,,,3.4,0.2,,,,,,15.2,,,0.5,,0.2,0.2,,
201512,Macquarie Park (Willandra Village),,,,,,,,,2.6,3.0,,,,,,2.2,5.0,,,,,,,,,,,,,,
201512,Marrickville Golf Club,,,,,,,,,,11.0,,,,,,,,,,,,28.0,28.0,,,1.0,1.0,,,,
201512,Milperra Bridge (Georges River),,,,,,,,,1.0,14.0,,,,,,1.0,,,,,,17.0,23.0,,,,1.0,,,,
201512,Mona Vale Golf Club,0.2,,,,,,,,2.0,10.2,,,,,0.2,2.4,3.2,,0.2,0.2,,52.6,19.8,,0.4,2.2,10.0,,1.0,,
201512,Mount Annan Botanic Garden,,,,,,,,,2.8,,,,,,,2.6,,,,,,18.5,16.2,,,0.8,7.6,,0.1,,
201512,North Parramatta (Burnside Homes),,,,,,,,,1.0,0.5,,,,,,2.0,2.0,,,,,31.0,23.0,,,,2.0,,,,
201512,North Rocks (Muirfield Golf Club),,,,,,,,,1.5,3.0,,,,,,3.5,2.0,,,,,29.0,20.5,0.5,,,1.0,0.5,,,
201512,Parramatta North (Masons Drive),,,0.2,,,,,,1.6,1.0,,,,,,3.6,1.0,,,,,31.0,23.6,0.4,,,2.2,0.4,,,
201512,Peakhurst Golf Club,,,,,,,,,1.0,10.0,,,,,,1.0,,,,,,18.0,26.0,,,2.0,3.0,,,,
201512,Pennant Hills (Yarrara Road),,0.2,,,,,,,1.8,16.4,,,,,,3.2,7.8,0.4,→,→,→,→,→,65.2,0.2,0.2,2.4,→,1.8,,
201512,Penrith Lakes AWS,,,,,,,,,5.0,0.2,,,,,5.0,8.4,27.4,,,,,32.2,27.4,0.2,0.8,0.2,2.0,0.4,,,
201512,Prospect Reservoir,,0.4,,,,,,,3.6,0.3,,,,,,3.7,,,,,,24.8,26.0,,,,6.4,1.0,,,
201512,Randwick (Randwick St),,,,,,,,,1.6,5.8,0.2,,,,,1.4,58.0,,,,,30.0,31.8,0.4,,1.0,1.8,4.0,,,
201512,Richmond RAAF,,,,,,,,,2.6,0.2,,,0.2,,,2.8,7.6,0.2,,,,37.4,24.8,2.0,,,0.8,0.2,,,
201512,Rossmore (South Creek),,,1.0,,,,,,3.0,,,,,,,2.0,,,,,,16.0,19.0,,,,6.0,,,,
201512,Sans Souci (Public School),,,,,,,,,1.0,2.0,,,,,,1.0,2.0,,,,,19.0,24.0,,,1.0,4.0,2.0,,,
201512,Seven Hills  (Radio FM 103.2),,,0.5,,,,,,2.0,2.0,,,,,,2.0,1.0,,,,,29.0,21.0,0.5,,,3.0,1.5,,,
201512,Seven Hills (Collins St),,,,,,,,,2.2,→,4.4,,,,,0.8,2.8,,,,,26.2,,25.4,,,,,,,
201512,Springwood (Valley Heights),,,,,,,,,2.8,,,,0.8,,,9.8,13.0,,,,,38.4,33.6,→,0.4,,5.0,0.2,0.2,,
201512,St Ives (Richmond Avenue),,,,,,,,,1.8,12.0,,,,,,3.4,12.0,,,,,44.8,21.2,,1.4,1.0,1.4,1.8,,,
201512,Strathfield Golf Club,,,,,,,,,1.0,2.0,,,,,,1.0,10.0,,,,,22.0,25.0,,,,3.0,1.0,,,
201512,Sydney (Observatory Hill),,,,,,,,,0.8,15.2,0.2,,,,,0.6,9.8,,,,,29.8,34.0,1.0,,0.6,1.8,2.6,0.2,,
201512,Sydney Airport AMO,,,,,,,,,0.8,3.4,,,,,,0.8,6.4,,,,,22.6,27.2,0.2,,0.8,1.8,0.4,0.2,,
201512,Sydney Botanic Gardens,,,,,,,,,1.4,21.0,2.0,,,,,1.2,20.0,,,,,27.6,35.2,,,,,,,,
201512,Terrey Hills AWS,,,,,,,,,2.0,11.6,,0.2,0.2,,,3.8,,,,,,,,,,1.8,,,,,
201512,Turramurra (Kissing Point Road),,,,,,,,,1.4,29.6,,,0.2,,,5.4,14.2,,,,,43.6,22.2,0.4,,0.6,2.6,1.0,0.4,,
201512,Willmot (Resolution Ave),,,,,,,,,2.0,,,,,,,8.0,8.0,,,,,13.0,4.0,1.0,4.0,4.0,,2.0,8.0,,
201512,"Most values are the precipitation in the 24 hoursto9 am on the day indicated.
Days marked with → are part of a longer accumulation, which is shown on the final day.Values over  100  mm have been rounded to the nearest whole millimetre.Days marked with - have a rainfall report of zero; 
days left blank have no rainfall report (which often indicates no rain fell).",,,,,,,,,,,,,,,,,,,,,,,,,,,,,,,
201512,Rainfalls colouredaccording to the amount,0,1.0,5.0,10.0,15.0,25.0,50.0,100,150,200,300,400,600,millimetres,,,,,,,,,,,,,,,,,
201601,Abbotsford (Blackwall Point Rd),,,,18.0,41.0,50.0,44.0,,,,,,,,33.0,10.0,,,,,,34.0,13.0,,,25.0,,,,,
201601,Audley  (Royal National Park),,,,3.0,43.0,34.0,27.0,,,,,,,,31.0,4.0,2.0,,,,,37.0,23.0,1.0,,39.0,,,,38.0,9.0
201601,Badgerys Creek AWS,,,,,,,,,,,,5.0,,,29.8,0.6,0.2,0.2,,,,17.6,9.6,2.8,,1.4,,,16.8,33.0,38.4
201601,Bankstown Airport AWS,,,,14.0,39.0,31.6,19.8,,,,,,,0.2,45.6,2.2,0.2,,,,,29.6,15.6,0.8,,3.8,0.6,,,33.6,25.4
201601,Baulkham Hills Eucalyptus Ct,,,,42.0,40.5,105,23.0,0.5,,,,,,,40.0,3.5,0.5,,,,,34.0,18.5,0.5,,3.0,,,,13.0,51.5
201601,Belrose (Evelyn Place),,,,→,58.0,99.8,36.6,0.2,,,,0.2,,,22.8,3.2,,,,,,19.4,28.0,,,46.6,,0.8,,9.8,18.6
201601,Berowra (Goodwyn Road),,,0.6,30.2,53.2,91.8,9.8,,,,,,,,29.4,,,,,,,,43.4,,4.2,,,,0.4,23.6,12.6
201601,Box Hill (Hynds Road),,,,7.0,46.0,85.0,17.0,1.0,,,,,,,35.0,1.0,,,,,,16.0,19.0,4.0,,,,,,7.0,42.0
201601,Camden Airport AWS,,,,1.8,47.8,22.6,5.4,,,,,,,,39.6,0.2,0.2,,,,,19.0,14.6,11.0,0.6,14.2,1.0,0.4,9.8,57.4,8.4
201601,Campbelltown (Kentlyn (Georges River Roa,,,,4.0,48.0,23.0,11.0,,,,,,,,32.0,,2.0,,,,,15.0,18.0,,,9.0,,1.0,,46.0,9.0
201601,Campbelltown (Mount Annan),,,,4.2,45.2,21.2,8.6,,,,,,,,32.6,,,,,,,17.0,14.4,3.4,0.4,35.6,1.8,,1.0,37.6,7.0
201601,Canterbury Racecourse AWS,,,,4.4,36.0,39.2,39.2,,,,,,,,27.6,7.4,,,,,,28.2,22.0,0.2,,1.6,1.4,,,12.2,40.2
201601,Castle Cove (Rosebridge Ave),,,,6.0,41.0,104,51.0,1.0,,,,0.5,,,35.0,13.0,,,,,,29.0,25.0,,0.5,66.0,,1.5,,12.0,25.0
201601,Castle Hill (Kathleen Ave),,,,22.0,43.0,115,26.8,,,,,0.4,,,37.8,4.2,,,,,,18.2,18.5,,,1.6,,,,,
201601,Chatswood Bowling Club,,,,5.0,33.0,81.0,38.0,1.0,,,,1.0,,,40.0,6.0,,,,,,33.0,24.0,,,53.0,,1.0,,10.0,23.0
201601,Collaroy (Long Reef Golf Club),,,,2.4,20.6,81.6,46.4,1.6,,,,,,,24.6,3.8,,,,,,18.4,13.8,,,5.6,1.4,,,,
201601,Concord (Brays Rd),,,,24.8,31.2,58.4,32.8,0.4,,,,,,,32.6,5.0,,,,,,34.0,12.4,,,20.0,0.6,0.2,,11.6,28.4
201601,Concord Golf Club,,,,18.8,36.8,53.4,37.0,0.2,,,,,,,33.2,5.6,,,,,,32.2,12.2,,,18.6,1.0,,,17.6,28.2
201601,Frenchs Forest (Frenchs Forest Rd),,,,9.0,50.0,129,60.0,,,,,,,,39.0,3.0,,,,,,19.0,26.0,,,50.0,1.0,,,7.0,19.0
201601,Glenorie (Old Northern Rd),,,16.4,50.0,96.0,30.0,,,,,,,,40.0,6.0,,,,,,,20.0,,,,,,,,,
201601,Holsworthy Aerodrome AWS,,,,1.8,38.8,26.0,19.4,,,,,,,,36.4,1.4,0.2,,,,,21.8,17.6,0.4,,10.2,3.0,,,83.2,15.0
201601,Horsley Park Equestrian Centre AWS,,,,32.4,38.6,40.6,16.8,,,,,,,,44.6,1.0,,,,,,36.0,10.4,0.4,0.2,2.6,,,0.4,5.8,24.8
201601,Lucas Heights (ANSTO),,,,4.4,53.6,28.8,20.2,,,,,,,,28.0,,1.0,,,,,27.2,17.4,0.4,0.4,0.3,0.5,0.2,,51.1,10.6
201601,Macquarie Park (Willandra Village),,,,13.0,40.2,96.4,37.0,,,,,0.2,,,42.2,6.6,0.4,,,,,40.4,22.8,0.2,,20.6,0.2,,,21.8,27.6
201601,Marrickville Golf Club,,,,4.0,40.0,45.0,39.0,,,,,,,,30.0,5.0,,,,,,29.0,20.0,,,,2.0,,,12.0,25.0
201601,Milperra Bridge (Georges River),,,,13.0,39.0,30.0,18.0,,,,,,,,38.0,1.0,,,,,,21.0,19.0,1.0,,6.0,,,,33.0,21.0
201601,Mona Vale Golf Club,,,,9.8,27.4,89.4,42.2,0.4,,0.2,,,,,41.6,2.4,,,,0.2,,28.6,24.6,0.4,,61.0,0.2,1.8,0.2,18.2,
201601,Mount Annan Botanic Garden,,,,1.0,42.0,18.2,10.1,0.8,,,,,,,28.4,1.6,4.0,,,,,20.2,13.6,3.0,0.4,31.4,2.2,0.2,1.0,42.0,7.5
201601,North Parramatta (Burnside Homes),,,,33.5,36.0,91.0,29.0,,,,,,,,32.5,7.5,0.5,,,,,48.5,18.5,0.5,,6.0,1.0,,0.5,20.0,39.5
201601,North Rocks (Muirfield Golf Club),,,,31.0,29.0,117,23.0,,0.5,,,,,,39.0,6.5,0.5,,,,,32.0,17.5,,,4.5,0.5,,,4.0,39.0
201601,Parramatta North (Masons Drive),,,,9.0,32.4,85.6,25.4,,,,,,,,37.0,6.6,1.0,,,,,37.0,17.4,0.6,,5.4,1.6,,1.0,18.0,40.6
201601,Peakhurst Golf Club,,,,13.0,47.0,32.0,23.0,,,,,,,,51.0,5.0,,,,,,20.0,19.0,,,7.0,1.0,,,23.0,26.0
201601,Pennant Hills (Yarrara Road),,,,12.2,40.6,126,34.4,0.2,,,,0.2,,,42.6,7.0,0.4,,,,,20.8,28.2,,,1.8,,0.4,1.4,29.0,26.6
201601,Penrith Lakes AWS,,,,13.6,40.6,81.4,9.2,,,,,1.6,,,38.0,1.6,0.2,,,,,35.4,14.2,2.2,0.2,0.6,0.2,,,27.0,41.8
201601,Prospect Reservoir,,,,42.7,32.0,59.8,19.0,,,,,,,,38.2,2.8,1.5,,,,,31.4,12.7,0.4,,9.0,,,2.2,35.1,29.0
201601,Randwick (Randwick St),,,,17.6,39.8,50.0,48.6,1.2,,,,,,,29.8,9.6,,,,,,32.8,12.8,1.8,,7.8,3.6,0.4,0.1,8.6,13.4
201601,Richmond RAAF,,,,6.6,61.2,74.0,15.2,0.8,,,,,,,37.2,2.6,1.2,0.2,,,,12.4,24.0,1.2,0.4,0.2,,,0.2,8.0,21.0
201601,Rose Bay (Royal Sydney Golf Club),,,,8.2,24.0,42.8,47.8,,0.4,,,,,,31.6,3.2,,,,,,28.0,14.6,2.0,,2.2,2.4,0.8,,8.2,22.2
201601,Rossmore (South Creek),,,,10.0,60.0,28.0,9.0,,,,,,,,36.0,,1.0,,,,,29.0,12.0,1.0,,1.0,,,1.0,41.0,27.0
201601,Sans Souci (Public School),,,,2.0,61.0,42.0,31.0,1.0,,,,,,,40.0,11.0,1.0,,,,,19.0,22.0,,,7.0,1.0,1.0,,12.0,26.0
201601,Seven Hills  (Radio FM 103.2),,,,32.5,30.0,67.5,17.5,0.5,,,,,,,31.0,2.5,,,,,,39.5,13.0,1.0,,0.5,,,1.0,27.5,45.0
201601,Seven Hills (Collins St),,,,22.0,36.6,79.2,25.8,,,,,,,,32.0,,,,,,,34.0,15.2,2.0,,,,,,21.8,39.2
201601,Springwood (Valley Heights),,,,17.4,56.4,81.6,6.0,1.8,,,,0.2,,,32.6,1.2,1.0,,,,,26.4,13.8,4.0,1.2,4.0,0.4,2.6,,31.0,46.8
201601,St Ives (Richmond Avenue),,,,9.6,51.0,125,39.4,0.4,,,,0.8,,,38.0,5.0,,,,,,19.4,24.6,0.4,,10.0,0.2,,,10.8,
201601,Strathfield Golf Club,,,,7.0,43.0,37.0,27.0,,,,,,,,26.0,7.0,,,,,,33.0,17.0,,,24.0,1.0,,,20.0,46.0
201601,Sydney (Observatory Hill),,,,15.0,34.2,51.4,41.4,0.4,,,,,,,34.0,5.4,,,,,,30.6,13.0,,,,2.2,0.4,,9.0,12.8
201601,Sydney Airport AMO,,,,3.6,49.2,34.0,35.0,,,,,,,,27.4,7.2,0.4,0.2,,,,21.0,21.8,0.6,0.2,16.6,3.4,3.4,0.2,6.0,23.6
201601,Sydney Botanic Gardens,,,,15.0,36.6,55.2,47.6,1.0,,,,0.1,,,35.0,0.2,,,,,,,,,,,,,,,
201601,Terrey Hills AWS,,,,,,,,,,,,,,,28.2,3.2,,,,,,21.6,15.2,,,4.0,1.0,0.4,,7.6,7.2
201601,Turramurra (Kissing Point Road),,,,10.8,46.6,123,43.0,0.4,,,,,,,47.0,6.0,0.4,,,,,27.0,32.0,0.2,,7.0,0.4,0.6,0.4,16.6,36.6
201601,Willmot (Resolution Ave),,,,22.0,26.0,3.0,1.0,1.0,1.0,1.0,1.0,,2.0,1.0,,,,,,,,,1.0,,,,,1.0,,,
201601,"Most values are the precipitation in the 24 hoursto9 am on the day indicated.
Days marked with → are part of a longer accumulation, which is shown on the final day.Values over  100  mm have been rounded to the nearest whole millimetre.Days marked with - have a rainfall report of zero; 
days left blank have no rainfall report (which often indicates no rain fell).",,,,,,,,,,,,,,,,,,,,,,,,,,,,,,,
201601,Rainfalls colouredaccording to the amount,0,1.0,5.0,10.0,15.0,25.0,50.0,100,150,200,300,400,600,millimetres,,,,,,,,,,,,,,,,,
201602,Abbotsbury (Fairfield (City Farm)),,,,,,,,,1.0,,,,,,,1.0,,,,,21.0,,,,,,,,,,
201602,Abbotsford (Blackwall Point Rd),,,,→,6.0,,,,,,,,,,,,,,,,,18.0,,,,,,,,,
201602,Audley  (Royal National Park),,2.0,,3.0,2.0,3.0,1.0,,,,,,,,,,,,,,3.0,,,,,,,,,,
201602,Avalon Beach (Avalon (Palmgrove Rd)),,,,11.2,3.2,,,,,,,,,,,,,,,→,20.2,4.2,,,,,,,,,
201602,Badgerys Creek AWS,0.2,0.8,,2.8,,,2.6,,,,,,,,,,,,,,6.4,,,,,,,,,,
201602,Bankstown Airport AWS,,1.2,,1.2,0.4,0.2,1.6,,,,,,,,,,,,,,2.8,,,,,,2.2,,,,
201602,Baulkham Hills Eucalyptus Ct,0.5,,0.5,3.0,,1.5,,,,,,,,,,,,,,,4.5,,,,,,,,,,
201602,Belrose (Evelyn Place),,,,5.4,1.6,1.6,,,,,,,,,,,,,,,6.0,1.4,,,,,,,,,
201602,Berowra (Goodwyn Road),,,,7.2,3.6,2.2,,1.2,,,,,,,,,,,,,1.2,,,,,,,,,,
201602,Box Hill (Hynds Road),,,,5.0,,,1.0,,,,,,,,,,,,,,2.0,,,,,,,,,,
201602,Camden Airport AWS,,5.0,,4.0,,,2.6,,,,,,,,,0.2,,,,,8.4,,,,,,,0.4,,,
201602,Campbelltown (Kentlyn (Georges River Roa,1.0,1.0,,3.0,1.0,,3.0,,,,,,,,,,,,,,2.0,,,,,,,,,,
201602,Campbelltown (Mount Annan),,3.0,,4.2,,,1.0,,,,,,,,,,,,,,3.2,0.2,,,,,,,,,
201602,Canterbury Racecourse AWS,,1.0,,2.2,0.4,2.4,,,,,,,,,0.6,,,,,,7.0,0.2,,,,,,0.2,,,
201602,Castle Cove (Rosebridge Ave),,1.5,,9.0,4.0,1.0,,0.5,,,,,,,,,,,,,5.0,,,,,,,,,,
201602,Castle Hill (Kathleen Ave),,,,5.7,,2.2,,,,,,,,,,,,,,,7.2,,,,,,,,,,
201602,Castlereagh (Castlereagh Road),,,4.2,0.4,,0.6,,,,,,,,,,,,,,,,,,,,,,,,,
201602,Chatswood Bowling Club,,3.0,,10.0,4.0,2.0,1.0,,,,,,,,,,,,,,9.0,,,,,,,,,,
201602,Collaroy (Long Reef Golf Club),,,,8.2,1.0,,,,,,,,,,,,,,,,,6.8,,,,,,,,,
201602,Concord (Brays Rd),,0.8,,2.4,2.2,1.2,,,,,,,,,,,,,,,19.6,,,,,,,,,,
201602,Concord Golf Club,,,,2.0,0.4,,,1.6,,,,,,,,,,,,,,,,,,,,,,,
201602,Frenchs Forest (Frenchs Forest Rd),,,,8.0,3.0,1.0,,,,,,,,,,,,,,,3.0,2.0,,,,,,,,,
201602,Holsworthy Aerodrome AWS,,1.2,,4.2,0.2,0.4,2.4,,,,,,,,,,,,,,4.8,,,,,,,,,,
201602,Horsley Park Equestrian Centre AWS,,1.8,,5.6,,,4.2,,,,,,,,,,,,,,16.8,,,,,,,,,,
201602,Lucas Heights (ANSTO),,1.4,,8.4,0.4,,4.0,,,,,,,,,,,,,,2.4,,,,,,,,,,
201602,Macquarie Park (Willandra Village),,0.4,,7.6,1.8,1.6,,,0.4,,,,,,,,0.4,,,,27.6,,,,,,,,,,
201602,Marrickville Golf Club,,,,5.0,1.0,1.0,,,,1.0,,,,,,,,,,,20.0,,,,,,,,1.0,,
201602,Milperra Bridge (Georges River),1.0,,,,,,1.0,,,,,,,,,,,,,,,,,,,,,,,,
201602,Mona Vale Golf Club,,,,5.8,1.0,0.4,0.2,0.2,,0.2,,0.4,,,,0.2,,,,,0.4,0.8,0.6,0.2,,,,,,,
201602,Mount Annan Botanic Garden,0.5,5.2,,3.6,0.2,,2.2,,,,,6.0,,,,,,,,,3.6,,,,,,,,,,
201602,North Parramatta (Burnside Homes),0.5,,,4.5,0.5,1.5,,0.5,,,,,,,,,,,,,1.5,,,,,,,,,,
201602,North Rocks (Muirfield Golf Club),,1.5,,4.0,0.5,1.0,,,,,,,,,,,,,,,10.0,,,,,,,,,,
201602,Parramatta North (Masons Drive),,,,5.2,0.2,1.6,,,,,,,,,,,,,,,2.2,,,,,,,,,,
201602,Peakhurst Golf Club,,4.0,,1.0,1.0,1.0,,,,,,,,,,,,,,,12.0,,,,,,,,,,
201602,Pennant Hills (Yarrara Road),,,,4.8,3.2,1.0,0.4,,0.2,,,,,,,,,,,,→,24.0,,,,,,,,,
201602,Penrith Lakes AWS,0.2,0.2,,1.0,,,,,,,,,,,,,,,,,0.4,,,,,,,,,,
201602,Prospect Reservoir,,0.3,,3.2,0.6,1.0,0.2,,,,,,,,,,,,,,12.2,,,,,,,,,,
201602,Randwick (Randwick St),,1.4,,12.0,4.8,1.2,,,,,,,,,,,,,,,46.2,12.8,,,,,,,,,
201602,Richmond RAAF,,,,10.4,,,0.6,,,,,,,,,,,,,,3.0,0.2,,,,,,,,,
201602,Rose Bay (Royal Sydney Golf Club),,4.6,,4.2,2.0,2.0,,,,,,,,,0.2,,,,,,,,,,,,,,,,
201602,Rossmore (South Creek),,,,1.0,,1.0,1.0,,1.0,,,,,,,,,,,,16.0,,,,,,,,,,
201602,Sans Souci (Public School),,3.0,,5.0,1.0,,,,,,,,,,,,,,,,41.0,,,,,,,,,,
201602,Seven Hills  (Radio FM 103.2),,,0.5,1.0,0.5,1.0,,,,,,,,,,,,,,,25.5,,,,,,,,,,
201602,Seven Hills (Collins St),,,,,,,,,,,,,,,,,,,,,14.8,,,,,,,,,,
201602,Springwood (Valley Heights),,0.6,,4.4,,,0.6,,,,,,,,,0.4,,,,,2.0,,,,,,0.6,,,,
201602,St Ives (Richmond Avenue),0.2,,,9.0,5.4,,,,,,,,,,,,,,,,7.8,,,,,,,,,,
201602,Strathfield Golf Club,1.0,,,5.0,1.0,1.0,,,,,1.0,,,,,,,,,,5.0,,,,,,,,,,
201602,Sydney (Observatory Hill),0.2,2.0,,10.8,3.6,1.8,,,,0.2,,,,,,,,,,,6.0,1.2,,,,,,,,,
201602,Sydney Airport AMO,0.4,0.4,,8.2,1.6,0.6,0.4,,0.2,0.2,,,,,,,,,,,25.8,0.2,,,,,,,,,
201602,Sydney Botanic Gardens,,3.8,,13.4,4.4,2.5,,,,,,,,,0.1,,,,,,6.6,3.1,,,,,,0.3,,,
201602,Terrey Hills AWS,0.2,1.8,,6.2,2.2,2.8,,,,,,,,,,,,,,,13.0,2.0,,,,,,,,,
201602,Turramurra (Kissing Point Road),,0.4,,8.0,3.8,1.2,0.2,,0.2,,,,,,,,,,,,8.4,0.4,,,,,,,,,
201602,Willmot (Resolution Ave),,,,,,,,,,,,,,,,,,,,,,,,,,,,,,,
201602,"Most values are the precipitation in the 24 hoursto9 am on the day indicated.
Days marked with → are part of a longer accumulation, which is shown on the final day.Values over  100  mm have been rounded to the nearest whole millimetre.Days marked with - have a rainfall report of zero; 
days left blank have no rainfall report (which often indicates no rain fell).",,,,,,,,,,,,,,,,,,,,,,,,,,,,,,,
201602,Rainfalls colouredaccording to the amount,0,1.0,5.0,10.0,15.0,25.0,50.0,100,150,200,300,400,600,millimetres,,,,,,,,,,,,,,,,,
201603,Abbotsbury (Fairfield (City Farm)),,,,,,,,,,,,,,,,3.0,8.0,,1.0,,2.0,,,,,,,,,8.0,
201603,Abbotsford (Blackwall Point Rd),,,,,,,,,,0.1,0.1,,,,2.0,32.0,17.0,2.0,1.0,,20.0,7.0,,,,,,,,16.0,
201603,Audley  (Royal National Park),1.0,,,,,,,,,,,,,,7.0,10.0,42.0,1.0,1.0,1.0,16.0,6.0,,,,,,,,3.0,
201603,Avalon Beach (Avalon (Palmgrove Rd)),4.6,,,,,,,,,,,,,,41.2,51.0,,,,,45.8,16.4,1.0,,,,,,,,
201603,Badgerys Creek AWS,,,,,,,,,,,0.2,,,,5.0,1.2,4.8,,0.8,,1.4,1.4,,,,,,1.4,,15.2,0.2
201603,Bankstown Airport AWS,0.2,0.8,,,,,,,,,,,,,1.2,9.0,5.4,0.2,0.2,,6.2,0.4,,,,,,,,4.4,
201603,Baulkham Hills Eucalyptus Ct,1.0,1.5,,,,,,,,,,1.5,0.5,,1.5,8.0,9.5,,2.0,,15.0,0.5,,,,,,,0.5,3.0,0.5
201603,Belrose (Evelyn Place),,,,,,,,,,,,,,,5.0,18.6,16.0,3.0,4.0,0.4,55.6,13.8,0.4,,,,,17.0,,3.2,
201603,Berowra (Goodwyn Road),,,,,,,,,,,,1.8,,,0.6,18.6,1.6,6.4,,,18.6,,,,,,,,,,
201603,Box Hill (Hynds Road),1.0,,,,,,,,,,,,,,,2.0,2.0,,,,5.0,2.0,,,,,,,,,
201603,Camden Airport AWS,,,,,,,,,0.2,,0.4,,,,13.2,1.6,15.4,,0.8,,0.2,,,,,0.2,,0.2,,5.2,
201603,Campbelltown (Kentlyn (Georges River Roa,,,,,,,,,,,,,,,7.0,3.0,22.0,,1.0,,1.0,1.0,,,,,,,,5.0,
201603,Campbelltown (Mount Annan),,,,,,,,,,,,,,,2.4,3.2,13.4,0.2,1.4,,0.2,0.2,,,,,,,,8.2,
201603,Canterbury Racecourse AWS,1.2,,,,,,,,,,,,,,11.2,9.4,6.6,,1.8,0.2,54.4,5.0,,,,,,3.2,0.2,6.4,
201603,Castle Cove (Rosebridge Ave),,,,,,,,,0.5,,,,,,14.0,16.0,24.0,2.0,2.5,,40.0,25.0,1.5,,,,,6.0,,4.0,
201603,Castle Hill (Kathleen Ave),,1.4,,,,,,,,,,5.8,,2.6,4.2,6.1,3.9,,3.0,,16.0,0.4,,,,,,,,3.0,
201603,Chatswood Bowling Club,,,,,,,,,,,,,,,11.0,25.0,16.0,1.0,3.0,,43.0,14.0,,,,,,49.0,,4.0,
201603,Collaroy (Long Reef Golf Club),,,,,,,,,0.4,,,,,,35.0,26.6,3.4,,,3.8,65.8,38.2,2.6,,,,,,,2.4,
201603,Concord (Brays Rd),,,,,,,,,,,,,,,2.0,12.0,15.6,0.8,4.0,0.2,26.4,7.0,,,,,,1.8,,5.6,
201603,Concord Golf Club,,,,,,,,,,,,,,,13.4,9.2,11.0,,4.4,,,,,,,,,,,,
201603,Frenchs Forest (Frenchs Forest Rd),,,,,,,,,1.0,,,,,,8.0,22.0,20.0,4.0,4.0,,63.0,18.0,1.0,,,,,3.0,,3.0,
201603,Holsworthy Aerodrome AWS,0.2,,,,,,,,,,,,,,2.2,5.4,44.6,,5.0,0.2,2.0,0.8,,,,,,,,5.0,
201603,Horsley Park Equestrian Centre AWS,0.2,0.2,,,,,,,,,,,,,0.4,2.6,6.0,,1.8,,2.8,,0.2,,,,,0.4,0.2,5.0,
201603,Lucas Heights (ANSTO),4.0,,,,,,,,,,,,,,6.2,10.4,40.2,,10.2,,6.0,1.6,,,,0.1,,,,7.2,
201603,Marrickville Golf Club,,,,,,,,,,,,,,,18.0,11.0,10.0,,2.0,,52.0,10.0,,,,,,8.0,,6.0,
201603,Milperra Bridge (Georges River),1.0,,,,,,,,,,,,,,2.0,11.0,7.0,,,,5.0,,,,,,,,,5.0,
201603,Mona Vale Golf Club,,,,,,0.2,0.2,0.2,0.2,0.2,,0.2,,,1.4,1.8,1.2,0.8,0.6,0.6,0.4,0.2,0.4,0.2,0.2,,0.2,0.2,0.2,0.2,
201603,Mount Annan Botanic Garden,,,,,,,,,,,,0.4,,,3.2,2.6,13.4,,1.8,,0.2,,,,,0.2,,,,6.8,
201603,North Parramatta (Burnside Homes),,,,,,,,,,,,,0.5,,7.0,7.0,7.0,,2.0,,20.5,1.0,,,,,,,,3.5,
201603,North Rocks (Muirfield Golf Club),0.5,,,,,,,,,,,1.0,,,6.0,4.5,10.5,0.5,2.0,,22.5,1.0,,,,,,,1.0,2.5,
201603,Parramatta North (Masons Drive),,0.4,,,,,,,,,,0.6,,,6.2,6.6,6.2,,2.0,,19.2,1.2,,,,0.2,,0.2,,3.8,
201603,Peakhurst Golf Club,,,,,,,,,,,,,,,1.0,10.0,32.0,,1.0,,15.0,3.0,,,,,,,,4.0,
201603,Pennant Hills (Yarrara Road),0.4,0.4,,,,,,,,,,1.4,,,5.4,15.2,10.6,,3.0,,15.4,7.4,,,→,→,→,→,6.4,2.6,
201603,Penrith Lakes AWS,,,,,,,,,,,,1.4,,,0.8,3.0,3.6,,0.8,,3.2,,,,,,,,,3.8,0.2
201603,Prospect Reservoir,,0.8,,,,,,,,,,0.4,,,0.2,7.2,9.4,,4.0,,4.7,,,,,,,,,7.4,
201603,Randwick (Randwick St),0.6,,,,,,,,,,,,,,24.8,20.6,7.4,0.1,1.8,0.6,95.4,41.0,11.0,,,0.2,,21.2,,3.6,
201603,Richmond RAAF,,0.8,,,,,,,,,,1.0,,,0.4,2.8,0.6,,0.4,,2.8,0.2,,,,,,,,3.6,0.2
201603,Rose Bay (Royal Sydney Golf Club),2.0,,,,,,,,,,,,,,26.0,14.8,16.6,,7.0,1.4,57.8,26.0,7.1,,,,,8.4,2.4,,
201603,Rossmore (South Creek),,,,,,,,,,,,,,,2.0,1.0,7.0,,3.0,,,,,,,,,,,7.0,
201603,Sans Souci (Public School),,,,,,,,,,,,,,,11.0,3.0,20.0,,1.0,1.0,22.0,3.0,,,,,,,,,
201603,Seven Hills  (Radio FM 103.2),,0.5,,,,,,,,,,1.0,,,,6.5,8.0,0.5,1.5,,6.0,1.5,,,,,,,,3.0,
201603,Seven Hills (Collins St),,,,,,,,,,,,,,,,4.4,6.0,,,,7.4,11.4,,,,,,,,3.8,
201603,Springwood (Valley Heights),0.2,1.4,,,,,,,,,0.2,1.6,,1.0,3.6,6.6,4.8,,1.2,,1.0,0.2,,,,0.2,,1.4,,5.6,
201603,St Ives (Richmond Avenue),1.2,,,,,,,,,,,,,,,,7.6,,5.2,→,40.6,,,,,,,21.4,,3.0,
201603,Strathfield Golf Club,,,,,,,,,,,,,,,2.0,11.0,8.0,,2.0,,16.0,5.0,,,,,,,,10.0,
201603,Sydney (Observatory Hill),,,,,,,,,,,,,,,16.8,23.0,13.6,3.4,4.8,0.2,61.2,25.4,1.6,,,,0.2,34.8,,7.0,1.2
201603,Sydney Airport AMO,,,,,,,,,,,,,,,28.6,13.0,9.4,,1.0,,40.8,18.8,1.8,,,,,27.8,,6.2,
201603,Sydney Botanic Gardens,,0.2,,,,,,,0.8,,,,,,21.4,21.8,17.8,5.0,5.2,,83.4,26.6,1.8,,,0.2,,30.0,0.2,,
201603,Terrey Hills AWS,1.0,0.2,,,,,,,0.2,,,,0.2,,2.2,18.8,12.4,,7.6,,37.2,11.0,0.2,,,,,4.2,,2.8,
201603,Turramurra (Kissing Point Road),,0.8,,,,,,,0.6,,,1.0,,,3.8,21.0,10.0,,3.0,,29.6,11.6,0.4,,,,,25.2,,3.2,
201603,"Most values are the precipitation in the 24 hoursto9 am on the day indicated.
Days marked with → are part of a longer accumulation, which is shown on the final day.Values over  100  mm have been rounded to the nearest whole millimetre.Days marked with - have a rainfall report of zero; 
days left blank have no rainfall report (which often indicates no rain fell).",,,,,,,,,,,,,,,,,,,,,,,,,,,,,,,
201603,Rainfalls colouredaccording to the amount,0,1.0,5.0,10.0,15.0,25.0,50.0,100,150,200,300,400,600,millimetres,,,,,,,,,,,,,,,,,
201604,Abbotsbury (Fairfield (City Farm)),,,1.0,1.0,,,,,,,,,,,,,,,2.0,,,1.0,1.0,8.0,,,2.0,,,,
201604,Abbotsford (Blackwall Point Rd),,,,28.0,,,,,,,,→,8.0,,,,,,→,8.0,,,,→,14.6,,,,,0.5,
201604,Audley  (Royal National Park),,,,26.0,1.0,,,,,,,9.0,,,1.0,,,15.0,35.0,1.0,,,2.0,17.0,,,,,,,
201604,Avalon Beach (Avalon (Palmgrove Rd)),,,,11.6,6.4,,,,,,,,,,,,,,,,,,,,,,,,,,
201604,Badgerys Creek AWS,,,,0.2,,,0.2,,0.4,,,2.6,0.2,,,,0.2,,1.4,0.2,,0.2,1.6,1.8,0.2,,0.2,,,1.0,
201604,Bankstown Airport AWS,,,,3.8,0.8,,,,0.2,,,,,1.6,,,,,1.0,0.2,,,0.8,8.2,,,,,,,
201604,Baulkham Hills Eucalyptus Ct,,,,5.0,2.5,,,,,,,,,1.0,0.5,,,10.5,1.5,,,,2.5,6.5,,,,,,0.5,
201604,Belrose (Evelyn Place),,,,26.0,8.8,,,0.4,0.6,,,3.6,0.2,2.4,0.2,,,2.4,1.6,,,,→,17.0,,,,,,,
201604,Box Hill (Hynds Road),,,,,,,,,,,,,,,,,,,,,,,,,,,,,,,
201604,Camden Airport AWS,,,,1.6,,,,,,,,5.8,,,,,1.6,,4.6,,,,2.0,0.8,,,,,,1.2,
201604,Campbelltown (Kentlyn (Georges River Roa,,,,5.0,,,,,,,,,,2.0,,,2.0,,16.0,,,,1.0,10.0,,,,,,1.0,
201604,Campbelltown (Mount Annan),,,,0.8,0.2,,,,,,,0.4,,0.4,,,2.4,,2.6,,,,2.0,1.6,0.2,,,,,0.8,
201604,Canterbury Racecourse AWS,,,,15.4,1.6,0.2,,,0.2,0.2,,2.0,0.2,,0.4,0.2,,11.8,13.4,7.6,,,3.8,7.8,,,,0.2,,,
201604,Castle Cove (Rosebridge Ave),,,,15.0,1.0,,,,0.5,,,1.0,3.0,1.0,,,,8.0,28.0,,,,7.0,7.0,,,,,,,
201604,Castle Hill (Kathleen Ave),,,,4.2,,0.4,,0.1,0.1,,,,,,,2.6,4.4,,,,,,,,,,,,,,
201604,Castlereagh (Castlereagh Road),,,8.0,,,,,,,,,,,,,,,,,,,,,,,,,,,,
201604,Chatswood Bowling Club,,,,19.0,3.0,,,,,,,5.0,1.0,1.0,1.0,,,2.0,23.0,1.0,,,6.0,8.0,,,,,,,
201604,Collaroy (Long Reef Golf Club),,,,13.6,1.8,,,,,,,2.4,,,1.6,,,6.2,4.8,,,,4.4,11.0,,,,,,,
201604,Concord (Brays Rd),,,,18.4,1.6,,,,0.8,,,0.6,1.4,0.8,0.4,,,0.2,3.8,0.2,,,5.2,8.6,,,,,,,
201604,Concord Golf Club,,,,17.4,,,,,0.6,,,,3.6,,1.8,,,1.2,4.8,,,,5.8,4.4,,,,,,0.6,
201604,Frenchs Forest (Frenchs Forest Rd),,,,26.0,3.0,,,1.0,,,,5.0,,2.0,,,,8.0,4.0,1.0,,,9.0,10.0,,,,1.0,,,
201604,Holsworthy Aerodrome AWS,,,,0.8,0.6,,,,,,0.2,,,4.0,0.2,,0.6,0.2,3.6,1.0,,,1.2,11.8,0.2,,,,,0.4,
201604,Horsley Park Equestrian Centre AWS,,,0.4,0.4,,0.2,,,,0.2,,,,,,,,0.4,1.4,0.2,,,0.4,10.8,,,,,,0.4,
201604,Lucas Heights (ANSTO),,,,12.4,,,,,0.2,,,,,,,,0.8,,20.8,0.2,,,1.0,14.3,,,,,,1.5,
201604,Macquarie Park (Willandra Village),,,,11.0,1.0,,,,0.4,,,1.4,,1.0,2.0,,,0.4,2.6,,,5.6,7.2,,,,,,,,
201604,Marrickville Golf Club,,,,23.0,1.0,,,,,,,18.0,,3.0,1.0,,,13.0,11.0,2.0,,,4.0,9.0,1.0,,,,,,
201604,Milperra Bridge (Georges River),,,,6.0,,,,,,,,,,1.0,,,,,2.0,,,,1.0,9.0,,,,,,,
201604,Mona Vale Golf Club,,0.2,,,0.2,,,,0.2,,,,0.2,,,,,,0.2,,,,0.2,,,,0.2,,,,
201604,North Parramatta (Burnside Homes),,,,8.0,1.0,,,,,,,,2.5,0.5,,,,4.0,3.0,,,,4.0,7.0,,,,,,0.5,
201604,North Rocks (Muirfield Golf Club),,,,7.5,0.5,0.5,,,,,,,,0.5,1.0,,,2.5,1.0,0.5,,,3.0,3.0,,,,,,,
201604,Parramatta North (Masons Drive),,,,9.4,,,,,1.0,,,,2.8,0.6,0.2,,,3.2,2.6,,,,4.0,6.0,,,,,,0.8,
201604,Peakhurst Golf Club,,,,6.0,,,,,,,,4.0,,1.0,,,1.0,2.0,12.0,,,,2.0,13.0,,,,,,1.0,
201604,Pennant Hills (Yarrara Road),,,,2.4,4.0,,,,0.4,,,,,0.4,2.0,→,→,1.4,2.6,,,0.2,→,→,→,11.2,,,,,
201604,Penrith Lakes AWS,,,,2.6,,,,,,0.2,,,,,,,,2.2,4.0,0.2,,,0.8,2.0,,,,,,0.2,
201604,Prospect Reservoir,,,,0.4,0.7,,,,0.9,,,,,0.2,,,,0.2,0.5,,,,0.8,10.8,0.2,,,,,0.4,
201604,Randwick (Randwick St),,,6.0,27.8,1.6,,,,0.4,,,5.0,1.6,0.8,0.4,,,5.0,7.4,2.6,0.2,,4.2,5.8,,,,,,0.2,
201604,Richmond RAAF,,,,1.4,0.2,,,,,,,0.4,,0.2,,,,,0.4,0.2,,,0.4,4.8,,,,,,0.6,
201604,Rose Bay (Royal Sydney Golf Club),,,4.2,4.2,1.0,,,,0.3,,,1.4,0.4,2.1,2.5,,,1.9,16.2,0.3,,0.1,5.0,7.8,,,,,,,
201604,Rossmore (South Creek),,,,2.0,,,,,,,,,,,,,,,3.0,,,,1.0,2.0,,,,,,1.0,
201604,Sans Souci (Public School),,,,30.0,,,,,,,,4.0,,,,,,,4.0,,,,,,,,,,,,
201604,Seven Hills  (Radio FM 103.2),,,,1.5,,,,,,,,,,,,,,,0.5,,,,1.0,7.5,,,,,,0.5,
201604,Seven Hills (Collins St),,,,1.4,,,,,,,,,,,,,,,,,,,3.0,6.0,,,,,,,
201604,Springwood (Valley Heights),,,0.8,9.6,1.0,,,0.2,,,,0.6,,,,,,5.2,2.6,0.2,,,1.6,4.2,,,,,,,
201604,St Ives (Richmond Avenue),,,,8.8,2.2,,,,,,,3.0,,4.0,,,,4.2,1.0,,,,8.2,6.8,,,,,,0.2,
201604,Strathfield Golf Club,,,,11.0,1.0,,,,,,,,,2.0,,,,,2.0,,,,4.0,8.0,,,,,,,
201604,Sydney (Observatory Hill),,,,94.4,6.4,,0.2,,0.4,,,8.2,0.6,0.6,1.0,,,2.0,15.0,15.8,,,6.6,3.8,,,,,,,
201604,Sydney Airport AMO,,,0.2,17.4,2.0,0.2,,,,,,7.6,0.8,,0.2,,0.2,2.2,33.4,,,,4.0,7.8,,,,,,,
201604,Sydney Botanic Gardens,,,0.2,68.0,10.6,,,,0.7,,,10.4,1.4,1.6,,,,0.9,9.8,6.4,,,7.2,3.6,,,,,,,
201604,Terrey Hills AWS,,,,15.6,1.4,,,,0.4,,0.2,1.8,0.2,0.4,0.4,,,10.0,1.8,0.2,0.2,0.2,7.8,6.8,,,,,,,
201604,Turramurra (Kissing Point Road),,,,15.0,1.2,,,,0.4,,,2.0,0.4,1.2,1.6,,,1.6,5.6,,,,7.0,6.2,,,,,,0.2,
201604,"Most values are the precipitation in the 24 hoursto9 am on the day indicated.
Days marked with → are part of a longer accumulation, which is shown on the final day.Values over  100  mm have been rounded to the nearest whole millimetre.Days marked with - have a rainfall report of zero; 
days left blank have no rainfall report (which often indicates no rain fell).",,,,,,,,,,,,,,,,,,,,,,,,,,,,,,,
201604,Rainfalls colouredaccording to the amount,0,1.0,5.0,10.0,15.0,25.0,50.0,100,150,200,300,400,600,millimetres,,,,,,,,,,,,,,,,,
201605,Abbotsbury (Fairfield (City Farm)),2.0,,,,,,,,5.0,,,,,,,,,,,,,,,,,,,2.0,4.0,,
201605,Abbotsford (Blackwall Point Rd),3.0,,,,,,,,2.0,,,,,,,,,,,,,,,,,,,,3.0,,
201605,Audley  (Royal National Park),3.0,,,,,,,,3.0,1.0,,,,,,,,,,,,,,,,,,,5.0,,6.0
201605,Avalon Beach (Avalon (Palmgrove Rd)),,,,,,,,,1.6,,,,,,,,,,,,,,,,,,,,,,
201605,Badgerys Creek AWS,0.8,0.2,,,,,,,6.8,0.2,,,,,,,,,,,,,,,,0.4,,,3.4,,
201605,Bankstown Airport AWS,4.4,,,,,,,,2.8,0.6,,,,,,,,,,,,,,,,0.4,,,5.8,,
201605,Baulkham Hills Eucalyptus Ct,3.0,,,,,,,,3.0,,,,,,,,,,,,,,,,,,,0.5,1.5,,
201605,Belrose (Evelyn Place),3.4,0.2,,,,,,,1.6,0.4,,,,,,,,,,,,,,,,0.8,0.4,,1.6,,
201605,Berowra (Goodwyn Road),4.2,,,,,,,,0.8,,,,,,,,,,,,,,,,,,,,,,
201605,Camden Airport AWS,0.4,,,,,,,0.2,10.8,,,,,,,,,,,,,,,,,,,,1.8,,
201605,Campbelltown (Kentlyn (Georges River Roa,2.0,,,,,,,,8.0,,,,,,,,,,,,,,,,,1.0,,,5.0,,3.0
201605,Campbelltown (Mount Annan),1.2,,,,,,,,9.8,0.2,,,,,,,,,,,,,,,,1.0,,,2.4,,0.2
201605,Canterbury Racecourse AWS,2.4,,,,,,,,2.6,0.2,,,,,,,,,,,,,,,,0.4,,,3.8,0.2,0.8
201605,Castle Cove (Rosebridge Ave),5.0,,,,,,,,3.0,,,,,,,,,,,,,,,,,0.5,,,1.5,,
201605,Castle Hill (Kathleen Ave),3.5,,,,,,,,,,,,,,,,,,,,,,,,,1.5,,,2.5,,
201605,Chatswood Bowling Club,2.0,,,,,,,,1.0,,,,,,,,,,,,,,,,,,,,1.0,,
201605,Collaroy (Long Reef Golf Club),,,,,,,,,2.3,,,,,,,,,,,,,,,,,0.8,,,1.4,,
201605,Concord (Brays Rd),3.0,,,,,,,,2.2,0.2,,,,,,,,,,,,,,,,0.4,,,2.6,,
201605,Concord Golf Club,3.6,3.6,,,,,,,3.2,0.2,,,,,,,,,,,,,,,,,,,,,
201605,Frenchs Forest (Frenchs Forest Rd),3.0,,,,,,,,1.0,,,,,,,,,,,,,,,,,,,,2.0,,
201605,Holsworthy Aerodrome AWS,1.8,,,,,,,,3.6,0.6,,,,,,,,,,,,,,,,0.2,,,8.0,0.2,0.6
201605,Horsley Park Equestrian Centre AWS,2.2,,,,,,,,4.6,,,,,,,,,,,,,,,,,1.0,,0.6,4.4,,
201605,Lucas Heights (ANSTO),3.3,,,,,,,,4.2,0.8,,,,,,,,,,,,0.3,,,,0.8,,,5.2,,2.0
201605,Macquarie Park (Willandra Village),2.6,,,,,,,,2.4,,,,,,,,,,,,,,,,,0.4,,,1.6,,
201605,Marrickville Golf Club,3.0,,,,,,,,3.0,,,,,,,,,,,,,,,,,,,,5.0,,2.0
201605,Milperra Bridge (Georges River),3.0,,,,,,,,2.0,1.0,,,,,,,,,,,,,,,,,,,6.0,,
201605,Mona Vale Golf Club,,,,,,,,,,,,,,,,,,,,,,,,,,0.2,,,,,
201605,Mount Annan Botanic Garden,1.0,,,,,,,,9.2,0.8,,,,,,,,,,,,,,,,1.0,,,2.6,,
201605,North Parramatta (Burnside Homes),3.5,,,,,,,,3.0,,,,,,,,,,,,,,,,,,,0.5,2.0,,
201605,North Rocks (Muirfield Golf Club),3.5,,,,,,,,3.0,1.5,,,,,,,,,,,,,,,,,,0.5,1.5,,
201605,Parramatta North (Masons Drive),3.6,,,,,,,0.2,3.2,,,,,,,,,,,,,,,,,0.6,,0.6,1.4,,
201605,Peakhurst Golf Club,3.0,,,,,,,,3.0,1.0,,,,,,,,,,,,,,,,,,,6.0,,2.0
201605,Pennant Hills (Yarrara Road),→,3.2,,,,,,0.2,2.2,0.2,,,,,,,,,,,,,,,,0.4,,→,2.2,,
201605,Penrith Lakes AWS,0.6,,,,,,,,6.6,,,,,,,,,,,,,,,,,,,,,,
201605,Prospect Reservoir,2.6,,,,,,,,4.7,0.2,,,,,,,,,,,,,,,,1.0,,0.4,4.4,,
201605,Randwick (Randwick St),3.2,,,,,,,0.2,2.2,0.2,,,,,,,,,,,,,,,,0.4,0.2,,4.6,,0.8
201605,Richmond - UWS Hawkesbury,2.2,,,,,,→,→,2.6,,,,,,,,,,,,,,,,,,,→,→,0.8,
201605,Richmond RAAF,1.4,0.2,,,,,,,1.4,0.2,,,,,,,,,,,,,,,,,,0.6,0.4,,
201605,Rose Bay (Royal Sydney Golf Club),3.0,,,,,,,1.0,2.1,,,,,,,,,,,,,,,,,0.8,0.4,,2.2,,1.0
201605,Rossmore (South Creek),1.0,,,,,,,,7.0,,,,,,,,,,,,,,,,,,1.0,,5.0,,
201605,Sans Souci (Public School),,,,,,,,,,,,,,,,,,,,,,,,,,,,,4.0,,2.0
201605,Seven Hills  (Radio FM 103.2),2.5,,,,,,,,4.0,,,,,,,,,,,,,,,,,0.5,,0.5,2.5,,
201605,Seven Hills (Collins St),3.2,,,,,,,,4.2,,,,,,,,,,,,,,,,,,,,3.0,,
201605,Springwood (Valley Heights),0.2,,,,,,,,4.8,,,,,,,,,,,,,,,,,,,2.2,0.4,,
201605,St Ives (Richmond Avenue),3.8,,,,,,,,1.6,,,,,,,,,,,,,,,,,1.0,,,4.4,,
201605,Strathfield Golf Club,3.0,,,,,,,,2.0,1.0,,,,,,,,,,,,,,,,,,,4.0,,
201605,Sydney (Observatory Hill),2.8,,,,,,,,1.6,,,,,,,,,,,,,,,,,0.2,0.2,,2.2,0.2,
201605,Sydney Airport AMO,2.0,,,,,,,,1.6,0.4,,,,,,,,,,,,,,,,0.4,,,4.2,0.2,3.6
201605,Sydney Botanic Gardens,3.0,,,,,,,,1.8,0.1,,,,,,,,,,,,,,,,0.6,0.2,2.1,0.1,,
201605,Terrey Hills AWS,2.6,,,,,,,,0.6,0.2,,,,,,,,,,,,,,,,0.4,0.4,,2.4,,
201605,Turramurra (Kissing Point Road),5.4,,,,,,,,2.8,0.2,,,,,,,,,,,,,,,,0.6,0.2,0.2,2.0,,
201605,"Most values are the precipitation in the 24 hoursto9 am on the day indicated.
Days marked with → are part of a longer accumulation, which is shown on the final day.Values over  100  mm have been rounded to the nearest whole millimetre.Days marked with - have a rainfall report of zero; 
days left blank have no rainfall report (which often indicates no rain fell).",,,,,,,,,,,,,,,,,,,,,,,,,,,,,,,
201605,Rainfalls colouredaccording to the amount,0,1.0,5.0,10.0,15.0,25.0,50.0,100,150,200,300,400,600,millimetres,,,,,,,,,,,,,,,,,
201606,"Abbotsbury
              (Fairfield (City Farm))",4.0,,,12.0,113,136,,,,,,,,,,,,5.0,,26.0,,,,,,,,,,,
201606,"Abbotsford
              (Blackwall Point Rd)",20.0,,,27.0,122,112,,,,,,,,,,,,6.0,,41.0,,,,,,,,,,,
201606,"Audley
              (Royal National Park)",29.0,,,85.0,129,132,,,1.0,,,,,,,,,3.0,,40.0,,,,,,,,2.0,,,
201606,"Badgerys
              Creek AWS",1.6,0.2,,9.8,100,109,,,,,,,,,,,,5.0,0.4,23.6,,,,,,,0.4,,,,
201606,"Bankstown
              Airport AWS",5.2,,,24.2,141,127,,,,,,,,,,,,4.0,,29.4,,,,,,,,1.6,,,
201606,"Baulkham
              Hills Eucalyptus Ct",17.0,1.0,,9.0,98.0,119,,,0.5,,,,,,0.5,,,4.0,,30.5,,,,0.5,0.5,,,0.5,,,
201606,"Belrose
              (Evelyn Place)",19.4,7.6,,39.2,120,134,,,0.4,0.4,,,,,,,,5.0,,51.0,,,,,,,,2.8,,,
201606,"Berowra
              (Goodwyn Road)",,3.8,4.0,28.2,,,,188,,,,,,,,,,,4.2,38.2,,,,,,,1.0,,,,
201606,"Box
              Hill (McCall Gardens)",,,,,,,,,,,,,,,,,4.0,4.0,,28.0,,,,,,,,1.0,,,
201606,"Camden
              Airport AWS",5.4,,,8.8,141,140,,,,,,,,,,,0.2,4.8,0.4,25.2,0.2,,,,,,0.8,0.2,,,
201606,"Campbelltown
              (Kentlyn (Georges River Roa",6.0,5.0,,20.0,154,137,,,,,,,,,,,1.0,5.0,,27.0,,,,,,,1.0,2.0,,,
201606,"Campbelltown
              (Mount Annan)",5.2,1.8,,9.2,131,147,,,,,,,,,,,,4.4,1.0,22.0,,,,0.2,,,0.6,0.8,,0.2,
201606,"Canterbury
              Racecourse AWS",9.2,,,36.6,110,99.8,0.2,,0.4,,,,,,,,,4.2,0.2,33.4,0.2,,,,0.6,,,1.6,,,
201606,"Castle
              Cove (Rosebridge Ave)",25.0,20.0,,38.0,119,148,,,,,,,,,,,,10.5,,62.0,,,,,,,0.5,4.0,,,
201606,"Castle
              Hill (Kathleen Ave)",8.5,0.5,,8.8,102,121,1.0,,,,,,,,,,,5.9,,31.0,,,,,0.2,,,1.0,,,
201606,"Castlereagh
              (Castlereagh Road)",,,10.6,56.4,68.4,,,,0.4,,,,,,,,5.6,0.2,38.8,,,,,0.6,,0.8,,,,,
201606,"Chatswood
              Bowling Club",17.0,6.0,,34.0,130,126,,,,,,,,,,,,6.0,,46.0,,,,,,,,2.0,,,
201606,"Collaroy
              (Long Reef Golf Club)",7.4,2.2,,51.4,92.4,92.8,,,0.4,,4.2,5.0,31.0,,,,,4.0,,,,,,,,,,3.2,,,
201606,"Concord
              (Brays Rd)",15.8,1.8,,27.6,120,116,,,0.4,,,,,,,,,5.6,0.2,42.4,,,,,0.6,,0.2,1.6,,,
201606,"Concord
              Golf Club",13.2,3.4,,25.8,121,129,,,0.8,,,,,,,,,5.6,0.2,40.0,,,,,,,,,,,
201606,"Frenchs
              Forest (Frenchs Forest Rd)",18.0,5.0,,47.0,143,137,,,,,,,,,,,,5.0,,51.0,,,,,,,,3.0,,,
201606,"Holsworthy
              Aerodrome AWS",2.2,2.0,,20.2,130,108,,0.4,0.4,,,,,,,,,5.0,0.4,29.0,,,,,,,0.2,1.8,,,
201606,"Horsley
              Park Equestrian Centre AWS",4.0,0.2,,10.0,105,130,,,,,,,,,,,,5.0,0.2,25.4,,,,,,,,0.4,,,
201606,"Lucas
              Heights (ANSTO)",12.6,,,29.0,123,109,,,0.5,0.1,,,,,,,,4.6,0.4,29.4,,,,,,,0.4,1.4,,,
201606,"Macquarie
              Park (Willandra Village)",14.2,2.6,,22.0,136,126,,,0.2,,,,,,,,,5.2,,,,,,,,,,,,,
201606,"Marrickville
              Golf Club",6.0,8.0,,65.0,104,76.0,,,1.0,,,,,,,,,4.0,,34.0,,,,,,,,2.0,,,
201606,"Milperra
              Bridge (Georges River)",2.0,,,21.0,129,107,,,,,,,,,,,,3.0,,28.0,,,,,,,,1.0,,,
201606,"Mona
              Vale Golf Club",,0.2,,,0.2,,,,,,,,,,,,,,,,,,,,,,,,,,
201606,"Mount
              Annan Botanic Garden",3.2,2.1,,8.2,155,146,,,,,,,,,,,,4.8,1.0,23.0,,,,,2.0,,0.2,,,,
201606,"North
              Parramatta (Burnside Homes)",14.5,,,9.5,164,162,,,1.0,,,,,,,,,4.5,,38.0,,,,0.5,,,,0.5,,,
201606,"North
              Rocks (Muirfield Golf Club)",15.0,,0.5,10.5,112,123,,1.0,,,,,,,,,,4.5,,31.0,,,,0.5,,,,0.5,,,
201606,"Parramatta
              North (Masons Drive)",13.2,0.4,,10.4,142,117,,,1.0,,,,,,,,,4.4,0.2,34.0,,,,,1.0,,0.2,0.4,,,
201606,"Peakhurst
              Golf Club",2.0,3.0,,36.0,104,84.0,,,,,,,,,,,,3.0,,33.0,,,,,,,,1.0,,,
201606,"Pennant
              Hills (Yarrara Road)",12.2,0.4,,10.6,136,132,,,0.2,,,,,,,,,5.6,,35.2,,,,,0.4,,,1.0,,,
201606,"Penrith
              Lakes AWS",3.6,9.6,,6.8,81.6,67.6,,,,,,,,,,0.2,,5.2,0.2,33.4,0.2,,,,0.2,,0.8,,,,
201606,"Prospect
              Reservoir",6.2,1.4,,10.0,113,132,,,,,,,,,,,,4.2,,31.3,,,,,0.6,,0.4,0.4,,,
201606,"Randwick
              (Randwick St)",16.6,0.4,4.8,74.8,102,61.0,0.1,,1.0,0.1,,,,,,,,7.0,1.0,28.2,,,,,0.2,,,4.4,,,
201606,"Richmond
              - UWS Hawkesbury",1.0,0.6,,→,→,149,,,,,,,,,,,,→,→,35.0,,,,,→,→,2.0,,,,
201606,"Richmond
              RAAF",1.6,,,5.0,70.6,78.4,,,,,,,,,,,,4.2,,27.8,,,,,,,1.4,0.2,,,
201606,"Rose
              Bay (Royal Sydney Golf Club)",16.0,2.0,,56.2,106,56.0,,,0.8,,,,,,,,,8.2,0.6,29.0,,,,,0.8,,0.8,4.0,,,
201606,"Rossmore
              (South Creek)",2.0,,,9.0,122,137,,,,,,,,,,,,6.0,,23.0,,,,,,,,,,,
201606,"Sans
              Souci (Public School)",,,,10.0,,10.0,,2.0,,,,,,,,,,2.0,,31.0,,,,,,,,1.0,,,
201606,"Seven
              Hills (Radio FM 103.2)",5.5,1.5,,6.5,88.0,111,,,,,,,,,0.5,,,2.5,,25.5,,,,0.5,,,0.5,,,,
201606,"Seven
              Hills (Collins St)",10.4,3.2,,7.0,89.0,109,,,,,,,,,,,,4.0,,27.2,,,,,,,,,,,
201606,"Springwood
              (Valley Heights)",3.8,0.6,0.4,14.0,81.6,66.4,,,0.4,,,,,,,,0.4,5.4,0.2,41.0,,,,,1.4,,1.8,,,,
201606,"St
              Ives (Richmond Avenue)",26.0,,,19.4,118,127,,,,,,,,,,,,6.6,0.2,41.0,,,,,0.6,,0.2,1.6,,,
201606,"Strathfield
              Golf Club",15.0,1.0,,20.0,132,113,,,,,,,,,,,,4.0,,35.0,,,,,,,,1.0,,,
201606,"Sydney
              (Observatory Hill)",29.4,1.0,0.2,64.4,93.8,68.4,,,0.2,0.2,,,,,,,,5.0,0.4,38.8,,,,,0.6,,,2.4,0.2,,
201606,"Sydney
              Airport AMO",6.2,,,72.0,95.6,67.8,0.2,,0.2,0.2,,,,,,,,3.8,0.2,30.8,0.2,,,,,,,2.2,,,
201606,"Sydney
              Botanic Gardens",35.6,2.2,,89.0,126,67.2,0.3,,0.8,,,,,,,,,6.6,,41.0,,,,,1.0,0.1,1.0,3.2,,,
201606,"Terrey
              Hills AWS",28.0,4.0,,28.2,116,98.4,,,0.2,,,,,,,,,3.8,0.2,37.2,,,,,,,,2.4,,,
201606,"Turramurra
              (Kissing Point Road)",15.8,0.6,,13.4,170,165,,0.2,0.4,,,,,,,,,6.2,,45.2,,,,,0.4,,0.2,1.6,,,
201606,"Most values are the precipitation
            in the 24 hoursto9 am on the day indicated. Days marked
            with → are part of a longer accumulation, which is shown on the
            final day.Values over 100 mm have been rounded to the nearest whole
            millimetre.Days marked with - have a rainfall report of zero; days left blank
            have no rainfall report (which often indicates no rain fell).",,,,,,,,,,,,,,,,,,,,,,,,,,,,,,,
201606,Rainfalls colouredaccording to the amount,0,1.0,5.0,10.0,15.0,25.0,50.0,100,150,200,300,400,600,millimetres,,,,,,,,,,,,,,,,,
201607,Abbotsbury (Fairfield (City Farm)),,,,,5.0,,2.0,3.0,5.0,,,,,,,,1.0,,,20.0,15.0,,3.0,,,,,,,,
201607,Abbotsford (Blackwall Point Rd),,,,,5.0,,17.0,17.0,28.0,2.0,,,,,,,,,,19.0,17.0,,6.0,,,,,,,,
201607,Audley  (Royal National Park),,,,,4.0,,18.0,30.0,9.0,1.0,,,,,,,,,,9.0,9.0,,7.0,,,,,,,,
201607,Avalon Beach (Avalon (Palmgrove Rd)),,,,,,,,,,,,,,,,,,,,,39.6,,,,,,,,,,
201607,Badgerys Creek AWS,,,,,4.2,0.2,0.4,1.4,1.6,0.4,,,,,,,0.8,0.2,,19.0,13.2,,3.2,,,,,,,,
201607,Bankstown Airport AWS,,,,,4.2,0.4,6.6,16.8,12.4,1.2,,,,,,,1.2,0.2,,16.0,12.8,0.4,3.2,,,,,,,,
201607,Baulkham Hills Eucalyptus Ct,,,,,5.0,,2.5,12.5,10.5,2.5,,0.5,,,,,2.0,0.5,,21.5,17.5,,2.0,,,,,,,,
201607,Belrose (Evelyn Place),,,,,5.6,0.4,22.4,15.2,18.0,1.8,,0.2,,,,,3.6,,,20.0,15.8,,5.0,,,,,,,,
201607,Berowra (Goodwyn Road),,,,,6.4,,→,18.2,7.0,0.6,,,,,,,4.2,0.2,,→,38.2,,7.2,,,,,,,,
201607,Box Hill (McCall Gardens),,,,,4.0,,2.0,3.0,10.0,1.0,,1.0,,,,,,1.0,,21.0,15.0,,,,,,,,,,
201607,Camden Airport AWS,,,,,4.6,0.6,0.8,2.4,0.2,0.4,,,,,,,0.4,0.2,,16.2,9.0,0.8,10.2,,,,,,,,
201607,Campbelltown (Kentlyn (Georges River Roa,,,,,5.0,,7.0,8.0,1.0,,,,,,,,,1.0,,10.0,9.0,,7.0,,,,,,,,
201607,Campbelltown (Mount Annan),,,,,4.0,1.8,3.0,4.6,,0.2,,,,,,,0.4,0.4,0.2,12.0,8.0,0.6,8.0,0.2,,,,,,,
201607,Canterbury Racecourse AWS,,,,,4.4,0.2,15.6,31.4,12.6,1.0,0.2,,,,,,,,,15.0,11.2,0.6,3.2,,,,,,,,
201607,Castle Cove (Rosebridge Ave),,,,,4.0,,21.0,16.0,18.0,1.0,1.0,,,,,,,,,15.0,16.0,,2.5,,,,,,,,
201607,Castle Hill (Kathleen Ave),,,,,5.2,,5.5,11.2,11.0,2.2,,,,,,,3.8,,,27.0,8.0,0.1,1.6,,,,,,,,
201607,Chatswood Bowling Club,,,,,5.0,,30.0,23.0,27.0,1.0,,,,,,,3.0,,,20.0,18.0,,4.0,,,,,,,,
201607,Collaroy (Long Reef Golf Club),,,,,5.2,,15.8,31.2,7.0,2.4,,,,,,3.5,0.6,,,18.8,17.4,,9.4,,,,,,,,
201607,Concord (Brays Rd),,,,,4.4,0.4,8.2,28.8,15.4,2.2,,0.2,,,,,2.4,0.2,,20.6,14.4,,6.0,,,,,,,,
201607,Frenchs Forest (Frenchs Forest Rd),,,,,5.0,,22.0,17.0,21.0,3.0,,,,,,,3.0,,,20.0,19.0,,5.0,,,,,,,,
201607,Holsworthy Aerodrome AWS,,,,,4.6,0.4,5.8,10.6,5.2,0.4,,,,,,,0.4,,0.2,12.6,13.4,0.8,4.2,,,,,,,,
201607,Horsley Park Equestrian Centre AWS,,,,,4.4,0.4,1.4,3.6,8.8,0.4,0.2,,,,,,1.2,0.4,,20.2,16.2,,3.0,,,,,,,,
201607,Lucas Heights (ANSTO),,,,,4.4,,8.4,,5.2,1.0,,,,,,,0.1,0.4,,,9.4,1.0,5.2,,,,,,,,
201607,Macquarie Park (Willandra Village),,,,,5.0,0.4,10.4,14.2,24.4,3.6,,0.4,,,,,2.2,0.2,,21.0,,,,,,,,,,,
201607,Marrickville Golf Club,,,,,5.0,1.0,26.0,24.0,20.0,1.0,,,,,,,,,,15.0,12.0,1.0,3.0,,,,,,,,
201607,Milperra Bridge (Georges River),,,,,3.0,,4.0,11.0,11.0,1.0,,,,,,,,,,16.0,11.0,,2.0,,,,,,,,
201607,North Parramatta (Burnside Homes),,,,,4.5,,4.5,15.0,13.0,2.0,,0.5,,,,,1.5,0.5,0.5,22.5,20.0,,3.0,,,,,,,,
201607,North Rocks (Muirfield Golf Club),,,,,4.5,,4.5,10.5,10.0,2.0,0.5,0.5,,,,,1.5,,,20.5,16.5,,1.5,,,,,,,,
201607,Parramatta North (Masons Drive),,,,,5.0,0.4,5.0,12.0,13.0,2.6,,0.2,,,,,1.8,,,20.0,19.2,0.2,4.2,,,,,,,,
201607,Peakhurst Golf Club,,,,,3.0,1.0,11.0,23.0,10.0,2.0,,,,,,,,,,11.0,10.0,,5.0,,,,,,,,
201607,Pennant Hills (Yarrara Road),,,,,5.4,0.4,7.0,13.2,→,→,16.0,0.8,,,,,3.0,0.4,,21.8,17.6,0.2,2.8,,,,,,,,
201607,Penrith Lakes AWS,,,,,,,,0.8,3.8,,,,,,,,,,,23.8,17.2,0.2,2.4,,,,,,,,
201607,Prospect Reservoir,,,,,4.5,0.5,1.8,11.5,7.2,1.2,,0.5,,,,,2.0,0.2,,22.2,16.6,0.2,3.8,0.1,,,,,,,
201607,Randwick (Randwick St),,,,,4.8,0.2,33.6,13.8,4.4,2.4,,0.1,,,,,0.8,0.2,,13.6,24.8,0.2,6.8,,,,,,,,
201607,Richmond RAAF,,,,,4.8,0.4,,3.6,4.4,0.2,,0.6,,,,,0.6,,,24.4,16.8,0.2,1.2,,,,,,,,
201607,Rose Bay (Royal Sydney Golf Club),,,,,5.0,0.2,22.0,16.0,1.8,2.0,,,,,,,0.8,0.2,,13.0,22.0,4.0,7.2,,,,,,,,
201607,Rossmore (South Creek),,,,,3.0,,2.0,2.0,3.0,1.0,,,,,,,,,,20.0,13.0,,3.0,,,,,,,,
201607,Sans Souci (Public School),,,,,3.0,,10.0,1.0,,,,,,,,,,,,2.0,,,,,,,,,,,
201607,Seven Hills  (Radio FM 103.2),,,,,3.5,,3.5,9.5,5.5,0.5,,0.5,,,,,1.5,0.5,,20.5,15.5,,3.5,,,,,,,,
201607,Seven Hills (Collins St),,,,,6.0,,4.0,9.2,4.2,1.8,,,,,,,2.8,,,21.0,18.6,,,,,,,,,,3.8
201607,Springwood (Valley Heights),,,,,6.0,,0.3,1.8,11.2,1.0,,0.6,,,,,1.8,0.2,,25.4,16.8,0.2,4.2,,,,,,,,
201607,Strathfield Golf Club,,,,,4.0,,9.0,21.0,13.0,1.0,,,,,,,1.0,,,20.0,10.0,,4.0,,,,,,,,
201607,Sydney (Observatory Hill),,,,,4.8,0.2,29.4,22.4,2.2,1.0,,0.2,,,,,0.8,,0.2,17.0,20.4,,6.0,,,,,,,,
201607,Sydney Airport AMO,,,,,4.0,0.2,36.4,21.2,20.4,2.0,,,,,,,,,,11.0,12.6,0.8,4.0,,,,,,,,
201607,Sydney Botanic Gardens,,,,,5.2,0.2,26.5,18.4,4.0,1.5,0.2,,,,,,1.0,,,16.6,19.6,0.6,8.0,,,,,,,,
201607,Terrey Hills AWS,,,,,5.8,0.2,16.4,14.0,13.8,1.2,,0.4,,,,,3.2,0.8,,2.4,31.4,0.4,4.2,0.4,,,,,,,
201607,Turramurra (Kissing Point Road),,,,,6.0,0.4,18.0,16.8,19.2,1.8,,1.0,,,,,4.6,0.2,,22.2,19.6,,4.4,,,,,,,,
201607,"Most values are the precipitation in the 24 hoursto9 am on the day indicated.
Days marked with → are part of a longer accumulation, which is shown on the final day.Values over  100  mm have been rounded to the nearest whole millimetre.Days marked with - have a rainfall report of zero; 
days left blank have no rainfall report (which often indicates no rain fell).",,,,,,,,,,,,,,,,,,,,,,,,,,,,,,,
201607,Rainfalls colouredaccording to the amount,0,1.0,5.0,10.0,15.0,25.0,50.0,100,150,200,300,400,600,millimetres,,,,,,,,,,,,,,,,,
201608,Abbotsbury (Fairfield (City Farm)),,,17.0,4.0,2.0,1.0,,4.0,,,,,,,,,,,,2.0,,,7.0,,39.0,,,,,,
201608,Abbotsford (Blackwall Point Rd),,,,90.0,,,,,,,,,,,,,,,,2.0,,,,7.0,54.0,,1.0,,,,
201608,Audley (Royal National Park),,,31.0,40.0,10.0,1.0,,6.0,,,,,,,,,,,,1.0,,,5.0,1.0,62.0,,,,,,
201608,Badgerys Creek AWS,,0.2,16.6,,3.2,,,1.4,,,,,,,,,,,,0.4,,,5.6,,31.2,,,,,,
201608,Bankstown Airport AWS,,0.6,17.4,13.8,1.8,0.2,,0.2,,,,,,,,,,,,2.0,,,5.2,1.6,56.4,0.2,,,,,
201608,Baulkham Hills Eucalyptus Ct,,0.5,16.0,22.0,3.5,1.5,,5.5,1.0,,,,,,,,,,,1.5,,,3.0,1.5,41.0,,,,,,
201608,Belrose (Evelyn Place),,0.8,19.8,36.6,3.0,3.0,,0.2,,,,,,,,,,,,0.8,,,2.8,7.2,48.8,0.2,1.2,,,,
201608,Berowra (Goodwyn Road),,0.4,17.4,,2.4,0.8,,,,,,,,,,,,,,,,,3.4,9.6,27.2,,,,,,
201608,Box Hill (McCall Gardens),,,,,,,,,,,,,,,,,,,,,,,2.0,1.0,29.0,,,,,,
201608,Camden Airport AWS,,0.4,17.2,0.4,1.2,,,3.2,0.2,,,,,,,,,,,0.8,,,3.2,,30.4,,,,,,
201608,Campbelltown (Kentlyn (Georges River Roa,,,16.0,3.0,7.0,,,11.0,,,,,,,,,,,,1.0,,,4.0,,31.0,,,,,,
201608,Campbelltown (Mount Annan),,0.4,16.2,0.8,3.6,,0.2,4.8,0.2,,,,,,,,,,,1.2,,,2.6,,28.0,,,,,,
201608,Canterbury Racecourse AWS,,1.0,15.8,42.6,9.0,1.6,,,,,,,,,,,,,,1.2,,,2.4,5.4,59.8,,0.6,,,,
201608,Castle Cove (Rosebridge Ave),,1.0,22.0,48.0,7.0,3.0,0.5,,,,,,,,,,,,,1.0,,,2.0,5.0,62.0,,1.2,,,,
201608,Castle Hill (Kathleen Ave),,1.0,15.4,29.0,4.9,2.6,,,,,,,,,,,,,,,1.8,,,4.1,35.0,,,,,,
201608,Castlereagh (Castlereagh Road),,15.8,0.4,3.2,,,,,,,,,,,,,,,,,,,,,,,,,,,
201608,Chatswood Bowling Club,,,24.0,63.0,5.0,1.0,,,,,,,,,,,,,,,,,2.0,6.0,57.0,,1.0,,,,
201608,Collaroy (Long Reef Golf Club),,0.6,15.2,12.6,3.2,8.4,2.6,1.0,,,,,,,,,,,,,,,2.4,10.6,30.8,,,,,,
201608,Concord (Brays Rd),,0.6,19.4,53.2,6.6,0.6,,,,,,,,,,,,,,1.6,,,3.0,3.4,56.4,0.2,,,,,
201608,Concord Golf Club,,0.6,22.6,43.8,12.8,,0.6,,,,,,,,,,,,,2.0,,,3.0,5.2,57.8,,,,,,
201608,Frenchs Forest (Frenchs Forest Rd),,,20.0,38.0,4.0,3.0,1.0,,,,,,,,,,,,,,,,3.0,11.0,50.0,1.0,2.0,,,,
201608,Holsworthy Aerodrome AWS,,0.4,18.0,9.6,4.0,0.4,,4.8,,,,,,,,,,,,1.6,,,5.8,0.6,40.2,,,,,,
201608,Horsley Park Equestrian Centre AWS,,0.6,16.0,5.0,2.0,,,4.6,0.2,,,,,,,,,,,1.8,,,6.0,0.2,42.0,,,,,,
201608,Lucas Heights (ANSTO),,0.6,16.2,16.0,6.6,,,,,,,,,,,,,,,1.6,,,5.4,1.8,42.2,,,,,,
201608,Macquarie Park (Willandra Village),,0.8,20.0,57.6,4.0,0.6,,,,,,,,,,,,,,1.6,,,2.0,1.6,60.2,0.2,,,,,
201608,Marrickville Golf Club,,1.0,20.0,49.0,8.0,2.0,,,,,,,,,,,,,,1.0,,,,1.0,,,,,,,
201608,Milperra Bridge (Georges River),,,15.0,10.0,1.0,,,,,,,,,,,,,,,1.0,,,5.0,1.0,39.0,,,,,,
201608,Mona Vale Golf Club,,,,,3.2,3.8,5.6,4.6,,,,,,,0.2,0.2,0.2,,,0.4,,,1.6,21.4,33.2,,2.0,,,,
201608,Mount Annan Botanic Garden,,0.4,16.1,0.5,4.0,0.4,,3.2,,,,,,,,,,,,1.4,,,3.0,0.2,27.4,0.2,,,,,
201608,North Parramatta (Burnside Homes),,0.5,17.5,30.5,3.5,1.0,,4.0,,,,,,,,,,,,1.5,,,3.5,3.0,57.0,,,,,,
201608,North Rocks (Muirfield Golf Club),,1.0,15.0,24.0,3.5,1.0,,4.5,,,,,,,,,,,,1.5,,,2.5,1.5,36.5,,,,,,
201608,Parramatta North (Masons Drive),,0.8,16.0,27.0,4.0,1.2,,4.0,,,,,,,,,,,,2.0,,,3.4,2.4,51.0,,,,,,
201608,Peakhurst Golf Club,,,17.0,29.0,7.0,1.0,,,,,,,,,,,,,,2.0,,,5.0,5.0,56.0,,,,,,
201608,Pennant Hills (Yarrara Road),,0.8,19.4,47.0,3.8,0.6,,0.8,,,,,,,,,,,,1.4,,,2.0,?,45.2,,,,,,
201608,Penrith Lakes AWS,,,17.2,0.4,2.0,,0.2,,,,,,,,,,,,,,0.2,,6.0,0.4,22.2,0.2,,,,,
201608,Prospect Reservoir,,0.4,18.2,10.8,2.1,0.8,,2.3,,,,,,,,,,,,1.2,,,4.8,1.3,43.2,0.2,,,,,
201608,Randwick (Randwick St),,1.0,22.6,38.8,5.2,6.0,6.4,,,,,,,,,,,,,0.6,,,2.8,5.0,56.2,,3.6,,,,
201608,Richmond RAAF,,0.4,14.4,4.6,6.8,,,,,0.2,,,,,,,,,,,,,3.0,0.6,31.6,,,,,,
201608,Rose Bay (Royal Sydney Golf Club),,0.8,20.0,23.0,5.0,2.6,1.6,0.6,,,,,,,,,,,,0.4,,,1.4,4.6,55.0,,,,,,
201608,Rossmore (South Creek),,,18.0,,2.0,,,3.0,,,,,,,,,,,,1.0,,,5.0,,32.0,,,,,,
201608,Sans Souci (Public School),,,4.0,23.0,16.0,1.0,,,,,,,,,,,,,,,,,1.0,1.0,44.0,,1.0,,,,
201608,Seven Hills (Radio FM 103.2),,,16.5,12.5,2.5,,,9.0,0.5,,,,,,,,,,,1.0,,,3.5,1.5,33.0,,,,,,
201608,Seven Hills (Collins St),,,16.0,15.2,3.0,,,8.0,,,,,,,,,,,,1.8,,,,?,36.2,,,,,,
201608,Springwood (Valley Heights),,,23.0,0.6,6.6,0.2,,0.6,,,,,,,,,,,,,,,8.4,2.2,28.2,,,,,,
201608,St Ives (Richmond Avenue),,0.8,,,,,,,,,,,,,,,,,,,,,3.8,6.0,,,,,,,
201608,Strathfield Golf Club,,1.0,15.0,36.0,7.0,1.0,,,,,,,,,,,,,,,,,,,,,,,,,
201608,Sydney (Observatory Hill),,0.4,24.8,61.0,4.0,1.8,0.6,,,,,,,,,,,,,0.4,,,1.8,2.4,52.8,,1.4,,,,
201608,Sydney Airport AMO,,0.6,16.2,45.4,7.2,3.4,0.2,,,,,,,,,,,,,0.2,,,2.0,3.8,52.6,0.2,2.4,0.2,,,
201608,Sydney Botanic Gardens,,0.6,26.2,61.5,5.4,2.7,1.8,0.2,,,,,,,,,,,,0.6,,,3.0,11.0,44.8,,,,,,
201608,Terrey Hills AWS,,,3.8,8.8,4.2,1.6,0.4,0.2,,,,,,,,,,,,0.8,,,2.4,9.6,38.2,,1.8,,,,
201608,Turramurra (Kissing Point Road),,0.6,20.0,55.0,3.2,0.6,,,,,,,,,,,,,,1.4,,,2.2,2.8,51.6,,0.2,,,,
201608,"Most values are the precipitation
            in the 24 hoursto9 am on the day indicated. Days marked
            with ? are part of a longer accumulation, which is shown on the
            final day.Values over 100 mm have been rounded to the nearest whole
            millimetre.Days marked with - have a rainfall report of zero; days left blank
            have no rainfall report (which often indicates no rain fell).",,,,,,,,,,,,,,,,,,,,,,,,,,,,,,,
201608,Rainfalls colouredaccording to the amount,0,1.0,5.0,10.0,15.0,25.0,50.0,100,150,200,300,400,600,millimetres,,,,,,,,,,,,,,,,,
201609,Abbotsbury (Fairfield (City Farm)),,10.0,23.0,,,,,,,3.0,,,,2.0,1.0,1.0,,,12.0,,,1.0,,,,,,,2.0,,
201609,Abbotsford (Blackwall Point Rd),,8.0,33.0,,,,,,,2.0,,,,4.0,,,,,15.0,,,,,?,5.0,,,,5.0,1.0,
201609,Audley (Royal National Park),,8.0,22.0,,,,,,,2.0,,,,2.0,,,,,9.0,,,2.0,1.0,,1.0,2.0,,,3.0,,
201609,Badgerys Creek AWS,,10.0,21.4,,,,,,,3.8,,,,2.2,,,,,12.0,,,1.2,,,,,,,3.2,1.0,
201609,Bankstown Airport AWS,,8.6,23.0,,,,,,,1.4,,,,2.2,,0.2,,,11.4,,,0.6,,0.2,0.2,0.2,,,2.4,0.4,
201609,Baulkham Hills Eucalyptus Ct,,12.5,16.5,,,,,,,1.0,,,,2.5,,,,,16.0,,,0.5,,,1.0,,,,2.0,,
201609,Belrose (Evelyn Place),,15.4,18.0,,,,,,,1.0,,,,3.6,,,,,16.2,,,1.0,1.4,,4.0,1.2,,,2.0,1.0,
201609,Berowra (Goodwyn Road),,15.8,8.0,,,,,,,1.4,,,,4.2,,,,0.2,22.2,,,,,1.2,,,,,3.2,,
201609,Box Hill (McCall Gardens),,11.0,11.0,,,,,,,,,,,2.0,,,,,14.0,,,,1.0,,1.0,4.0,,,2.0,,
201609,Camden Airport AWS,,7.8,22.6,,,,0.2,,,2.4,0.2,,,1.0,0.2,0.2,,,13.6,,,2.2,0.2,,0.2,,,,4.0,1.6,
201609,Campbelltown (Kentlyn (Georges River Roa,,10.0,21.0,,,,,,,2.0,,,,3.0,,,,,10.0,,,1.0,1.0,,,1.0,,,4.0,1.0,
201609,Campbelltown (Mount Annan),,7.4,22.2,,,,,,,2.0,,,,0.8,0.2,0.2,0.2,,12.0,0.2,,1.6,0.2,,,0.4,,,3.6,1.4,
201609,Canterbury Racecourse AWS,,11.8,25.6,,,,,,,1.6,,,,1.8,0.2,0.2,0.2,,11.6,0.2,,0.2,0.4,,2.6,0.8,,,2.4,0.6,
201609,Castle Cove (Rosebridge Ave),,12.0,26.0,,,,,,,1.5,,,,4.0,,,,,17.0,,,1.0,0.5,,5.5,6.0,,,2.5,,
201609,Castle Hill (Kathleen Ave),,15.4,12.4,,,,,,,1.2,,,,3.0,,,,,13.1,,,1.8,,,1.5,1.5,,,2.0,,
201609,Chatswood Bowling Club,,15.0,20.0,,,,,,,2.0,,,,4.0,,,,,14.0,,,1.0,,,3.0,5.0,,,1.0,1.0,
201609,Collaroy (Long Reef Golf Club),,14.6,33.2,,,,,,,1.4,,,,4.4,,,,,18.2,,,0.6,0.2,,2.2,12.8,,,1.6,1.4,
201609,Concord (Brays Rd),,16.0,24.4,,,,,,,1.6,,,,3.2,,0.2,,,14.4,,,1.4,,,2.8,1.2,,,2.2,0.4,
201609,Concord Golf Club,,15.2,27.8,,,0.6,,,,2.8,,,,3.0,,,,,14.0,,,1.2,,,3.0,0.8,,,,,
201609,Frenchs Forest (Frenchs Forest Rd),,15.0,18.0,,,,,,,1.0,,,,3.0,,,,,17.0,,,,1.0,,3.0,4.0,,,2.0,1.0,
201609,Holsworthy Aerodrome AWS,,7.8,23.0,,,,,,,1.4,0.2,,,1.8,0.2,,,,9.2,0.2,,1.4,1.4,0.2,1.2,2.6,,,3.2,0.6,
201609,Horsley Park Equestrian Centre AWS,,8.6,21.2,,,,,,,2.8,,,,2.4,0.8,0.6,,,13.0,0.2,0.2,0.4,0.2,,,0.2,,,1.8,0.6,
201609,Lucas Heights (ANSTO),,7.4,25.0,,,,,,,2.5,,,,1.6,,,,,11.2,,,1.6,,,2.6,3.0,,,3.4,,
201609,Milperra Bridge (Georges River),,8.0,21.0,,,,,,,,,,,2.0,,,,,10.0,,,,,,,,,,2.0,,
201609,Mona Vale Golf Club,,19.4,24.0,,,0.4,0.2,,,1.2,,,,6.0,,,,0.2,32.0,,,0.6,2.2,,2.6,1.8,,,2.0,2.0,
201609,Mount Annan Botanic Garden,,3.4,36.0,,,,,,,2.6,,,,1.0,,0.1,0.4,,12.8,,,2.2,,,0.3,0.2,,,0.1,5.6,
201609,North Parramatta (Burnside Homes),,14.0,19.5,,,,,,,1.0,,,,2.5,0.5,,,,18.0,,,0.5,,,0.5,,,,2.5,,
201609,North Rocks (Muirfield Golf Club),,12.0,16.5,,,,,,,1.5,,,,2.5,,,,,12.5,,,0.5,,,1.5,,,,1.5,0.5,
201609,Parramatta North (Masons Drive),,13.0,18.4,,,,,,,1.8,,,,2.6,,0.4,,,15.0,,,1.0,,,1.2,,,,2.2,0.2,
201609,Peakhurst Golf Club,,8.0,21.0,,,,,,,1.0,,,,2.0,,,,,10.0,,,,1.0,,1.0,3.0,,,3.0,,
201609,Pennant Hills (Yarrara Road),,15.4,?,19.0,,,,,,2.4,,,,4.0,,,?,?,12.8,,,1.4,0.4,,1.8,,,,1.8,,
201609,Penrith Lakes AWS,,10.6,15.8,,,,,,,3.6,,,,2.4,,,,,13.0,0.2,,1.2,,,0.8,0.2,,,1.8,0.4,
201609,Prospect Reservoir,,9.2,23.7,,,,,,,2.2,,,,2.4,,0.7,,,10.3,,,1.0,,,0.4,,,,2.2,0.7,
201609,Randwick (Randwick St),,15.4,27.8,,,,,,,2.0,,,,7.0,,0.2,,,16.8,,,2.0,3.0,,4.8,4.8,,,1.0,2.0,
201609,Richmond - UWS Hawkesbury,,10.8,?,?,11.6,,,,,?,?,1.4,,1.8,,,?,?,14.0,,,0.8,,?,?,1.0,,,1.0,0.2,
201609,Richmond RAAF,,13.2,17.4,,,,,,,1.0,0.2,,,2.6,,,,,17.8,0.2,,,0.2,,1.0,,0.2,,1.2,0.4,
201609,Rose Bay (Royal Sydney Golf Club),,17.8,36.6,,,,,,,0.8,,,,4.0,,0.2,,,14.0,,1.4,,2.0,,4.0,8.8,0.2,,2.0,,
201609,Rossmore (South Creek),,9.0,27.0,,,,,,,2.0,,,,2.0,,1.0,,,11.0,1.0,,1.0,,,,,,,3.0,1.0,
201609,Sans Souci (Public School),,11.0,26.0,,,,,,,1.0,,,,2.0,,,,,10.0,,,,2.0,,1.0,1.0,,,1.0,,
201609,Seven Hills (Radio FM 103.2),,9.5,17.0,,,,,,,3.0,,,,2.0,,0.5,,,11.5,,,,,,,0.5,,,1.5,0.5,
201609,Seven Hills (Collins St),,10.6,19.2,,,,,,,2.6,,,,2.4,,,,,13.4,,,0.6,,,,2.4,,,2.2,,
201609,Springwood (Valley Heights),,11.4,15.8,,,,,,,5.6,,,,2.4,,,,,15.4,,0.2,4.8,,,2.2,,,,2.0,1.6,
201609,St Ives (Richmond Avenue),,16.2,15.2,,,,,,,,,,,3.4,0.2,,,,,,,14.0,1.8,,3.4,0.2,,,2.4,0.8,
201609,Sydney (Observatory Hill),,14.4,23.4,,,,,,,1.2,,,,5.8,,,,,13.4,,,2.0,0.6,,3.4,4.0,,,1.4,0.4,
201609,Sydney Airport AMO,,11.6,24.0,0.2,,,,,,1.6,,,,2.0,0.2,,,,11.0,,,0.6,1.0,0.2,4.2,5.8,,,2.2,0.4,
201609,Sydney Botanic Gardens,,27.4,13.0,,,,,,,1.6,,,,5.8,,,,,15.0,,,2.2,0.8,,3.8,5.6,,,,,
201609,Terrey Hills AWS,,10.8,9.4,0.2,,,,,,1.0,,,,2.0,,,,,15.6,,,0.6,2.6,,1.8,0.2,,,1.2,1.0,
201609,Turramurra (Kissing Point Road),,15.2,18.6,,,,,,,2.0,,,,4.6,,0.2,,,16.6,,,1.2,1.6,,2.8,,,,2.2,0.6,
201609,"Most values are the precipitation
            in the 24 hoursto9 am on the day indicated. Days marked
            with ? are part of a longer accumulation, which is shown on the
            final day.Values over 100 mm have been rounded to the nearest whole
            millimetre.Days marked with - have a rainfall report of zero; days left blank
            have no rainfall report (which often indicates no rain fell).",,,,,,,,,,,,,,,,,,,,,,,,,,,,,,,
201609,Rainfalls colouredaccording to the amount,0,1.0,5.0,10.0,15.0,25.0,50.0,100,150,200,300,400,600,millimetres,,,,,,,,,,,,,,,,,
201610,Abbotsbury (Fairfield (City Farm)),,,,,,,,,,,,,,,,,,2.0,,2.0,,9.0,3.0,,,,,1.0,,,1.0
201610,Abbotsford (Blackwall Point Rd),,,,,,,,,,,,→,6.0,,,,,4.0,,,,13.0,,,,,,,→,→,6.0
201610,Audley (Royal National Park),,,,,,,,,,,,,,,,,,3.0,,,,15.0,2.0,2.0,,,,,2.0,,2.0
201610,Badgerys Creek AWS,,,,,1.0,,,,,,,,,,,,,1.4,,,,8.8,1.0,,,,,1.4,,,0.6
201610,Bankstown Airport AWS,,,,,,,,,,,0.2,,,,,,,3.6,,,,10.4,2.2,,,,,,1.0,,
201610,Baulkham Hills Eucalyptus Ct,,,,,,,0.5,,,,,,,,,,,3.5,,,,10.5,,,,,,2.0,1.5,,
201610,Belrose (Evelyn Place),,,,,0.2,,,,,,,,2.4,,,,,4.2,,,,12.0,1.0,,,,,2.4,6.4,,1.0
201610,Berowra (Goodwyn Road),,,,,,,,,,,3.2,,,,,,2.4,,,,,20.6,1.4,,,,,3.2,2.6,0.4,1.6
201610,Box Hill (McCall Gardens),,,,,,,,,,,,,,,,,,2.0,,,,7.0,,,,,,1.0,,4.0,
201610,Camden Airport AWS,,,,,0.8,,,,,,,,,,,,,0.2,,,,4.6,,,,,,1.8,0.4,,8.4
201610,Campbelltown (Kentlyn (Georges River Roa,,,,,,,,,,,,,,,,,,1.0,,,,11.0,2.0,,,,,,,,8.0
201610,Campbelltown (Mount Annan),,,,,,,,,,,,,,,,,,0.8,,,,4.6,,,,,,2.2,0.4,,6.8
201610,Canterbury Racecourse AWS,,,,,,,,,,,0.8,,1.2,,,,,2.6,,,,11.8,1.4,0.4,0.2,,,0.4,1.2,,0.4
201610,Castle Cove (Rosebridge Ave),,,,,,,,,,,5.0,,4.0,,,,,,,,,14.0,,,,,,4.0,3.0,,1.5
201610,Castle Hill (Kathleen Ave),,,,,,,,,,,,,,,,,,4.0,,,,9.2,,,,,,2.6,2.8,,0.6
201610,Castlereagh (Castlereagh Road),,,,0.6,,,,,,,,,,,,,0.4,,,,,,,,,,,,,,
201610,Chatswood Bowling Club,,,,,,,,,,,4.0,,3.0,,,,,3.0,,,,10.0,1.0,,,,,2.0,11.0,,1.0
201610,Collaroy (Long Reef Golf Club),,,,,,,,,,,3.2,,2.2,2.6,,,,4.0,,,,9.4,1.6,,,,,1.6,1.0,,1.2
201610,Concord (Brays Rd),,,,,,,,,,,0.8,,,,,,,3.6,,,,13.0,0.4,,,,,0.8,6.4,,1.6
201610,Concord Golf Club,,,,,,,,,,,0.8,,1.6,,,,,,,,,12.8,0.4,,,,,,,,
201610,Frenchs Forest (Frenchs Forest Rd),,,,,,,,,,,4.0,,1.0,,,,,3.0,,,,11.0,,,,,,5.0,3.0,,1.0
201610,Holsworthy Aerodrome AWS,,,,,,,,,,,,,,,,,,2.6,,,0.2,18.6,3.0,,,,,0.2,0.2,,1.6
201610,Horsley Park Equestrian Centre AWS,,,,,,,,,,,,,,,,,,2.0,,,,9.8,0.6,,,,,1.2,0.6,0.2,
201610,Lucas Heights (ANSTO),,,,,,,,,,,2.0,,,,,,,,,,,18.1,3.8,,,,,0.2,0.1,,
201610,Macquarie Park (Willandra Village),,,,,,,,,,,2.2,,3.4,0.2,,,,3.6,,,,9.6,0.2,,,,,3.2,4.0,,1.4
201610,Marrickville Golf Club,,,,,,,,,,,2.0,,4.0,,,,,3.0,,,,14.0,1.0,,,,,1.0,2.0,,
201610,Milperra Bridge (Georges River),,,,,,,,,,,,,,,,,,3.0,,,,8.0,2.0,,,,,,,,
201610,Mona Vale Golf Club,,,,,,,,,,,4.0,,0.8,4.4,,,,5.0,,1.4,,12.8,2.4,,,,,2.4,1.6,,2.0
201610,North Parramatta (Burnside Homes),,,,,,,,,,,0.5,,,,,,,,0.5,,,14.0,,,,,,,,,
201610,North Rocks (Muirfield Golf Club),,,,,,,0.5,,,,0.5,,,,,,,3.0,,,,9.5,,,,,,2.0,2.5,0.5,0.5
201610,Parramatta North (Masons Drive),,,,,,,,,,,0.6,,,,,,,3.8,,,,9.8,0.2,,,,,2.0,1.4,,1.4
201610,Peakhurst Golf Club,,,,,,,,,,,,,,,,,,3.0,,,,14.0,2.0,1.0,,,,,,,1.0
201610,Pennant Hills (Yarrara Road),→,→,→,→,→,,,,,,2.2,,2.2,0.6,,,,3.6,,,,10.4,0.2,,,,,4.4,→,→,6.0
201610,Penrith Lakes AWS,,,,,0.2,0.2,,,,,,,,,,,,1.0,,,,7.4,,,,,,2.0,,1.6,
201610,Prospect Reservoir,,,,,,,,,,,,,,,,,,4.6,,,,9.8,1.6,,,,,1.9,1.2,0.8,0.6
201610,Randwick (Randwick St),,,,,,,,,,,4.0,,3.6,0.6,,,,3.8,,,,19.8,0.6,1.2,,,,2.0,4.4,,1.4
201610,Richmond RAAF,,,,,,,,,,,,,,,,,,2.6,,,,7.4,,,,,,3.4,0.2,,
201610,Rose Bay (Royal Sydney Golf Club),,,,,,,,,,,,,3.0,,,,3.2,3.4,,,,,,,,,,1.6,,,1.6
201610,Rossmore (South Creek),,,,,,,,,,,,,,,,,,1.0,,,,13.0,8.0,,,,,1.0,,,
201610,Sans Souci (Public School),,,,,,,,,,,1.0,,,,,,,1.0,,,,2.0,1.0,,,,,,2.0,,
201610,Seven Hills (Radio FM 103.2),,,,,,,0.5,,,,,,,,,,,3.5,,,,10.5,2.0,,,,,0.5,0.5,,0.5
201610,Seven Hills (Collins St),,,,,,,,,,,,,,,,,,,,,,13.2,,,,,,1.6,,,
201610,Springwood (Valley Heights),,,,,1.4,,,,0.2,,0.8,,,,,,,0.8,,,,7.6,,,,,,5.6,0.4,4.2,0.4
201610,St Ives (Richmond Avenue),,,,,,,,,,,5.0,,,,,,,4.4,,,,12.0,1.0,,,,,4.4,,6.0,1.4
201610,Sydney (Observatory Hill),,,,,,,,0.2,,,3.8,,4.4,0.2,,,,3.0,0.2,,,11.8,0.6,0.8,,,,1.4,3.2,0.2,1.6
201610,Sydney Airport AMO,,,,,,,,,,,3.6,0.2,6.2,0.2,0.2,,,2.8,,,,14.2,1.4,0.6,,,,0.4,4.0,,0.2
201610,Sydney Botanic Gardens,,,,,,,,,,,4.6,,4.2,0.6,,,,4.0,,,,12.5,0.6,,,,,1.6,2.0,,2.0
201610,Terrey Hills AWS,,,,,,,,,,,4.4,,1.2,,,,,3.0,0.2,,,9.4,1.4,,,,,3.8,7.0,0.2,1.2
201610,Turramurra (Kissing Point Road),,,,,,,,,,,2.9,,2.8,0.6,,,,4.2,,,,12.0,0.6,,,,,5.2,5.0,,1.4
201610,"Most values are the precipitation
            in the 24 hoursto9 am on the day indicated. Days marked
            with → are part of a longer accumulation, which is shown on the
            final day.Values over 100 mm have been rounded to the nearest whole
            millimetre.Days marked with - have a rainfall report of zero; days left blank
            have no rainfall report (which often indicates no rain fell).",,,,,,,,,,,,,,,,,,,,,,,,,,,,,,,
201610,Rainfalls colouredaccording to the amount,0,1.0,5.0,10.0,15.0,25.0,50.0,100,150,200,300,400,600,millimetres,,,,,,,,,,,,,,,,,
201611,Abbotsbury (Fairfield (City Farm)),,,,,,,,,1.0,2.0,,8.0,,,,,,,,,,1.0,,1.0,,,,,,,
201611,Abbotsford (Blackwall Point Rd),,,,,,,,,3.0,11.0,,8.0,,,,,,,,,,,,5.0,,,,,,,
201611,Audley (Royal National Park),,,,,,,,,2.0,2.0,,9.0,,,3.0,,,,,,,,,,,,,,,,
201611,Badgerys Creek AWS,,,,,,,,,1.6,1.6,,5.4,,,1.0,,,,,,,,,,,,,,0.2,,
201611,Bankstown Airport AWS,,,,,,,,,1.8,3.2,,6.2,,,0.8,,,,,,,,,2.0,,,,,,,
201611,Baulkham Hills Eucalyptus Ct,0.5,,,,,,,,3.5,9.5,,9.5,,,,,,,,2.0,,,,5.0,0.5,,,,,,
201611,Belrose (Evelyn Place),,,,,,,,,2.2,13.2,,10.6,,,2.0,,,,,,,0.2,,5.6,,,,,,,
201611,Berowra (Goodwyn Road),,,,,,,,,2.2,12.4,,16.0,,,0.8,,,,,,,,,1.4,,,0.2,,,,
201611,Box Hill (McCall Gardens),,,,,,,,,2.0,6.0,,14.0,,,1.0,,,,,3.0,,,,,,,,,,,
201611,Camden Airport AWS,,,,,,,,,4.8,0.6,,6.8,,,0.8,,,,,,,,,,,,,0.2,,,
201611,Campbelltown (Kentlyn (Georges River Roa,,,,,,,,,2.0,4.0,,7.0,,,1.0,,,,,,,,,4.0,,,,,,,
201611,Campbelltown (Mount Annan),,,,,,,,,1.6,2.2,,8.6,0.2,,2.8,,,0.2,,,,,,11.2,,,,,,,
201611,Canterbury Racecourse AWS,,,,,,,,,2.8,7.4,,12.4,0.2,,0.2,0.2,,,,,,,0.2,3.4,,,,,,,
201611,Castle Cove (Rosebridge Ave),,,,,,,,,3.5,11.0,,9.0,,,1.5,,,,,,,,,8.0,,,,2.2,,,
201611,Castle Hill (Kathleen Ave),,,,,,,,,0.8,12.2,,,,,,,,,,1.8,9.0,,,3.0,,,,,,,
201611,Chatswood Bowling Club,,,,,,,,,2.0,10.0,,8.0,,,1.0,,,,,,,,,4.0,,,,,,,
201611,Collaroy (Long Reef Golf Club),,,,,,,,,3.6,15.2,,9.0,,,,,,,,,,,,,,,,,,,
201611,Concord (Brays Rd),,,,,,,,,3.2,10.6,,8.6,,,0.4,,,,,,,,,5.6,,,,,,,
201611,Concord Golf Club,,,,,,,,,,10.6,,8.6,,,,,,,,,,,,4.6,,,,,,,
201611,Frenchs Forest (Frenchs Forest Rd),,,,,,,,,2.0,12.0,,10.0,,,3.0,,,,,,,,,8.0,,,,,,,
201611,Holsworthy Aerodrome AWS,,,,,,,,,2.0,3.0,,5.4,0.2,,2.0,,,,,,,,,,,,,,,,
201611,Horsley Park Equestrian Centre AWS,,,,,,,,,1.4,2.6,,7.6,,,0.6,0.2,,,,0.8,0.2,,,0.8,,,,,,,
201611,Lucas Heights (ANSTO),,,,,,,,,2.2,2.4,,6.2,,,0.4,,,,,,,,,,,,,0.6,,,
201611,Marrickville Golf Club,,,,,,,,,2.0,8.0,,13.0,,,,,,,,,,,7.0,4.0,,,,,,,
201611,Milperra Bridge (Georges River),,,,,,,,,1.0,2.0,,5.0,,,,,,,,,,,,1.0,,,,,,,
201611,Mona Vale Golf Club,,,,0.2,,,,,2.0,17.4,,18.4,,,1.2,,,,,,,,,,,,,1.4,4.4,,
201611,Mount Annan Botanic Garden,,,,,,,,,2.2,1.5,,9.4,,,3.2,,,,,,,,,11.0,,,,,,,
201611,North Parramatta (Burnside Homes),0.5,,,,,,,,2.5,9.5,1.0,8.5,,,,,,,,,,,,5.0,,,,,,,
201611,North Rocks (Muirfield Golf Club),,,,,,,,,2.5,10.5,,9.5,,,0.5,,,,,0.5,,,,5.0,,,,,,,
201611,Parramatta North (Masons Drive),,,,,,,,,3.0,10.4,,9.4,,,0.6,,,,,,,,,5.8,,,,,,,
201611,Peakhurst Golf Club,,,,,,,,,2.0,5.0,,1.0,,,,,,,,,,,,3.0,,,1.0,,,,
201611,Pennant Hills (Yarrara Road),,,,,,,,,3.2,10.8,,10.6,,,0.8,,,,,,,0.2,,2.2,,,,,,,
201611,Penrith Lakes AWS,,,,,,,,,1.2,0.2,,10.0,0.2,,3.0,,,,,1.8,,,,,,,,,,0.2,
201611,Prospect Reservoir,,,,,,,,,3.0,6.6,,9.4,0.1,,0.8,0.2,,,,5.0,,,,4.2,,,,,,,
201611,Randwick (Randwick St),,,,,,,,,3.4,11.4,,10.6,,,0.6,,,,,,,,,→,2.8,,,,,,
201611,Richmond RAAF,,,,,,,,,3.8,6.8,,21.6,0.2,,4.4,,,,,1.8,,,,,,,,,1.8,0.2,
201611,Rose Bay (Royal Sydney Golf Club),,,,,,,,,2.6,9.5,,,,,,,,,,,,,,6.2,,,,,,,
201611,Rossmore (South Creek),,,,,,,,,,,,,,,,,,,,,,,,,,,,,,,
201611,Sans Souci (Public School),,,,,,,,,,,,4.0,,,,,,,,,,,,15.0,,,,,,,
201611,Seven Hills (Radio FM 103.2),,,,,,,,,2.5,6.5,,8.5,,,,,,,,1.0,,,,3.5,,,0.5,0.5,,,
201611,Seven Hills (Collins St),,,,,,,,,4.0,7.4,,9.2,,,,,,,,,,,,,,,5.2,1.0,,,
201611,Springwood (Valley Heights),,,,,,,,,1.6,0.4,,11.0,,,4.6,,0.4,,,1.6,,1.2,,,,,0.2,0.4,,,
201611,St Ives (Richmond Avenue),,,,,,,,,2.6,12.4,,11.4,,,0.8,,,,,,,,,2.2,,,,,,,
201611,Sydney (Observatory Hill),,,,,,,,,2.0,10.2,,9.0,,,0.6,,,,,,,,,5.4,,,,,,,
201611,Sydney Airport AMO,0.2,,,,,,,,2.6,7.0,0.2,12.0,,,0.4,,,,0.2,,,,0.6,4.0,,,,,,,
201611,Sydney Botanic Gardens,,,,,,,,,3.0,10.8,,9.2,,,0.8,,0.1,,,,,,0.2,6.0,,,,0.1,,,
201611,Terrey Hills AWS,,,,,,,,,3.0,10.8,0.2,14.2,,,4.6,,,,,,,,,0.4,,,,0.2,,,
201611,Turramurra (Kissing Point Road),,,,,,,,,2.2,10.6,,11.2,,,0.4,,,,,,,0.2,,6.0,,,0.4,0.2,,,
201611,"Most values are the precipitation
            in the 24 hoursto9 am on the day indicated. Days marked
            with → are part of a longer accumulation, which is shown on the
            final day.Values over 100 mm have been rounded to the nearest whole
            millimetre.Days marked with - have a rainfall report of zero; days left blank
            have no rainfall report (which often indicates no rain fell).",,,,,,,,,,,,,,,,,,,,,,,,,,,,,,,
201611,Rainfalls colouredaccording to the amount,0,1.0,5.0,10.0,15.0,25.0,50.0,100,150,200,300,400,600,millimetres,,,,,,,,,,,,,,,,,
201612,Abbotsbury (Fairfield (City Farm)),3.0,,,,1.0,2.0,6.0,,,,,,,,6.0,19.0,18.0,3.0,,,,1.0,,,7.0,,,,,,
201612,Abbotsford (Blackwall Point Rd),,,,,→,9.0,4.0,,,,,,,,5.0,26.0,16.0,,1.0,,,,,,,,,7.0,,,
201612,Audley (Royal National Park),,,,,1.0,6.0,9.0,,,,,,,,8.0,25.0,10.0,,,,5.0,,,,,,2.0,,,,
201612,Badgerys Creek AWS,,,,,,,,,,,,,,,,,,,,,,0.4,,,4.0,,5.6,,,,0.2
201612,Bankstown Airport AWS,,0.2,,,1.0,7.4,3.8,,,,,,,,1.8,17.4,14.2,,,,,0.2,,,7.0,,0.8,,,,
201612,Baulkham Hills Eucalyptus Ct,1.0,,,,1.0,3.5,6.5,,,,,,,,6.5,28.0,17.0,0.5,,,3.0,,,,12.5,,,,,,
201612,Belrose (Evelyn Place),0.6,,,,0.6,0.4,7.8,,11.8,,,,,,7.4,31.0,6.0,0.4,1.8,,3.0,0.4,,,4.0,,,,,,
201612,Berowra (Goodwyn Road),0.8,,,,0.3,14.4,8.2,,,,,,,,,,38.2,,1.6,,,,,,19.6,,,,,,
201612,Box Hill (McCall Gardens),,,,,2.0,,5.0,,1.0,,,,,,5.0,18.0,21.0,,,,,,,,7.0,,,,,,
201612,Camden Airport AWS,,,,,0.8,5.6,14.2,,,,,,,,7.0,19.6,7.4,,0.2,,0.2,1.2,,,1.6,,4.8,,,,0.6
201612,Campbelltown (Kentlyn (Georges River Roa,,2.0,,,,6.0,11.0,,,,,,,,4.0,20.0,12.0,,,,1.0,,,,12.0,,4.0,,,,1.0
201612,Campbelltown (Mount Annan),,0.8,,,0.6,3.0,9.6,0.2,,,,,,,6.4,17.8,7.6,,,,,,,,3.0,0.2,3.8,,,,0.8
201612,Canterbury Racecourse AWS,,,,,1.2,4.8,5.6,,,,,,,,5.2,29.0,15.4,,,,,,,,6.8,,,,,,
201612,Castle Cove (Rosebridge Ave),1.0,,,,0.5,1.0,8.5,,5.0,,,,,,7.0,33.0,10.0,,1.2,,8.5,,,,4.5,,,,,,
201612,Castle Hill (Kathleen Ave),,,,,2.0,,13.5,,,,,,,,4.8,34.2,8.5,,1.5,,0.2,,,,11.2,,,,,,
201612,Chatswood Bowling Club,1.0,,,,1.0,1.0,6.0,,2.0,,,,,,7.0,28.0,10.0,,1.0,,5.0,,,,11.0,,,,,,
201612,Collaroy (Long Reef Golf Club),,,,,,0.6,8.8,,9.0,2.2,,,,,6.2,26.0,5.2,,,,5.4,,,,,,,,,,
201612,Concord (Brays Rd),0.4,,,,1.4,9.0,3.6,,0.4,,,,,,4.8,24.8,12.8,,,,,,,,15.4,,,,,,
201612,Concord Golf Club,,,,,1.2,10.6,4.2,,1.2,,,,,,6.0,23.2,14.4,,,,,,,,,,,,,,
201612,Frenchs Forest (Frenchs Forest Rd),,,,,1.0,,8.0,,9.0,,,,,,13.0,37.0,6.0,,3.0,,6.0,,,,1.0,,,,,,
201612,Holsworthy Aerodrome AWS,,,,,0.8,12.0,9.2,,,,,,,,3.0,17.2,11.2,,,,0.2,,,,3.2,,,,,,0.6
201612,Horsley Park Equestrian Centre AWS,3.6,,,,1.6,0.8,6.6,0.2,,,,,,,5.0,18.4,15.8,,,,,1.6,0.6,,7.2,,,,,,
201612,Lucas Heights (ANSTO),0.2,0.4,,,,3.2,9.2,,,,,,,,5.2,22.0,12.0,,,,1.8,,,,0.2,,0.4,,,,0.8
201612,Macquarie Park (Willandra Village),0.8,,,,2.0,1.0,7.8,,0.8,,,,,7.8,26.6,14.0,,0.6,,,3.0,,,,6.8,,,,,,
201612,Marrickville Golf Club,,,,,1.0,3.0,14.0,,,,,,,,6.0,26.0,14.0,,,,,,,,2.0,,,,,,
201612,Milperra Bridge (Georges River),,,,,,7.0,5.0,,,,,,,,2.0,17.0,14.0,,,,,,,,5.0,,,,,,
201612,Mona Vale Golf Club,0.2,,,,,50.8,11.6,,3.2,0.2,,,,,9.4,27.6,4.8,,0.8,,1.2,,,,1.6,,,,,,
201612,North Parramatta (Burnside Homes),0.5,,,,1.0,3.5,3.5,,,,,,,,6.0,35.0,18.5,,,,1.0,,,,7.0,,,,,,
201612,North Rocks (Muirfield Golf Club),0.5,,,,1.0,2.5,6.5,,1.0,,,,,,4.5,28.5,15.5,,,,2.0,,,,8.5,0.5,,,,,
201612,Parramatta North (Masons Drive),1.0,,,,1.6,4.0,4.2,,,,,,,,6.0,34.0,16.6,0.4,0.4,,1.2,,,,7.8,,,,,,
201612,Peakhurst Golf Club,,1.0,,,1.0,14.0,8.0,,,,,,,,4.0,19.0,12.0,,,,,,,,1.0,,,,,,
201612,Pennant Hills (Yarrara Road),1.4,,,→,0.6,1.0,8.6,,3.0,,,,,,8.2,27.0,17.6,→,1.0,,2.8,,,,23.4,,,,,,
201612,Penrith Lakes AWS,0.2,,,,2.6,3.8,6.8,,,,,,,,6.2,19.4,21.4,,0.4,0.2,,1.0,,,3.2,,,,,,
201612,Prospect Reservoir,5.8,,0.3,,1.9,13.8,4.6,,,,,,,,4.8,22.2,17.6,,,,0.2,,,,33.0,,,,,,
201612,Randwick (Randwick St),,0.4,,,1.4,3.2,5.8,,1.2,,,,,,7.2,32.2,8.8,0.6,0.2,,,,,,0.4,,,,,,
201612,Richmond RAAF,1.8,0.2,,,2.6,1.2,6.6,0.2,0.4,,,,,,6.0,23.4,26.2,0.2,,,,,,,9.6,,,,,,
201612,Rose Bay (Royal Sydney Golf Club),,0.9,,,0.8,,4.2,,,,,,,,5.4,30.0,,,0.2,,,,,,,,,,,,
201612,Rossmore (South Creek),,,,,,,,,,,,,,,1.0,1.0,,,,,,,,,,,,,,,
201612,Sans Souci (Public School),,,,,1.0,10.0,6.0,,,,,,,,2.0,4.0,2.0,,,,,,,,,,,,,,
201612,Seven Hills (Radio FM 103.2),2.0,,,,3.0,9.0,3.5,,0.5,,,,,,3.5,21.0,15.0,,,,2.5,,,,11.0,,,,,,
201612,Seven Hills (Collins St),,,,,2.8,→,9.4,,,,,,,,15.4,26.0,16.6,,,,4.8,,,,13.8,,,,,,
201612,Springwood (Valley Heights),0.6,,,,3.1,0.6,10.0,,0.2,,,,0.2,,6.0,25.6,23.6,,1.2,,,0.8,,,9.8,,,,,,
201612,St Ives (Richmond Avenue),1.0,,,,,1.0,6.6,,5.0,,,,,,8.2,27.4,,,1.2,,3.0,,,,16.0,,,,,,
201612,Sydney (Observatory Hill),,0.2,,,0.4,3.2,7.8,0.2,0.4,,,,,,8.2,32.6,10.4,,,,,,,,1.6,,,,,,
201612,Sydney Airport AMO,,,,,1.2,10.6,5.0,0.2,,,,,,,4.8,28.0,12.0,,0.2,,,,,,0.2,,0.2,,,,
201612,Sydney Botanic Gardens,0.8,,,,0.8,3.0,10.1,0.2,1.0,,,,,,9.6,30.4,8.4,,,,,,,,1.2,,,,,,
201612,Terrey Hills AWS,0.2,0.2,,,0.2,1.8,6.0,0.4,3.2,,,,,,8.6,28.4,6.4,,1.4,,2.0,0.6,0.2,,5.4,0.2,,,,,
201612,Turramurra (Kissing Point Road),1.0,,,,0.6,1.0,9.0,,4.0,,,,,,6.6,31.6,12.6,0.4,1.0,,4.0,,,,12.8,,,,,,
201612,"Most values are the precipitation
            in the 24 hoursto9 am on the day indicated. Days marked
            with → are part of a longer accumulation, which is shown on the
            final day.Values over 100 mm have been rounded to the nearest whole
            millimetre.Days marked with - have a rainfall report of zero; days left blank
            have no rainfall report (which often indicates no rain fell).",,,,,,,,,,,,,,,,,,,,,,,,,,,,,,,
201612,Rainfalls colouredaccording to the amount,0,1.0,5.0,10.0,15.0,25.0,50.0,100,150,200,300,400,600,millimetres,,,,,,,,,,,,,,,,,
201701,Abbotsbury (Fairfield (City Farm)),,1.0,,,,22.0,6.0,1.0,,2.0,,,,,,,1.0,,,1.0,11.0,,,,6.0,,,,,,
201701,Abbotsford (Blackwall Point Rd),,,,,,,,,,,,,,,,,,,,,9.0,,,,17.0,,,,,,
201701,Audley (Royal National Park),,,2.0,6.0,4.0,16.0,14.0,,,3.0,,,,,,,,,,,6.0,,,,3.0,,,,,,
201701,Badgerys Creek AWS,,,0.2,0.6,,9.6,1.2,,,2.4,,,,,,,,,0.2,0.4,7.2,,,,1.8,,,,,,
201701,Bankstown Airport AWS,,1.0,,0.6,0.4,9.4,21.8,,,2.6,,,,,,0.2,,,,,8.4,,,,4.6,,,,,,
201701,Baulkham Hills Eucalyptus Ct,,1.0,,1.5,0.5,0.5,3.5,,,,,,,,,,,,,1.0,6.0,,,,1.0,,,,,,
201701,Belrose (Evelyn Place),,1.4,1.0,0.8,3.8,0.6,5.0,,,0.4,0.4,,,,,2.0,,,0.8,0.4,8.0,,,,,,,,,,
201701,Berowra (Goodwyn Road),,,3.2,2.2,1.0,2.6,,,,0.2,15.4,0.1,,,,2.0,,,,,,,,,,,,,,,
201701,Box Hill (McCall Gardens),,1.0,,,,20.0,16.0,,,,5.0,,,,,,,,,1.0,6.0,,,,,,,,,,
201701,Camden Airport AWS,,1.2,,0.6,0.2,7.0,4.4,,,4.8,,,,0.4,,,,,0.4,1.0,5.4,,,,2.4,,,,,,
201701,Campbelltown (Kentlyn (Georges River Roa,,1.0,,1.0,,15.0,16.0,,,2.0,2.0,,,1.0,,,,,,,6.0,,,,2.0,,,,,,
201701,Campbelltown (Mount Annan),,1.4,,1.4,,15.0,15.4,,,4.6,1.6,,,1.6,,,,,,0.2,4.0,,,0.2,2.2,,,,,,
201701,Canterbury Racecourse AWS,,1.0,0.6,,4.8,4.6,14.8,,,0.4,,,,,,0.8,,,,,9.0,,,,11.0,,,,,,3.0
201701,Castle Cove (Rosebridge Ave),,1.0,2.0,,7.0,0.5,1.0,,,,,,,,,,,,,2.5,8.0,,,,3.5,,,,,,
201701,Castle Hill (Kathleen Ave),1.4,,1.3,2.0,0.4,0.9,18.4,,,,3.3,,,,,,,,,,8.2,,,,,,0.4,,,,
201701,Castlereagh (Castlereagh Road),2.0,0.6,5.0,1.4,0.8,8.0,,,1.0,1.2,0.4,,,,,,,1.0,2.2,5.8,,,,0.4,,,,,,,
201701,Chatswood Bowling Club,,,2.0,6.0,3.0,,,,,,,,,,,1.0,,,,1.0,7.0,,,,4.0,,1.0,,,,
201701,Collaroy (Long Reef Golf Club),,1.4,1.0,,10.2,2.8,,,,,,,,,,,,,,,7.2,,,,0.4,,,,,,
201701,Concord (Brays Rd),,1.0,0.8,,,2.6,14.4,,,0.4,,,,,0.2,,,,,1.6,6.0,0.2,,,14.4,,,0.2,,,
201701,Concord Golf Club,,1.0,,,2.4,0.6,6.0,,,0.6,,,,,,,,,,,6.2,,,,17.2,,,,,,
201701,Frenchs Forest (Frenchs Forest Rd),,1.0,1.0,,6.0,3.0,,,,,,,,,,,,,1.0,1.0,7.0,,,,,,,,,,
201701,Holsworthy Aerodrome AWS,,0.4,,0.2,1.8,32.4,7.6,,,2.0,0.2,,,1.8,,,,,,,9.6,,,,3.4,,,,,,
201701,Horsley Park Equestrian Centre AWS,,1.0,0.2,,,8.6,7.2,,,2.2,,,,,,,,,,0.8,8.2,,,0.2,9.2,,,,,,
201701,Lucas Heights (ANSTO),,0.6,0.6,1.3,0.8,22.0,12.0,,,2.8,,,,0.6,,0.2,,,,,0.7,,,,3.6,,,,,,
201701,Macquarie Park (Willandra Village),,1.0,,,,,,,,,,,,,,,,,,,,,,,,,,,,,
201701,Marrickville Golf Club,,1.0,1.0,,7.0,7.0,14.0,,,,,,,,,,,,,,9.0,,,,7.0,,,,,,2.0
201701,Milperra Bridge (Georges River),,,,,1.0,4.0,19.0,,,,,,,,,,,,,,7.0,,,,3.0,,,,,,
201701,Mona Vale Golf Club,,1.8,1.0,,6.0,0.6,,,,,1.2,,,,,,,,1.4,0.2,8.0,,,,,,0.2,,,,0.2
201701,North Parramatta (Burnside Homes),,0.5,0.5,2.0,1.0,4.5,27.5,,,,,,,,,,,,,,5.5,,,,2.5,,,,,,
201701,North Rocks (Muirfield Golf Club),,1.0,0.5,0.5,1.5,1.5,6.5,,,,,,,,,,,,,1.0,5.5,,,,1.0,,,,,,
201701,Parramatta North (Masons Drive),,1.4,0.4,3.0,1.6,7.0,24.2,,,0.6,,,,0.2,,,,,,0.2,3.2,,,,3.2,,,,,,
201701,Peakhurst Golf Club,,1.0,,,2.0,9.0,14.0,,,1.0,,,,,,,,,,,6.0,,,,5.0,,,,,,
201701,Pennant Hills (Yarrara Road),→,→,4.4,→,4.0,→,10.5,→,→,→,1.0,→,→,→,0.5,→,→,→,0.6,2.2,7.8,,,,0.4,,0.2,,,,
201701,Penrith Lakes AWS,,2.4,,2.4,0.4,1.4,12.8,,,2.0,,,,,,,,,0.2,2.0,4.4,,,0.2,,,,,,,
201701,Prospect Reservoir,,2.0,,0.6,1.2,11.8,10.0,,,2.2,,,,0.1,,,,,,1.6,6.4,,,,6.0,,,,,,
201701,Randwick (Randwick St),,1.0,2.6,0.6,10.4,19.6,3.6,,,0.4,,,,,,,,,0.1,0.4,7.0,,,,12.4,,0.3,,,,4.8
201701,Richmond - UWS Hawkesbury,→,1.2,,1.6,0.2,1.8,,,,0.2,1.0,,,,→,0.6,,,0.5,0.6,,→,5.0,,3.4,,4.2,,,,
201701,Richmond RAAF,,1.0,0.2,,0.2,4.0,1.8,,,,1.2,0.2,,,1.0,0.2,,,0.4,1.6,4.6,0.2,,,3.2,1.6,0.4,,,,
201701,Rose Bay (Royal Sydney Golf Club),,,1.2,,7.2,5.8,,,,0.4,,,,,,,,,0.1,0.1,,,,,8.2,,,,,,0.9
201701,Sans Souci (Public School),,,,,1.0,5.0,,,,1.0,,,,,,,,,,,1.0,,,,,,,,,,
201701,Seven Hills (Radio FM 103.2),,1.0,,2.5,1.0,9.5,17.0,,,,,,,,,,,,,,6.0,,,,1.0,,,,,,
201701,Seven Hills (Collins St),,1.6,,2.4,,5.0,27.8,,,,,,,,,,,,,,6.0,,,,,,,,,,
201701,Springwood (Valley Heights),0.8,4.8,1.4,2.4,4.8,1.2,2.0,,,2.0,1.0,2.2,,,,,,,3.0,2.2,8.0,0.2,,,1.6,,0.2,,,,
201701,St Ives (Richmond Avenue),,1.6,1.6,1.2,1.8,0.2,,,,,,,,,,,,,,,,,,,,,,,,,
201701,Sydney (Observatory Hill),,0.4,2.6,1.2,5.0,8.8,4.4,,,0.4,,,,,,,,,,,7.8,,,,17.8,,,,,,
201701,Sydney Airport AMO,,0.8,2.2,1.0,5.4,8.2,14.6,,,0.8,0.2,,,,,,,,,,10.6,,,,4.4,,0.2,,,,1.4
201701,Sydney Botanic Gardens,,,4.0,2.8,6.4,2.8,14.6,,,0.6,,,,,,,,,0.4,0.2,7.8,,,,16.0,,,,,,
201701,Terrey Hills AWS,,1.0,1.0,,2.2,1.2,7.0,,,,2.4,,,,0.2,,0.2,,0.8,0.8,6.8,0.2,,,0.2,0.4,0.2,,,,
201701,Turramurra (Kissing Point Road),,1.0,3.4,1.0,1.2,0.6,7.2,,,0.4,0.6,,,,,,,,1.0,1.6,7.8,,,,0.4,,,,,,
201701,"Most values are the precipitation
            in the 24 hoursto9 am on the day indicated. Days marked
            with → are part of a longer accumulation, which is shown on the
            final day.Values over 100 mm have been rounded to the nearest whole
            millimetre.Days marked with - have a rainfall report of zero; days left blank
            have no rainfall report (which often indicates no rain fell).",,,,,,,,,,,,,,,,,,,,,,,,,,,,,,,
201701,Rainfalls colouredaccording to the amount,0,1.0,5.0,10.0,15.0,25.0,50.0,100,150,200,300,400,600,millimetres,,,,,,,,,,,,,,,,,
201702,Abbotsbury (Fairfield (City Farm)),,,,,,,,22.0,10.0,,,,,,,,,10.0,4.0,,,,,,1.0,41.0,6.0,,,,
201702,Abbotsford (Blackwall Point Rd),,6.0,,,,,2.0,48.0,6.5,0.5,,,,,2.0,,,27.0,4.0,7.0,,,,,,30.0,19.0,7.0,,,
201702,Audley (Royal National Park),,2.0,,,,,,22.0,13.0,,,,,2.0,10.0,,,3.0,2.0,,,,,,1.0,27.0,17.0,5.0,,,
201702,Badgerys Creek AWS,,0.6,0.2,,,,,22.0,17.0,,,,,,,,,5.2,4.8,,,,,,2.4,32.6,2.0,6.2,,,
201702,Bankstown Airport AWS,,0.4,,0.2,,,,16.6,4.2,,,,,,,,,8.8,1.6,,,,,,,37.4,6.0,5.4,,,
201702,Baulkham Hills Eucalyptus Ct,0.5,3.0,,0.5,,,4.0,34.0,5.5,,,,,,2.5,,,5.0,4.0,0.5,1.0,,,,3.5,22.0,5.5,1.0,,,
201702,Belrose (Evelyn Place),1.8,21.2,1.0,,,,0.4,35.0,1.0,,,,,,3.0,,,18.0,21.0,0.6,,,,,9.2,60.0,27.2,3.0,,,
201702,Box Hill (McCall Gardens),,14.0,,,1.0,,,9.0,,,,,,,,,,6.0,5.0,,,,,,4.0,14.0,4.0,,,,
201702,Camden Airport AWS,,2.4,,,,,,32.2,9.8,,,,,,,,,3.0,1.4,12.4,,,,,3.0,19.2,2.4,4.0,,,
201702,Campbelltown (Kentlyn (Georges River Roa,,2.0,,,,,,31.0,5.0,,,,,,,,,1.0,5.0,,,,,,,43.0,4.0,,,,
201702,Campbelltown (Mount Annan),,3.6,,,,,,30.2,5.2,,,,,,,,,2.4,0.6,4.8,,,,,,32.0,3.6,4.4,,,
201702,Canterbury Racecourse AWS,,,,,,,0.2,66.8,9.2,,,,,,13.0,,,5.4,1.2,7.6,,,,,2.2,38.4,18.8,2.2,,,
201702,Castle Cove (Rosebridge Ave),2.0,7.0,,,,,2.0,52.0,4.0,,,,,,20.0,,,9.0,24.0,,,,,,9.0,38.0,24.0,5.0,,,
201702,Castle Hill (Kathleen Ave),0.8,7.7,,,,,1.0,29.0,1.3,,,,,1.3,5.3,,,6.8,20.5,4.0,,,,,6.0,26.0,13.6,7.3,,,
201702,Chatswood Bowling Club,2.0,3.0,,,,,2.0,53.0,5.0,,,,,,6.0,,,4.0,15.0,1.0,,,,,9.0,24.0,18.0,9.0,,,
201702,Collaroy (Long Reef Golf Club),0.8,10.0,,,,,3.2,28.2,,,,,,,35.2,,,17.2,21.4,1.8,,,,,2.0,38.4,45.6,1.8,,,
201702,Concord (Brays Rd),,6.4,0.2,,,,5.0,37.2,4.6,,,,,,19.0,,,20.8,0.4,9.0,,,,,0.8,37.0,16.4,5.2,,,
201702,Concord Golf Club,,5.2,,,,,3.8,32.4,,,,,,,11.4,,,16.8,1.0,14.8,,,,,1.6,49.4,12.2,8.8,,,
201702,Frenchs Forest (Frenchs Forest Rd),5.0,20.0,1.0,,,,3.0,45.0,3.0,,,,,,12.0,,,23.0,31.0,,,,,,14.0,79.0,23.0,2.0,,,
201702,Holsworthy Aerodrome AWS,1.8,1.0,,0.2,,,,24.8,14.2,,,,,,1.0,,,14.4,2.6,,,,,,,35.4,5.6,8.2,,,
201702,Horsley Park Equestrian Centre AWS,,0.4,,0.2,,,,25.8,26.4,,,,,,,,,12.6,3.6,,,,,,2.0,49.0,11.8,3.0,,,
201702,Lucas Heights (ANSTO),,1.4,,,,,,25.6,8.4,,,,,,7.2,,,,,,,,,,2.0,35.6,,,,,
201702,Macquarie Park (Willandra Village),,,,,,,,,,,,,,,,,,,,,,,,,10.0,22.0,14.8,5.0,,,
201702,Marrickville Golf Club,,,,,,,,75.0,4.0,,,,,5.0,31.0,,,4.0,1.0,12.0,,,,,2.0,27.0,16.0,,,,
201702,Milperra Bridge (Georges River),,,,,,,,17.0,3.0,,,,,,,,,2.0,2.0,,,,,,,49.0,4.0,1.0,,,
201702,Mona Vale Golf Club,1.0,6.6,0.4,,,1.2,6.4,22.0,4.0,,,,,,41.0,,,50.2,23.4,17.4,,,,,12.8,47.0,68.0,8.4,,,
201702,North Parramatta (Burnside Homes),,3.5,,,,,2.0,56.0,9.0,,,,,,,,,11.0,2.5,5.0,0.5,,,,4.0,29.5,14.0,1.5,,,
201702,North Rocks (Muirfield Golf Club),0.5,3.0,,,0.5,,2.5,33.5,8.5,,,,,,,,,3.5,9.0,4.0,,,,,4.0,27.5,6.5,3.0,,,
201702,Parramatta North (Masons Drive),0.4,3.4,,0.2,,,3.0,57.0,8.4,,,,,,,,,11.4,2.4,5.4,,,,,5.0,29.6,14.4,2.2,,,
201702,Peakhurst Golf Club,,,,,,,,28.0,4.0,,,,,6.0,21.0,,,2.0,2.0,1.0,,,,,,37.0,20.0,8.0,,,
201702,Pennant Hills (Yarrara Road),3.4,16.8,0.2,→,1.0,,2.4,37.0,16.4,,,,,,2.6,,,9.0,18.2,5.0,,,,,8.4,49.0,13.6,5.2,,,
201702,Penrith Lakes AWS,,6.4,,0.4,,,,13.6,6.6,,,,,,0.2,,,5.2,9.0,,,,,,2.6,24.0,0.8,1.0,,,
201702,Prospect Reservoir,0.1,5.1,,0.2,,,,61.0,12.0,,,,,,1.8,,,8.1,2.0,,,,,,0.9,69.4,8.0,8.2,,,
201702,Randwick (Randwick St),1.6,1.1,,,,,11.4,73.4,3.8,,,,,,20.1,,,17.0,3.4,0.8,,,,,16.0,24.6,8.2,,,,
201702,Richmond RAAF,0.2,20.6,,,,,,14.6,1.6,0.2,,,,,,,,12.4,3.4,,,,,,5.4,10.4,2.8,0.4,,,
201702,Rose Bay (Royal Sydney Golf Club),1.6,2.2,0.2,,,,8.1,66.2,7.6,,,,,,10.5,,,12.0,4.0,1.8,,,,,57.0,30.0,20.0,4.2,,,
201702,Sans Souci (Public School),,,,,,,,6.0,1.0,,,,,,2.0,,,,,,,,,,,46.0,3.0,,,,
201702,Seven Hills (Radio FM 103.2),,3.5,,,,,,32.5,3.5,,,,,,5.5,,,8.5,4.5,,,,,,2.5,24.0,3.5,1.0,,,
201702,Seven Hills (Collins St),,11.8,,,,,,26.8,7.2,,,,,,11.6,,,10.4,4.0,,,,,,4.2,26.2,3.6,1.0,,,
201702,Shanes Park (South Creek Road),,,,,,,,,,,65.4,,,,,,,6.8,6.0,,,,,,3.6,25.6,1.0,0.8,,,
201702,Springwood (Valley Heights),0.4,7.2,0.6,0.4,,,0.8,19.8,24.0,,,,,,2.0,,,3.2,8.0,,,,,,10.0,23.0,2.4,1.8,,,
201702,St Ives (Richmond Avenue),2.2,,,,,,,29.6,6.6,,,,,,,,,20.8,,,,,,,10.8,40.0,29.2,11.8,,,
201702,Sydney (Observatory Hill),1.2,4.4,,,,,6.4,85.0,5.4,,,,,,25.6,,,8.0,3.2,0.6,,,,,7.8,28.6,26.4,2.6,,,
201702,Sydney Airport AMO,1.6,,0.2,,,,,52.0,4.6,0.2,,,1.6,0.6,41.0,0.2,,2.0,0.2,7.0,,,,,1.8,28.2,12.8,1.0,,,
201702,Sydney Botanic Gardens,1.4,3.6,,,,,7.8,84.8,9.6,,,,,,45.2,,,11.0,3.8,0.6,,,,,9.4,31.0,25.2,2.6,,,
201702,Terrey Hills AWS,1.4,7.8,0.8,0.4,,0.2,3.2,20.8,6.2,,,,,,2.0,,,36.6,20.2,2.4,,,,,8.4,28.8,43.0,6.8,,,
201702,Turramurra (Kissing Point Road),5.2,24.0,0.4,0.2,0.6,,2.0,44.6,21.2,,,,,,0.4,,,14.6,27.2,1.8,,,,,8.5,69.5,26.6,6.4,,,
201702,"Most values are the precipitation
            in the 24 hoursto9 am on the day indicated. Days marked
            with → are part of a longer accumulation, which is shown on the
            final day.Values over 100 mm have been rounded to the nearest whole
            millimetre.Days marked with - have a rainfall report of zero; days left blank
            have no rainfall report (which often indicates no rain fell).",,,,,,,,,,,,,,,,,,,,,,,,,,,,,,,
201702,Rainfalls colouredaccording to the amount,0,1.0,5.0,10.0,15.0,25.0,50.0,100,150,200,300,400,600,millimetres,,,,,,,,,,,,,,,,,
201703,Abbotsbury (Fairfield (City Farm)),22.0,7.0,4.0,29.0,2.0,2.0,1.0,1.0,1.0,,,,,2.0,43.0,12.0,17.0,17.0,10.0,,,9.0,10.0,7.0,,,,,,1.0,34.0
201703,Abbotsford (Blackwall Point Rd),30.0,15.0,15.0,22.0,11.0,2.0,,7.0,,,,,,,27.0,9.0,13.0,45.0,9.0,,,36.0,17.0,6.0,,,,,,,38.0
201703,Audley (Royal National Park),3.0,21.0,33.0,36.0,12.0,5.0,1.0,7.0,1.0,,,,,,44.0,12.0,24.0,30.0,23.0,,,13.0,3.0,6.0,1.0,,,,,1.0,20.0
201703,Avalon Beach (Avalon (Palmgrove Rd)),7.2,18.2,18.6,17.6,2.1,1.2,,7.4,1.4,,,,,7.4,40.0,8.0,30.0,44.6,8.4,,,20.3,,17.2,,0.8,,,,,67.8
201703,Badgerys Creek AWS,13.4,16.2,0.4,21.6,2.0,2.2,0.2,1.2,0.4,,,,,18.2,54.0,17.0,36.6,12.2,16.0,1.2,,16.2,8.8,7.4,0.2,0.2,,,,0.2,39.6
201703,Bankstown Airport AWS,23.2,5.0,18.0,34.0,7.4,,0.6,0.8,2.0,0.4,,,,1.2,18.8,10.4,10.4,24.2,14.2,0.8,0.2,8.0,13.6,8.4,,,,,,,29.2
201703,Baulkham Hills Eucalyptus Ct,17.0,14.0,3.0,26.5,8.0,2.0,0.5,0.5,4.5,1.0,,,,10.0,54.5,11.5,21.5,37.5,22.5,0.5,,17.0,30.0,7.5,,,,,,,31.5
201703,Belrose (Evelyn Place),6.0,12.4,1.2,27.0,6.8,0.6,,5.0,3.6,0.2,,,,1.4,35.2,21.4,21.2,39.6,23.8,,,24.6,8.0,7.4,0.8,,,0.4,0.2,0.4,31.6
201703,Box Hill (McCall Gardens),11.0,3.0,2.0,35.0,2.0,7.0,,,2.0,,,,,9.0,50.0,29.0,11.0,33.0,18.0,1.0,,20.0,2.0,2.0,,,,1.0,,,28.0
201703,Camden Airport AWS,15.0,2.8,6.0,20.6,3.2,8.0,,2.0,,,,,,0.2,16.2,23.6,47.4,2.6,10.4,2.6,,27.6,13.8,5.8,,,,,,0.8,33.8
201703,Campbelltown (Kentlyn (Georges River Roa,15.0,12.0,21.0,40.0,4.0,1.0,1.0,4.0,1.0,,,,,2.0,25.0,7.0,16.0,14.0,21.0,1.0,,12.0,9.0,6.0,,1.0,,,,2.0,30.0
201703,Campbelltown (Mount Annan),20.6,5.2,19.6,33.8,0.8,1.4,0.2,2.2,1.0,,,,,0.4,17.6,10.2,16.2,6.4,11.0,1.4,,16.0,24.8,6.8,,,,,,0.4,29.6
201703,Canterbury Racecourse AWS,18.6,21.4,7.2,8.4,8.6,4.0,2.4,1.8,1.6,1.2,0.4,,,,,,9.2,38.2,13.0,,,26.0,16.6,6.4,1.0,,,,,,27.6
201703,Castle Cove (Rosebridge Ave),24.0,10.0,4.0,28.0,12.5,0.5,1.0,11.0,2.0,0.2,,,,0.2,32.0,16.0,22.0,39.0,21.0,0.2,,6.0,7.5,8.5,5.0,0.2,,0.5,,,46.0
201703,Castle Hill (Kathleen Ave),13.6,10.2,12.4,33.8,14.7,3.4,,2.7,3.0,,,,,23.0,47.0,11.7,15.8,55.6,26.5,0.7,,25.9,11.2,8.2,,,,,,,36.0
201703,Chatswood Bowling Club,11.0,8.0,6.0,33.0,12.0,2.0,,9.0,1.0,,,,,,27.0,12.0,14.0,54.0,11.0,,,14.0,7.0,9.0,3.0,,,1.0,,,50.0
201703,Collaroy (Long Reef Golf Club),8.6,4.2,3.8,6.0,2.4,1.2,,0.8,1.6,,,,,1.6,47.2,3.2,17.6,19.6,7.8,,,8.6,4.8,4.8,,6.8,,0.4,,,45.2
201703,Concord (Brays Rd),28.4,27.2,14.4,16.8,12.4,0.8,0.6,3.8,1.0,0.2,,,,2.4,27.2,10.6,16.6,42.0,12.8,0.4,,34.2,21.4,6.6,0.8,0.4,,,,,28.0
201703,Concord Golf Club,25.4,37.4,14.2,20.6,16.4,,0.8,5.8,1.8,,,,,4.0,28.0,9.8,11.6,43.0,11.0,0.6,,38.8,30.4,8.2,,,,,,,31.2
201703,Frenchs Forest (Frenchs Forest Rd),7.0,12.0,2.0,29.0,11.0,1.0,2.0,6.0,2.0,,,,,3.0,37.0,17.0,21.0,66.0,22.0,,,15.0,5.0,10.0,2.0,1.0,,2.0,,,44.0
201703,Holsworthy Aerodrome AWS,10.4,16.4,18.6,35.8,2.4,0.8,1.8,2.6,2.2,,,,,1.6,33.4,6.6,15.8,21.6,20.0,0.2,,18.2,8.2,7.0,,,,,,,33.2
201703,Horsley Park Equestrian Centre AWS,19.4,14.2,7.4,19.6,3.2,3.4,0.6,1.4,1.8,,,,,1.2,62.8,9.8,15.4,24.4,12.0,1.6,0.2,8.6,6.4,6.4,0.6,,,,,,33.6
201703,Lucas Heights (ANSTO),15.2,18.6,22.6,38.2,6.0,11.0,1.0,4.2,2.6,,,,,0.3,23.2,12.0,21.2,25.4,30.2,2.6,,10.8,5.6,7.0,,1.0,,0.2,0.2,,26.2
201703,Marrickville Golf Club,18.0,21.0,11.0,13.0,7.0,2.0,1.0,4.0,,,,,,3.0,31.0,3.0,17.0,40.0,12.0,1.0,,38.0,10.0,8.0,,,,,,,27.0
201703,Milperra Bridge (Georges River),19.0,2.0,21.0,24.0,4.0,,,,,1.0,,,,,17.0,6.0,10.0,21.0,13.0,,1.0,6.0,10.0,8.0,,,,,,,22.0
201703,Mona Vale Golf Club,17.2,10.4,21.0,17.2,2.8,2.2,,5.0,4.2,2.8,,,,0.2,44.2,10.2,21.4,42.8,9.8,,,18.6,4.2,9.8,0.8,0.4,,0.2,,0.6,76.6
201703,North Parramatta (Burnside Homes),20.0,15.0,3.5,31.0,14.0,0.5,0.5,1.5,6.0,0.5,,,,6.5,55.0,7.0,20.5,36.5,18.0,0.5,0.5,15.5,21.5,10.0,,,,,,,31.0
201703,North Rocks (Muirfield Golf Club),19.5,19.0,2.5,20.5,19.0,1.0,,3.0,4.0,0.5,,,,11.0,50.0,13.5,20.5,41.0,22.0,0.5,,16.5,14.5,7.5,,,,,,,32.5
201703,Parramatta North (Masons Drive),20.0,15.0,4.0,32.4,13.0,1.0,0.4,2.2,6.2,0.4,,,,6.2,56.0,8.0,21.0,39.0,17.0,1.0,,16.0,23.0,10.2,,,,,,,32.0
201703,Peakhurst Golf Club,23.0,7.0,39.0,40.0,18.0,4.0,1.0,2.0,2.0,1.0,,,,3.0,24.0,6.0,15.0,31.0,19.0,1.0,,14.0,19.0,4.0,1.0,,,,,,21.0
201703,Pennant Hills (Yarrara Road),12.6,5.0,26.4,53.8,→,17.0,1.0,6.0,1.2,2.8,,,,12.2,39.6,16.0,25.4,56.4,→,39.2,,14.8,4.8,9.4,0.8,,,,,→,36.8
201703,Penrith Lakes AWS,22.0,,,35.4,2.0,0.4,,1.2,0.2,,,,,1.6,55.0,,12.8,17.0,14.2,,0.2,20.8,17.4,2.4,,,,,0.2,,27.4
201703,Prospect Reservoir,9.0,14.2,34.2,63.0,5.4,3.2,1.3,0.8,4.8,,,,,3.8,70.6,11.3,16.4,30.0,12.6,0.8,,12.2,6.6,5.2,0.1,,,,,,29.0
201703,Randwick (Randwick St),23.2,8.0,14.2,32.6,2.8,3.4,0.2,3.6,0.8,0.5,,,,0.2,29.6,10.0,18.0,22.6,3.0,0.1,,13.0,4.6,17.6,1.6,0.4,,0.1,,1.0,34.6
201703,Richmond RAAF,8.4,12.0,6.2,37.0,1.2,0.2,1.0,0.2,,0.2,,,,3.8,41.8,23.2,11.8,35.2,13.2,0.6,,43.2,12.0,2.8,,,,,0.2,,32.6
201703,Rose Bay (Royal Sydney Golf Club),13.4,14.4,18.0,3.2,2.8,3.2,0.2,3.0,2.0,0.2,,,,,35.2,6.8,16.2,25.4,5.0,0.2,,20.2,12.5,14.5,,,,0.2,,0.4,33.0
201703,Rossmore (South Creek),,,,25.0,1.0,2.0,,2.0,2.0,,,,,1.0,14.0,9.0,29.0,5.0,11.0,,1.0,,12.0,11.0,,,,,,1.0,30.0
201703,Sans Souci (Public School),4.0,,34.0,42.0,6.0,2.0,1.0,2.0,,,,,,,30.0,2.0,8.0,25.0,15.0,,,12.0,15.0,5.0,4.0,,,,,,16.0
201703,Seven Hills (Radio FM 103.2),16.0,15.0,4.0,26.5,5.5,2.5,1.0,1.0,3.0,,,,,11.5,62.0,10.0,13.5,26.5,10.0,0.5,,23.0,15.5,3.5,,,,,,,7.0
201703,Seven Hills (Collins St),7.0,12.8,3.2,46.0,6.4,2.6,1.4,,4.6,,,,,18.6,68.4,11.6,15.4,31.4,17.8,0.4,,21.6,11.2,6.6,,,,,,,27.0
201703,Shanes Park (South Creek Road),12.6,5.8,2.0,23.6,0.4,1.2,0.4,0.2,1.0,,,,,7.4,49.6,34.6,11.8,26.4,15.8,1.2,0.2,29.6,8.0,3.2,,,,,,0.2,29.8
201703,Springwood (Valley Heights),38.0,5.4,17.4,35.6,4.0,1.0,,1.6,1.4,,,,,1.6,37.2,54.4,36.8,28.4,31.0,6.4,0.4,70.2,19.0,5.4,0.2,,,1.0,1.2,0.2,32.4
201703,St Ives (Richmond Avenue),12.4,10.0,1.6,46.0,16.8,1.2,0.8,8.8,1.0,0.4,,,,1.8,31.8,13.8,16.2,84.2,44.8,0.6,,18.6,20.8,6.6,3.6,0.6,,,0.2,0.4,48.0
201703,Sydney (Observatory Hill),26.4,3.2,37.8,27.6,7.6,2.4,,5.0,1.0,0.6,0.2,,,0.4,38.0,2.6,20.0,45.8,4.2,0.2,,25.6,18.2,10.2,4.8,,,,,2.4,42.4
201703,Sydney Airport AMO,17.6,18.0,12.6,17.0,7.2,1.0,1.2,6.8,0.2,,,,,,24.2,6.0,14.6,27.2,8.0,,,29.2,7.4,5.8,1.2,0.2,,,,,23.2
201703,Sydney Botanic Gardens,27.4,4.4,32.5,33.0,9.8,1.8,0.4,5.4,1.0,0.4,,,,0.4,40.2,6.6,21.8,43.4,5.2,2.3,,23.2,,,,,,,,,
201703,Terrey Hills AWS,9.2,4.8,,14.8,10.6,0.4,0.8,7.4,3.4,0.2,,,,0.2,27.2,16.8,22.8,71.8,23.2,0.2,,21.4,11.0,6.6,1.6,0.6,0.2,,,,36.6
201703,Turramurra (Kissing Point Road),9.0,4.6,4.2,59.6,14.6,1.6,1.6,1.3,,0.6,,,,6.6,35.0,18.2,23.8,62.6,35.6,1.0,,19.6,13.6,8.0,3.4,1.0,,,,0.4,55.6
201703,"Most values are the precipitation
            in the 24 hoursto9 am on the day indicated. Days marked
            with → are part of a longer accumulation, which is shown on the
            final day.Values over 100 mm have been rounded to the nearest whole
            millimetre.Days marked with - have a rainfall report of zero; days left blank
            have no rainfall report (which often indicates no rain fell).",,,,,,,,,,,,,,,,,,,,,,,,,,,,,,,
201703,Rainfalls colouredaccording to the amount,0,1.0,5.0,10.0,15.0,25.0,50.0,100,150,200,300,400,600,millimetres,,,,,,,,,,,,,,,,,
201704,Abbotsbury (Fairfield (City Farm)),,,6.0,11.0,5.0,,,,,12.0,,,,,,,,,,,,,,,,,,,,,
201704,Abbotsford (Blackwall Point Rd),,,27.0,6.0,6.0,,,,,8.0,,,8.0,,,,,,,,,,,,,,,,,,
201704,Audley (Royal National Park),,5.0,28.0,25.0,6.0,,,,,8.0,,,5.0,,,,,,,4.0,,,,,,1.0,1.0,,,,
201704,Avalon Beach (Avalon (Palmgrove Rd)),,3.6,16.4,48.6,5.8,,,,,8.2,,,,26.2,,,,,0.7,0.8,,,,,,2.0,1.4,,,,
201704,Badgerys Creek AWS,,0.4,3.6,11.6,2.2,,,,,7.4,,,,,,,,,,,,,,0.2,0.2,,2.0,,,,
201704,Bankstown Airport AWS,,0.8,11.2,13.8,2.6,,,,,10.0,,,0.8,,,,,,,0.2,,,,,,0.6,1.0,0.2,,,
201704,Baulkham Hills Eucalyptus Ct,,0.5,11.0,4.5,5.0,,,,,11.5,1.0,,,,,,,,,,,,,,,1.0,,,,,
201704,Belrose (Evelyn Place),1.0,,12.6,10.6,0.4,,,,,7.4,,9.0,8.0,,,,,,,0.4,,,,,,4.4,3.6,,,,
201704,Box Hill (McCall Gardens),,,6.0,8.0,2.0,,1.0,,,5.0,,,,,,,,,,,,,,1.0,,,7.0,1.0,,,
201704,Camden Airport AWS,,0.2,2.0,6.4,8.8,,0.2,,,14.0,,,,,,,,,,,,,,0.4,,0.2,1.6,,,,
201704,Campbelltown (Kentlyn (Georges River Roa,,,5.0,11.0,13.0,,1.0,,,4.0,,,,,,1.0,,,,,,,,,,,2.0,,,,
201704,Campbelltown (Mount Annan),0.2,,3.0,2.0,4.8,0.2,,,,10.6,,,0.2,,,,,,,0.2,,,,,0.2,,0.6,,,,
201704,Canterbury Racecourse AWS,,,20.6,13.4,23.6,,,,,8.6,,,7.0,0.2,,,,,,,,,,,,0.6,0.4,,,,
201704,Castle Cove (Rosebridge Ave),2.5,,14.0,7.0,3.5,,,,,7.5,,10.0,10.5,,,,,,,,,,,,,5.0,6.0,,,,
201704,Castle Hill (Kathleen Ave),,,14.0,7.0,6.5,,,,,10.0,,,,,,,,,,4.0,,,,,,2.2,,,,,
201704,Castlereagh (Castlereagh Road),,3.4,10.4,15.0,0.2,,,,8.2,,,,,,,,,,,,,,,,,0.4,,,,,
201704,Chatswood Bowling Club,,,17.0,9.0,4.0,,,,,7.0,,6.0,12.0,,,,,,,,,,,,,3.0,4.0,,,,
201704,Collaroy (Long Reef Golf Club),,,31.2,6.2,6.8,,,,,9.6,,9.0,11.2,1.4,,,,,,1.0,,,,,,3.6,1.6,,,,
201704,Concord (Brays Rd),,,20.2,7.6,11.8,0.2,,,,11.4,,,5.2,,,,,,,,,,,,,0.8,0.4,,,,
201704,Concord Golf Club,,,17.0,11.4,9.2,0.4,,,,11.0,,,5.8,,,,,,,,,,,,,,,,,,
201704,Frenchs Forest (Frenchs Forest Rd),2.0,,15.0,9.0,1.0,,,,,7.0,,9.0,9.0,,,,,,,,,,,,,4.0,4.0,,,,
201704,Holsworthy Aerodrome AWS,,0.6,11.0,25.2,7.2,,,,,8.0,,,,,,,,,,,,,,,,0.4,2.0,,,,
201704,Horsley Park Equestrian Centre AWS,,0.2,8.2,13.8,12.4,,,,,3.4,,,,,,,,,,,,,,,,,0.4,,,,
201704,Lucas Heights (ANSTO),,2.4,7.0,41.0,10.0,,,,,8.2,,,,,,,,,,1.8,,,,,,0.9,0.8,,,,
201704,Macquarie Park (Willandra Village),,,31.0,6.0,4.2,,,,,,,,,,,,,,,,,,,,,,,,,,
201704,Marrickville Golf Club,,1.0,26.0,8.0,14.0,,,,,9.0,,,13.0,,,,,,,,,,,,,,,,,,
201704,Milperra Bridge (Georges River),,,8.0,17.0,8.0,,,,,6.0,,,,,,,,,,,,,,,,,,,,,
201704,Mona Vale Golf Club,2.2,0.2,22.8,13.6,6.4,,,,,9.0,,12.0,13.6,,,0.2,,,1.2,1.0,0.2,,0.2,0.2,,2.6,0.4,,,,
201704,North Parramatta (Burnside Homes),0.5,,12.0,5.0,4.0,,,,,10.0,,,1.0,,,,,,,,,,,,,1.0,,0.5,,,
201704,North Rocks (Muirfield Golf Club),,,15.0,6.5,6.0,,,,,12.0,,,0.5,,,,,,,,,,,,,1.0,0.5,,,,
201704,Parramatta North (Masons Drive),0.4,,12.6,6.2,4.0,,,,,10.0,,,1.4,,,,,,,0.6,,,,,,1.2,0.4,,,,
201704,Peakhurst Golf Club,,1.0,19.0,21.0,4.0,,,,,11.0,,,1.0,,,,,,,1.0,,,,,,1.0,1.0,,,,
201704,Pennant Hills (Yarrara Road),0.2,→,21.4,6.0,1.6,,,,,8.6,,0.2,3.6,,,,,,,0.2,,,,,,4.4,6.0,,,,
201704,Penrith Lakes AWS,,0.8,3.0,13.0,3.4,,,,,9.0,,,,,,,,,,,,,,,,,0.2,,,,
201704,Prospect Reservoir,,0.5,10.4,20.8,18.2,,,0.2,,10.4,0.4,,,,,,,,,0.2,,,,,,,0.6,,,,
201704,Randwick (Randwick St),,,32.8,11.4,0.8,,,,,8.4,,4.4,25.6,0.6,,,,,,8.6,,0.4,,,,2.2,0.2,,,,
201704,Richmond RAAF,0.2,,3.6,9.4,2.8,0.2,,,,5.4,0.2,,,0.2,,,,,,0.6,,,,,,,1.4,0.2,,,
201704,Rose Bay (Royal Sydney Golf Club),4.6,,24.2,8.0,0.8,,,,,7.4,,9.0,22.2,,,,,,,1.0,,0.5,,,,2.1,,0.1,,,
201704,Rossmore (South Creek),,,5.0,14.0,3.0,1.0,,,,8.0,1.0,,1.0,,,,,,,,,,,,,,1.0,,,,
201704,Sans Souci (Public School),,,8.0,8.0,3.0,,,,,6.0,,,14.0,,,,,,,3.0,,,,,,,1.0,,,,
201704,Seven Hills (Radio FM 103.2),,,,,,,,,,9.5,,,,,,,,,,1.0,,,,,,0.5,,,,,
201704,Seven Hills (Collins St),,,7.2,→,16.8,,,,,11.8,,,,,,,,,,,,,,,,,,,,,
201704,Shanes Park (South Creek Road),,0.2,3.6,21.6,12.6,,,,,9.8,,,,,,,,,,,,,0.2,,,,,,,,
201704,Springwood (Valley Heights),,0.2,3.8,14.0,7.4,0.4,,,,8.0,,,,,,,,,,,,,0.2,,,,1.6,,,,
201704,St Ives (Richmond Avenue),1.0,,8.2,6.2,3.4,0.6,,,,9.2,0.2,2.8,6.4,,,,,0.2,,3.0,,,,,,4.0,2.0,,,,
201704,Sydney (Observatory Hill),,,33.8,7.8,0.4,0.2,,,,8.8,,9.4,19.8,,,,,,,0.2,,,,,,1.8,0.4,,,,
201704,Sydney Airport AMO,,0.4,30.8,7.0,4.8,,,,,8.6,,3.4,27.4,0.2,,0.8,0.2,,,8.2,,,,,,0.2,0.4,,,,
201704,Sydney Botanic Gardens,4.1,31.6,8.6,0.8,,,,,,8.2,7.4,19.0,1.5,,,,,,,0.2,,,,,,2.4,0.4,,,,
201704,Terrey Hills AWS,3.2,0.2,10.0,10.0,1.0,,0.2,,,8.0,,,,0.2,,,,,0.2,6.0,0.2,,,,,3.6,0.2,,,,
201704,Turramurra (Kissing Point Road),,,12.8,10.0,6.0,,,,,8.6,0.2,0.4,5.8,,,0.6,,,,0.6,,,,,,4.6,8.0,,,,
201704,"Most values are the precipitation
            in the 24 hoursto9 am on the day indicated. Days marked
            with → are part of a longer accumulation, which is shown on the
            final day.Values over 100 mm have been rounded to the nearest whole
            millimetre.Days marked with - have a rainfall report of zero; days left blank
            have no rainfall report (which often indicates no rain fell).",,,,,,,,,,,,,,,,,,,,,,,,,,,,,,,
201704,Rainfalls colouredaccording to the amount,0,1.0,5.0,10.0,15.0,25.0,50.0,100,150,200,300,400,600,millimetres,,,,,,,,,,,,,,,,,
201705,Abbotsbury (Fairfield (City Farm)),,,,,,,,,,,,,,,,,,,,7.0,,,,2.0,,,,,,,
201705,Abbotsford (Blackwall Point Rd),,,,,,,,,,,,,4.0,,,,,,,10.0,,,,,,,,,,,
201705,Audley (Royal National Park),,,,15.0,,,,,,,,,,,,,,,,12.0,,,,3.0,,,,,,,
201705,Avalon Beach (Avalon (Palmgrove Rd)),,,,27.0,,,,,,,,,,,,,,,,24.8,,,,,,,,,,,
201705,Badgerys Creek AWS,,,,1.0,,,,,,,,,,,1.2,,,,,9.0,,,,3.2,,,,,0.2,0.6,0.4
201705,Bankstown Airport AWS,,,,0.4,,,,,,,,,,,,,,,,6.6,,,,2.2,,,,,,0.6,
201705,Baulkham Hills Eucalyptus Ct,,,,,,,,,,,,,,,,,,,,7.5,0.5,,,,,,,,,,
201705,Belrose (Evelyn Place),,,,2.0,,,0.4,,,,,,3.8,,19.0,,,,,18.8,,,,1.4,,,,,0.4,,
201705,Box Hill (McCall Gardens),,,,,,,,,,,,,,,,,,,1.0,10.0,,1.0,,2.0,,,,,,,
201705,Camden Airport AWS,0.2,,,0.4,,,,,0.2,,,,,,,,,,,,,,,4.0,,,,0.2,,,0.8
201705,Campbelltown (Kentlyn (Georges River Roa,,,,1.0,,,,,,,,,,,,1.0,,,,7.0,,,1.0,5.0,,,1.0,,1.0,,
201705,Campbelltown (Mount Annan),,,,1.4,,,,,,,,,,,0.2,,,,,6.0,,,,7.6,,,,0.2,0.2,,
201705,Canterbury Racecourse AWS,,,,0.6,,,0.4,0.2,,,,,,0.2,,0.2,,,,8.8,0.2,,,6.6,,,,,,,
201705,Castle Cove (Rosebridge Ave),,,,2.0,,,,,,,,1.0,4.5,,15.0,,,,,18.0,,,,1.5,,,,,,,
201705,Castle Hill (Kathleen Ave),,,,,,,,,,,,,,,,,,,,9.9,,,,,,,,,,,
201705,Chatswood Bowling Club,,,,,,,2.0,,,,,,2.0,,2.0,,,,,14.0,,,,1.0,,,,,,,
201705,Collaroy (Long Reef Golf Club),,0.6,9.8,,,,0.6,,,,,,4.6,,2.8,,,,,22.4,1.0,,,2.4,,,3.4,,0.4,,
201705,Concord (Brays Rd),,,,2.4,,,,,,,,,0.8,,,,,,,9.2,,,,0.4,,,,,,,
201705,Concord Golf Club,,,,3.2,,,,,,,,,1.0,,,,,,,10.8,,,,,,,,,0.2,,
201705,Frenchs Forest (Frenchs Forest Rd),,,,2.0,,,,,,,,,4.0,,17.0,,,,,18.0,,,,1.0,,,,,,,
201705,Holsworthy Aerodrome AWS,,,,5.0,,,,,,,,,,,,,,,,6.2,0.2,,,1.4,,,,,,,
201705,Horsley Park Equestrian Centre AWS,,,,,,,,,0.2,,,,,,0.4,,,,,7.2,,,,3.8,,,,,0.2,,
201705,Lucas Heights (ANSTO),,,,4.0,,,,,,,,,,,,,,,,8.8,,,,2.8,,,,,,,
201705,Marrickville Golf Club,,,,3.0,1.0,,1.0,,,,,,,,,,,,,10.0,,,,4.0,,,,,,,
201705,Milperra Bridge (Georges River),,,,,,,,,,,,,,,,,,,,5.0,,,,1.0,,,,,,,
201705,Mona Vale Golf Club,0.2,,1.2,20.0,,0.2,0.4,,,,,,3.0,0.4,28.6,,,0.2,1.0,27.6,0.2,0.2,,1.6,,0.2,,0.4,,,
201705,Mount Annan Botanic Garden,,,,1.4,,,,,,,,,,,,,,,,6.4,0.2,,,5.0,,,,,,,
201705,North Parramatta (Burnside Homes),,,,,,,,,,,,,,,,,,,,7.5,,,,,,,,,,,
201705,North Rocks (Muirfield Golf Club),,,,,,,1.0,,,,,,,,0.5,,,,,7.5,,,,0.5,,,,,,,
201705,Parramatta North (Masons Drive),,,,0.2,,,,,,,,,0.2,,,,,,,7.6,,,,,,,,,,,0.2
201705,Peakhurst Golf Club,,,,4.0,,,,,,,,,,,,,,,1.0,7.0,,,,1.0,,,,,,,
201705,Pennant Hills (Yarrara Road),,,,1.4,,,2.2,,,,,,0.2,,1.6,,,,,→,8.8,0.2,,1.4,,,,0.2,0.4,,
201705,Penrith Lakes AWS,,,,,,,,,,,,,,,0.8,,,,0.4,8.6,,,,0.2,,,,,0.2,,
201705,Prospect Reservoir,,,,,,,,,,,,,,,0.5,,,,,9.2,0.2,,,,,,,,,,
201705,Randwick (Randwick St),,,8.0,1.2,0.6,,1.2,,0.4,,,0.2,→,4.0,11.2,0.1,,,1.4,24.8,1.4,0.2,,1.8,,,,,,,
201705,Richmond - UWS Hawkesbury,,,,,,,,,,,,,,→,2.4,,,,0.2,,→,12.0,,1.0,,,,→,0.2,,
201705,Richmond RAAF,,,0.2,,,,,,,,,,,,2.4,,0.2,,0.2,10.6,0.2,,0.2,0.6,0.2,,,,0.6,,
201705,Rose Bay (Royal Sydney Golf Club),,,3.8,1.6,0.3,,1.0,,1.2,,,1.1,2.8,,3.3,,,,1.0,24.0,,0.1,,2.7,,,,,,,
201705,Rossmore (South Creek),,,,1.0,,,,,,,,,,,1.0,,,,,8.0,,,,3.0,,,,,,,
201705,Sans Souci (Public School),,,,6.0,,,,,,,,,,,10.0,,,,,5.0,,,,1.0,,,,,,,
201705,Seven Hills (Radio FM 103.2),0.5,,,,,,,,,,,,,,0.5,,,,,7.0,,,,0.5,,,,,,,
201705,Seven Hills (Collins St),,,,,,,,,,,,,,,,,,,,10.0,,,,,,,,,,,
201705,Shanes Park (South Creek Road),,,,,,,,,,,,,,,20.0,,,,0.2,9.8,0.6,,,0.6,,,,,0.2,,0.2
201705,Springwood (Valley Heights),,,,0.6,,,,,,,,,,0.8,14.4,,,,0.6,12.8,,,,0.2,,,,,0.6,,
201705,St Ives (Richmond Avenue),,,,1.0,,,1.2,,,,,,2.8,,4.0,,,,,11.8,,,,1.0,,,,,0.2,,
201705,Sydney (Observatory Hill),,,1.4,3.8,0.4,,0.2,,,,,0.4,3.2,,5.2,,,,,14.6,,,,0.8,,,,,,,
201705,Sydney Airport AMO,,,0.4,16.4,0.4,,,,,,,,1.2,0.2,,0.2,0.2,,,10.8,0.6,,,1.0,0.2,,,,,,0.2
201705,Sydney Botanic Gardens,,,1.5,2.4,0.4,,0.2,,0.6,,,,4.0,,4.6,,,,0.4,17.2,,,,3.0,,,,,,,
201705,Terrey Hills AWS,,,,8.8,,0.2,1.0,,,,,,0.4,,34.4,,,,0.4,16.6,,0.2,,0.6,,,,,0.4,,
201705,Turramurra (Kissing Point Road),,,,1.6,,,2.6,,,,,,1.6,,2.2,,,,0.2,13.8,0.2,,,2.0,,,,0.2,0.4,,
201705,"Most values are the precipitation
            in the 24 hoursto9 am on the day indicated. Days marked
            with → are part of a longer accumulation, which is shown on the
            final day.Values over 100 mm have been rounded to the nearest whole
            millimetre.Days marked with - have a rainfall report of zero; days left blank
            have no rainfall report (which often indicates no rain fell).",,,,,,,,,,,,,,,,,,,,,,,,,,,,,,,
201705,Rainfalls colouredaccording to the amount,0,1.0,5.0,10.0,15.0,25.0,50.0,100,150,200,300,400,600,millimetres,,,,,,,,,,,,,,,,,
201706,Abbotsbury (Fairfield (City Farm)),,,,,,,17.0,44.0,,18.0,,1.0,,,,,,,,,,,,,,,,,1.0,,
201706,Abbotsford (Blackwall Point Rd),,,,,,,23.0,105,17.0,22.0,4.0,,,,,,,,,,,,,,,,,→,5.0,,
201706,Audley (Royal National Park),,,,,1.0,,26.0,33.0,2.0,48.0,10.0,1.0,,,,,,,,,,,1.0,,,,,,,,
201706,Avalon Beach (Avalon (Palmgrove Rd)),,,,,,,,93.0,5.6,22.6,4.4,,,,,,,,6.0,12.2,,,,,,,,,2.2,,
201706,Badgerys Creek AWS,,,,,,,17.4,12.8,,23.6,0.4,0.2,0.2,,0.2,,,,,,0.2,,0.2,,0.2,,,,1.2,,
201706,Bankstown Airport AWS,,,,,,,18.8,60.6,4.4,18.6,0.4,,0.2,,,,0.2,,,,,,,,,,,,0.6,,
201706,Baulkham Hills Eucalyptus Ct,,,,,,,18.5,116,4.5,46.0,1.0,,,,,,,,,0.5,,,,,,,1.0,,2.0,,
201706,Belrose (Evelyn Place),,,,,,,32.4,56.4,4.6,35.6,9.2,0.8,,1.2,0.2,,,0.2,1.2,4.0,0.8,,,,,,,,3.0,0.2,
201706,Box Hill (McCall Gardens),,,,,,1.0,16.0,75.0,1.0,32.0,3.0,,,,1.0,,,,,,,,1.0,,,,,,3.0,,
201706,Camden Airport AWS,,,,,,,18.8,17.4,0.4,30.0,1.2,0.4,0.2,,0.2,,,,,,0.2,0.2,,0.2,0.2,,,,0.4,,
201706,Campbelltown (Kentlyn (Georges River Roa,,,,,,,22.0,20.0,3.0,32.0,5.0,,,1.0,,,,,,,,,,,,,,1.0,,,
201706,Campbelltown (Mount Annan),,,,,,,22.4,17.8,0.4,29.4,4.0,0.2,0.4,,0.2,,,,,,,,0.2,,0.2,,,,0.6,,
201706,Canterbury Racecourse AWS,,,,,,,28.0,45.6,4.6,22.2,5.8,,,,0.2,,,,,1.2,,0.2,,,,,,,0.8,0.2,
201706,Castle Cove (Rosebridge Ave),,,,1.0,,,36.0,62.0,12.5,23.0,4.5,2.0,,1.5,,,0.5,0.5,0.5,8.0,,,,,,,,,2.5,,
201706,Castle Hill (Kathleen Ave),,,,,,,22.4,94.2,13.4,29.6,3.5,1.5,,,,,,,,0.9,,,,,,,,,3.4,,
201706,Chatswood Bowling Club,,,,,,,52.0,80.0,5.0,33.0,5.0,2.0,,3.0,,,,,1.0,3.0,1.0,,,,,,,,2.0,,
201706,Collaroy (Long Reef Golf Club),,,,1.2,,,42.4,64.8,8.8,9.2,5.8,,,5.2,,,2.6,0.2,11.0,2.6,,,,,,,,,3.0,,
201706,Concord (Brays Rd),,,,,,,25.4,108,12.8,22.0,3.6,0.4,,,0.2,,,,,1.0,,,,,,,,,1.8,0.2,
201706,Concord Golf Club,,,,,,,28.2,95.6,,34.4,4.0,,,,,,,,,,,,,,,,,,,,
201706,Frenchs Forest (Frenchs Forest Rd),,,,1.0,,,31.0,53.0,4.0,35.0,5.0,1.0,,2.0,,,,,2.0,4.0,1.0,,,,,,,,3.0,,
201706,Holsworthy Aerodrome AWS,,,,,,,18.6,31.8,1.6,20.6,0.6,0.2,,,0.2,,,,,,,,0.2,,,,,0.2,0.6,0.2,
201706,Horsley Park Equestrian Centre AWS,,,,,0.2,,16.8,48.0,,17.8,1.0,0.4,0.2,,,,,,,,,,,0.2,,,,,,,
201706,Lucas Heights (ANSTO),,,,,,,20.3,29.2,6.5,38.0,6.8,,,,,,,,,,,,,,,,,,0.6,,
201706,Marrickville Golf Club,,,,,,,31.0,52.0,7.0,21.0,3.0,,,,,,,,,1.0,1.0,,,,,,,,,,
201706,Milperra Bridge (Georges River),,,,,,,14.0,47.0,3.0,17.0,1.0,,,,,,,,,,,,,,,,,,,,
201706,Mona Vale Golf Club,,,,0.8,0.2,,29.8,61.2,8.8,23.4,9.4,0.6,,4.0,0.4,0.2,,,10.4,1.8,0.4,,0.4,,,,,,2.6,,
201706,Mount Annan Botanic Garden,,,,,,,17.4,21.2,1.0,28.4,4.4,0.2,,,0.2,,,0.1,,,,,0.2,0.1,,,,,0.6,,
201706,North Parramatta (Burnside Homes),,,,,,,19.0,96.5,8.5,57.5,1.5,0.5,,,,,0.5,,,,,,0.5,,,,,,2.0,,
201706,North Rocks (Muirfield Golf Club),,,,,,,19.0,99.0,4.0,39.5,0.5,,0.5,,,0.5,,,,,,,,,,,,,2.0,0.5,
201706,Parramatta North (Masons Drive),,,,,,,20.0,96.0,9.0,60.0,1.6,1.0,,0.2,,,0.2,,,0.6,,,,,,,,,2.6,,
201706,Peakhurst Golf Club,,,,,,,18.0,44.0,5.0,13.0,2.0,,,,,,,,,,,,,,,,,,1.0,,
201706,Pennant Hills (Yarrara Road),,,,,,,20.8,91.0,9.0,23.6,7.8,0.8,,0.8,0.2,,,,,1.0,0.2,,0.2,,,,,,,,
201706,Penrith Lakes AWS,,,,,,,,,0.2,25.2,1.4,0.2,,,0.2,,,,,,,,0.2,,,,,,1.6,,
201706,Prospect Reservoir,,,,,,,20.0,45.6,1.4,25.0,1.7,0.1,,,,,,,,→,0.2,,,,,,,,1.6,,
201706,Randwick (Randwick St),0.6,,,1.6,0.1,,50.6,57.8,1.2,33.6,10.0,1.6,,5.2,0.2,,0.1,4.0,2.0,5.6,0.3,0.1,,,,,,,1.4,,
201706,Richmond - UWS Hawkesbury,,,,,,,14.4,53.7,0.4,,→,29.0,0.1,,0.1,,,,,0.3,0.3,0.4,,,,,,,3.2,0.6,
201706,Richmond RAAF,,,,,,,16.2,68.6,0.2,30.2,2.4,0.4,,,,0.2,,,,,0.2,,,,0.2,,,,3.6,,
201706,Rose Bay (Royal Sydney Golf Club),,,,1.2,,,45.2,65.0,10.0,26.2,4.3,1.4,,5.0,1.2,,0.8,29.0,3.4,7.4,0.2,,0.1,,,,,,1.8,,
201706,Rossmore (South Creek),,,,,,,15.0,13.0,,20.0,,1.0,,,,,,,,,,,,1.0,,,,,1.0,,
201706,Sans Souci (Public School),,,,,,,19.0,29.0,13.0,4.0,,,,,,,,1.0,,,,,,,,,,,,,
201706,Seven Hills (Radio FM 103.2),,,,,,,18.0,70.0,1.0,32.5,,0.5,,,,0.5,,,,,,,0.5,,,,,,1.5,,
201706,Seven Hills (Collins St),,,,,,,18.0,67.0,1.6,29.0,,,,,,,,,,,,,,,,,,,2.8,,
201706,Shanes Park (South Creek Road),,,,,,,18.8,48.4,0.8,23.4,1.6,0.2,0.2,,,,,,,,0.2,,0.2,,,,,,2.8,,
201706,Springwood (Valley Heights),,,,,,,10.2,23.5,2.0,30.0,4.6,0.2,,,,0.2,,,,0.2,,,,,,,,,1.2,,
201706,St Ives (Richmond Avenue),,,,,,,→,112,2.0,46.2,8.0,1.0,,1.2,0.2,,,,0.6,4.8,,,,,,,,,3.0,,
201706,Sydney (Observatory Hill),,,,1.4,,,54.6,61.0,3.4,38.8,2.8,1.2,,2.6,0.6,,,1.8,0.4,4.4,,,,,,,,,1.6,,
201706,Sydney Airport AMO,,,,2.2,0.2,,33.4,41.6,7.2,15.6,2.4,,0.2,0.4,0.2,,,1.0,,1.6,0.2,0.2,,,,,,,0.8,,
201706,Sydney Botanic Gardens,,,,2.2,,,52.6,70.8,4.6,43.0,18.0,,4.0,0.4,,,3.4,,1.4,4.8,,,,,,,,,1.8,0.2,
201706,Terrey Hills AWS,,,,0.2,,0.2,28.6,74.4,5.6,21.6,6.0,0.4,,1.4,0.4,,,,3.2,1.8,0.8,,,,,,,,3.2,,
201706,Turramurra (Kissing Point Road),,,,0.4,,,32.0,75.6,5.0,27.8,7.0,1.6,,1.0,,,,,0.4,2.2,,,,,,,,,3.4,0.2,
201706,"Most values are the precipitation
            in the 24 hoursto9 am on the day indicated. Days marked
            with → are part of a longer accumulation, which is shown on the
            final day.Values over 100 mm have been rounded to the nearest whole
            millimetre.Days marked with - have a rainfall report of zero; days left blank
            have no rainfall report (which often indicates no rain fell).",,,,,,,,,,,,,,,,,,,,,,,,,,,,,,,
201706,Rainfalls colouredaccording to the amount,0,1.0,5.0,10.0,15.0,25.0,50.0,100,150,200,300,400,600,millimetres,,,,,,,,,,,,,,,,,
201707,Abbotsbury (Fairfield (City Farm)),,,,,,,,,,,,,,,,,,,,,,,,,,,,,,,
201707,Abbotsford (Blackwall Point Rd),,,,,,,,,,,,,6.0,,,,,,,,,,,,,,,,,,
201707,Audley  (Royal National Park),,,,,,,,,,,,,6.0,,,,,,,,,,,,,,,,,,
201707,Avalon Beach (Avalon (Palmgrove Rd)),,,,0.6,,,,,,,,5.2,1.6,,,,,,,,,,,,,,,,,,
201707,Badgerys Creek AWS,,,,0.4,,,,,,,,,,,,,,,,,,,,,,,,,,,
201707,Bankstown Airport AWS,,,,0.4,,,,,,,,,,,,,,,,,,,,,,,,,,,
201707,Baulkham Hills Eucalyptus Ct,,,,0.5,,,,,,,,,,,,,,,,,,,,,,,,,,,
201707,Belrose (Evelyn Place),,,,,,,,,,,,0.2,6.0,,0.4,0.2,,,,,,,,,,,,,,,
201707,Box Hill (McCall Gardens),,1.0,,,,,,,,,,,,,,,,,,,,,,,,,,,,,
201707,Camden Airport AWS,,,0.2,0.6,,,,,0.2,,,0.2,,,,,,0.2,,,,,0.2,,,,,,,,
201707,Campbelltown (Kentlyn (Georges River Roa,,,,1.0,,,,,,,,,,,,,,,,,,,,,,,,,,,
201707,Campbelltown (Mount Annan),,,0.2,0.4,0.2,,,,,0.2,0.2,,,,,,,,,,,,0.2,,,,,,,,
201707,Canterbury Racecourse AWS,,,,0.2,,,,,,,,,6.2,0.2,,,,,,,,,,,,,,,,,
201707,Castle Cove (Rosebridge Ave),,,,,,,,,,,,,7.5,,,,,,,,,,,,,,,,,,
201707,Chatswood Bowling Club,,,,,,,,,,,,,5.0,,1.0,,,,,,,,,,,,,,,,
201707,Collaroy (Long Reef Golf Club),,,,1.0,,,,,,,,10.6,10.2,,,,,,,,,,,,,,,,,,
201707,Concord (Brays Rd),,,,,,,,,,,,4.2,0.2,,,,,,,,,,,,,,,,,,
201707,Concord Golf Club,,,,0.8,,,,,,,,,,,,,,,,,,,,,,,,,,,
201707,Frenchs Forest (Frenchs Forest Rd),,,,,,,,,,,,,10.0,,1.0,,,,,,,,,,,,,,,,
201707,Holsworthy Aerodrome AWS,,,,,,,,,,,,,,,,,,,,,,,,,,,,,,,
201707,Horsley Park Equestrian Centre AWS,,,,,,,,,,,,,,,,,,,,,,,,,,,,,,,
201707,Lucas Heights (ANSTO),,,,,,,,,,,,,0.4,,,,,,,,,,,,,,,,,,
201707,Marrickville Golf Club,,,,,,,,,,,,,11.0,,,,,,,,,,,,,,,,,,
201707,Milperra Bridge (Georges River),,,,,,,,,,,,,,,,,,,,,,,,,,,,,,,
201707,Mona Vale Golf Club,,,0.2,0.6,,,,,,,,3.8,4.6,0.2,0.2,,,,,,,,,,,,,,,,
201707,Mount Annan Botanic Garden,,0.1,,0.6,,,,,,,,,,,,,,,,,,,,,,,,,,,
201707,North Parramatta (Burnside Homes),,,,,,,,,,,,,,,,,,,,,,,,,,,,,,,
201707,North Rocks (Muirfield Golf Club),,,,,,,,,,,,,,,,,,,,,,,,,,,,,,,
201707,Parramatta North (Masons Drive),,,,0.2,,,,,,,,,,,,,,,,,,,,,,,,,,,
201707,Peakhurst Golf Club,,,,,,,,,,,,,1.0,,,,,,,,,,,,,,,,,,
201707,Pennant Hills (Yarrara Road),→,→,→,0.8,,,,,,,,,0.4,,→,0.2,,,,,,,,,,,,,,,
201707,Penrith Lakes AWS,,0.2,,1.0,,,,,,,,,,,,,,0.2,,,,,,,,,,,,,
201707,Prospect Reservoir,,,,,0.4,,,,,,,,,,,,,,,,,,,,,,,,,,
201707,Randwick (Randwick St),,,,0.2,,,,,,,,3.4,19.0,,0.4,,,,,,,,,,,,,,,,
201707,Richmond - UWS Hawkesbury,,→,0.2,0.4,,,,,,,,,,,,,,,,,,,,,,,,,,,
201707,Richmond RAAF,0.2,,,0.4,,,,,,,,,,,,,,,,,,,,,,,,,,,
201707,Rose Bay (Royal Sydney Golf Club),,,,0.2,,,,,,,,11.6,15.3,,0.6,,,,,,,,,,,,,,,,
201707,Rossmore (South Creek),,,,,,,,,,,,,,,,,,,,,,,,,,,,,,,
201707,Sans Souci (Public School),,,,,,,,,,,,,9.0,,,,,,,,,,,,,,,,,,
201707,Seven Hills  (Radio FM 103.2),,0.5,,,,,,,,,,,,,,,,,,,,,,,,,,,,,
201707,Shanes Park (South Creek Road),,0.2,,0.2,0.2,,,,,,,,,,,,,,,,,,,,,,,,,,
201707,Springwood (Valley Heights),,,,0.6,,,,,,,,,,,,,,,,,,,,,,,,,,,
201707,St Ives (Richmond Avenue),,,,0.6,,,,,,,,,1.4,,,0.6,,,,,,,,,,,,,,,
201707,Sydney (Observatory Hill),,,,0.2,,,,,,,,1.6,10.4,,0.4,,,,,,,,,,,,,,,,
201707,Sydney Airport AMO,,,,,,,,,,,,1.2,16.0,,,,,,,,,,,,,,,,,,
201707,Sydney Botanic Gardens,,,,0.2,,,,,,,,2.2,11.8,,0.6,,,,,,,,,,,,,,,,
201707,Terrey Hills AWS,,,,0.4,0.2,,,,,,,,3.8,,0.2,,0.2,,,,,,,,,,,,,,
201707,Turramurra (Kissing Point Road),,,,0.4,,,,,,,,,0.2,,0.2,,,,,,,,,,,,,,,,
201707,"Most values are the precipitation in the 24 hoursto9 am on the day indicated.
Days marked with → are part of a longer accumulation, which is shown on the final day.Values over  100  mm have been rounded to the nearest whole millimetre.Days marked with - have a rainfall report of zero; 
days left blank have no rainfall report (which can indicate that no rain fell).",,,,,,,,,,,,,,,,,,,,,,,,,,,,,,,
201707,Rainfalls colouredaccording to the amount,0,1.0,5.0,10.0,15.0,25.0,50.0,100,150,200,300,400,600,millimetres,,,,,,,,,,,,,,,,,
201708,Abbotsbury (Fairfield (City Farm)),9.0,,,12.0,,,,,,,,,,,,,,,,,,,,,,,,,,,
201708,Abbotsford (Blackwall Point Rd),7.0,,,16.0,,,,,,,,,,,,,,,,,,,,,,,,2.0,,,
201708,Audley  (Royal National Park),7.0,,,14.0,,,,,,,,,,,,,,1.0,,,,,,,,,,,,,
201708,Avalon Beach (Avalon (Palmgrove Rd)),4.6,,,8.8,,,,,,,,,,,,,,,,,,,,,,,,,,,
201708,Badgerys Creek AWS,9.2,,,11.0,,,,,,,,,,,0.2,,0.2,0.2,,,,,,,,,,,,,
201708,Bankstown Airport AWS,8.6,,,13.6,,,,,,,,,,,,,,,,,,,,,,,,3.2,,,
201708,Baulkham Hills Eucalyptus Ct,8.0,,,13.5,,,,,0.5,,,,,,,,,,,,,,,,,,,,,,
201708,Belrose (Evelyn Place),10.6,,0.2,14.0,,,,,,,,,,,,1.0,,,,,,,,,0.6,,,2.4,,,
201708,Blackheath (Evans Lookout Rd),9.0,,0.6,13.4,,,,2.8,,,,,,,,→,3.4,1.0,1.2,,,,,,1.4,,→,1.4,,,
201708,Blackheath (Wombat Street),9.0,,,12.0,,,,1.0,,,,,,,,,3.0,,,,,,,,4.0,,,1.0,,,
201708,Box Hill (McCall Gardens),7.0,,,10.0,,,,,,,3.0,,,,,,,,,,,,,,,,,,,,
201708,Camden Airport AWS,10.6,,,10.0,,,,,,,,,,,,0.2,0.2,,,,,0.2,,,,,,0.8,,,
201708,Campbelltown (Kentlyn (Georges River Roa,12.0,,,15.0,,,,,,,,,,,,,,,,,,,,,,,,2.0,,,
201708,Campbelltown (Mount Annan),10.0,0.2,,11.0,,,,,,,,,,,,0.2,,,,,,0.2,,,,,,0.6,0.2,,0.2
201708,Canterbury Racecourse AWS,5.8,,1.4,11.8,,,,,,,,,,,,0.2,,,,,,,,,0.4,,,2.8,0.2,,
201708,Castle Cove (Rosebridge Ave),22.0,,,15.0,,,,,,,,,,,,0.5,,,,,,,,,,,,2.0,,,
201708,Castle Hill (Kathleen Ave),9.0,,,13.0,,,,,,,,,,,,,,,,,,,,,,,,2.3,,,
201708,Castlereagh (Castlereagh Road),,,10.8,,,,,,,,,,,,,,,,,,,,,,,,,,,,
201708,Chatswood Bowling Club,7.0,,,,,,,,,,,,,,,,,,,,,,,,,,,1.0,,,
201708,Collaroy (Long Reef Golf Club),4.8,,,10.4,,,,,,,,,,,,0.6,,,,,,,,,2.0,,,1.0,,,
201708,Concord (Brays Rd),6.4,,,11.8,,,,,,,,,,,,0.2,,,,,,,,,0.6,,,1.0,,,
201708,Concord Golf Club,7.0,,1.0,11.4,,,,,,,,,,,,,,,,,,,,,,,,,,,
201708,Cooranbong (Avondale),,,,7.0,,,,,,,,,,,,,,,,,,,,,,1.0,,1.0,,,
201708,Cooranbong (Lake Macquarie AWS),,,,6.2,,,,,,,,,,,,,,,,,,,,,0.2,0.2,0.2,0.8,,,
201708,Darkes Forest (Kintyre),9.8,,,13.4,,,,,,,,,,,0.8,0.2,0.2,,,,,0.6,,,,,,2.4,,,
201708,Dover Heights (Portland St),7.0,,2.6,13.4,,,,,,,,,,,,0.2,,,,0.4,,,,,1.2,,,2.4,0.8,,
201708,Erskine Park Reservoir,10.0,,,11.0,,,,,,,,,,,,,,,,,,,,,,,,,,,
201708,Faulconbridge (Great Western Hwy),8.0,,,9.0,,,,,,,,,,,,,1.0,,,,,,,,5.0,,,1.0,,,
201708,Faulconbridge (St Georges Crescent),8.8,,9.2,,,,,,,,,,,,,,1.2,0.6,,,,,,,7.6,,,,,,
201708,Frenchs Forest (Frenchs Forest Rd),10.0,,,14.0,,,,,,,,,,,,,,,,,,,,,,,,1.0,,,
201708,Gosford AWS,1.4,,,6.8,,,,,,,,,,,,0.4,,,,,0.8,,,,,,,1.2,,,
201708,Holsworthy Aerodrome AWS,8.8,,,13.4,,,,,,,,,,,,,0.2,,,,,,,,,,,6.2,,,
201708,Hornsby (Swimming Pool),11.4,0.6,,11.8,,,,,,,,,,,,0.2,,,,,,,,,,,,6.4,0.2,,
201708,Horsley Park Equestrian Centre AWS,,0.2,,11.4,0.2,,,,,,,,,,,,0.2,,,,,,,,,,,,,,
201708,Katoomba (Murri St),7.6,0.2,1.0,→,11.8,,,2.2,,,,,,,,0.4,4.0,4.0,0.6,,,,,,4.8,0.2,,0.8,,,
201708,Kurrajong Heights (Bells Line of Road),→,→,→,→,→,→,→,→,→,→,17.2,,,,,,0.6,,,,,,,,,,,,,,
201708,Lucas Heights (ANSTO),8.6,,,,,,,,,,,,,,,,,,,,,,,,,,,3.4,,,
201708,Macquarie Park (Willandra Village),7.8,,0.4,11.2,,,,,,,,,,0.2,,0.4,,,,,,,,,0.6,,,2.4,,,
201708,Mangrove Mountain AWS,2.6,,,9.8,,,,,,,,,,,,1.2,,,,,,,,,,,,0.2,,,
201708,Marrickville Golf Club,6.0,,,13.0,,,,,,,,,,,,,,,,,,,,,,,,2.0,,,
201708,Menangle Bridge (Nepean River),10.0,,,11.0,,,,,,,,,,,,,,,,,,,,,1.0,,,1.0,,,
201708,Milperra Bridge (Georges River),5.0,,,11.0,,,,,,,,,,,,,,,,,,,,,,,,1.0,,,
201708,Mona Vale Golf Club,4.4,,,12.8,,,,,,,,,,0.2,0.2,0.6,,,,,0.2,,0.2,,2.6,,,4.4,,,
201708,Mount Annan Botanic Garden,10.0,,,11.0,,,,,,,,,,,,0.1,,,,,,,,,,,,0.8,,,
201708,Mount Boyce AWS,6.4,0.2,0.2,12.8,,,,0.6,0.2,,,,,,,,2.4,0.2,0.2,,,,,,6.0,0.2,0.2,0.4,0.4,,
201708,Mount Wilson (Clarine),5.6,,0.2,10.0,,,,,1.0,,,,,,,3.0,,5.0,1.0,,,,,,,,1.4,,,,
201708,Norah Head AWS,,,2.6,6.8,,,,,,,,,,,,0.2,,,,1.2,0.2,,0.2,,4.6,4.2,,0.4,0.2,,0.6
201708,North Parramatta (Burnside Homes),7.5,,,13.5,,,,,,,,,,,,,,,,,,,,,,,,0.5,,,
201708,North Rocks (Muirfield Golf Club),7.5,,,12.0,,,0.5,,,,,,,,,,,,,,,,,,,,,0.5,,,
201708,North Ryde Golf Club,6.0,,,11.0,,,,,,,,,,,,,,,,,,,,,,,,1.0,,,
201708,Parramatta North (Masons Drive),8.0,,0.4,13.2,,,,,,,,,,,0.2,0.2,,,,,,,,,,,,0.4,,,
201708,Peakhurst Golf Club,7.0,,,14.0,,,,,,,,,,,,,,,,,,,,,,,,2.0,,,
201708,Pennant Hills (Yarrara Road),8.8,,,12.4,,,,,,,,,,,,0.4,,0.4,,,,,,,0.4,,,2.2,,,
201708,Penrith Lakes AWS,9.0,,,,,,,,,0.2,,,,,,0.2,0.2,,,,,,,,,,,0.2,,,
201708,Picton Council Depot,9.0,,0.2,9.0,,,,,,,,,,,0.2,,1.0,0.2,,,,0.8,,,4.6,→,→,0.8,,,
201708,Prospect Reservoir,8.0,,,11.8,0.1,,,,,,,,,,0.4,,,,,,,,,,,,,,0.3,,
201708,Putty (The Gibba),1.0,,,11.0,,,,,,,,,,,,,,,,,,,,,,,,,,,
201708,Randwick (Randwick St),6.8,,7.4,15.2,,,,,,,,,,,,0.4,,,,0.2,,,,,0.6,,,2.0,,,
201708,Richmond - UWS Hawkesbury,5.6,,,10.0,,,,,,,,,,,,,,,,,,,,,1.2,,,,,,
201708,Richmond RAAF,6.4,,,9.6,,,,,,,,,,,,,,,,,,,,,0.8,,,,,,
201708,Rose Bay (Royal Sydney Golf Club),5.9,,2.6,13.2,,,,,,,,,,,,0.2,,,,0.4,,,,,0.5,,,1.6,0.1,,
201708,Rossmore (South Creek),8.0,,,12.0,,,,,,,,,,,,,,,,,,,,,,,,,,,
201708,Sans Souci (Public School),6.0,,,7.0,,,,,,,,,,,,,,,,,,,,,1.0,,,2.0,,,
201708,Seven Hills  (Radio FM 103.2),6.5,,,11.0,0.5,,,0.5,,,,,,,,0.5,,,,,,,,,,,,,,,
201708,Seven Hills (Collins St),,,,17.6,,,,,,,,,,,,,,,,,,,,,,,,,,,
201708,Shanes Park (South Creek Road),9.2,,,12.0,,,,,,,,,,,,,,,,,,,,,,,,,,,
201708,Springwood (Valley Heights),7.0,,,9.0,,,,,,,,,,,,,0.8,1.0,,,,,,,,,,0.4,,,
201708,St Ives (Richmond Avenue),7.8,,,12.2,,,,,,,,,,,,0.8,,0.8,,,,,,,0.4,,,6.6,,,
201708,Sydney (Observatory Hill),6.0,,3.0,13.8,,,,,,,,,,,,,,,,0.2,,,,,,,,1.2,,,
201708,Sydney Airport AMO,7.4,0.2,4.8,12.2,0.2,,,,,,,,,,,,,,,0.4,0.2,,,,,,,1.8,,,
201708,Sydney Botanic Gardens,6.8,,3.0,13.6,,,,,,,,,,,,0.4,,,,0.4,,,,,,,,,,,
201708,Sydney Olympic Park AWS (Archery Centre),7.4,,0.6,12.0,,,,,,,,,,,,0.4,,,,,,,,,0.4,,,0.6,,0.2,
201708,Terrey Hills AWS,4.4,,,11.2,,,,,,,,,,,,0.4,,,,,,,,,,,,4.2,,,
201708,Turramurra (Kissing Point Road),11.6,,,13.2,,,,,,,,,,,,0.6,,0.2,,,,,,,0.4,,,4.0,,,
201708,Wahroonga (Ada Avenue),9.8,,,13.0,,,,,,,,,,,0.2,,,0.4,,,,,,,,0.2,,4.2,,,
201708,Wedderburn (Booalbyn),11.0,,,17.0,,,,,,,,,,,,,,,,,,,,,,,,1.0,,,
201708,Wyong (Jilliby (Jilliby Creek)),0.2,0.2,,8.0,,,,,,,,,,,,0.2,,,,,,,,,,,,0.2,,,0.2
201708,Wyong (Kulnura (Jeavons)),1.0,,,8.0,,,,,,,,,,,,,,,,,,,,,,,,,,,
201708,Wyong (Mount Elliot),,,,7.0,,,,,,,,,,,,,,,,,4.0,,,,,,,1.0,,,
201708,Wyong (Olney Forest),,,,9.0,,,,,,,,,,,,,,,,,,,,,,,,,,,
201708,"Most values are the precipitation in the 24 hoursto9 am on the day indicated.
Days marked with → are part of a longer accumulation, which is shown on the final day.Values over  100  mm have been rounded to the nearest whole millimetre.Days marked with - have a rainfall report of zero; 
days left blank have no rainfall report (which often indicates no rain fell).",,,,,,,,,,,,,,,,,,,,,,,,,,,,,,,
201708,Rainfalls colouredaccording to the amount,0,1.0,5.0,10.0,15.0,25.0,50.0,100,150,200,300,400,600,millimetres,,,,,,,,,,,,,,,,,
201709,Abbotsbury (Fairfield (City Farm)),,,,,,,,,,,,,,1.0,,,,,,,,,,,,,,,,,
201709,Audley  (Royal National Park),,,,,,,,,,,,,,,,,,,,,,,,,,,,,,,
201709,Badgerys Creek AWS,,,,,,,,,,,,,,1.4,,,,,,,,,,,,,,,,,
201709,Bankstown Airport AWS,,,,,,,,,,,,,,0.6,,,,,,,,,,,,,,,,,
201709,Baulkham Hills Eucalyptus Ct,,,,,,,,,,,,,,,,,,,,,,,,,,,,,,,
201709,Belrose (Evelyn Place),,,,,,,,,,,,,,0.8,,,,,,,,,,,,,,,,,
201709,Blackheath (Evans Lookout Rd),,,,,,,,,,,,,,1.0,,,,,,,,,,→,0.2,,,1.0,0.6,,
201709,Blackheath (Wombat Street),,,,,,,,,,,,,,,,,,,,,,,,,,,,,1.0,,
201709,Box Hill (McCall Gardens),,,,,,,,,,,,,,,,,,,,,,,,,,,,,,,
201709,Camden Airport AWS,,,,,,,,,,,,,,,,,,,,,,,,,,0.2,,,,,
201709,Campbelltown (Kentlyn (Georges River Roa,,,,,,,,,,,,,,1.0,,,,,,,,,,,,,,,,,
201709,Campbelltown (Mount Annan),,,,,,,,,,,,,,,,,,,,,,,,,,0.2,,,,,
201709,Canterbury Racecourse AWS,,,,,,,,,,,,,,0.2,,,,,,,,,,,,,,,,,
201709,Castle Cove (Rosebridge Ave),,,,,,,,,,,,,,0.2,,,,,,,,,,,,,,,,,
201709,Castle Hill (Kathleen Ave),,,,,,,,,,,,,,0.6,,,,,,,,,,,,,,,,,
201709,Chatswood Bowling Club,,,,,,,,,,,,,,,,,,,,,,,,,,,,,,,
201709,Collaroy (Long Reef Golf Club),1.2,,,,,,,,,,,,,,,,,,,,,,,,,,,,,,
201709,Concord (Brays Rd),,,,,,,,,,,,,,0.4,,,,,,,,,,,,,,,,,
201709,Cooranbong (Avondale),,,,,,,,,,,,,,12.0,,,,,,,,,,,,,,,,,
201709,Cooranbong (Lake Macquarie AWS),,,,,,,,,,,,,,12.4,,,,,,,,,,,,,,,,,
201709,Darkes Forest (Kintyre),,,,,,,,,,,,,,0.6,0.2,,,,,,,,,,,,,,,,
201709,Dover Heights (Portland St),4.6,,,,,,,,,,,,,,,,,,,,,,,,,,,,,,
201709,Erskine Park Reservoir,,,,,,,,,,,,,,1.0,,,,,,,,,,,,,,,,,
201709,Faulconbridge (Great Western Hwy),,,,,,,,,,,,,,2.0,,,,,,,,,,,,,,,,,
201709,Frenchs Forest (Frenchs Forest Rd),,,,,,,,,,,,,,,,,,,,,,,,,,,,,,,
201709,Gosford AWS,,,,,,,,,,,,,,2.4,,,,,,,,,,,,,,,,,
201709,Holsworthy Aerodrome AWS,,,,,,,,,,,,,,0.8,,,,,,,,,,,,,,,,,
201709,Hornsby (Swimming Pool),,,,,,,,,,,,,,0.6,,,,,,,,,,,,,,,,,
201709,Horsley Park Equestrian Centre AWS,,,,,,,,,,,,,,1.4,0.2,,,,,,,,,,,,,,,,
201709,Katoomba (Murri St),,,,,,,,,,,,,,0.6,,,,,,,,,,,,,,1.0,0.6,,
201709,Kurrajong Heights (Bells Line of Road),,,,,,,,,,,,,,1.0,,,,,,,,,,,,,,,,,
201709,Lucas Heights (ANSTO),,,,,,,,,,,,,,1.0,,,,,,,,,,,,,,,,,
201709,Mangrove Mountain AWS,,,,,,,,,,,,,,3.8,,,,,,,,,,,,,,,,,
201709,Marrickville Golf Club,,,,,,,,,,,,,,,,,,,,,,,,,,,,,,,
201709,Menangle Bridge (Nepean River),1.0,,,,,,,,,,,,,,,,,,,,,,,,,,,,,,
201709,Milperra Bridge (Georges River),,,,,,,,,,,,,,,,,,,,,,,,,,,,,,,
201709,Mona Vale Golf Club,0.4,0.2,0.2,,,,,,,,0.2,,,0.4,,,,,,,0.2,,,,,,,,,,
201709,Mount Boyce AWS,,,,,,,,,,,,,,0.2,,,,,,,,,,,,,,,0.2,,
201709,Mount Wilson (Clarine),,,,,,,,,,,,,,3.0,,,,,,,,,,,,,,,,,
201709,Norah Head AWS,1.2,0.2,,,,,,,,,,,,11.6,,,,,,,,,,,,,,,,,
201709,North Parramatta (Burnside Homes),,,,,,,,,,,,,,,,,,,,,,,,,,,,,,,
201709,North Rocks (Muirfield Golf Club),,,,,,,,,,,,,,,,,,,,,,,,,,,,,,,
201709,North Ryde Golf Club,,,,,,,,,,,,,,,,,,,,,,,,,,,,,,,
201709,Parramatta North (Masons Drive),,,,,,,,,,,,,,0.4,,,,,,,,,,,,,,,,,
201709,Peakhurst Golf Club,,,,,,,,,,,,,,,,,,,,,,,,,,,,,,,
201709,Pennant Hills (Yarrara Road),,,,,,,,,,,,,,0.6,,,,,,,,,,,,,,,,,
201709,Penrith Lakes AWS,,,,,,,,,,,,,,0.2,,,,,,,,,,,,,,,,,
201709,Picton Council Depot,,,,,,,,,,,,,,,,,,,,,,,,,,,,,,,
201709,Prospect Reservoir,,,,,,,,,,,,,,1.2,,,,,,,,,,,,,,,,,
201709,Putty (The Gibba),,,,,,,,,,,,,,,,,,,,,,,,,,,,,,,
201709,Randwick (Randwick St),1.8,,,,,,,,,,,,,0.2,,,,,,,,,,,,,,,,,
201709,Richmond RAAF,,,,,,,,,,,,,,0.2,,,,,,,,,,,,,,,,,
201709,Rose Bay (Royal Sydney Golf Club),5.2,,,,,,,,,,,,,0.1,,,,,,,,,,,,,,,,,
201709,Rossmore (South Creek),,,,,,,,,,,,,,1.0,,,,,,,,,,,,,,,,,
201709,Sans Souci (Public School),,,,,,,,,,,,,,,,,,,,,,,,,,,,,,,
201709,Seven Hills  (Radio FM 103.2),,,,,,,,,,,,,,0.5,,,,,,,,,,,,,,,,,
201709,Shanes Park (South Creek Road),,,,,,,,,,,,,,0.8,,,,,,,,,,,,,,,,,
201709,Springwood (Valley Heights),,,,,,,,,,,,,,2.0,,,,,,,,,,,,,,,,,
201709,St Ives (Richmond Avenue),,,,,,,,,,,,,,0.8,,,,,,,,,,,,,,,,,
201709,Sydney (Observatory Hill),,,,,,,,,,,,,,0.2,,,,,,,,,,,,,,,,,
201709,Sydney Airport AMO,0.2,,,,0.2,,,,,,,,,,0.2,,,,,,,,,,,,,,,0.2,
201709,Sydney Botanic Gardens,,,,,,,,,,,,,,0.6,,,,,,,,,,,,,,,,,
201709,Sydney Olympic Park AWS (Archery Centre),,,,,,,,,,,,,,0.4,,,,,,,,,,,,,,,,,
201709,Terrey Hills AWS,,,,,,,,,,,,,,0.4,,,,,,,,,,,,,,,,,
201709,Turramurra (Kissing Point Road),,,,,,,,,,,,,,1.0,,,,,,,,,,,,,,,,,
201709,Wahroonga (Ada Avenue),,,,,,,,,,,,,,0.8,,,,,,,,,,,,,,,,,
201709,Warragamba,,,,,,,,,,,,,,,,,,,,,,,,,,,,,,,
201709,Wedderburn (Booalbyn),,,,,,,,,,,,,,,,,,,,,,,,,,,,,,,
201709,Wyong (Jilliby (Jilliby Creek)),,,,,,,,,,,,,,4.4,,,,,,,,,,,,,,,,,
201709,Wyong (Kulnura (Jeavons)),,,,,,,,,,,,,,4.0,,,,,,,,,,,,,,,,,
201709,Wyong (Mount Elliot),,,,,,,,,,,,,,2.0,,,,,,,,,,,,,,,,,
201709,Wyong (Olney Forest),,,,,,,,,,,,,,7.0,,,,,,,,,,,,,,,,,
201709,"Most values are the precipitation in the 24 hoursto9 am on the day indicated.
Days marked with → are part of a longer accumulation, which is shown on the final day.Values over  100  mm have been rounded to the nearest whole millimetre.Days marked with - have a rainfall report of zero; 
days left blank have no rainfall report (which often indicates no rain fell).",,,,,,,,,,,,,,,,,,,,,,,,,,,,,,,
201709,Rainfalls colouredaccording to the amount,0,1.0,5.0,10.0,15.0,25.0,50.0,100,150,200,300,400,600,millimetres,,,,,,,,,,,,,,,,,
201710,Abbotsbury (Fairfield (City Farm)),,,,,,,,,,,,,,,,,,,,10.0,14.0,,4.0,4.0,,1.0,10.0,,,,
201710,Abbotsford (Blackwall Point Rd),,,,,,,,,,,,,,,,,,,,6.0,22.0,0.1,12.0,,,0.6,9.0,17.0,1.0,,
201710,Audley  (Royal National Park),,,,,,,,,,,,1.0,,,,,,,,9.0,9.0,,4.0,,,1.0,12.0,,,,
201710,Avalon Beach (Avalon (Palmgrove Rd)),,,,,,,,,,,,2.8,,0.2,1.4,,,,,5.2,13.8,,6.2,,,,16.8,,,,
201710,Badgerys Creek AWS,,,,,,,,,,0.2,1.0,0.2,,,,,,,,10.4,18.4,,4.4,,,1.2,21.0,,,,
201710,Bankstown Airport AWS,,,,,,,,,0.2,,,0.6,,,,,,,,8.6,13.0,,2.2,,,1.4,7.2,,,,
201710,Baulkham Hills Eucalyptus Ct,,,,,,,,,,,,0.5,3.5,1.0,,,,,,9.0,18.0,,1.0,,,0.5,9.5,,,,
201710,Belrose (Evelyn Place),,,,,,,,,0.8,0.4,3.8,2.0,,0.4,3.8,,,0.2,,→,19.8,,3.6,,,0.6,4.4,1.2,,,
201710,Blackheath (Evans Lookout Rd),,,,,,,0.2,→,1.0,1.4,→,2.6,,→,→,10.8,,,,14.0,21.8,→,16.8,,,0.8,21.4,0.2,,,
201710,Blackheath (Wombat Street),,,,,,,,,1.0,1.0,1.0,2.0,,1.0,9.0,1.0,,,,14.0,24.0,,27.0,1.0,,1.0,21.0,,,,
201710,Box Hill (McCall Gardens),,,,,,,,,,,,,,,,,,,,8.0,19.0,,4.0,,,,9.0,,,,
201710,Camden Airport AWS,,,,,,,,,,,0.4,0.8,,,,,,,,10.2,9.0,,3.4,,,0.4,24.2,,0.2,,0.2
201710,Campbelltown (Kentlyn (Georges River Roa,,,,,,,,,,,,,,,,,,,,10.0,7.0,,7.0,,,,22.0,,,,
201710,Campbelltown (Mount Annan),,,,,,,,,,,0.2,0.2,0.2,,,,,,,9.0,7.8,0.2,2.6,,,0.4,25.6,0.2,,0.2,0.2
201710,Canterbury Racecourse AWS,,,,0.2,,,,,0.2,,,0.8,0.2,,,,,,,8.6,16.4,,6.4,,,0.2,19.4,0.2,,,
201710,Castle Cove (Rosebridge Ave),,,,,,,,,0.2,1.0,2.0,3.0,,4.5,1.8,,,,,4.0,19.0,,5.5,,,0.2,11.5,,,,
201710,Castle Hill (Kathleen Ave),,,,,,,,,0.6,0.1,,,,0.5,0.7,,,,,7.9,19.2,,2.4,,,,5.5,0.8,,,
201710,Castlereagh (Castlereagh Road),,,,,,,,0.4,,,,,0.2,0.8,,,,,,10.0,,,,,,,,,,,
201710,Chatswood Bowling Club,,,,,,,,,,,,1.0,,,1.0,,,,,7.0,18.0,,7.0,,,,55.0,,,,
201710,Collaroy (Long Reef Golf Club),,,,,,,,,0.2,,1.6,1.2,,1.0,0.4,,,,,6.0,7.4,,4.4,,,,7.4,,,,
201710,Concord (Brays Rd),,,,,,,,,0.2,,,0.4,,,,,,,,9.2,16.2,,10.2,,,0.4,14.6,,,,
201710,Concord Golf Club,,,,,,,,,,,,,,,,,,,,11.8,16.6,,13.2,,,0.4,13.8,,,,
201710,Cooranbong (Avondale),,,,,,,,,,,,1.0,,,40.0,4.0,,,,5.0,40.0,,25.0,,,,20.0,,,,
201710,Cooranbong (Lake Macquarie AWS),,,,,,,,,0.2,,0.2,0.6,,0.2,38.8,4.0,,,,6.0,41.8,,25.6,,,0.6,19.8,,,,0.6
201710,Darkes Forest (Kintyre),,,,,0.2,0.2,,,,0.2,,1.8,0.2,1.8,0.2,,,,,9.6,15.6,,4.0,0.2,,0.8,4.6,,,,
201710,Dover Heights (Portland St),,,,,,,,,1.0,,0.6,1.6,,0.2,,,,,,7.6,18.8,,,,,1.2,13.2,0.4,,,
201710,Erskine Park Reservoir,,,,,,,,,,,,,,,,1.0,,,,10.0,15.0,,3.0,,,,16.0,,,,
201710,Faulconbridge (Great Western Hwy),,,,,,,,,,1.0,1.0,,,,4.0,,,,,12.0,25.0,,14.0,,,1.0,26.0,,,,
201710,Faulconbridge (St Georges Crescent),,,,,0.5,,,,,1.8,2.0,,,1.4,4.1,0.6,,,16.2,13.8,0.2,,18.8,,,1.2,22.8,0.4,,,
201710,Frenchs Forest (Frenchs Forest Rd),,,,,,,,,,1.0,3.0,2.0,,7.0,5.0,,,,,5.0,17.0,,5.0,,,,6.0,3.0,,,
201710,Gosford AWS,,,,,,,0.2,,0.4,0.2,1.4,2.4,0.2,,15.2,2.2,,,,4.2,19.6,,8.0,0.2,,,25.0,,,,
201710,Holsworthy Aerodrome AWS,,,,,,,,,,0.4,,1.4,,,0.4,,,,,10.2,11.8,,10.0,0.2,,1.8,7.2,,,,
201710,Hornsby (Swimming Pool),,,,,,,,,,,0.4,0.2,0.2,,0.8,,,,,6.0,21.0,,2.4,,,0.2,26.6,,,,
201710,Horsley Park Equestrian Centre AWS,,,,,,,,,,,,0.6,,,0.4,,,,,10.0,18.6,,4.0,0.2,,0.6,15.6,,,0.2,
201710,Katoomba (Murri St),,,,,,→,0.6,,0.6,0.6,1.2,3.8,,2.4,14.2,1.2,,,,12.8,27.4,,36.6,0.2,,0.6,9.8,0.4,,,
201710,Kurrajong Heights (Bells Line of Road),,,,,,,,,0.5,0.8,1.6,0.2,,3.0,→,10.5,,,,9.0,36.0,,16.2,,,0.6,32.5,0.3,,,
201710,Lucas Heights (ANSTO),,,,,,,,,0.4,,,,,,,,,,,10.0,6.0,,18.0,,,0.8,4.0,,,,
201710,Macquarie Park (Willandra Village),,,,,,,,0.4,,0.4,0.4,0.4,,,,,,,,,,,,,,,,,,,
201710,Mangrove Mountain AWS,,,,,,,,,0.4,0.2,2.8,0.8,,0.8,21.0,5.4,0.2,,,5.8,34.0,,14.8,,,0.2,,2.4,,,
201710,Marrickville Golf Club,,,,,,,,,,,,,,,,,,,,9.0,20.0,,9.0,,,,21.0,,,,
201710,Menangle Bridge (Nepean River),,,,,,,,,,,,1.0,,,,,,,,9.0,8.0,,4.0,,,,17.0,,,,
201710,Milperra Bridge (Georges River),,,,,,,,,,,,,,,,,,,,7.0,11.0,,2.0,,,2.0,6.0,,,,
201710,Mona Vale Golf Club,,,,0.2,,,,,,0.2,1.0,2.8,0.2,,1.0,,,,,5.0,15.0,,8.0,0.2,,0.2,20.6,0.2,,,0.2
201710,Mount Boyce AWS,,,,,,,,,0.8,1.0,,1.0,0.2,1.4,9.4,1.4,,,,15.8,26.0,,30.2,,0.2,1.0,21.0,0.2,,,
201710,Norah Head AWS,,,,,0.2,,,,0.2,,,0.4,0.2,,6.4,0.4,,,,4.0,21.0,1.0,16.4,,0.2,0.2,27.4,,,,0.4
201710,North Parramatta (Burnside Homes),,,,,,,,,,,,,,,,,,,,,,,,,,,,,,,
201710,North Rocks (Muirfield Golf Club),,,,0.5,,,,,,,,,,0.5,,,,,,8.5,16.0,,1.0,,,,10.5,,,,
201710,North Ryde Golf Club,,,,,,,,,,,,,,1.0,,,,,,7.0,18.0,,2.0,,,1.0,42.0,,,,
201710,Parramatta North (Masons Drive),,,,,,,,,1.0,0.2,0.2,0.2,,0.2,0.4,,,,,10.0,20.0,,2.0,,,0.4,11.0,,,,
201710,Peakhurst Golf Club,,,,,,,,,,,,1.0,,,,,,,,7.0,13.0,,4.0,,,2.0,18.0,,,,
201710,Pennant Hills (Yarrara Road),,,,,,,,,0.6,0.4,0.4,0.8,,,1.0,,,,,8.2,21.4,,1.0,,,0.6,19.2,,,,
201710,Penrith Lakes AWS,,,,,,,,,,,1.4,0.4,,,,,,,,12.8,17.8,0.2,1.8,,,1.0,9.8,,,,
201710,Picton Council Depot,,,,,,,,,,,0.8,1.6,0.2,,,,,,,4.8,,,,16.0,,0.8,13.0,,,,
201710,Prospect Reservoir,,,,,,,,,0.2,,0.2,0.7,,,0.2,,,,,8.5,16.1,,3.0,,→,→,6.7,,0.1,,
201710,Putty (The Gibba),,,,,,,,,2.0,,1.0,,,,7.0,,,,,8.0,26.0,,3.0,,,,11.0,,,,
201710,Randwick (Randwick St),,,,,,,,,0.6,0.4,0.2,2.4,,,0.4,,,,,8.8,20.4,,8.0,,,0.2,21.6,0.6,,,0.6
201710,Richmond - UWS Hawkesbury,,,,,,,,→,1.0,0.8,2.0,,,,,,,,,8.8,,→,18.8,,,,14.4,,,,
201710,Richmond RAAF,,,,,,,,,,0.2,0.4,,,,1.6,0.6,0.2,,,6.4,18.2,,8.8,0.2,0.2,,13.0,,,,
201710,Rose Bay (Royal Sydney Golf Club),,,,,,,,,1.0,,0.2,1.4,,,,,,,,9.2,13.0,,6.4,,,0.2,9.6,0.2,,,
201710,Rossmore (South Creek),,,,,,,,,,,,1.0,,,,,,,,9.0,14.0,,5.0,,,1.0,23.0,,,,
201710,Sans Souci (Public School),,,,,,,,,,,,,,,,,,,,9.0,11.0,,2.0,,,2.0,17.0,,,,
201710,Seven Hills  (Radio FM 103.2),,,,1.0,,,,,,,,,,,,,,,,9.0,16.0,,2.0,,,,4.5,0.5,,,
201710,Seven Hills (Collins St),,,,,,,,,,,,,,,,,,,,10.0,16.8,,2.2,,,,9.4,,,,
201710,Shanes Park (South Creek Road),,,,,,,,,,,0.4,,,,,0.2,,,,11.6,19.6,,20.8,,,0.4,12.4,0.2,,,
201710,Springwood (Valley Heights),,,,,,,,,0.2,0.6,0.6,0.2,,,3.6,0.4,,,,12.0,15.8,,5.4,,,1.2,21.6,0.2,,,
201710,St Ives (Richmond Avenue),,,,,,,,,0.4,0.8,3.6,1.0,,,4.6,0.2,,0.2,,6.0,19.8,0.2,3.4,,,→,→,11.2,,,
201710,Sydney (Observatory Hill),,,,,,,,,,,,,,,,,,,,7.8,16.4,0.2,3.4,,,0.4,34.2,0.2,0.2,,
201710,Sydney Airport AMO,,,,,,,,,1.2,0.2,0.2,0.6,0.2,,0.2,,,,,7.8,13.8,,4.0,,,1.0,29.2,,0.2,,
201710,Sydney Botanic Gardens,,,,,,,,,0.8,,1.2,2.2,,,0.4,,,,,8.2,16.7,,3.6,,,0.8,27.0,0.1,,,
201710,Sydney Olympic Park AWS (Archery Centre),,,,,,,,,0.2,,,0.2,,1.2,,,0.2,,,9.4,20.4,,3.8,,,0.4,12.6,,,,
201710,Terrey Hills AWS,,,,,0.2,,,,0.2,0.4,2.4,2.0,,3.0,5.2,,,0.6,0.2,3.6,15.0,,2.2,,,0.2,3.8,0.8,0.2,,
201710,Turramurra (Kissing Point Road),,,,,,,,,0.4,0.8,0.2,1.2,,0.6,1.6,,,0.4,,8.0,22.6,,5.0,,,0.8,61.6,1.0,,,
201710,Wahroonga (Ada Avenue),,,,,,,,,0.6,0.6,0.8,0.4,0.2,,2.0,,,,,8.2,25.8,,2.0,,,0.6,35.0,0.2,,,
201710,Warragamba,,,,,,,,,,,3.0,,,,,,,,,10.0,19.0,,9.0,,,,22.0,,,,
201710,Wedderburn (Booalbyn),,,,,,,,,,,,1.0,,,,,,,,9.0,9.0,,4.0,,,,66.0,,,,
201710,Wyong (Jilliby (Jilliby Creek)),,,,,,,0.2,,0.2,,1.0,1.4,,,7.6,4.4,,0.2,0.2,6.0,29.0,,27.2,,,0.2,61.6,,,,
201710,Wyong (Kulnura (Jeavons)),,,,,,,,,,1.0,1.0,1.0,,1.0,18.0,9.0,,,,5.0,33.0,,9.0,,,,26.0,7.0,,,
201710,Wyong (Mount Elliot),,,,,,,,,,,3.0,3.0,,2.0,22.0,1.0,,,,5.0,25.0,,9.0,,,,15.0,,,,
201710,Wyong (Olney Forest),,,,,,,,,,2.0,4.0,,,1.0,41.0,3.0,,1.0,,5.0,36.0,,15.0,,,1.0,16.0,5.0,,,
201710,Yarramalong (Lewensbrook),,,,,,,,,,,5.2,,,,22.4,,,,,10.8,30.0,,15.0,,,,28.0,6.0,,,
201710,"Most values are the precipitation in the 24 hoursto9 am on the day indicated.
Days marked with → are part of a longer accumulation, which is shown on the final day.Values over  100  mm have been rounded to the nearest whole millimetre.Days marked with - have a rainfall report of zero; 
days left blank have no rainfall report (which often indicates no rain fell).",,,,,,,,,,,,,,,,,,,,,,,,,,,,,,,
201710,Rainfalls colouredaccording to the amount,0,1.0,5.0,10.0,15.0,25.0,50.0,100,150,200,300,400,600,millimetres,,,,,,,,,,,,,,,,,
201711,Abbotsbury (Fairfield (City Farm)),,,,2.0,4.0,6.0,8.0,,,,,,,,,,,,,,2.0,,7.0,,1.0,,,,2.0,,
201711,Abbotsford (Blackwall Point Rd),,,,2.0,22.0,4.0,7.0,0.1,,,,,,,,,0.6,,0.6,1.5,2.1,6.0,0.6,,,,,,6.0,,
201711,Audley  (Royal National Park),,,,2.0,2.0,10.0,3.0,,,,,,,,,,,2.0,7.0,,1.0,3.0,,,,,,,2.0,2.0,
201711,Avalon Beach (Avalon (Palmgrove Rd)),,,,3.8,,56.0,,,,,,,,,,,,,,,,,,,,,,,,,
201711,Badgerys Creek AWS,,,,4.0,1.4,9.0,1.4,,,,,,,,,,,,,,1.0,,,,8.4,,0.4,,0.6,0.4,
201711,Bankstown Airport AWS,,,,1.4,5.0,6.4,8.0,0.2,,,,,,,,,,0.2,0.6,,,,,,,,,,,,
201711,Baulkham Hills Eucalyptus Ct,,,,1.5,9.5,7.5,3.0,,,,,,,,,,,,,2.0,3.0,,,,,,,,0.5,,
201711,Belrose (Evelyn Place),,,,2.8,41.2,12.4,1.6,0.4,,,,,,,,,0.4,,,3.2,0.6,0.2,,,,,,,1.0,1.0,
201711,Bilpin Post Office,,,,7.2,,22.6,0.6,0.8,,,,,,,,,1.2,3.8,,18.8,0.4,,,13.6,,,3.0,,6.4,0.2,
201711,Blackheath (Evans Lookout Rd),,,,1.8,→,17.2,4.8,→,1.6,,,,,,,,2.8,16.8,→,44.6,1.8,,,,1.0,→,2.8,1.2,,,
201711,Blackheath (Wombat Street),,,,1.0,5.0,8.0,2.0,2.0,,,,,,,,,2.0,15.0,46.0,2.0,2.0,,,,11.0,,3.0,6.0,2.0,1.0,
201711,Box Hill (McCall Gardens),,,,2.0,9.0,7.0,2.0,,,,,,,,,,,,3.0,,,1.0,,,3.0,,,,,,
201711,Camden Airport AWS,,,,3.0,0.4,6.0,5.8,,,,,,,,,,0.4,,3.6,,,,,,11.4,,0.4,,,,
201711,Campbelltown (Kentlyn (Georges River Roa,,,,2.0,,9.0,2.0,,,,,,,,,,1.0,,2.0,,1.0,,2.0,,,,,3.0,,,
201711,Campbelltown (Mount Annan),,,,3.2,1.0,7.0,6.8,,,,,,,,,,0.4,0.2,3.4,,0.4,,0.2,,,,0.2,6.8,0.2,0.4,
201711,Canterbury Racecourse AWS,,,,1.2,18.6,5.4,6.2,0.4,,,,,,,,,,,1.4,0.2,1.2,1.8,,,,,,,,1.0,
201711,Castle Cove (Rosebridge Ave),,,,3.0,29.0,12.0,7.5,0.5,,,,,,,,,1.5,,,5.0,3.0,,,,,,,,,1.0,
201711,Castle Hill (Kathleen Ave),,,,1.4,10.8,7.0,13.4,,,,,,,,,,,,,3.2,2.0,,,,,,,,,,
201711,Chatswood Bowling Club,,,,3.0,30.0,7.0,2.0,,,,,,,,,,,,,2.0,3.0,,1.0,,,,,,,1.0,
201711,Collaroy (Long Reef Golf Club),,,,4.0,24.0,22.8,5.4,,,,,,,,,,,0.4,0.2,4.2,,,,,,,,,3.0,7.4,
201711,Concord (Brays Rd),,,,1.4,16.2,4.8,7.0,0.4,,,,,,,,,,,0.8,1.2,1.8,2.0,,,,,,,5.6,,
201711,Concord Golf Club,,,,1.4,16.8,6.2,11.2,,,,,,,,,,,,,,,,,,,,7.2,,6.4,,
201711,Cooranbong (Avondale),,,,3.0,26.0,7.0,2.0,2.0,2.0,,,,,,,,19.0,3.0,,,1.0,,,,,,,1.0,3.0,,
201711,Cooranbong (Lake Macquarie AWS),,,,2.8,26.0,7.0,2.0,2.4,2.0,,,,,,,,19.8,3.2,0.4,,1.0,,,,,,,,3.0,0.2,
201711,Darkes Forest (Kintyre),,,,1.6,1.2,13.0,1.4,0.4,,,,,,,,,1.0,22.6,6.4,0.2,0.2,,,0.2,,,,1.0,3.2,8.8,
201711,Dover Heights (Portland St),,,,2.0,59.0,8.2,6.0,,,,,,,,,,1.0,2.2,7.6,4.8,2.2,,,,,,,,,,
201711,Erskine Park Reservoir,,,,2.0,3.0,5.0,3.0,,,,,,,,,,,,,,,3.0,,,23.0,,,,1.0,,
201711,Faulconbridge (Great Western Hwy),,,,2.0,8.0,12.0,3.0,,,,,,,,,,,1.0,19.0,1.0,2.0,1.0,,1.0,,,1.0,,1.0,1.0,
201711,Faulconbridge (St Georges Crescent),,,,2.4,5.6,13.8,3.8,,,,,,,,,,1.2,1.2,27.0,1.2,1.6,0.8,,4.4,0.8,,1.8,0.6,0.2,0.4,
201711,Frenchs Forest (Frenchs Forest Rd),,,,2.0,50.0,13.0,2.0,,,,,,,,,,,,,3.0,1.0,,,,,,,,,5.0,
201711,Glenbrook Bowling Club,,,,,,,,,,,,,,,,,,,,,,,,,,,,,,,
201711,Gosford AWS,,,,1.8,32.2,14.4,6.6,19.2,0.2,,,,,,,,,0.6,,,,2.6,,,,,,,0.2,0.2,
201711,Holsworthy Aerodrome AWS,,,,1.4,1.4,8.8,4.6,,,,,,,,,,,,0.6,,0.2,3.0,0.2,,,,,,0.6,,
201711,Hornsby (Swimming Pool),,,,2.6,17.0,9.0,1.0,,,,,,,,,,0.6,,,1.6,,,,,,,,,,0.2,
201711,Horsley Park Equestrian Centre AWS,,,,2.0,2.8,6.2,6.2,,,,,,,,,,,,,,2.8,0.4,0.2,,0.8,,,,1.2,,
201711,Katoomba (Murri St),0.4,,,1.6,6.6,11.2,2.0,4.0,0.2,,,,,,,,2.4,18.0,30.4,2.8,1.2,,,0.2,0.8,,1.8,2.6,1.0,1.4,
201711,Kurrajong Heights (Bells Line of Road),,,,6.4,13.2,18.0,0.4,0.2,,,,,,,,,3.0,0.8,26.6,1.0,0.5,,,0.4,0.3,,1.0,,0.6,1.2,
201711,Little Hartley (Little  Hartley (Little,,,,1.2,,6.4,,,,,,,,,,,3.6,16.0,17.8,0.6,,,,,,,,,,,
201711,Lucas Heights (ANSTO),,,,1.2,2.4,9.0,1.4,,,,,,,,,,0.6,0.8,10.6,,,2.6,,,,,,0.8,0.4,,
201711,Macquarie Park (Willandra Village),,,,1.6,19.8,5.8,,,,,,,,,,,,,,,,,,,,,,,,,
201711,Mangrove Mountain AWS,,,,0.8,10.4,11.4,3.0,5.4,0.2,,,,,,,,0.2,,0.2,1.6,0.2,,,,,,,,4.6,9.0,
201711,Marrickville Golf Club,,,,1.0,17.0,5.0,7.0,,,,,,,,,,,,4.0,,1.0,5.0,,,,,,,,,
201711,Menangle Bridge (Nepean River),,,,1.0,1.0,6.0,1.0,,,,,,,,,,,,1.0,,,,,,1.0,,,,,,
201711,Milperra Bridge (Georges River),,,,,3.0,6.0,,,,,,,,,,,,,,,,,,,,,,,,,
201711,Mona Vale Golf Club,0.2,,,4.4,31.8,24.6,,,,,,,,,,,0.4,,,1.2,0.4,3.0,0.2,,0.2,0.2,,0.2,0.6,10.0,
201711,Mount Boyce AWS,,,,1.2,5.0,7.6,0.8,2.6,,,,,,,,,2.0,,,1.8,1.2,0.2,,0.2,6.6,,3.4,9.8,3.0,0.2,
201711,Norah Head AWS,,,,0.6,10.0,9.6,7.4,9.8,1.4,,,,,,,,2.4,0.2,,,,,,,0.2,0.2,,0.2,0.8,0.2,
201711,North Rocks (Muirfield Golf Club),,,,1.0,13.5,4.5,3.5,,,,,,,,,,,,,2.5,1.0,0.5,,,,,,,,,
201711,North Ryde Golf Club,,,,,20.0,4.0,5.0,,,,,,,,,,,,,3.0,1.0,,,,,,,,,,
201711,Parramatta North (Masons Drive),,,,1.0,16.6,7.0,4.4,,,,,,,,,,0.2,,,1.4,2.2,2.6,,,,,,,,,
201711,Peakhurst Golf Club,,,,2.0,4.0,7.0,6.0,1.0,,,,,,,,,,1.0,7.0,,,3.0,,,,,,,,,
201711,Pennant Hills (Yarrara Road),,,,2.6,→,26.6,6.4,0.8,,,,,,,,,0.6,,,2.4,3.6,0.4,,,,,,,0.6,,
201711,Penrith Lakes AWS,,,,2.2,3.0,8.2,5.6,,,,,,,,,,1.0,1.0,,0.2,0.4,,,0.6,0.2,,1.0,,,,
201711,Picton Council Depot,,,,,,,20.0,,,,→,→,0.8,,,,1.0,,,,4.2,,0.6,0.8,,,,4.0,4.0,,
201711,Prospect Reservoir,,,,1.7,3.8,5.0,4.0,,,,,,,,,,0.4,,0.2,0.2,1.9,,,,,,,,1.0,,
201711,Putty (The Gibba),,,,,2.0,4.0,1.0,,,,,,,,,,,1.0,2.0,,,,,15.0,2.0,,,,1.0,2.0,
201711,Randwick (Randwick St),,,,2.2,58.6,5.2,2.6,,,,,,,,,,0.6,3.0,7.0,1.2,0.6,5.4,1.4,,,,,,1.6,0.1,
201711,Richmond - UWS Hawkesbury,,,,,→,18.0,2.6,,,,,,,,,,0.6,,→,1.0,0.1,1.2,,,,→,0.2,,0.6,,
201711,Richmond RAAF,,,,3.2,4.6,7.4,0.6,0.2,,,,,,,,,0.4,1.2,0.4,,,0.8,,,,,0.2,,0.4,,
201711,Rose Bay (Royal Sydney Golf Club),,,,1.6,64.2,5.4,4.8,,,,,,,,,1.0,,2.4,10.2,2.8,1.2,4.4,0.1,,,,,,1.6,,
201711,Rossmore (South Creek),,,,2.0,3.0,5.0,2.0,,,,,,,,,,,,1.0,,1.0,,,,6.0,,,2.0,,1.0,
201711,Sans Souci (Public School),,,,2.0,7.0,5.0,11.0,1.0,,,,,,,,,,2.0,1.0,,,7.0,,,,,,,,1.0,
201711,Seven Hills  (Radio FM 103.2),,,,0.5,4.5,5.0,5.0,,,,,,,,,,,,,,1.0,1.0,,,,,,,,0.5,
201711,Seven Hills (Collins St),,,,→,9.8,6.0,4.2,,,,,,,,,,,,,,,,,,,,,,,,
201711,Shanes Park (South Creek Road),,,,2.2,4.6,6.8,5.2,,,,,,,,,,0.4,0.2,,0.2,1.4,0.2,,,1.0,,0.2,,,2.2,
201711,Springwood (Valley Heights),,,,3.0,6.6,11.4,3.0,,,,,,,,,,1.0,0.8,4.2,1.0,1.0,2.4,,10.4,,,1.4,,0.6,2.0,
201711,St Ives (Richmond Avenue),,,,3.4,23.0,9.8,1.8,,,,,,,,,,0.2,,,3.0,,,,,,,,,0.8,,
201711,Sydney (Observatory Hill),,,,1.6,31.8,4.4,5.6,,,,,,,,,,0.4,0.2,2.4,2.8,1.6,7.8,,,,,,,0.8,1.8,
201711,Sydney Airport AMO,,,,1.6,7.4,4.4,11.4,,,,,,,,,,0.2,2.4,5.0,,0.2,2.0,0.6,,,,,,0.2,2.2,
201711,Sydney Botanic Gardens,,,,1.6,29.4,5.2,5.4,,,,,,,,,,1.2,6.0,6.7,3.4,2.6,6.0,0.1,,,,,,2.0,2.2,
201711,Sydney Olympic Park AWS (Archery Centre),,,,1.0,27.4,6.4,3.8,,,,,,,,,,,,,0.6,3.6,,,,,,,,0.8,,
201711,Terrey Hills AWS,,,,4.4,31.6,9.8,2.6,1.2,,,,,,,,,0.2,,,7.2,0.2,0.2,,,,,,,0.8,1.2,
201711,Turramurra (Kissing Point Road),,,,2.4,20.0,8.6,8.4,,,,,,,,,,1.0,0.2,,3.0,1.0,,,,,,,,,,
201711,Wahroonga (Ada Avenue),,,,2.8,22.2,10.8,4.0,,,,,,,,,,0.8,,,3.4,0.8,,,,,,,,1.4,,
201711,Warragamba,,,,2.0,2.0,10.0,2.0,,,,,,,,,,,2.0,2.0,,,,,3.0,4.0,,,,,7.0,
201711,Wedderburn (Booalbyn),,,,1.0,2.0,6.0,,,,,,,,,,,,1.0,14.0,,,1.0,2.0,,1.0,,,16.0,,,
201711,Wyong (Jilliby (Jilliby Creek)),,,,1.2,10.4,26.2,4.4,7.2,0.6,,,,,,,,0.4,0.4,,,,0.2,,,,,,,5.2,0.6,
201711,Wyong (Kulnura (Jeavons)),,,,2.0,5.0,12.0,3.0,3.0,,,,,,,,,1.0,,6.0,,,,,,,,,3.0,1.0,4.0,
201711,Wyong (Mount Elliot),,,,1.0,33.0,22.0,9.0,25.0,1.0,,,,,,,,,,,1.0,,1.0,,,,,,,1.0,,
201711,Wyong (Olney Forest),,,,2.0,14.0,12.0,1.0,1.0,4.0,,,,,,,,3.0,,4.0,,,1.0,,,,,,,4.0,2.0,
201711,Yarramalong (Lewensbrook),,,,,4.6,12.0,4.4,7.0,,,,,,,,,,,1.0,,0.4,,,,,,,3.0,1.0,8.4,
201711,"Most values are the precipitation in the 24 hoursto9 am on the day indicated.
Days marked with → are part of a longer accumulation, which is shown on the final day.Values over  100  mm have been rounded to the nearest whole millimetre.Days marked with - have a rainfall report of zero; 
days left blank have no rainfall report (which often indicates no rain fell).",,,,,,,,,,,,,,,,,,,,,,,,,,,,,,,
201711,Rainfalls colouredaccording to the amount,0,1.0,5.0,10.0,15.0,25.0,50.0,100,150,200,300,400,600,millimetres,,,,,,,,,,,,,,,,,
201712,Abbotsbury (Fairfield (City Farm)),,,12.0,,4.0,,1.0,,,,,,,,,1.0,5.0,,1.0,,3.0,4.0,1.0,,,1.0,2.0,,,3.0,
201712,Abbotsford (Blackwall Point Rd),,,12.0,3.0,11.0,0.2,5.2,,0.2,,,,,,0.4,2.5,,1.0,,,3.0,,,,,,,,,,24.0
201712,Audley  (Royal National Park),,,9.0,1.0,7.0,,3.0,,1.0,,,,,,,1.0,2.0,1.0,,,1.0,1.0,,,,,3.0,,,1.0,
201712,Avalon Beach (Avalon (Palmgrove Rd)),,,13.2,1.2,8.2,0.2,,,7.2,,,,,,3.2,,,,,,,,,,,,,,,,
201712,Badgerys Creek AWS,,,9.4,0.6,2.2,,0.8,,4.4,,,,,,,1.8,2.4,,0.4,,3.2,4.0,,,,,1.2,,,0.8,
201712,Bankstown Airport AWS,,,11.4,0.8,17.8,2.4,4.2,,2.2,,,,,,,1.0,0.2,,,,1.4,0.4,,,,,0.6,,,3.4,0.2
201712,Baulkham Hills Eucalyptus Ct,,,14.5,,4.0,,1.0,,4.0,,,0.5,,,,0.5,2.0,,,,1.0,0.5,9.0,,,0.5,,,,4.5,
201712,Belrose (Evelyn Place),0.2,,11.8,0.4,7.2,,5.0,,0.6,,,,,,1.4,0.2,0.2,0.2,,,9.0,1.2,,,,,0.2,,,6.0,
201712,Bilpin (Fern Grove),,12.0,,4.8,30.0,0.4,,,10.2,0.4,,,,,,,0.4,,1.4,,1.0,11.0,0.8,,8.0,7.0,4.8,,,1.6,1.2
201712,Bilpin Post Office,,,,14.4,5.0,25.0,0.6,,9.0,,,,,,,,,,0.8,,4.4,12.2,,,,,14.6,,12.2,5.0,
201712,Blackheath (Evans Lookout Rd),4.0,,→,17.8,4.8,14.4,1.0,,3.0,,,,,,,1.2,→,3.8,,,,6.4,5.6,→,→,→,→,21.2,,,
201712,Blackheath (Wombat Street),,,20.0,1.0,3.0,17.0,2.0,,4.0,,,,,,,1.0,,2.0,,,,8.0,2.0,,4.0,9.0,8.0,,,6.0,
201712,Box Hill (McCall Gardens),,,13.0,1.0,5.0,2.0,,,1.0,,,,,,,,,,1.0,,8.0,10.0,1.0,,,,3.0,,,5.0,
201712,Camden Airport AWS,,,12.2,2.0,3.6,,2.0,,,,,,,,,1.0,0.8,,,,,0.8,,,,0.6,0.4,,,1.6,
201712,Campbelltown (Kentlyn (Georges River Roa,12.0,,10.0,1.0,10.0,,4.0,,2.0,,,,,,,1.0,1.0,,,,6.0,,,,,,,,,2.0,
201712,Campbelltown (Mount Annan),0.2,,10.6,4.4,3.4,,2.2,,0.6,,,,,,,0.6,2.4,0.4,,,2.6,0.2,3.0,,,,0.2,,,1.2,0.2
201712,Canterbury Racecourse AWS,,,12.4,15.6,8.2,,6.2,,0.8,,,,,,,0.8,0.4,,,,8.8,,,,,,2.2,,,5.0,
201712,Castle Cove (Rosebridge Ave),,,12.0,2.5,9.0,,3.0,,,,,,,,8.0,,,,3.0,,13.0,2.0,,,,,,,,8.5,5.0
201712,Castle Hill (Kathleen Ave),,,15.8,,2.8,1.0,,,,,,,,,0.2,,0.8,,,,8.6,,,,,,,,,,
201712,Cawdor (Woodburn),,,8.2,6.4,,,,,,,,,,,,2.0,1.0,,,,,,,,,1.6,0.8,,,,
201712,Chatswood Bowling Club,,,11.0,,12.0,,3.0,,,,,,,,11.0,,,,,,4.0,1.0,,,,,1.0,,,4.0,1.0
201712,Collaroy (Long Reef Golf Club),,,11.8,,6.2,,14.6,,,,,,,,,,,,2.4,,7.6,,,,,2.6,3.4,,,5.0,0.6
201712,Colo Heights (Mountain Pines),,,17.0,,,9.2,3.8,,3.2,,,,,,,2.4,0.6,,2.4,,4.0,,,,4.6,3.2,0.6,,,,1.8
201712,Concord (Brays Rd),0.8,,12.0,9.8,21.4,,5.0,,0.6,,,,,,,1.8,0.6,,,,3.0,,0.8,,2.6,,,,,4.6,
201712,Concord Golf Club,,,13.4,9.6,10.6,,4.6,,,,,,,,,1.4,,,,,7.2,,,,3.2,,,,,5.2,
201712,Cooranbong (Avondale),,,21.0,,8.0,,2.0,,,,,,,,,,,,7.0,,2.0,1.0,,,2.0,5.0,1.0,,,1.0,
201712,Cooranbong (Lake Macquarie AWS),,,19.8,,8.6,,2.8,,,,,,,,,0.2,0.2,,9.0,,1.8,1.0,0.2,,2.2,4.4,0.6,,,0.8,0.4
201712,Darkes Forest (Kintyre),,,14.6,,5.4,,6.2,,2.4,,,,,,,1.6,4.2,1.2,,,2.6,4.2,0.2,,3.0,2.8,2.8,0.4,,,
201712,Douglas Park ( St. Marys Towers),,,11.3,1.5,3.0,,2.1,,,,,,,,,4.6,2.6,0.8,,,,,0.8,,,,,0.2,,0.9,
201712,Dover Heights (Portland St),,,9.2,0.2,10.4,0.2,3.0,,,,,,,,0.2,1.6,1.0,,,,5.4,,,,3.6,0.4,3.6,,,3.8,0.8
201712,Dural (Old Northern Road),,,16.8,,3.2,,,,3.0,,,,,,,,,,1.8,,14.2,4.8,,,1.2,1.8,2.2,,,,0.6
201712,Erskine Park Reservoir,,,16.0,4.0,1.0,,1.0,,1.0,,,,,,,,1.0,,3.0,,4.0,2.0,,,,1.0,1.0,,,4.0,
201712,Faulconbridge (Great Western Hwy),,,7.0,1.0,7.0,5.0,9.0,,4.0,,,,,,,,1.0,,4.0,,,8.0,,,4.0,3.0,9.0,,,1.0,
201712,Faulconbridge (St Georges Crescent),,,7.4,2.4,12.2,7.6,5.0,,4.6,,,,,,,0.8,1.2,,3.4,,0.4,9.0,,3.8,,3.6,8.2,,0.2,1.4,
201712,Frenchs Forest (Frenchs Forest Rd),,,12.0,,10.0,,7.0,,1.0,,,,,,1.0,,,,1.0,,19.0,1.0,,,,,,,,6.0,1.0
201712,Gosford AWS,,,20.0,8.6,6.0,,2.2,,5.8,,,,,,,0.4,,,,,9.6,4.4,,,,2.2,0.6,,,1.8,0.2
201712,Holsworthy Aerodrome AWS,0.4,,10.2,0.2,10.0,0.4,1.8,,1.6,0.2,,,,,,1.4,1.4,0.2,,,1.8,0.2,,,2.2,0.8,1.0,,,3.4,0.2
201712,Hornsby (Swimming Pool),,,13.6,,2.6,,,,1.4,,,,,,,,1.4,,0.2,,14.2,7.2,,,0.6,0.6,0.2,,,4.6,0.4
201712,Horsley Park Equestrian Centre AWS,,,11.4,,4.2,0.2,0.6,,0.4,,,,,,,0.6,1.6,0.2,1.8,0.2,3.4,5.0,1.4,,0.6,0.4,1.6,0.2,,3.8,0.2
201712,Katoomba (Murri St),,,12.4,,7.4,15.8,1.6,,5.8,,,,,,,0.8,4.0,1.0,,,,5.8,0.6,,6.4,10.4,8.8,,,8.0,
201712,Kurrajong Heights (Bells Line of Road),,,16.2,0.4,0.6,8.6,2.5,,25.8,,,,,,,,0.2,,,,2.0,17.6,0.2,,→,10.4,4.8,,,0.5,7.4
201712,Lucas Heights (ANSTO),,,8.2,0.4,4.4,,4.4,,1.0,,,,,,,1.5,,,,,2.4,0.8,,,,,,,,2.0,0.4
201712,Macquarie Park (Willandra Village),,,14.0,1.0,7.8,,6.0,,1.6,,,,,9.2,0.2,0.4,,,4.0,,6.6,1.0,,,1.6,0.2,0.2,,,4.8,0.6
201712,Mangrove Mountain AWS,,,21.0,0.2,32.6,0.8,0.2,,9.6,,,,,,,0.2,0.2,,5.0,0.2,2.0,4.8,0.2,,0.6,4.0,0.4,,,4.6,2.0
201712,Marrickville Golf Club,,,10.0,12.0,11.0,,5.0,,,,,,,,,,1.0,,,,7.0,,,,1.0,,2.0,,,3.0,
201712,Menangle Bridge (Nepean River),,,10.0,16.0,2.0,,34.0,,,,,,,,,1.0,,,,,,,,,1.0,,,,,,
201712,Milperra Bridge (Georges River),,,7.0,,16.0,1.0,4.0,,1.0,,,,,,,,,,,,,,,,,,,,,1.0,
201712,Mona Vale Golf Club,,,15.6,,11.2,,0.4,,12.2,0.2,,,,,0.4,0.2,,,,,5.2,,0.2,,,1.4,,,0.2,6.8,1.6
201712,Mount Annan Botanic Garden,,,11.8,3.4,4.8,,2.8,,0.5,,,,,,,1.2,2.2,0.5,,,1.3,1.0,3.0,,,,0.4,,,1.4,
201712,Mount Boyce AWS,,,14.4,,2.0,15.0,2.0,0.2,4.0,,,,,,,0.6,0.4,1.6,0.4,,,4.6,1.0,0.2,3.6,7.6,6.6,0.2,0.2,5.0,
201712,Mount Wilson (Clarine),,,18.8,,5.0,39.0,,,7.0,,,,,,,3.0,1.0,1.0,8.4,,5.8,15.0,,,6.8,17.0,11.0,0.4,,8.8,0.8
201712,Norah Head AWS,,,28.0,,4.8,,0.4,,9.2,,0.2,,,,,0.4,,,8.6,,12.0,,,0.2,2.4,12.0,0.2,,,3.2,1.0
201712,North Rocks (Muirfield Golf Club),,,14.0,,4.5,,1.0,,1.0,,,,,,2.0,,1.5,,,,3.0,0.5,1.5,,0.5,,,,,4.5,
201712,North Ryde Golf Club,,,13.0,1.0,13.0,,7.0,,,,,,,,9.0,1.0,,,4.0,,4.0,,,,1.0,,,,,4.0,
201712,Palm Beach (Sunrise Road),,,14.0,0.6,8.0,0.2,0.2,,8.2,,,,,,1.0,1.4,,,,,6.8,0.8,,,0.6,0.8,,,,3.6,0.4
201712,Parramatta North (Masons Drive),,,16.2,0.2,8.4,,2.0,,1.2,,,,,,,2.2,0.4,,2.8,,3.2,0.2,4.0,,0.4,,0.6,,,4.4,
201712,Peakhurst Golf Club,,,10.0,1.0,6.0,,4.0,,5.0,,,,,,,1.0,2.0,,,,6.0,,,,1.0,1.0,2.0,,,3.0,
201712,Pennant Hills (Yarrara Road),,,14.4,0.4,5.0,,0.2,,→,0.8,,,,,4.0,,1.4,,,,14.8,4.6,2.2,,1.0,1.0,0.2,,,4.6,2.4
201712,Penrith Lakes AWS,,,11.4,,1.6,2.8,2.8,0.2,3.0,,,,,,,0.6,0.8,,5.4,,6.0,4.6,5.2,,0.4,0.2,4.2,,,1.4,
201712,Picton Council Depot,,,,,14.6,,2.0,,,,,,,,,,,,12.4,,3.0,0.2,,,,,5.0,,,,
201712,Prospect Reservoir,,,13.1,0.1,9.0,0.4,,0.2,2.4,,,,,,,0.9,1.6,,1.3,,6.6,3.0,2.2,,0.2,,1.0,,,4.6,0.2
201712,Putty (The Gibba),,,19.0,,1.0,25.0,,,2.0,,,,,,,2.0,,,16.0,,5.0,5.0,,,2.0,2.0,,,,1.0,
201712,Randwick (Randwick St),,,11.2,,19.8,0.2,3.6,,0.2,,,,,,,1.4,1.0,,,,3.4,,0.2,,2.4,,3.0,,,4.2,4.4
201712,Richmond - UWS Hawkesbury,,,→,12.8,2.6,4.4,,,,→,9.2,,,,,,→,0.4,,,4.4,5.2,,,,4.0,2.8,,,,4.2
201712,Richmond RAAF,0.2,,14.4,0.2,1.0,6.2,0.2,,7.6,0.2,,,,,,,,,0.2,,3.4,5.6,,,0.6,1.8,1.4,,,3.2,0.4
201712,Rose Bay (Royal Sydney Golf Club),,,9.1,,11.1,,6.2,,,,,,,,,1.4,,,,1.4,5.6,,,,3.2,0.2,3.4,,,3.4,6.4
201712,Rossmore (South Creek),,,7.0,21.0,4.0,,1.0,,1.0,,,,,,,2.0,,,1.0,,4.0,2.0,,,,,1.0,,,3.0,
201712,Sans Souci (Public School),,,9.0,3.0,7.0,,8.0,,5.0,,,,,,,1.0,1.0,,,,15.0,,,,,,3.0,,,2.0,
201712,Seven Hills  (Radio FM 103.2),,,13.5,,11.0,0.5,5.0,0.5,5.0,,,,,,,1.5,1.0,,,,9.0,4.0,2.5,,,,1.5,,,4.0,
201712,Seven Hills (Collins St),,,17.2,,9.0,,,,6.0,,,,,,,1.6,,,,,7.4,4.2,,,,,2.0,,,4.8,
201712,Shanes Park (South Creek Road),,,20.6,,3.0,1.0,0.2,,2.4,0.2,,,,,,1.2,0.6,0.2,7.6,,3.6,5.6,,,0.2,,1.0,,,4.4,
201712,Springwood (Valley Heights),,,8.8,2.4,1.2,6.4,4.8,,5.6,,,,,,,0.8,,→,→,→,1.2,→,→,7.4,→,→,13.8,,,1.2,
201712,St Ives (Richmond Avenue),,,11.4,0.8,12.4,,0.4,,3.4,,,,,,,,0.6,,,,11.0,5.0,2.0,,0.4,0.4,0.2,,,5.4,3.0
201712,Sydney (Observatory Hill),0.2,,10.8,3.0,7.6,0.2,5.8,,,,,,,,0.2,1.4,0.6,0.2,,,3.0,0.2,,,1.2,,3.0,,,3.8,6.0
201712,Sydney Airport AMO,,,10.0,7.6,9.0,,4.4,0.6,,,,,,,,0.8,0.6,0.6,,,→,7.6,,,4.4,,3.6,,,2.8,
201712,Sydney Botanic Gardens,,,12.2,1.6,12.2,,6.6,,0.8,,,0.1,,,0.4,1.4,0.8,,,,4.4,,,,2.5,1.5,3.6,,4.1,1.8,1.4
201712,Sydney Olympic Park AWS (Archery Centre),,,12.8,1.0,13.0,,2.4,,0.4,,,,,,,1.8,,,0.8,,6.6,,0.2,,1.0,0.2,0.8,,,4.6,0.4
201712,Terrey Hills AWS,,,11.0,,12.8,0.2,,,1.6,0.2,,,,,,,,,,,7.0,,0.2,,0.2,2.8,,0.2,,5.0,
201712,Turramurra (Kissing Point Road),,,3.0,,,,,,,9.2,,,,,5.4,,1.0,,,,18.6,7.2,,,0.8,2.0,0.2,,,,
201712,Wahroonga (Ada Avenue),,,15.8,0.2,6.4,,,,1.2,,,,,,1.6,,1.4,,0.2,,18.0,8.8,0.4,,0.6,2.6,0.2,,,5.8,0.2
201712,Warragamba,,,6.0,3.0,2.0,2.0,,,3.0,,,,,,,1.0,1.0,,,,,6.0,,,,,3.0,,,1.0,
201712,Wedderburn (Booalbyn),,,10.0,1.0,3.0,,9.0,,,,,,,,,,4.0,,,,,,,,2.0,,,,,1.0,
201712,Wentworth Falls Country Club,,12.0,,4.4,,,,,,,,,,,1.0,,4.0,3.5,,,,,,,,,,,,,
201712,Wyong (Jilliby (Jilliby Creek)),,,17.8,,5.2,3.0,1.2,,13.6,,,,,,0.2,0.6,,,14.6,,1.6,3.0,1.2,,0.2,13.4,,,,2.8,0.6
201712,Wyong (Kulnura (Jeavons)),,,25.0,1.0,2.0,8.0,6.0,,8.0,,,,,,,,,,5.0,,,9.0,,,3.0,13.0,,,,2.0,1.0
201712,Wyong (Mount Elliot),,,24.0,1.0,3.0,,9.0,,6.0,,,,,,,,,,,,3.0,9.0,,,,5.0,,,,2.0,
201712,Wyong (Olney Forest),1.0,,18.0,,4.0,7.0,4.0,,6.0,,,,,,,,,,12.0,,,19.0,,,3.0,8.0,,,,3.0,3.0
201712,Yarramalong (Lewensbrook),1.0,,21.0,1.2,5.8,,,,14.0,,,,,,,,,1.0,9.2,,1.0,5.0,,,0.4,12.0,,,,3.0,2.0
201712,"Most values are the precipitation in the 24 hoursto9 am on the day indicated.
Days marked with → are part of a longer accumulation, which is shown on the final day.Values over  100  mm have been rounded to the nearest whole millimetre.Days marked with - have a rainfall report of zero; 
days left blank have no rainfall report (which often indicates no rain fell).",,,,,,,,,,,,,,,,,,,,,,,,,,,,,,,
201712,Rainfalls colouredaccording to the amount,0,1.0,5.0,10.0,15.0,25.0,50.0,100,150,200,300,400,600,millimetres,,,,,,,,,,,,,,,,,
201801,Abbotsbury (Fairfield (City Farm)),,,2.0,,,,,2.0,5.0,4.0,,,,1.0,,1.0,,,,,,,,,,,,,1.0,,
201801,Abbotsford (Blackwall Point Rd),,,,1.5,,,,,20.0,3.0,,,,,,,,,,,,,,,,,,,,,
201801,Audley  (Royal National Park),,,1.0,,,,,1.0,15.0,6.0,,,,1.0,3.0,1.0,,,,,,,,,,,,1.0,12.0,,
201801,Badgerys Creek AWS,,,17.8,,,,,,12.6,1.2,0.2,,,,,,,,,,,,,,,0.2,,,,,0.2
201801,Bankstown Airport AWS,,,1.2,1.0,,,,,6.2,3.6,,,,0.2,,,,,0.4,,,,,,,,,,,,
201801,Baulkham Hills Eucalyptus Ct,,,2.0,2.0,,,,,19.5,1.5,,,,0.5,,,,,,,,,,,,,,,,,
201801,Belrose (Evelyn Place),1.4,,1.6,0.8,,,,0.8,42.6,0.8,,,,0.8,,,,,,,,,,,,,0.8,,,,1.0
201801,Bilpin Post Office,,0.2,4.0,,,,,,,,,,,,,,,,,,,,,,,,,,,,
201801,Blackheath (Wombat Street),,,,6.0,,,,,22.0,10.0,1.0,,,1.0,,,,,,,,,,,3.0,5.0,6.0,2.0,3.0,,2.0
201801,Box Hill (McCall Gardens),,,2.0,,,,,,16.0,1.0,,,,,,,,,,,,,,,,,,,,,
201801,Camden Airport AWS,,,4.8,,,,,,33.6,2.2,,,,0.2,,,,,,,,,,0.2,,,,,,,0.2
201801,Campbelltown (Kentlyn (Georges River Roa,,,2.0,,,,,,16.0,5.0,,,,3.0,,,,,,,,,,,,,,,,,
201801,Campbelltown (Mount Annan),,,2.2,0.2,,,,,24.4,1.4,,0.2,,,,,,,,,,,,0.2,,,,,,,
201801,Canterbury Racecourse AWS,,,2.4,0.8,0.2,,,0.6,12.0,6.4,,0.2,,2.0,,,,,,,,,,,,,,,,,
201801,Castle Cove (Rosebridge Ave),3.0,,,1.5,0.5,,,1.8,30.0,3.0,,,,1.5,,,,,,,,,,,,0.2,,,0.2,,0.5
201801,Castle Hill (Kathleen Ave),,0.2,0.7,,,,,,,,,,,3.0,,,,,,,,,,,,,,,,,
201801,Castlereagh (Castlereagh Road),,,,,,,,31.2,4.4,,,,,,,,,,,,,,,,,,,,,,
201801,Chatswood Bowling Club,1.0,,,1.0,,,,,28.0,3.0,,,,1.0,,,,,,,,,,,,,,,,,1.0
201801,Collaroy (Long Reef Golf Club),,,1.0,,,,,,38.8,0.6,,,,5.5,2.5,,,,,,,,,,,,,,,,
201801,Concord (Brays Rd),,,0.4,0.2,0.4,,,,21.0,2.0,,,,0.6,,,,,,,,,,0.6,,,0.6,,,,0.2
201801,Concord Golf Club,,,0.4,1.0,,,,,22.4,2.0,,,,,,,,,,,,,,,,,,,,,
201801,Cooranbong (Avondale),,,1.0,1.0,,,,,5.0,3.0,,,,,,,,,,,,,,,,,,,,,1.0
201801,Cooranbong (Lake Macquarie AWS),0.2,,1.6,0.2,,,,,5.2,2.4,,,,0.4,,0.2,,,,,,,,,,,,,,0.2,0.2
201801,Darkes Forest (Kintyre),,,,,,,,,1.6,10.4,,,,,,,,,,,,,,,,,,,,,
201801,Dover Heights (Portland St),,,,5.8,0.2,,,1.0,24.0,11.8,,,,5.6,1.4,,,,,,,,,1.0,,0.2,,,,,1.2
201801,Erskine Park Reservoir,,,1.0,,,,,1.0,9.0,2.0,,,,,,,,,,,,,,,,,,,,,
201801,Faulconbridge (Great Western Hwy),,,27.0,,,,,,18.0,6.0,1.0,,,1.0,,,,,,,,,20.0,,,,,,,,2.0
201801,Faulconbridge (St Georges Crescent),,,23.4,0.8,,,,,17.6,5.6,3.8,,,2.0,1.0,,,,,,,,5.8,0.2,0.8,0.4,,,,,2.8
201801,Frenchs Forest (Frenchs Forest Rd),,,1.0,3.0,,,,,39.0,1.0,,,,2.0,,,,,,,,,,,,,,,,,4.0
201801,Gosford AWS,,,,1.8,,,,,18.2,2.8,,,,,,0.8,,,,,,,,,,,,,,,3.0
201801,Holsworthy Aerodrome AWS,,,4.0,,,,,1.0,9.8,5.6,,,,1.6,0.2,,,,,,,,,,,,,,,,
201801,Hornsby (Swimming Pool),,,0.6,1.0,,,,0.4,30.8,0.8,,,,2.0,,,,,,,,,,,,,,,,,1.6
201801,Horsley Park Equestrian Centre AWS,0.2,,2.8,0.2,,,,2.6,9.0,2.0,,,,0.6,,,,,,,,,,,,,,,,,0.2
201801,Katoomba (Murri St),,,3.8,5.0,,,,0.4,19.0,7.4,1.6,,,1.2,,,,,,,,,1.2,0.6,→,11.6,4.6,1.0,4.4,,3.2
201801,Kurrajong Heights (Bells Line of Road),,,15.8,0.5,1.6,,,,16.8,10.8,0.8,,,0.6,,,,,,,,,,→,→,→,→,0.2,,,2.0
201801,Lucas Heights (ANSTO),,,0.5,,,,,0.6,13.0,3.6,,,,1.4,,0.2,,,,,,,,,,,,,,,0.2
201801,Macquarie Park (Willandra Village),,0.2,0.6,1.0,,,,,,,,,,,,,,,,,,,,,,,,,,,
201801,Mangrove Mountain AWS,0.2,,4.2,1.8,,,,,16.2,2.0,,,,,,,,,,,,,,,,,,,,,2.6
201801,Marrickville Golf Club,,,4.0,1.0,,,,,10.0,8.0,,,,1.0,1.0,,,,,,,,,,,,,,,,
201801,Menangle Bridge (Nepean River),,,3.0,,,,,,14.0,2.0,,,,,,,,,,,,,,,,,,,,,
201801,Milperra Bridge (Georges River),,,,1.0,,,,,6.0,1.0,,,,,,,,,,,,,,,,,,,,,
201801,Mona Vale Golf Club,,,1.2,1.6,,,,,29.6,0.8,,,,3.2,3.2,0.2,,,0.2,0.2,0.2,0.2,,0.2,,,,,,,1.8
201801,Mount Boyce AWS,,0.2,,4.4,,,,,20.6,7.0,0.8,,,0.6,0.2,,,,,,,,,0.4,3.8,3.4,7.4,2.6,1.4,,1.2
201801,Mount Wilson (Clarine),,,,6.6,,,,1.8,43.0,11.8,4.4,,,1.0,,,,,,,,,,,8.0,0.4,3.0,,1.8,,3.0
201801,Norah Head AWS,,,0.6,0.2,,,,0.6,15.8,1.8,0.2,,,,5.0,,,,,0.2,,,,,,,,,0.2,,0.2
201801,North Rocks (Muirfield Golf Club),,,1.0,0.5,,,,,19.5,1.5,,,,0.5,,,,,,,,,,,,,,,,,
201801,North Ryde Golf Club,,,,2.0,1.0,,,1.0,18.0,4.0,,,,,,,,,,,,,,,,,,,,,
201801,Parramatta North (Masons Drive),,,0.6,0.6,,,,,24.0,2.0,,,,1.4,,,,,,,,,,,,,,,,,0.6
201801,Peakhurst Golf Club,,,3.0,,,,,,12.0,7.0,,,,,,,,,,,,,,,,,,,,,
201801,Pennant Hills (Yarrara Road),,,1.4,0.8,0.2,,,1.8,29.8,3.4,,,,→,1.8,,,,,,,,,,,,,,,,1.4
201801,Penrith Lakes AWS,,,8.0,,,,,0.2,23.2,3.0,0.2,,,0.4,,,,,,,,,1.2,,,,,,,,0.2
201801,Picton Council Depot,,0.8,11.4,,,→,→,3.6,6.2,5.6,,,,,,,,,,,,,,0.8,,,,,,0.6,1.2
201801,Prospect Reservoir,,,2.8,2.0,,,,,23.4,2.2,,,,1.6,,,,,,,,,,,,,,,,,0.4
201801,Putty (The Gibba),,,,1.0,,,,,8.0,3.0,1.0,,,,,,,,,,,,,,,,,2.0,1.0,,
201801,Randwick (Randwick St),7.6,,4.0,4.4,1.2,,,1.4,15.6,7.4,,,,3.2,1.6,0.1,0.2,,,,,,,0.6,,,,,,,2.6
201801,Richmond - UWS Hawkesbury,,,5.2,,,,,,16.8,3.0,,,,,,,,,,,,,,,,0.2,,,,,0.2
201801,Richmond RAAF,0.2,,2.4,,,,,,14.8,1.4,,,,,,,,,,,,,,0.2,,,,,,,0.2
201801,Rose Bay (Royal Sydney Golf Club),,,3.2,2.8,,,,0.6,20.8,9.6,,,,5.6,1.4,,,,,,,,,0.6,,,,,,,0.4
201801,Rossmore (South Creek),,,3.0,,,,,,15.0,4.0,,,,,,,,,,,,,,,,,,,,,
201801,Sans Souci (Public School),1.0,,2.0,,,,,,10.0,8.0,,,,1.0,2.0,,,,,,,,,,,,,,,,
201801,Seven Hills  (Radio FM 103.2),,,2.0,,,,,,24.0,1.5,,,,2.0,,,,,,,,,,,,,,,,,
201801,Seven Hills (Collins St),,,4.4,,,,,,30.0,2.8,,,,3.6,,,,,,,,,,,,,,,,,
201801,Shanes Park (South Creek Road),,,1.0,,,,,,30.6,2.0,,,,1.0,,,,,,,,,,,,,,,,,
201801,Springwood (Valley Heights),,,11.4,0.6,,,,,18.0,5.8,0.8,,,1.0,,,,,,,,,→,1.4,,0.2,,,,,1.4
201801,St Ives (Richmond Avenue),,,0.8,2.0,0.4,,,0.8,24.6,1.6,,,,2.2,,,,,,,,,,0.2,,0.2,,,0.4,,2.4
201801,Sydney (Observatory Hill),0.6,,1.4,0.6,0.8,,,2.4,18.6,5.8,,2.8,0.2,1.8,0.2,,,,,,,,,0.4,,,,,,,2.2
201801,Sydney Airport AMO,,,3.0,1.4,1.0,,,,10.4,10.4,,,,0.8,,,,,,,,,,,,,,,,,0.6
201801,Sydney Botanic Gardens,,,2.4,0.8,0.8,,,2.6,21.4,7.4,,2.0,,2.0,0.4,,,,,,,,,1.0,,,,,,,
201801,Sydney Olympic Park AWS (Archery Centre),,,0.6,0.2,,,,,26.4,1.8,,,,0.4,,,,,,,,,,0.2,,,,,,,0.2
201801,Terrey Hills AWS,,,2.2,1.4,0.2,,,0.2,28.2,1.6,0.2,,,3.8,0.2,,,,,,,0.2,,,,,0.4,0.2,,0.2,
201801,Wahroonga (Ada Avenue),,,0.8,1.8,0.2,,,1.2,31.2,1.6,,,,1.8,,,,,,,,,,,,,,,,,2.0
201801,Warragamba,,,11.0,,,,,,22.0,6.0,,,,2.0,,,,,,,,,,,,,,,,,
201801,Wedderburn (Booalbyn),,,2.0,,,,,,14.0,10.0,,,,2.0,,,,,,,,,,,,,,,,,
201801,Wyong (Jilliby (Jilliby Creek)),,,1.0,1.2,1.2,,,0.6,24.0,3.4,,,,,,,,,,,,,,,,,,,,,0.4
201801,Wyong (Kulnura (Jeavons)),,,3.0,,1.0,,,,10.0,2.0,,,,,,,,,,,,,,,,,,,,,
201801,Wyong (Mount Elliot),,,,2.0,,,,,22.0,4.0,,,,,1.0,,,,,,,,,,,,,,,,2.0
201801,Wyong (Olney Forest),,,,1.0,,,,,19.0,2.0,,,,,,,,,,,,,,,,,,,,,2.0
201801,Yarramalong (Lewensbrook),,,1.0,,1.0,,,,17.0,2.0,,,,,,,,,,,,,,,,,,,,,
201801,"Most values are the precipitation in the 24 hoursto9 am on the day indicated.
Days marked with → are part of a longer accumulation, which is shown on the final day.Values over  100  mm have been rounded to the nearest whole millimetre.Days marked with - have a rainfall report of zero; 
days left blank have no rainfall report (which often indicates no rain fell).",,,,,,,,,,,,,,,,,,,,,,,,,,,,,,,
201801,Rainfalls colouredaccording to the amount,0,1.0,5.0,10.0,15.0,25.0,50.0,100,150,200,300,400,600,millimetres,,,,,,,,,,,,,,,,,
201802,Abbotsbury (Fairfield (City Farm)),,,1.0,,,,,,,4.0,2.0,,,,,,,,,4.0,,,,,3.0,51.0,4.0,,,,
201802,Abbotsford (Blackwall Point Rd),,7.0,12.0,15.0,,,,,,6.0,4.0,,,,,,,,,,,,,,,80.0,3.0,,,,
201802,Audley  (Royal National Park),1.0,,6.0,,,,,,,5.0,2.0,,,,,,,,,14.0,,,,,2.0,35.0,2.0,,,,
201802,Avalon Beach (Avalon (Palmgrove Rd)),0.2,0.4,8.2,,,,,,,,1.8,,,,,,,,,14.9,,,,,,72.2,3.0,,,,
201802,Badgerys Creek AWS,,,,,,,,0.8,,1.0,3.6,0.2,,,,,,,,13.8,0.2,,,,5.6,46.8,0.4,,,,
201802,Bankstown Airport AWS,,,,,,,,,,,,,,,,,,,,,,,,0.4,5.2,41.0,4.8,,,,
201802,Baulkham Hills Eucalyptus Ct,,0.5,8.5,6.0,,,,,,0.5,1.0,,,1.5,,,,,,2.5,,,,,,69.0,3.0,0.5,,,
201802,Belrose (Evelyn Place),0.2,0.6,17.0,4.4,1.2,,,,,1.0,2.8,,,,,,,,,1.2,,,,,,65.6,2.6,,,,
201802,Blackheath (Wombat Street),2.0,1.0,1.0,1.0,,,,,,7.0,5.0,,,,,,,,,32.0,2.0,,,,,49.0,8.0,,,,
201802,Box Hill (McCall Gardens),,,6.0,4.0,,,,,,,,,,,,,,,,3.0,,,,,,59.0,2.0,,,,
201802,Bringelly (Maryland),,,,,,,,,,,,,,,,,,,,17.0,,,,,9.0,42.0,1.0,,,,
201802,Camden Airport AWS,,,,,,,,,,0.6,2.0,,,,,,,,,7.2,0.2,,,,1.4,34.6,1.2,,,,
201802,Campbelltown (Kentlyn (Georges River Roa,,,,,,,,,,6.0,3.0,,,,,,,,,23.0,,,,,,32.0,1.0,,,,
201802,Campbelltown (Mount Annan),,,0.2,,,,,,,2.4,2.4,0.2,,,,,,,,11.2,0.2,,,,0.2,33.2,1.0,0.2,,,
201802,Canterbury Racecourse AWS,,3.6,8.6,11.6,,,,,,1.0,3.6,,,0.2,,,,,,19.8,,,,,,70.2,2.8,,,,
201802,Castle Cove (Rosebridge Ave),,0.5,24.0,1.0,,,,,,2.0,2.5,,,,,,,,,2.0,1.0,,,,,76.0,8.0,,,,
201802,Castle Hill (Kathleen Ave),,4.0,7.8,8.6,,,,,,4.2,0.2,,,,,,,,,10.5,,,,,0.3,64.0,5.4,,,,
201802,Chatswood Bowling Club,,2.0,20.0,4.0,,,,,,2.0,2.0,,,,,,,,,2.0,,,,,1.0,72.0,3.0,1.0,,,
201802,Collaroy (Long Reef Golf Club),0.4,13.4,10.6,0.8,,,,,,,,,,,,,,,,,,,,,,46.2,3.6,,,,
201802,Concord (Brays Rd),,3.6,13.2,16.6,,,,,,3.8,3.4,,,,,,0.4,,,12.2,,,,,,86.2,3.4,,,,
201802,Concord Golf Club,,1.8,14.2,18.4,,,,,,3.8,,,,,,,0.8,,,22.0,,,,,,79.4,3.4,,,,
201802,Cooranbong (Avondale),,,5.0,2.0,,,,,,2.0,,,,,,,,,,26.0,2.0,,,,,61.0,18.0,1.0,,,
201802,Cooranbong (Lake Macquarie AWS),0.4,0.6,4.6,1.4,,,,,,2.0,,0.2,0.6,,,,,,,24.6,1.6,0.2,,,,56.4,18.0,,,,
201802,Darkes Forest (Kintyre),,,,,,,,,,,3.2,,,,,,,,,12.4,,,,,,1.0,,,,,
201802,Dover Heights (Portland St),1.0,2.4,17.0,1.0,5.0,,,,,5.2,3.2,,,0.8,,,,,,1.0,,,,,,60.6,,,,,
201802,Erskine Park Reservoir,,,,4.0,,,,,,3.0,1.0,,,,,,,,,2.0,,,,,,51.0,5.0,,,,
201802,Faulconbridge (Great Western Hwy),,2.0,,,,,,,,1.0,2.0,,,,,,,,,22.0,1.0,,,,,71.0,3.0,,,,
201802,Faulconbridge (St Georges Crescent),,1.4,0.2,,,,,,,1.2,2.0,,,,,,,,,22.2,0.6,,,,,61.9,6.8,,,,
201802,Frenchs Forest (Frenchs Forest Rd),,2.0,9.0,3.0,1.0,,,,,,2.0,,,,,,,,,2.0,,,,,,87.0,5.0,,,,
201802,Gosford AWS,0.4,11.4,15.4,4.0,,,,,,1.0,0.4,,,,,,,,0.2,28.0,0.4,,,,,84.6,17.4,,,,
201802,Holsworthy (Defence),,,,1.0,,,,,,1.2,1.2,0.4,,,,,,,,40.4,0.2,,,,1.0,56.8,2.4,,,,
201802,Holsworthy Aerodrome AWS,,,0.4,0.2,,,,,,0.8,2.2,,,,,,,,,11.4,,,,,2.6,32.6,2.2,,,,
201802,Hornsby (Swimming Pool),0.2,0.4,12.0,4.6,,,,,,0.6,1.4,,,,,,,,,10.6,,,,,2.4,72.4,3.8,,,,
201802,Horsley Park Equestrian Centre AWS,,,,0.2,,,,,,7.8,1.2,,,,,,,,,2.4,,,,,2.6,57.4,2.8,,,,
201802,Katoomba (Murri St),3.2,→,2.6,2.0,,,,,,→,6.0,,,,,,,,,53.0,2.4,,→,→,1.8,52.0,11.2,,,,
201802,Kurrajong Heights (Bells Line of Road),,→,5.4,1.6,,,,,,5.4,1.6,0.6,,,,,,,,24.8,0.2,,,,,58.2,3.2,,,,
201802,Lucas Heights (ANSTO),,,2.2,0.5,,,,,,1.8,1.6,,,,,,,,,15.2,0.4,,,,1.2,32.2,,,,,
201802,Macquarie Park (Willandra Village),,1.8,14.6,10.0,,,,,,,,,,,,,,,,,,,,,,,,,,,
201802,Mangrove Mountain AWS,0.6,8.8,6.0,0.8,0.2,,,,,2.0,0.2,1.2,2.2,,,,,,,49.2,0.6,0.2,,,,90.0,13.2,,,,
201802,Marrickville Golf Club,,4.0,16.0,9.0,,,,,,1.0,4.0,,,,,,1.0,,,11.0,,,,,,69.0,1.0,,,,
201802,Menangle Bridge (Nepean River),,,,,,,,,,1.0,2.0,,,,,,,,,11.0,,,,,1.0,25.0,1.0,,,,
201802,Milperra Bridge (Georges River),,,,,,,,,,,3.0,,,,,,,,,4.0,,,,,7.0,38.0,3.0,,,,
201802,Mona Vale Golf Club,0.4,1.6,8.0,,0.8,,,,,1.0,1.2,,,0.4,,0.2,,,,1.4,0.2,,,,,67.2,3.2,,,,
201802,Mount Annan (Australian Botanic Garden),,,0.1,,,,,,,2.4,2.8,,,,,,,,,13.2,,,,,0.4,28.6,4.4,,,,
201802,Mount Boyce AWS,1.8,0.8,1.4,1.4,,,,,,6.0,4.2,,,,,,,,,47.6,2.6,0.2,,,,58.0,6.8,,,,
201802,Mount Wilson (Clarine),4.0,4.4,3.0,7.4,,,,,,11.0,2.0,,,0.4,,,,,,64.0,3.8,,,,,79.0,16.6,,,,
201802,Norah Head AWS,0.8,7.4,11.0,10.8,,,,,,1.4,0.4,,,,,,,,,32.0,1.2,,,,,54.0,16.4,,,,
201802,North Parramatta (Burnside Homes),,,,,,,,,,,,,,,,,,,,,,,,,,,,,,,
201802,North Rocks (Muirfield Golf Club),,2.0,7.5,9.0,,,,,,0.5,0.5,,0.5,,,,,,,8.0,,,,,,65.5,4.0,,,,
201802,North Ryde Golf Club,,2.0,13.0,12.0,,,,,,1.0,2.0,,,,,,,,,4.0,,,,,2.0,63.0,2.0,,,,
201802,Parramatta North (Masons Drive),,2.8,7.6,10.4,,,,,,1.2,1.2,,,,,,,,,4.4,,,,,,72.0,3.0,,,,
201802,Peakhurst Golf Club,,,12.0,1.0,,,,,,,1.0,,,,,,,,,11.0,1.0,,,,4.0,39.0,4.0,,,,
201802,Pennant Hills (Yarrara Road),0.2,1.4,10.2,9.0,,,,,1.0,1.0,,,8.0,,,,,,,5.2,,,,,→,71.0,4.0,,,,
201802,Penrith Lakes AWS,,,,3.2,,,,,,1.0,1.2,0.2,,,,,,,,9.4,0.2,,,,,52.2,3.0,,,,
201802,Picton Council Depot,,,,,,,,,,,,,3.0,,,,,,,,,,,→,→,3.0,43.4,0.2,,,
201802,Prospect Reservoir,,,5.0,6.4,,,,,,2.2,1.2,,,,,,,,,6.8,0.4,,,,,65.8,3.0,,,,
201802,Putty (The Gibba),1.0,,1.0,2.0,,,,,,1.0,,,,,,,,,,16.0,,,,,,60.0,2.0,,,,
201802,Randwick (Randwick St),0.8,7.0,12.6,1.8,,,,,,1.8,2.6,,,,,,,,,2.4,0.2,,,,,60.4,2.6,,,,
201802,Richmond RAAF,,0.8,3.2,4.0,,,,,,1.0,0.2,,,,,,,,,6.6,,,,,,54.2,2.2,,,,
201802,Rose Bay (Royal Sydney Golf Club),0.4,1.4,13.2,,0.3,,,,,3.0,1.0,0.5,,,,0.5,0.2,,,0.8,0.3,,,,,52.6,1.4,,,,
201802,Rossmore (South Creek),,,,,,,,,,,7.0,,,,,,,,,19.0,,,,,3.0,43.0,1.0,,,,
201802,Sans Souci (Public School),,1.0,19.0,2.0,,,,,,1.0,2.0,,,,,,,,,7.0,,,,,4.0,34.0,,,,,
201802,Seven Hills  (Radio FM 103.2),,,3.0,,,,,,,1.0,0.5,,,,,,,,,6.5,0.5,,,,,58.0,3.5,,,,
201802,Seven Hills (Collins St),,,14.2,2.0,,,,,,,,,,,,,,,,9.0,,,,,,64.0,5.2,,,,
201802,Shanes Park (South Creek Road),,,0.2,0.8,,,,,,0.4,1.4,0.2,,,,,,,,6.6,,,,,,60.2,3.4,,,,
201802,Springwood (Valley Heights),,0.6,,,,,,,,0.6,2.2,,,,,,,,,14.6,0.2,,,,,60.8,3.2,,,,
201802,St Ives (Richmond Avenue),,0.2,11.2,1.4,,1.2,,,,0.4,1.6,,,0.6,,,,,,4.6,,,,,0.6,91.2,5.8,,,,
201802,Sydney (Observatory Hill Comparison),,2.0,27.6,1.6,0.2,,,,,6.0,3.0,,,,,,,,,2.0,,0.2,,,,71.4,4.0,,,,
201802,Sydney (Observatory Hill),,2.0,27.2,1.8,,,,,,4.6,2.4,,,,,,,,,1.8,,,,,,69.4,3.4,0.2,,,
201802,Sydney Airport AMO,,6.6,17.6,5.4,0.2,,,,,0.6,1.6,,,,,,,,,9.8,0.2,,,,,44.0,2.0,0.4,,,
201802,Sydney Botanic Gardens,0.4,2.4,20.1,0.1,,,,,,4.0,2.8,,,,,,,,,4.0,0.2,,,,0.4,64.6,3.4,,,,
201802,Sydney Olympic Park AWS (Archery Centre),,2.0,9.0,18.0,,,,,,9.0,3.0,,,,,,,,,16.8,,,,,,81.8,4.0,,,,
201802,Terrey Hills AWS,0.4,1.2,8.2,1.6,0.2,,,,,0.6,1.4,,,0.4,,,0.8,,,13.6,,,,,,82.8,4.2,,,,
201802,Wahroonga (Ada Avenue),0.2,0.8,12.6,8.8,0.2,,,,,0.6,1.0,,,0.2,,0.2,,,,4.4,0.4,,,,3.0,84.6,4.2,,,,
201802,Warragamba,,,,,,,,,,3.0,6.0,,,,,,,,,18.0,,,,,,53.0,1.0,,,,
201802,Wedderburn (Booalbyn),,,1.0,,,,,,,,2.0,,,,,,,,,9.0,,,,,1.0,27.0,1.0,,,,
201802,Wentworth Falls Country Club,,,,,,,,,1.2,,4.4,,,,,,,,58.2,,,,,,,,,,,,
201802,Wyong (Jilliby (Jilliby Creek)),,4.8,6.0,1.2,0.2,,,,,1.6,0.2,,3.8,,,,,,,67.4,0.8,0.2,,,,67.0,10.4,,,,
201802,Wyong (Kulnura (Jeavons)),,2.0,2.0,,,,,,,5.0,,4.0,,,,,,,,64.0,1.0,,,,,57.0,7.0,,,,
201802,Wyong (Mount Elliot),1.0,7.0,11.0,2.0,,,,,,1.0,,,,,,,,,,46.0,1.0,,,,,88.0,21.0,,,,
201802,Wyong (Olney Forest),1.0,3.0,3.0,3.0,,,,,,5.0,,1.0,,,,,,,,50.0,5.0,,,,,72.0,12.0,,,,
201802,Yarramalong (Lewensbrook),,,7.2,,,,,,,3.0,,2.8,,,,,,,,56.0,1.0,,,,,56.0,7.0,,,,
201802,"Most values are the precipitation in the 24 hoursto9 am on the day indicated.
Days marked with → are part of a longer accumulation, which is shown on the final day.Values over  100  mm have been rounded to the nearest whole millimetre.Days marked with - have a rainfall report of zero; 
days left blank have no rainfall report (which often indicates no rain fell).",,,,,,,,,,,,,,,,,,,,,,,,,,,,,,,
201802,Rainfalls colouredaccording to the amount,0,1.0,5.0,10.0,15.0,25.0,50.0,100,150,200,300,400,600,millimetres,,,,,,,,,,,,,,,,,
201803,Abbotsbury (Fairfield (City Farm)),,,,,,5.0,2.0,,,1.0,,,1.0,1.0,,,,,,,8.0,4.0,3.0,1.0,3.0,3.0,,,,,
201803,Abbotsford (Blackwall Point Rd),,,,,,→,10.0,,,,,,→,30.0,,,,,,,11.0,10.0,8.0,1.0,3.0,4.0,,,,,
201803,Audley  (Royal National Park),,,,,,7.0,7.0,,1.0,2.0,,,12.0,4.0,,,,,,,12.0,8.0,1.0,,,3.0,,,,,
201803,Avalon Beach (Avalon (Palmgrove Rd)),,0.8,,,,18.0,2.8,,1.8,1.0,,,94.6,2.6,,,,,,,3.4,1.8,2.4,0.6,,15.0,,,,,
201803,Badgerys Creek AWS,,,,,,4.2,4.6,,,2.4,,,,0.6,,,,,,,7.4,4.2,1.4,0.2,0.8,1.8,,,,,
201803,Bankstown Airport AWS,,,,,,2.6,5.4,,,1.6,,,,6.8,,,,,,,7.6,7.2,4.2,0.2,1.0,4.0,,,,,
201803,Baulkham Hills Eucalyptus Ct,,,,,,7.0,4.5,,,,,,23.5,2.5,,,,,,,19.0,19.5,4.0,,2.5,4.5,,,,,
201803,Belrose (Evelyn Place),,,0.4,,,6.2,4.4,,,0.6,,,47.2,10.0,,,,,,,10.4,5.4,9.0,0.4,,18.6,,,,,
201803,Bilpin Post Office,,0.8,,,,33.2,3.8,,,,,,,,,,,,,,,,,,,,,,,,
201803,Blackheath (Wombat Street),,,,,,26.0,8.0,,,,,,6.0,8.0,,,,,,,14.0,23.0,19.0,1.0,5.0,5.0,3.0,,,,
201803,Box Hill (McCall Gardens),,,,,,6.0,3.0,,,,,,8.0,5.0,,,,,,,6.0,5.0,3.0,,1.0,3.0,,,,,
201803,Bringelly (Maryland),,,,,,4.0,11.0,,,,,,,1.0,,,,,,,10.0,6.0,4.0,,1.0,2.0,,,,,
201803,Camden Airport AWS,,,,,,3.4,2.4,0.8,,0.2,,,0.2,0.6,,,,,,,11.8,22.0,1.8,0.2,0.4,1.8,,,,,
201803,Campbelltown (Kentlyn (Georges River Roa,,,,,,,12.0,1.0,,,,,,5.0,,1.0,,,,,6.0,8.0,4.0,,,4.0,,,,,
201803,Campbelltown (Mount Annan),,,,,,2.6,2.6,0.6,,,,,,1.2,,,,,,,11.6,5.4,,,0.2,2.6,,,,,
201803,Canterbury Racecourse AWS,,,,,,3.2,4.4,0.2,,0.4,,,8.0,4.0,,,,,,,20.8,18.2,,0.4,1.2,3.8,1.6,,0.2,,
201803,Castle Cove (Rosebridge Ave),,,,,,7.0,5.5,,,,,,52.0,13.0,,,,,,,15.0,10.0,4.5,,3.0,14.5,,,,,
201803,Castle Hill (Kathleen Ave),,,,,,7.3,6.0,,,,,,22.5,,,,,,,,16.4,16.1,8.7,0.4,2.6,13.7,,,,,
201803,Chatswood Bowling Club,,,,,,7.0,7.0,,,,,,44.0,7.0,,1.0,,,,,15.0,5.0,6.0,,2.0,12.0,,,,,
201803,Collaroy (Long Reef Golf Club),,,,,,8.4,3.6,,,,,,50.8,17.8,,,,,,,1.2,0.8,0.8,,1.0,15.4,,,,,
201803,Concord (Brays Rd),,,,,,4.4,3.0,,,0.6,,,13.6,11.4,,,,,,,14.4,10.6,5.0,,3.8,5.0,,,,,
201803,Concord Golf Club,,,,,,3.4,3.0,0.4,,0.2,,,15.6,10.2,,,,,,,20.6,15.4,5.2,,3.4,4.6,,,,,
201803,Cooranbong (Avondale),,,,,2.0,14.0,12.0,1.0,1.0,,,,,1.0,,1.0,,,,,5.0,47.0,8.0,1.0,,12.0,1.0,,,,
201803,Cooranbong (Lake Macquarie AWS),,,,,2.4,13.2,11.8,0.2,1.4,0.2,,,,0.8,,,,,,,5.6,45.6,7.8,,,12.4,0.2,,,,
201803,Darkes Forest (Kintyre),,,,,,,,,,,,,,,,,,,,,5.2,30.0,8.6,0.2,,1.0,,,,,
201803,Dover Heights (Portland St),,,,,0.2,5.6,3.6,1.2,,0.6,,,100,22.0,,,,,,,7.6,1.6,7.6,,0.6,,,,,,
201803,Erskine Park Reservoir,,,,,,7.0,2.0,,,,,,,3.0,,,,,,,8.0,5.0,3.0,2.0,2.0,1.0,,,,,
201803,Faulconbridge (Great Western Hwy),,,,,,29.0,2.0,,,,,,9.0,9.0,,,,,,,19.0,13.0,10.0,,30.0,5.0,,,,,
201803,Faulconbridge (St Georges Crescent),,0.2,,,0.4,24.2,,,,,,,8.6,11.6,0.2,,,,,,16.6,14.4,9.4,0.4,9.8,3.0,,,,,
201803,Frenchs Forest (Frenchs Forest Rd),,,,,,14.0,5.0,,,,,,50.0,10.0,,,,,,,22.0,12.0,11.0,,1.0,17.0,,,,,
201803,Gears (Wyong River),,,,,,,,,,,,,,,,,,,,,,13.0,12.0,,,14.0,,,,,
201803,Gosford AWS,,0.8,,,,17.2,4.8,,,,,,2.0,2.4,,,,,,,23.0,20.6,14.6,,0.2,17.2,,,,,
201803,Holsworthy (Defence),,,,,,1.8,17.2,1.0,,0.8,,,,5.8,,0.8,,,,,16.2,20.6,5.8,0.4,,5.6,0.4,,,,
201803,Holsworthy Aerodrome AWS,0.2,,,,,2.8,5.2,,,1.0,,,,4.6,,,,,,,6.4,2.2,1.2,1.0,,3.4,,,,,
201803,Hornsby (Swimming Pool),,,,,,13.8,6.2,,,0.2,,,30.8,4.0,,,,,,,,,,,,,,,,,
201803,Horsley Park Equestrian Centre AWS,,,,,,7.2,3.6,,,,,,0.4,1.0,0.2,,0.2,,,,2.0,6.4,1.8,0.2,1.4,1.2,,,,,
201803,Katoomba (Murri St),,→,0.6,→,→,→,17.4,0.8,,,0.6,,7.4,9.0,0.2,0.4,0.2,,,,→,106,26.6,0.8,3.0,,,,,,0.4
201803,Kurrajong Heights (Bells Line of Road),,0.8,,,0.6,26.0,7.4,,,,,,→,22.0,0.2,0.3,,,,,→,35.8,7.2,0.2,→,12.2,,,,,
201803,Lucas Heights (ANSTO),,,,,,2.4,9.4,0.4,,,,,,4.4,,,,,,,11.4,,,,,,,,,,
201803,Mangrove Mountain AWS,,0.6,0.2,,,25.2,3.2,0.4,0.4,0.6,,,,8.6,0.2,,,,,,20.2,29.2,15.0,0.2,0.2,17.4,0.2,,,,
201803,Marrickville Golf Club,,,,,,5.0,3.0,,,1.0,,,18.0,5.0,,,,,,,20.0,15.0,5.0,,1.0,4.0,,,,,
201803,Menangle Bridge (Nepean River),,,,,,2.0,2.0,,,,,,,2.0,,,,,,,12.0,11.0,1.0,,,1.0,,,,,
201803,Milperra Bridge (Georges River),,,,,,2.0,5.0,,,,,,,4.0,,,,,,,5.0,4.0,5.0,,,1.0,,,,,
201803,Mona Vale Golf Club,,,,0.2,,14.6,4.2,,1.4,,,,113,1.8,,,,0.2,,,3.2,3.8,5.6,0.4,0.2,21.2,,,0.2,0.2,
201803,Mount Boyce AWS,,0.2,0.4,,,22.0,8.8,,,0.2,0.2,,4.2,5.8,,0.2,,,,,14.6,23.4,22.0,0.8,4.6,4.4,,,0.2,,
201803,Mount Wilson (Clarine),,1.0,0.6,,2.2,32.0,8.0,,,0.4,,,3.8,11.0,,0.2,,,,,20.0,36.0,21.0,2.6,30.6,12.8,,,,,
201803,Norah Head AWS,,,,,,2.0,0.4,0.2,4.4,0.2,0.2,,,,,4.8,,,0.2,,4.0,4.8,3.8,0.4,,8.4,,,0.2,,0.2
201803,North Rocks (Muirfield Golf Club),,,,,,7.5,3.5,,,,,,22.0,1.5,,,,,,,21.5,12.0,3.5,,2.5,5.0,,,,,
201803,North Ryde Golf Club,,,,,,11.0,4.0,,,,,,33.0,10.0,,1.0,,,,,10.0,8.0,7.0,1.0,3.0,11.0,,,,,
201803,Parramatta North (Masons Drive),,,,,,7.8,4.2,0.4,,0.2,,,17.6,3.0,,,,,,,20.0,19.0,6.6,0.2,3.4,4.0,,,,,
201803,Peakhurst Golf Club,,,,,,3.0,5.0,,,1.0,,,5.0,6.0,,,,,,,10.0,9.0,6.0,,,1.0,,,,,
201803,Pennant Hills (Yarrara Road),,,,,,12.8,7.4,,,,,,36.2,2.8,,,,,,,16.2,32.0,5.4,0.8,2.4,11.2,,,,,
201803,Penrith Lakes AWS,,,,,,13.8,2.0,,,,,,20.6,5.0,0.2,,,,,,5.4,5.0,4.8,0.2,19.6,1.8,0.2,,,,
201803,Picton Council Depot,,,,,,8.0,9.2,0.2,,,,,0.4,3.0,,,,,,,0.6,2.6,4.4,,,,2.8,,,,
201803,Prospect Reservoir,,0.2,,,,8.4,3.4,0.2,,0.6,,,5.2,3.2,,0.1,,,,,11.6,15.0,6.2,0.8,3.4,5.0,,,,,
201803,Putty (The Gibba),,,,,,21.0,3.0,1.0,,,,,,,,,,,,,5.0,18.0,7.0,,13.0,21.0,,,,,
201803,Randwick (Randwick St),,,,,,5.8,3.6,,,,,0.2,79.0,10.0,,,,,,,4.6,2.0,4.8,,0.4,7.0,,,,,
201803,Richmond RAAF,,,,,,6.6,,,,,,,7.0,2.2,0.2,,,,,,5.6,9.4,4.6,,1.8,2.2,,,,,
201803,Rose Bay (Royal Sydney Golf Club),,,,,0.2,4.5,4.6,0.8,,,,,79.2,8.8,,,,,,,7.4,2.0,8.5,0.1,0.6,15.4,,,,,
201803,Rossmore (South Creek),,,,,,3.0,4.0,,,2.0,,,,2.0,,,,,,,8.0,3.0,1.0,1.0,1.0,2.0,,,,,
201803,Sans Souci (Public School),,,,,,2.0,3.0,,,1.0,,,11.0,5.0,,,,,,,9.0,11.0,4.0,,,2.0,,,,,
201803,Seven Hills  (Radio FM 103.2),,,,,,5.0,4.0,,,,,,13.5,0.5,,,,,,,14.0,13.5,3.0,0.5,3.0,2.5,,,,,
201803,Seven Hills (Collins St),,,,,,6.0,2.4,,,,,,16.6,1.4,,,,,,,4.4,14.6,5.0,,,5.8,,,,,
201803,Shanes Park (South Creek Road),,,,,,8.2,2.2,,,,,,5.4,5.0,,,0.2,,,,8.2,7.4,2.8,,9.4,2.8,,,,,
201803,Springwood (Valley Heights),,,,,,23.2,1.4,,,,,,8.0,7.0,,,,,,,13.2,7.6,8.8,0.2,35.2,3.4,,,,,
201803,St Ives (Richmond Avenue),,,,,,12.2,,,,,,,42.8,1.2,,,,,,,18.6,21.2,15.0,0.6,1.6,15.2,,,,,
201803,Sydney (Observatory Hill Comparison),,0.4,,,,6.2,2.0,0.2,0.2,0.6,0.2,,55.2,16.6,,,,,,,,7.0,5.8,,1.2,14.4,0.2,,,,
201803,Sydney (Observatory Hill),,,,,,5.6,1.8,,,0.2,,,53.0,16.6,0.2,,,,,,12.4,6.4,,,1.0,14.2,2.0,,,,
201803,Sydney Airport AMO,0.2,,,,,5.0,3.6,0.6,0.2,1.4,,,56.2,4.4,,,,,,,23.0,8.0,3.0,0.2,,1.8,,,,,
201803,Sydney Botanic Gardens,,,,,,5.8,2.0,0.2,0.3,,,,59.0,14.4,,,,,,,11.0,6.0,6.7,,1.2,15.0,,,,,
201803,Sydney Olympic Park AWS (Archery Centre),,,,,,3.6,4.6,0.4,,0.4,,,13.6,9.4,,,,,,,18.6,15.0,8.0,0.2,3.8,3.8,,,,,
201803,Terrey Hills AWS,,,,,,15.6,5.2,,,0.2,,,53.6,3.8,,,,,,,19.6,23.6,8.4,0.2,0.8,18.0,,0.2,,,
201803,Wahroonga (Ada Avenue),,,,,,16.4,7.6,0.2,,,,,49.2,3.0,,,,,,,24.2,20.8,8.2,1.6,2.2,11.2,,,,,
201803,Warragamba,,,,,,10.0,10.0,,,1.0,,,7.0,1.0,,,,,,,18.0,10.0,4.0,1.0,6.0,,,,,,
201803,Wedderburn (Booalbyn),,,,,,2.0,7.0,1.0,,,,,,4.0,,,,,,,16.0,13.0,4.0,5.0,,1.0,,,,,
201803,Wyong (Jilliby (Jilliby Creek)),,0.2,,,,5.8,11.4,1.0,2.4,0.8,,,,1.0,,0.4,,,,,21.8,51.2,18.6,1.2,,13.8,,,,,
201803,Wyong (Kulnura (Jeavons)),,,,,,18.0,10.0,2.0,,1.0,,,,2.0,,,,,,,20.0,19.0,12.0,,,14.0,,,,,
201803,Wyong (Mount Elliot),,3.0,,,,16.0,5.0,1.0,,2.0,,,2.0,3.0,,,,,,,20.0,30.0,13.0,,,17.0,,,,,
201803,Wyong (Olney Forest),,1.0,,,2.0,20.0,13.0,1.0,4.0,1.0,,,,3.0,,,,,,,30.0,62.0,20.0,,,13.0,,,,,
201803,"Most values are the precipitation in the 24 hoursto9 am on the day indicated.
Days marked with → are part of a longer accumulation, which is shown on the final day.Values over  100  mm have been rounded to the nearest whole millimetre.Days marked with - have a rainfall report of zero; 
days left blank have no rainfall report (which often indicates no rain fell).",,,,,,,,,,,,,,,,,,,,,,,,,,,,,,,
201803,Rainfalls colouredaccording to the amount,0,1.0,5.0,10.0,15.0,25.0,50.0,100,150,200,300,400,600,millimetres,,,,,,,,,,,,,,,,,
201804,Abbotsbury (Fairfield (City Farm)),,,,,,,,,,,,,,,,,,,,2.0,,,,,,,,5.0,1.0,13.0,
201804,Abbotsford (Blackwall Point Rd),,,,,,,,,,,,,,,,,,,,,,,,,,,4.0,8.0,,8.0,
201804,Audley  (Royal National Park),,,,,,,,,,,,,,,,,,,,,,,,,,,1.0,10.0,,2.0,
201804,Avalon Beach (Avalon (Palmgrove Rd)),,,5.8,2.4,,,,,,,,,,,,,,0.6,,0.3,,,,,0.6,,3.4,11.0,9.8,24.0,
201804,Badgerys Creek AWS,,,,,,,,,,,,,,,,,,,,,,,,,2.6,,,,0.2,15.4,
201804,Bankstown Airport AWS,,,,,,,,,0.2,,,,,,,,,,,,,,,,,,0.4,5.6,0.4,4.4,
201804,Baulkham Hills Eucalyptus Ct,,,0.5,,,,,,,,,,,,,,4.0,,,,,,,,,,0.5,4.0,,7.5,
201804,Belrose (Evelyn Place),,,1.6,,0.4,,,,,,,,,,,,,0.4,,0.2,,,,,,0.4,0.8,9.0,3.8,13.2,
201804,Blackheath (Wombat Street),,,3.0,,,,,,,,,,,,,,,1.0,,1.0,,,,,,,,1.0,2.0,2.0,
201804,Box Hill (McCall Gardens),,,2.0,,,,,,,,,,,,,,,,,1.0,,,,,,,,1.0,,6.0,
201804,Bringelly (Maryland),,,,,,,,,,,,,,,,,,,,1.0,,,,,,,,,,18.0,
201804,Camden Airport AWS,,,,,,,,,,,,,,,,,,,,,,,,,,,,,0.2,10.4,
201804,Campbelltown (Kentlyn (Georges River Roa,,,,,,,,,,,,,,,,,,,,,,,,,,,,5.0,,5.0,
201804,Campbelltown (Mount Annan),,,,,,,,,,,,,,,,,,,,,,,,,,,,,,9.8,
201804,Canterbury Racecourse AWS,,,,,,,,,0.2,,,,,,,,,,,,,,,,,,1.8,7.4,,3.0,
201804,Castle Cove (Rosebridge Ave),,,,,,,,,,,,,,,,,,,,,,,,,,0.2,3.0,8.0,4.0,14.0,
201804,Castle Hill (Kathleen Ave),,,1.0,,,,,,,,,,,,,,,,,8.2,,,,,,,3.0,5.4,,8.3,
201804,Castlereagh (Castlereagh Road),,2.8,,,,,,,,,,,,,,,,,,,,,,,,,,,,,
201804,Cawdor (Woodburn),,,5.0,,,,,,,,,,,,,,,,,,,,,,,,,,,8.0,
201804,Chatswood Bowling Club,,,1.0,,,,,,,,,,,,,,,,,,,,,,,,2.0,7.0,1.0,8.0,
201804,Collaroy (Long Reef Golf Club),,,2.2,,,,,,,,,,,,,,,,,,,,,,,,2.6,1.6,8.2,31.6,
201804,Colo Heights (Mountain Pines),,,,,,,,,,,,,,0.1,,,0.2,,,12.4,,,0.2,,,0.4,,2.4,1.4,3.2,
201804,Concord (Brays Rd),,,,,,,,,,,,,,,,,,,,,,,,,,,2.4,8.4,0.2,9.4,
201804,Cooranbong (Avondale),,1.0,6.0,2.0,3.0,,,,1.0,,,,,,,,,,,42.0,,3.0,,,2.0,5.0,9.0,1.0,1.0,8.0,
201804,Cooranbong (Lake Macquarie AWS),,,6.0,1.0,3.6,,,0.2,0.2,,,,,,,,,,,41.8,,2.8,,,0.6,5.4,7.8,1.6,0.4,7.2,
201804,Darkes Forest (Kintyre),,,,,,,,,,,,,,2.2,,,,,,,,,,,,,,2.8,1.0,15.6,
201804,Erskine Park Reservoir,,,,,,,,,,,,,,,,,,,,,,,,,,,,2.0,1.0,8.0,
201804,Faulconbridge (Great Western Hwy),,,6.0,,,,,,,,,,,,,,,,,,,,,,,,,,3.0,13.0,
201804,Faulconbridge (St Georges Crescent),,,6.2,,,,0.6,,,,,,,,,,,,,,,,,,,,,,,,
201804,Frenchs Forest (Frenchs Forest Rd),,,2.0,,,,,,,,,,,,,,,,,,,,,,,,,,,,
201804,Gears (Wyong River),,,16.0,,,,,,,,,,,,,,,,,1.0,,,,,,1.0,2.0,1.0,,3.0,
201804,Gosford AWS,,,40.6,0.2,1.6,,,,,,,,,,,,,,,1.0,,,,,0.4,1.8,4.6,8.8,0.6,13.4,
201804,Holsworthy (Defence),,,3.6,,,,0.2,,0.4,,,,,0.2,0.4,,,,,,,,,0.2,0.4,,2.0,11.2,1.2,11.0,
201804,Holsworthy Aerodrome AWS,,,,,,,,,,,,,,,,,,,,,,,,,,,,4.8,0.2,2.8,
201804,Horsley Park Equestrian Centre AWS,,,,,,,,,,0.2,,,,,0.2,,,,,0.4,0.2,,,,,,,0.4,1.0,7.2,
201804,Katoomba (Murri St),,→,2.6,1.0,,,,,,,,,,0.6,,,,,0.2,0.2,,,,→,→,0.2,0.2,1.4,7.8,,
201804,Kurrajong Heights (Bells Line of Road),,,5.6,,,,,,,,,,,,,,,,,7.8,,0.4,,,,,0.6,→,4.0,10.2,
201804,Lucas Heights (ANSTO),,,0.6,,,,,,,,,,,,,,,,,,,,,,,,,0.7,1.0,,
201804,Macquarie Park (Willandra Village),,,3.2,,,,,,,,,,,,,,,,,,,,,,,,,,,,
201804,Mangrove Mountain AWS,0.2,,13.0,0.2,0.2,,0.2,,,,,,,,,,,,,7.4,,,,,0.4,6.4,2.2,2.0,0.8,8.8,
201804,Marrickville Golf Club,,,,,,,,,,,,,,,,,,,,,,,,,,,1.0,8.0,,6.0,
201804,Menangle Bridge (Nepean River),,,5.0,,,,,,,,,,,,,,,,,,,,,,,,,,,5.0,
201804,Milperra Bridge (Georges River),,,,,,,,,,,,,,,,,,,,,,,,,,,,2.0,,3.0,
201804,Mona Vale Golf Club,0.2,0.2,1.4,0.2,0.2,0.2,,0.2,0.2,,,0.2,,,,,,0.2,,0.2,,,0.2,,0.4,0.4,2.8,8.2,7.8,26.8,
201804,Mount Boyce AWS,,,3.0,0.2,0.2,,,,,,,,,0.2,0.2,,,0.6,0.2,1.2,,,,0.4,,,0.2,0.2,2.6,1.6,
201804,Norah Head AWS,,0.2,14.8,11.2,0.2,0.2,0.2,0.2,0.2,,,,0.2,,,,2.4,2.6,,4.4,,,,,7.8,10.8,0.6,2.2,3.0,19.6,
201804,North Rocks (Muirfield Golf Club),,,0.5,,0.5,,,,,,,,,,,,,,,,,,,,,,1.0,4.0,0.5,15.5,
201804,North Ryde Golf Club,,,1.0,,,,,,,,,,,,,,,,,,,,,,,,4.0,7.0,,6.0,
201804,Parramatta North (Masons Drive),,,0.8,,,,,,,,,,,,,,,,,0.2,,,,,,,0.2,4.7,0.2,7.8,
201804,Peakhurst Golf Club,,,,,,,,,,,,,,,,,,,,,,,,,,,,10.0,,1.0,
201804,Pennant Hills (Yarrara Road),,,1.8,,,,,,,,,,,0.2,,,,,,0.4,,,,,,0.2,2.8,6.0,0.6,5.4,
201804,Penrith Lakes AWS,,,3.6,,0.2,0.2,,,,,,,,,,,,,,1.8,0.2,,,,,0.2,,,2.0,14.4,
201804,Picton Council Depot,,,,,,,,,,,,,,,,,,,,,,,,,,,,→,→,12.0,
201804,Prospect Reservoir,,,,,,,,,,,,,,1.0,,,,,,0.6,,,,,,,0.2,4.0,0.4,15.2,
201804,Putty (The Gibba),,,,,,,,,,,,,,,,,,,,12.0,,,,,,,,,,1.0,
201804,Randwick (Randwick St),,,1.2,,0.1,,,,,0.8,,,,,,,,2.0,,,,,,,0.4,0.2,,10.2,15.2,24.6,
201804,Richmond - UWS Hawkesbury,,,,,,,,,,,,,,,,,,,,1.8,,→,0.4,,,,,,→,10.2,
201804,Richmond RAAF,,,,,,,,,,,,,,,,,,,,2.0,0.2,,,,,,,0.4,1.2,7.0,
201804,Rose Bay (Royal Sydney Golf Club),,,0.1,,,,,,,0.2,,,,,,,0.2,0.1,,,1.2,,,,1.0,1.3,2.0,8.8,6.8,30.4,
201804,Rossmore (South Creek),,,,,,,,,,,,,,,,,,,,1.0,,,,,,,,,1.0,15.0,
201804,Sans Souci (Public School),,,2.0,,,,,,,,,,,,,,,,,,,,,,,,2.0,10.0,,,
201804,Seven Hills  (Radio FM 103.2),,,,,,,,,,,,,,,,,,,,,,,,,,,,2.5,,9.5,
201804,Seven Hills (Collins St),,,,,,,,,,,,,,,,,,,,,,,,,,,,3.0,,13.2,
201804,Shanes Park (South Creek Road),,,2.0,,,,,,,,,,,,,,,,,1.4,0.2,,,,,,,1.6,1.4,6.4,
201804,Springwood (Valley Heights),,,3.8,,,,0.2,,,,,,,,,,,,,0.8,,,,,,1.4,0.2,,1.4,16.4,
201804,St Ives (Richmond Avenue),,,2.2,,,,,,,,,,,,,,,0.4,,,,,,,,0.4,1.4,4.2,1.4,10.0,
201804,Sydney (Observatory Hill Comparison),,,,,,,,,,,,,,,,,,,,,,,,,,0.2,1.6,9.6,2.6,10.2,
201804,Sydney (Observatory Hill),,,,,,,,,,,,,,,,,,,,,,,,,,0.2,1.4,9.2,2.6,9.8,
201804,Sydney Airport AMO,,,3.4,0.2,,,,,,,,,,,,,,,,,,,,,,,0.6,6.2,0.8,11.0,
201804,Sydney Botanic Gardens,,,,,,,,,,,0.4,,,,,,,0.1,,,,,,,0.4,0.8,0.2,8.2,3.6,12.6,
201804,Sydney Olympic Park AWS (Archery Centre),,,,,,,,,,,,,,0.2,,,,,,,,,,,0.2,,1.6,6.0,0.2,7.0,
201804,Terrey Hills AWS,0.2,,4.4,0.2,,0.2,,,,,,,,,,,,0.4,,,,0.2,,,0.4,0.2,8.8,5.2,1.2,13.0,
201804,Wahroonga (Ada Avenue),0.2,,3.0,,0.2,,0.2,,,,,,,,,,,,,0.6,,0.2,0.2,,,0.4,6.4,6.0,0.4,15.6,
201804,Warragamba,,,,,,,,,,,,,,,,,,,,,,,,,,,,,,14.0,
201804,Wedderburn (Booalbyn),,,,,,,,,,,,,,,,,,,,,,,,,,,,1.0,1.0,6.0,
201804,Wyong (Jilliby (Jilliby Creek)),,,23.6,0.2,4.8,,,,,,,,,,,,,,,4.2,,,,,0.8,16.2,11.8,5.4,,2.2,
201804,Wyong (Kulnura (Jeavons)),,,1.0,,,,,,,,,,,,,,,,,35.0,,,,2.0,1.0,3.0,2.0,1.0,,3.0,
201804,Wyong (Mount Elliot),,,61.0,1.0,,,,,,,,,,,,,,,,1.0,,,,,1.0,3.0,7.0,6.0,1.0,10.0,
201804,Wyong (Olney Forest),,,6.0,1.0,1.0,,,,,,,,,,,,,,,22.0,,,,,1.0,10.0,5.0,4.0,,2.0,
201804,"Most values are the precipitation in the 24 hoursto9 am on the day indicated.
Days marked with → are part of a longer accumulation, which is shown on the final day.Values over  100  mm have been rounded to the nearest whole millimetre.Days marked with - have a rainfall report of zero; 
days left blank have no rainfall report (which often indicates no rain fell).",,,,,,,,,,,,,,,,,,,,,,,,,,,,,,,
201804,Rainfalls colouredaccording to the amount,0,1.0,5.0,10.0,15.0,25.0,50.0,100,150,200,300,400,600,millimetres,,,,,,,,,,,,,,,,,
201805,Abbotsbury (Fairfield (City Farm)),,,,,,,,,,,,,1.0,,,,,,,,,,,,,,,,,7.0,2.0
201805,Abbotsford (Blackwall Point Rd),,,,,,,,,,,,3.0,,4.0,,,,,,,,,,,,,,,,4.0,4.0
201805,Audley  (Royal National Park),,,,,,,,,,,,3.0,1.0,3.0,,,,,,,,,,,,,,,,5.0,
201805,Avalon Beach (Avalon (Palmgrove Rd)),1.0,,,,,,,,,,,2.8,1.4,9.6,,,,,,,,,,,,,,,,5.0,7.8
201805,Badgerys Creek AWS,,,,,,,,,,,,,0.4,,,,,,,,,,,,,,,,,7.8,
201805,Bankstown Airport AWS,,0.2,,,,,,,,,,1.0,0.2,,,0.2,,,,,,,,,,,,,,8.6,1.2
201805,Baulkham Hills Eucalyptus Ct,,,,,,,,,,,,0.5,0.5,,,,,,,,,,,,,,,,,,
201805,Belrose (Evelyn Place),0.4,,,,,,,,,,,3.8,1.2,8.4,,,,,,,,,,,,,,,,4.6,4.0
201805,Blackheath (Wombat Street),,,,,,,,,,,,,2.0,,,,1.0,,,,,,,,,,,1.0,,10.0,1.0
201805,Box Hill (McCall Gardens),,,,,,,,,,,,,1.0,,,,,,,,,,,,,,,,,4.0,2.0
201805,Bringelly (Maryland),1.0,,,,,,,,,,,,,,,,,,,,,,,,,,,,,7.0,1.0
201805,Camden Airport AWS,,,,,,,,,,,,,,,,,,,,,,,,,,,,,0.2,1.8,1.0
201805,Campbelltown (Kentlyn (Georges River Roa,,,,,,,,,,,,,3.0,,,,,,,,,,,,,,,,,8.0,1.0
201805,Campbelltown (Mount Annan),,,,,,,,,,,,,0.6,,,,,,,,,,,,,,,,0.2,4.0,
201805,Canterbury Racecourse AWS,,0.2,,,,,,,,,,2.4,0.4,2.6,,,,,,,,,,,,,0.2,,,4.0,3.6
201805,Castle Cove (Rosebridge Ave),,,,,,,,,,,,5.0,2.0,13.0,,,,,,,,,,,,,,,,5.5,11.5
201805,Castle Hill (Kathleen Ave),,,,,,,,,,,,1.4,12.0,,,,,,,,,,,,,,,,,5.4,
201805,Castlereagh (Castlereagh Road),,,,,,,,,,,,,,,,,,,,,,,,,,,,,,,
201805,Chatswood Bowling Club,,,,,,,,,,,,3.0,,10.0,,,,,,,,,,,,,,,,4.0,5.0
201805,Collaroy (Long Reef Golf Club),,,,,,,,,,,,4.2,0.4,10.8,,0.4,,,,,,,,,,,,,,4.2,2.8
201805,Colo Heights (Mountain Pines),,0.1,0.1,,,,,,,,,,,,,,,,,,,,,,,,0.1,0.1,,3.2,
201805,Concord (Brays Rd),,,,,,,,,,,,3.0,0.4,1.2,,,,,,,,,,,,,,,,4.0,5.2
201805,Concord Golf Club,,,,,,,,,,,,2.2,1.0,1.8,,,,,,,,,,,,,,,,,
201805,Cooranbong (Avondale),,,1.0,,,,,,,1.0,,,,2.0,,,,1.0,,,,,,,1.0,,,,,10.0,
201805,Cooranbong (Lake Macquarie AWS),0.2,,,0.2,,,,,0.2,,,0.2,,2.4,,,,0.2,,,0.2,,,,,,0.2,,,8.8,1.4
201805,Darkes Forest (Kintyre),,,,,,,,,,,,0.6,3.4,0.8,,,,0.2,,,,,,,,,,0.2,,2.8,
201805,Erskine Park Reservoir,,,,,,,,,,,,,,,,,,,,,,,,,,,,,,7.0,
201805,Faulconbridge (Great Western Hwy),,,,,,,,,,,,,,,,,,,,,,,,,,,,,,4.0,
201805,Faulconbridge (St Georges Crescent),,,,,,,,,,,,,0.2,,,,,,,,,,,,,,,,,5.6,
201805,Gears (Wyong River),,,,,,,,,,,,3.0,,1.0,,,,,,,,,,,,,,,,5.0,
201805,Gosford AWS,6.2,,,,,,,,,,,1.6,0.2,4.0,,,,,,,,,,,,,,,,5.8,
201805,Holsworthy (Defence),0.4,,0.2,,,,,,,,,1.2,6.6,0.4,,,,,,0.6,,,,,,,0.2,,,11.8,4.2
201805,Holsworthy Aerodrome AWS,,,,,,,,,,,,1.0,1.6,,,,,,,,,,,,,,,,,6.2,4.8
201805,Hornsby (Swimming Pool),,,,,,,,,,,,,,,,,,,,,,,,,,,,,,,
201805,Horsley Park Equestrian Centre AWS,,,,,,,,,,,,0.4,0.8,0.2,,,,,,,,,,,,,,,,6.2,3.8
201805,Katoomba (Murri St),5.6,,,,,,,,,,,0.2,1.0,,,,,,,,,,,,0.4,,,,,9.0,
201805,Kurrajong Heights (Bells Line of Road),,,,,,,,,,,,0.2,,,,,,,,,,,,,,,,,,6.2,
201805,Lucas Heights (ANSTO),,,,,,,,,,,,2.0,1.2,2.2,,,,,,,,,,,,,,,,6.8,
201805,Macquarie Park (Willandra Village),,,,,,,,,,,,,,,,,,,,,,,,,,,,,,,
201805,Mangrove Mountain AWS,1.4,,,,,,,,,,,1.2,,4.4,,,0.2,,,,,,,,,,,,0.2,7.4,0.2
201805,Marrickville Golf Club,,,,,,,,,,,,3.0,,6.0,,,,,,,,,,,,,,,,4.0,1.0
201805,Menangle Bridge (Nepean River),,,,,,,,,,,,,,,,,,,,,,,,,,,,,,2.0,
201805,Milperra Bridge (Georges River),,,,,,,,,,,,,,,,,,,,,,,,,,,,,,6.0,1.0
201805,Mona Vale Golf Club,,0.4,0.2,,,,0.2,,0.4,,,3.6,0.4,11.0,,0.4,,0.2,,,,,,0.2,,0.2,0.4,,0.2,5.8,9.4
201805,Mount Boyce AWS,0.4,,,,,,,0.2,,,,,1.2,,0.2,,0.2,,,0.2,,,,,0.2,0.4,,,0.2,8.6,
201805,Norah Head AWS,3.0,,0.2,,,,,0.2,,,,2.4,0.2,8.8,,,1.0,,,,,,,,0.2,,,0.2,,7.0,0.2
201805,North Parramatta (Burnside Homes),,,,1.0,,,,,,,,0.5,1.0,,,,,,,,,,,,,,,,,4.0,0.5
201805,North Rocks (Muirfield Golf Club),,,,,,,,,,,,0.5,1.0,0.5,,,,,,,,,,,,,,,,3.5,1.0
201805,North Ryde Golf Club,,,1.0,,,,,,,,,2.0,,2.0,,,,,,,,,,,,,,,,4.0,2.0
201805,Parramatta North (Masons Drive),,,,,,,,,,,,1.2,1.0,0.6,,,,,,,,,,,,,,,,5.0,1.0
201805,Peakhurst Golf Club,,,,,,,,,,,,2.0,1.0,1.0,,,,,,,,,,,,,,,,6.0,2.0
201805,Pennant Hills (Yarrara Road),,,0.2,,,,,,,,,,,,3.8,,,,,,,,,,,,,,,5.0,2.6
201805,Penrith Lakes AWS,,,,,,,,,,,,,,,,,,,,,,,,,,,,0.2,,3.0,
201805,Picton Council Depot,0.2,,,,,,,,,,,→,→,1.4,,,,,,,,,,,,,,,,1.2,1.0
201805,Prospect Reservoir,0.1,,,,,,,,,,,0.6,0.5,,,,,,,,,,,,,,,,,,
201805,Putty (The Gibba),,,,,,,,,,,,,,,,,,,,,,,,,,,,,,6.0,
201805,Randwick (Randwick St),0.2,,,,,,,,,,,6.0,1.4,23.2,,,0.1,,,,,,,,,,,,,3.6,
201805,Richmond - UWS Hawkesbury,,,,,,,,,,,,,,,,,,,,,,,,,,,,,,5.0,
201805,Richmond RAAF,,0.2,,,,,,,,,,,,,,,,,,,,,,,,,,,,4.0,
201805,Rose Bay (Royal Sydney Golf Club),,,,,,,,,0.1,,,6.0,1.8,22.0,,0.4,0.1,,,,,,,,,,,0.1,,,
201805,Rossmore (South Creek),,,,,,,,,,,,,1.0,,,,,,,,,,,,,,,,,7.0,
201805,Sans Souci (Public School),,,,,,,,,,,,4.0,,5.0,,,,,,,,,,,,,,,,7.0,
201805,Seven Hills  (Radio FM 103.2),,,,,,,,,,,,0.5,0.5,,,,,,,,,,,,,,,,,5.0,4.0
201805,Seven Hills (Collins St),,,,,,,,,,,,,,,,,,,,,,,,,,,,,,6.6,3.6
201805,Shanes Park (South Creek Road),,0.2,,,,,,,,,,,0.2,,,,,,,,,,,,,,,,,5.4,0.4
201805,Springwood (Valley Heights),,,,,,,,,,,,,,,,,,,,,,,,,,,,,,4.0,
201805,St Ives (Richmond Avenue),0.2,,,,,,,,,,,3.2,1.4,8.2,0.2,,,,,,,,,,,,,,,4.8,7.6
201805,Sydney (Observatory Hill Comparison),,,,,,,,,,,,4.0,0.6,12.6,0.2,,,,,,,,,,,,,,,4.0,1.8
201805,Sydney (Observatory Hill),0.2,,,,,,,,,,,3.6,0.8,13.4,0.2,,,,,,,,,,,,,,,3.4,1.6
201805,Sydney Airport AMO,,,,,,,,,,,,4.0,0.4,8.4,,,,,,,,,,,,,,,,4.2,
201805,Sydney Botanic Gardens,,,,,,,,,,,,4.6,1.4,15.2,,0.2,,,,,,,,,,,,,,3.8,1.2
201805,Sydney Olympic Park AWS (Archery Centre),,,,,,,,,,,,2.0,0.4,1.2,,,,,,,,,,,,,,,,5.2,3.0
201805,Terrey Hills AWS,1.2,,,,,,,,,,,3.2,0.8,9.8,,,,,,,,,,,,,,,,4.2,7.6
201805,Wahroonga (Ada Avenue),0.2,0.2,,,,,0.2,,,,,2.8,1.2,3.0,,,,0.2,,0.2,,,,,,0.2,0.2,,,6.6,2.0
201805,Warragamba,,,,,,,,,,,,,,,,,,,,,,,,,,,,,,3.0,
201805,Wedderburn (Booalbyn),,,,,,,,,,,,,2.0,,,,,,,,,,,,,,,,,4.0,1.0
201805,Wyong (Jilliby (Jilliby Creek)),,,,,,,,,,,,,,,,,,,,,,,,,,,,,,,
201805,Wyong (Kulnura (Jeavons)),,,,,,,,,,,,,,3.0,,,,,,,,,,,,,,,,8.0,
201805,Wyong (Mount Elliot),2.0,,,,,,,,,,,1.0,1.0,7.0,,,,,,,,,,,,,,,,7.0,
201805,Wyong (Olney Forest),1.0,,,,,,,,,,,,,2.0,,,,,,,,,,,,,,,,9.0,
201805,Yarramalong (Lewensbrook),,,,,,,,,,,,1.0,,3.0,,,,,,,,,,,,,,,,7.2,
201805,"Most values are the precipitation in the 24 hoursto9 am on the day indicated.
Days marked with → are part of a longer accumulation, which is shown on the final day.Values over  100  mm have been rounded to the nearest whole millimetre.Days marked with - have a rainfall report of zero; 
days left blank have no rainfall report (which often indicates no rain fell).",,,,,,,,,,,,,,,,,,,,,,,,,,,,,,,
201805,Rainfalls colouredaccording to the amount,0,1.0,5.0,10.0,15.0,25.0,50.0,100,150,200,300,400,600,millimetres,,,,,,,,,,,,,,,,,
201806,Abbotsbury (Fairfield (City Farm)),,,,,,13.0,8.0,,7.0,2.0,,,,,,,,,3.0,6.0,,,,,,,,3.0,10.0,,
201806,Abbotsford (Blackwall Point Rd),,,,,,30.0,19.0,,9.0,,,,,,,,,,10.0,32.0,,,,,,,,10.0,9.0,,
201806,Audley  (Royal National Park),,,,,,32.0,16.0,,8.0,2.0,6.0,,,,,,,,9.0,30.0,1.0,2.0,,,,,1.0,8.0,5.0,1.0,
201806,Avalon Beach (Avalon (Palmgrove Rd)),,,5.6,,13.2,21.0,8.4,,4.6,,,13.6,,,,,,,32.4,31.8,2.4,1.4,,,,,6.2,13.6,6.2,,
201806,Badgerys Creek AWS,,,,,,10.6,7.6,,9.4,1.8,,,,,,,,,2.8,5.2,,,,,,,,5.0,10.0,,
201806,Bankstown Airport AWS,,,,,,23.6,11.0,,7.2,1.8,,0.2,0.4,0.2,,,,,5.0,11.0,0.6,0.4,0.2,,,,0.2,2.4,7.0,,
201806,Baulkham Hills Eucalyptus Ct,,,,,,,,,,,,,,,,,,,5.5,18.0,,,,,,,0.5,0.5,6.5,,
201806,Belrose (Evelyn Place),,0.4,0.4,1.0,1.2,20.6,15.4,,6.0,2.0,10.6,,0.4,,,,,0.4,15.2,36.4,1.4,0.2,,,,,1.4,9.0,8.6,,
201806,Bilpin Post Office,,,,,2.6,7.2,2.4,,2.4,,,2.8,,,,,,,,,,,,,,,,,,,
201806,Blackheath (Wombat Street),,,2.0,,,5.0,4.0,,5.0,3.0,1.0,,1.0,,,1.0,,1.0,1.0,4.0,,,,1.0,,,,6.0,8.0,,
201806,Box Hill (McCall Gardens),,,,,,9.0,7.0,,8.0,2.0,,1.0,,,,,,,4.0,13.0,,,,1.0,,,,,8.0,,
201806,Bringelly (Maryland),,,,,,11.0,6.0,,10.0,1.0,1.0,,,,,,,,1.0,5.0,,,,,,,,4.0,9.0,,
201806,Camden Airport AWS,,,,,,17.6,6.0,,4.8,0.4,,,0.2,,,,,,1.4,1.6,,0.2,,,0.2,,,5.2,10.2,0.2,
201806,Campbelltown (Kentlyn (Georges River Roa,,,,,,25.0,12.0,,10.0,1.0,,,,,,,,,5.0,7.0,,,1.0,,,,,5.0,8.0,,
201806,Campbelltown (Mount Annan),0.2,,,,,23.4,10.2,0.2,8.2,0.4,,0.2,,,,,,,2.4,5.6,,,,0.2,,,0.2,3.2,8.2,0.2,
201806,Canterbury Racecourse AWS,,,,,0.2,31.0,14.0,,9.4,2.0,1.6,0.2,0.2,,,,,,7.6,30.2,,,,0.2,,,,6.4,9.0,0.2,
201806,Castle Cove (Rosebridge Ave),,,0.6,2.0,3.0,22.0,18.0,,5.5,3.0,11.0,,0.5,,,,,0.5,13.0,46.0,2.5,1.5,,,,,1.0,11.5,8.0,,
201806,Castle Hill (Kathleen Ave),,,,,,11.6,6.6,1.0,9.0,,,,,,,,,2.3,6.7,17.5,,,,,,,,1.3,,,
201806,Chatswood Bowling Club,,,1.0,1.0,1.0,22.0,16.0,,6.0,3.0,11.0,,,,,,,,12.0,44.0,2.0,1.0,,,,,1.0,6.0,8.0,,
201806,Collaroy (Long Reef Golf Club),,,1.2,0.4,17.2,34.6,17.4,1.2,3.2,3.6,7.2,,,,,,,,20.2,43.2,4.2,,,,,,2.4,27.2,,,
201806,Colo Heights (Mountain Pines),,,,,,,2.8,2.2,2.2,1.4,0.8,,0.4,,,,,0.1,3.6,8.2,,0.1,0.1,,,0.1,,0.6,7.4,,
201806,Concord (Brays Rd),,,,,0.4,26.0,16.4,,8.4,1.6,0.6,,0.2,,,,,,9.4,24.6,,0.6,,,,,,5.6,9.6,,
201806,Concord Golf Club,,,,,,23.8,17.0,,9.0,2.0,1.4,,,,,,,,8.0,28.6,,,,,,,,8.0,11.2,,
201806,Cooranbong (Avondale),,,21.0,,26.0,3.0,6.0,,3.0,3.0,21.0,,1.0,,,,,,8.0,38.0,3.0,,,1.0,,,,3.0,4.0,,
201806,Cooranbong (Lake Macquarie AWS),,,18.6,,24.2,2.6,6.0,,2.6,1.6,20.0,,0.2,,0.2,,,,7.0,36.8,2.8,0.2,0.2,,0.2,,0.2,2.8,3.6,,
201806,Darkes Forest (Kintyre),,,1.0,0.2,,33.4,18.4,0.2,6.2,0.4,0.8,,0.2,,,,,1.2,8.6,9.6,,,,,,,0.4,4.8,6.4,,
201806,Dover Heights (Portland St),0.2,1.6,4.2,0.6,10.6,40.6,24.6,0.4,4.8,4.6,14.0,1.8,0.4,0.2,,0.8,,,35.0,25.2,3.8,1.2,,,,,,,,,
201806,Erskine Park Reservoir,,,,,,7.0,3.0,,12.0,1.0,1.0,,,,,,,,3.0,5.0,,,1.0,,,,,4.0,10.0,,
201806,Faulconbridge (Great Western Hwy),,,,,,4.0,9.0,,2.0,2.0,,1.0,,,,,,,,3.0,,,,,,,,10.0,12.0,,
201806,Faulconbridge (St Georges Crescent),,0.2,,,,3.8,7.0,,2.6,1.8,0.6,,,,,,,,1.0,,,,,,,,,6.2,,,
201806,Gears (Wyong River),,,11.0,,,4.0,6.0,,2.0,1.0,3.0,,,,,,,,15.0,26.0,1.0,,,,,,,2.0,2.0,,
201806,Gosford AWS,,,19.4,,6.6,44.6,12.0,,4.0,4.6,13.8,0.2,0.2,,,,,,31.0,61.0,0.8,1.6,,0.2,,,0.4,3.4,9.8,,
201806,Holsworthy (Defence),,,,,,47.6,22.0,,12.2,1.4,0.2,0.4,0.2,,,,,0.6,8.8,13.0,,0.2,0.4,,,,0.2,9.8,13.4,,
201806,Holsworthy Aerodrome AWS,,,,,,21.8,13.4,,8.8,1.4,,,,,,,,,5.0,14.0,,0.2,,,,,,4.6,7.6,0.2,
201806,Hornsby (Swimming Pool),,0.8,0.6,0.4,,11.4,8.0,,8.0,1.2,3.6,0.2,0.2,,,,,0.2,10.4,29.6,1.8,1.8,0.2,,,,1.4,3.4,7.2,,
201806,Horsley Park Equestrian Centre AWS,0.2,,,,,12.2,5.2,0.2,7.6,2.0,0.2,0.2,,,,,,,3.0,5.6,,,0.2,,,,,3.0,9.4,,
201806,Katoomba (Murri St),,,3.4,1.4,→,8.0,6.6,→,3.4,3.6,4.0,,,,,,0.2,0.6,1.4,,,0.2,,,,,,6.4,10.6,,
201806,Kurrajong Heights (Bells Line of Road),,,→,→,→,→,→,→,→,→,→,→,→,→,→,16.5,,,2.6,2.8,,,,,,,,3.6,10.6,,
201806,Lucas Heights (ANSTO),,,,,,22.2,13.0,,8.2,2.0,,0.2,,,,,,0.8,4.8,21.2,0.4,,,,,,,3.0,,,
201806,Mangrove Mountain AWS,,,11.2,,1.8,10.8,11.4,,6.2,1.2,8.4,0.2,0.2,,,,,0.2,18.8,36.0,,0.2,,0.2,,,0.2,4.4,,,
201806,Marrickville Golf Club,,,,,2.0,44.0,16.0,,10.0,2.0,3.0,1.0,,,,,,,10.0,41.0,,1.0,,,,,,9.0,7.0,,
201806,Menangle Bridge (Nepean River),,,,,,25.0,12.0,,6.0,1.0,,,,,,,,,2.0,3.0,,,,,,,,3.0,8.0,,
201806,Milperra Bridge (Georges River),,,,,,23.0,12.0,,8.0,2.0,,,,,,,,,3.0,9.0,,,,,,,,3.0,5.0,,
201806,Mona Vale Golf Club,,0.2,3.2,,15.2,25.4,11.0,,4.4,2.4,5.2,0.2,0.2,,,,,,25.0,40.6,3.4,0.8,0.4,,,,3.2,18.8,11.0,,
201806,Mount Boyce AWS,,0.2,1.8,0.2,0.2,5.2,5.8,0.2,4.0,3.2,1.0,0.4,,,0.2,0.8,0.2,0.2,1.8,3.8,,0.2,0.2,,0.2,,0.4,6.4,3.8,,
201806,Mount Wilson (Clarine),,,1.4,,,5.4,2.4,0.4,3.4,1.4,1.0,,,,,,1.0,1.0,1.8,2.8,,,,,,,,6.6,8.6,,
201806,Norah Head AWS,1.0,1.2,48.0,1.6,66.2,12.6,9.2,0.2,4.2,7.8,106,5.0,,,,,,0.6,18.0,75.2,14.6,1.2,0.4,,,,,0.4,9.6,,
201806,North Parramatta (Burnside Homes),,,,,,14.5,8.5,,8.0,1.5,,,0.5,,,,,,6.0,18.5,,0.5,,,,,0.5,1.5,8.0,,
201806,North Rocks (Muirfield Golf Club),,,,,,13.5,9.0,,8.5,2.0,,,0.5,,,,,,6.0,14.5,,0.5,,,,,3.0,2.5,6.5,,
201806,North Ryde Golf Club,,,,,,29.0,14.0,,7.0,1.0,2.0,,,,,,,,10.0,19.0,2.0,2.0,,,,,1.0,3.0,8.0,,
201806,Parramatta North (Masons Drive),,,,,0.2,15.0,9.4,,7.4,2.0,0.2,0.2,,,,,,,7.0,19.4,,0.6,,,,,0.8,1.8,9.0,,
201806,Peakhurst Golf Club,,,,,,37.0,15.0,,9.0,2.0,,,,,,,,,5.0,34.0,2.0,1.0,,,,,,3.0,6.0,,
201806,Pennant Hills (Yarrara Road),0.2,→,→,0.4,,19.8,10.0,0.2,→,→,12.0,0.2,0.4,,,,,0.2,9.2,24.2,1.6,,0.2,,,,,2.8,9.8,,
201806,Penrith Lakes AWS,,,,,,4.2,4.0,,2.4,1.6,,,0.2,,,,,,2.6,4.0,,0.2,,0.2,,,0.2,3.6,8.6,,
201806,Picton Council Depot,,,,,,15.8,8.4,0.2,,,,5.0,,0.4,,,,,1.2,1.4,,0.2,→,→,0.2,,,6.0,8.6,,
201806,Putty (The Gibba),,,,,,1.0,1.0,,2.0,4.0,,,,,,,,,4.0,10.0,,,,,,,,,13.0,,
201806,Randwick (Randwick St),0.8,3.0,0.8,5.4,16.0,41.0,49.8,0.2,6.8,5.6,15.0,0.2,0.1,,,,,0.4,20.2,58.0,11.0,0.3,,,,,3.6,27.8,10.4,,
201806,Richmond RAAF,,,,,,5.6,5.6,,7.0,1.0,,0.2,,,,,,,3.0,3.2,,,,,,,,2.8,12.0,,
201806,Rose Bay (Royal Sydney Golf Club),0.3,2.6,1.8,1.6,15.6,34.4,18.0,0.1,5.6,4.0,13.4,0.2,0.2,,,,,0.2,25.5,21.9,7.2,0.3,,,,,2.8,13.4,7.8,,
201806,Rossmore (South Creek),,,,,,16.0,4.0,,12.0,1.0,,,1.0,,,,,,2.0,5.0,,,,,,,,5.0,9.0,,
201806,Sans Souci (Public School),,,,,2.0,52.0,20.0,,9.0,3.0,2.0,,,,,,,,9.0,34.0,1.0,1.0,,,,,,19.0,7.0,,
201806,Seven Hills  (Radio FM 103.2),,,,,,10.5,5.0,0.5,8.0,1.5,0.5,0.5,,,,,,,5.5,11.5,,,,,,,,1.0,6.0,,
201806,Seven Hills (Collins St),,,,,,10.4,4.2,,9.2,,,,,,,,,,7.2,16.2,,,,,,,,1.6,6.6,,
201806,Shanes Park (South Creek Road),,,,,,4.8,8.6,,7.6,1.4,0.2,,0.4,,,,,,4.6,5.2,,0.2,,,,,0.2,4.0,10.8,,
201806,Springwood (Valley Heights),,,,,,3.0,5.8,,1.0,2.2,,,,,,,,,0.8,3.2,,,,,,,,3.8,10.0,,
201806,St Ives (Richmond Avenue),,0.4,0.8,2.0,1.4,14.6,11.8,,7.0,1.4,7.6,0.2,,,,,,1.0,11.0,38.8,0.8,0.8,,,,,0.8,3.6,8.6,,
201806,Sydney (Observatory Hill Comparison),,0.6,0.6,3.6,3.0,32.8,17.2,,7.4,4.0,11.6,,,0.2,,,,0.4,15.2,42.0,5.6,0.4,,,,,,20.4,8.4,,
201806,Sydney (Observatory Hill),,0.4,0.4,3.6,2.8,32.6,16.6,,6.8,4.0,11.4,,,,0.2,,,0.2,15.0,43.0,6.0,0.2,0.2,,,,1.0,22.4,8.8,,
201806,Sydney Airport AMO,,0.4,,0.2,2.0,49.8,19.6,,7.4,2.6,5.0,0.2,,,,,,0.6,12.6,26.0,0.2,0.2,,,,,0.2,18.6,6.2,0.2,
201806,Sydney Botanic Gardens,0.1,1.4,1.0,4.2,7.1,31.6,16.8,0.2,8.2,4.6,12.4,,,,,,,0.6,17.2,52.4,5.6,0.4,,,,,1.8,,,,
201806,Sydney Olympic Park AWS (Archery Centre),,,,,,23.8,14.8,,9.0,1.6,0.6,,0.2,,,,,,7.8,29.0,0.2,0.6,,,,,0.2,2.0,13.8,,
201806,Terrey Hills AWS,,0.2,0.8,0.2,3.6,18.2,7.8,,4.4,0.8,5.6,,0.2,,,,,,12.4,19.8,0.6,0.4,0.4,,,,2.0,6.8,6.6,,
201806,Wahroonga (Ada Avenue),,,0.6,0.8,0.4,17.8,13.0,,9.6,1.8,3.6,0.2,0.6,,,,,0.2,11.4,34.4,2.8,2.4,0.2,0.2,,0.2,0.6,2.4,9.6,0.2,
201806,Warragamba,,,,,,16.0,1.0,,1.0,2.0,,,,,,,,,3.0,2.0,,,,,,,,7.0,12.0,,
201806,Wedderburn (Booalbyn),,,,1.0,,26.0,14.0,,7.0,1.0,,,1.0,,,,,,3.0,5.0,,1.0,,,,,,4.0,8.0,,
201806,Wyong (Kulnura (Jeavons)),,,8.0,1.0,,2.0,6.0,,2.0,2.0,4.0,,1.0,,,,,,18.0,23.0,,,,,,,,4.0,5.0,,
201806,Wyong (Mount Elliot),,,37.0,,10.0,30.0,15.0,,5.0,7.0,9.0,,1.0,,,,,,23.0,60.0,1.0,1.0,,,,,1.0,4.0,2.0,,
201806,Wyong (Olney Forest),,,12.0,,5.0,3.0,5.0,,3.0,1.0,10.0,,,,,,,,10.0,25.0,3.0,3.0,,,,,,8.0,3.0,,
201806,Yarramalong (Lewensbrook),,,16.0,,3.0,5.0,7.0,,3.8,1.0,6.0,,,,,,,,20.0,27.0,1.0,,,,,,,3.0,4.0,,
201806,"Most values are the precipitation in the 24 hoursto9 am on the day indicated.
Days marked with → are part of a longer accumulation, which is shown on the final day.Values over  100  mm have been rounded to the nearest whole millimetre.Days marked with - have a rainfall report of zero; 
days left blank have no rainfall report (which often indicates no rain fell).",,,,,,,,,,,,,,,,,,,,,,,,,,,,,,,
201806,Rainfalls colouredaccording to the amount,0,1.0,5.0,10.0,15.0,25.0,50.0,100,150,200,300,400,600,millimetres,,,,,,,,,,,,,,,,,
201807,Abbotsbury (Fairfield (City Farm)),,,,,,,,,,,,,,,,,,,,,,,,,,,,,,,
201807,Abbotsford (Blackwall Point Rd),,,,4.0,,,,,,,,,,,,,,,,,,,,,,,,,1.0,,
201807,Audley  (Royal National Park),,,13.0,,,,,,,,,,,,,,,,,,,,,,,,,,,,
201807,Avalon Beach (Avalon (Palmgrove Rd)),,1.0,8.4,,,,,,,,,,,,,,,,,,,,,,,,,,0.8,,
201807,Badgerys Creek AWS,,0.8,0.6,,0.2,,,,,,,,,,,,,,,,,,,,,,,,,,
201807,Bankstown Airport AWS,,0.2,4.0,0.2,0.2,0.2,,,,,,,,,,,,,,,,,,,,,,,0.2,,
201807,Baulkham Hills Eucalyptus Ct,,0.5,1.5,,,,,,,,,,,,,,,,,,,,,,,,,,1.0,,
201807,Belrose (Evelyn Place),,1.4,3.8,,,,,,,,,,,,,,,,,,,,,,,,,,0.6,,
201807,Blackheath (Wombat Street),,13.0,,1.0,,,1.0,,,,1.0,,,,,,,,,,,,,,,,,,1.0,,
201807,Box Hill (McCall Gardens),,1.0,,1.0,,,,,,,,,,,,,,,,,,,,,,,,,,,
201807,Bringelly (Maryland),1.0,,,1.0,,,,,,,,,,,,,,,,,,,,,,,,,,,
201807,Camden Airport AWS,,0.2,0.6,,0.2,,,,,,,,,,0.2,,,,,,,,,,,,,,0.4,,
201807,Campbelltown (Kentlyn (Georges River Roa,,1.0,6.0,,,,,,,,,,,,,,,,,,,,,,,,,,,,
201807,Campbelltown (Mount Annan),,,1.2,0.2,0.2,,,,,,,,0.2,,0.2,,,,,,,,,,,,,,0.2,,
201807,Canterbury Racecourse AWS,,0.2,4.4,0.2,,0.2,,,,,,,0.6,,,,0.2,,,,,,,,,,,,0.2,,
201807,Castle Cove (Rosebridge Ave),,1.0,4.0,,,,,,,,,,,,,,,,,,,,,,,,,,0.5,,
201807,Castle Hill (Kathleen Ave),,1.9,2.4,,,,,,,,,,,,,,,,,,,,,,,,,,2.2,,
201807,Chatswood Bowling Club,,,6.0,1.0,,,,,,,,,,,,,,,,,,,,,,,,,,,
201807,Collaroy (Long Reef Golf Club),,1.2,1.0,,,,,,,,,,,,,,,,,,,,,,,,,,,,
201807,Colo Heights (Mountain Pines),0.2,2.4,0.6,0.2,0.2,,,,,,0.1,0.1,,,,,,,,,,,,,,,,,3.0,,
201807,Concord (Brays Rd),,,3.0,,,,,,,,,,,,,,,,,,,,,,,,,,0.8,,
201807,Concord Golf Club,,0.2,2.2,,,,,,,,,,0.4,,,,,,,,,,,,,,,,,,
201807,Cooranbong (Avondale),,,,1.0,,,,,,,,,,,,,,,,,1.0,,,,,,,,,,
201807,Cooranbong (Lake Macquarie AWS),0.2,,0.2,0.2,,,0.2,,,,,,,0.2,,,0.2,,,,,,,,,,,,,,
201807,Darkes Forest (Kintyre),,,0.2,,,,,,,,,,,,,,,,,,,,,,,,,,0.2,,
201807,Dover Heights (Portland St),,,15.6,0.2,,,,,,,,,,,,,,,,,,,,,,,,,1.2,,
201807,Erskine Park Reservoir,,,,,1.0,,,,,,,,,,,,,,,,,,,,,,,,,,
201807,Faulconbridge (Great Western Hwy),,4.0,1.0,,,,,,,,,,,,,,,,,,,,,,,,,,,,
201807,Faulconbridge (St Georges Crescent),,5.0,0.8,0.2,,,,,,,,,,,,,,,,,,,,,,,,,0.6,,
201807,Gears (Wyong River),,1.0,1.0,,,,,,,,,,,,,,,,,,,,,,,,,,,,
201807,Gosford AWS,,4.0,6.6,,0.2,,,,,,,,,,,,,,,,,,,,,,,,1.2,,
201807,Holsworthy (Defence),,0.4,5.6,0.6,0.2,,,,,,,,,,,,,,,,,,,,,,,,0.4,,
201807,Holsworthy Aerodrome AWS,,,4.4,,0.4,,,,,,,,,,,,,,,,,,,,,,,,,,
201807,Hornsby (Swimming Pool),,1.6,1.6,,0.4,,,,,,,,,,,,,,,,,,,,,,,,0.2,,
201807,Horsley Park Equestrian Centre AWS,0.2,0.2,,,0.2,,,,,,,,,,,,,,,,,,,,,,,,0.2,,
201807,Katoomba (Murri St),,9.4,1.2,0.4,,,,,0.4,→,→,0.4,,,,,,,,,,,,,,,,,2.0,,
201807,Kurrajong Heights (Bells Line of Road),,3.8,2.2,,,,,,,,,,0.5,,,,,,,,,,,,,,,,2.8,,
201807,Lucas Heights (ANSTO),,,11.4,,,,,,,,,,,,,,,,,,,,,,,,,,0.4,,
201807,Macquarie Park (Willandra Village),,0.6,1.8,0.2,,,,,,,,,,,,,,,,,,,,,,,,,0.2,,
201807,Mangrove Mountain AWS,,3.8,3.4,,0.2,,,,,,,,,,,,,,,,,,,,,,,,1.0,,
201807,Marrickville Golf Club,,,8.0,,,,,,,,,,,,,,,,,,,,,,,,,,,,
201807,Menangle Bridge (Nepean River),,,1.0,,,,,,,,,,,,,,,,,,,,,,,,,,,,
201807,Milperra Bridge (Georges River),,,1.0,,,,,,,,,,,,,,,,,,,,,,,,,,,,
201807,Mona Vale Golf Club,,0.8,1.6,0.4,0.4,0.4,,,,,,0.4,,,,,,,,,,,,,,,,,1.4,,
201807,Mount Annan (Australian Botanic Garden),,0.2,2.2,0.2,0.2,0.1,,,,,,0.1,0.4,,,,,,,,,,,,,,,,0.2,,
201807,Mount Boyce AWS,,10.6,1.0,0.2,0.2,,0.8,0.2,,,,0.4,,0.2,,,,,,,,,,,,,,,1.4,,
201807,Norah Head AWS,,4.2,0.8,,0.2,0.4,,,,,,,,,,,,,,,,,,,,,,,0.6,,
201807,North Parramatta (Burnside Homes),,,1.5,,,,,,,,,,,,,,,,,,,,,,,,,,1.0,,
201807,North Rocks (Muirfield Golf Club),,0.5,1.5,,0.5,,,,,,,,,,,,,,,,,,,,,,,,0.5,,
201807,North Ryde Golf Club,,,3.0,,1.0,,,,,,,,,,,,,,,,,,,,,,,,1.0,,
201807,Parramatta North (Masons Drive),,0.6,1.4,,,,,,,,,,,,,,,,,,,,,,,,,,1.4,,
201807,Peakhurst Golf Club,,1.0,5.0,,,,,,,,,,2.0,,,,,,,,,,,,,,,,,,
201807,Pennant Hills (Yarrara Road),,1.4,→,→,→,→,→,→,→,→,→,→,→,→,→,→,→,→,→,→,→,2.8,,,,,,,0.8,,
201807,Penrith Lakes AWS,,2.2,0.6,0.2,0.2,,,,,,,,0.2,,,,,,,,,,,,,,,,,,
201807,Picton Council Depot,,,0.6,,0.2,,,,,,,,,,,,,,,,,,,,,,,→,→,0.6,
201807,Putty (The Gibba),,2.0,,,,,,,,,,,,,,,,,,,,,,,,,,,4.0,,
201807,Randwick (Randwick St),,0.1,6.2,0.1,0.2,,,,,,,,,,,,,,,,,,,,,,,,2.0,,
201807,Richmond RAAF,0.2,3.0,1.0,0.2,,0.2,,,,,,,,,,,,,,,,,,,,,,,1.4,0.2,
201807,Rose Bay (Royal Sydney Golf Club),,,15.0,,,,,,,,,,,,,,,,,,,,,,,,,,1.4,1.2,
201807,Rossmore (South Creek),,1.0,1.0,,1.0,,,,,,,,,,,,,,,,,,,,,,,,,,
201807,Sans Souci (Public School),,,8.0,,,,,,,,,,1.0,,,,,,,,,,,,,,,,,,
201807,Seven Hills  (Radio FM 103.2),,1.0,,0.5,,,,,,,,,,,,,,,,,,,,,,,,,,,
201807,Seven Hills (Collins St),,2.2,0.5,,,,,,,,,,,,,,,,,,,,,,,,,,1.0,,
201807,Shanes Park (South Creek Road),,1.0,1.2,0.2,,,,,,,,,,,0.2,,,,,,,,,,,,,,,,
201807,Springwood (Valley Heights),,4.8,0.8,,,,,,,,,,,,,,,,,,,,,,,,,,0.2,,
201807,St Ives (Richmond Avenue),,3.0,2.0,,,,,,,,,,,,,,,,,,,,,,,,,,0.4,,
201807,Sydney (Observatory Hill Comparison),,,9.6,,,0.2,,,,,,,,,,,,,,,,,,,,,,,1.4,,
201807,Sydney (Observatory Hill),,,9.8,,,,,,,,,,,,,,,,,,,,,,,,,,1.4,,
201807,Sydney Airport AMO,0.2,,14.0,0.2,,,,,,,,,0.6,,,,,,,,,,,,,,,,,,
201807,Sydney Botanic Gardens,,,11.0,0.2,,,,,,,,,,,,,,,,,,,,,,,,,,,
201807,Sydney Olympic Park AWS (Archery Centre),,0.2,2.2,,,,,,,,,,,,,,,,,,,,,,,,,,1.2,,
201807,Terrey Hills AWS,,3.4,1.4,0.2,0.2,,,,,,,,,,,,,,,,,,,,,,,,0.2,,
201807,Wahroonga (Ada Avenue),,2.0,1.8,0.2,0.4,,,,,,,,,,,,,,,,,,,,,,,,0.4,,
201807,Warragamba,,2.0,,,,,,,,,,,,,,,,,,,,,,,,,,,,,
201807,Wedderburn (Booalbyn),,,,,,,,,,,,,,,,,,,,,,,,,,,,,,,
201807,Wyong (Kulnura (Jeavons)),,1.0,,,,,,,,,,,,,,,,,,,,,,,,,,,,,
201807,Wyong (Mount Elliot),,10.0,15.0,,,1.0,,,,,,,,,,,,,,,,,,,,,,,,,
201807,Wyong (Olney Forest),,1.0,1.0,,,,,,,,,,,,,,,,,,,,,,,,,,,,
201807,Yarramalong (Lewensbrook),,2.0,1.0,,,,,,,,,,,,,,,,,,,,,,,,,,1.0,,
201807,"Most values are the precipitation in the 24 hoursto9 am on the day indicated.
Days marked with → are part of a longer accumulation, which is shown on the final day.Values over  100  mm have been rounded to the nearest whole millimetre.Days marked with - have a rainfall report of zero; 
days left blank have no rainfall report (which often indicates no rain fell).",,,,,,,,,,,,,,,,,,,,,,,,,,,,,,,
201807,Rainfalls colouredaccording to the amount,0,1.0,5.0,10.0,15.0,25.0,50.0,100,150,200,300,400,600,millimetres,,,,,,,,,,,,,,,,,
201808,Abbotsbury (Fairfield (City Farm)),,,,,,,1.0,,,,,,,,,,,,,,,,,,,1.0,2.0,,,,
201808,Abbotsford (Blackwall Point Rd),,,,,,,,,,,,,,,,,,,,,,,,1.0,,→,3.0,,,,
201808,Audley  (Royal National Park),,,,,,,1.0,,,,,,,,,,,,,,,,,2.0,,,4.0,,,,
201808,Avalon Beach (Avalon (Palmgrove Rd)),,,,,,,,,,,,,,,,,,,,,,,,1.8,0.2,,,,,,
201808,Badgerys Creek AWS,,,,,,,0.4,,,,,,,,,,,,,,,,,1.0,,1.4,3.2,,,,
201808,Bankstown Airport AWS,,,,,,0.2,1.8,,,,,,,,,,,,,,0.2,,,4.4,0.2,0.4,1.6,,,,
201808,Baulkham Hills Eucalyptus Ct,,,,,,0.5,1.5,,,,,,,,,0.5,,,,,,,,0.5,,,2.0,,,,
201808,Belrose (Evelyn Place),,,,0.2,,,0.4,,,,,,,,,,,,,,,,,1.4,3.2,,1.0,,,,
201808,Bilpin Post Office,,,,2.2,→,1.2,1.8,,,,,,,,,,,,,,,,,,,,,,,,
201808,Blackheath (Wombat Street),,,,4.0,,4.0,2.0,,,,,,,,,,,,1.0,,,,,,,4.0,11.0,1.0,1.0,,
201808,Box Hill (McCall Gardens),,,,,,,2.0,,,,,,,,,,,,,,,,,,,,2.0,,,,
201808,Bringelly (Maryland),,,,,,,,,,,,,,,,,,,,,,,,2.0,1.0,,2.0,,,,
201808,Camden Airport AWS,,,,,,,0.6,,,,,,,,,,,,,,,,,2.2,0.2,1.4,2.0,,,,
201808,Campbelltown (Kentlyn (Georges River Roa,,,,,,1.0,,,,,,,,,,,,,,,,,,6.0,,1.0,1.0,,,,
201808,Campbelltown (Mount Annan),,,,,,,1.0,,,,,,,,,,,,,,,,,0.6,,0.4,1.6,0.2,0.2,,
201808,Canterbury Racecourse AWS,,,,,,,2.2,,,,,,,,,,,,,,,,,1.6,0.6,0.2,1.2,,,,
201808,Castle Cove (Rosebridge Ave),,,,,,,,,,,,,,,,,,,,,,,,2.0,3.5,,2.5,1.0,,,
201808,Castle Hill (Kathleen Ave),,,,,,,,,,,,,,,,,,,,,,,,,0.2,6.7,1.8,,,,
201808,Chatswood Bowling Club,,,,,,,1.0,,,,,,,,,,,,,,,,,1.0,1.0,,2.0,,,,
201808,Collaroy (Long Reef Golf Club),,,,,,,,,,,,,,,,,,,,,,,,7.2,3.0,,2.8,,,,
201808,Colo Heights (Mountain Pines),,,0.1,1.2,,0.4,0.8,,,,,,,,,,,,,,,,,,,8.0,1.0,,2.0,,
201808,Concord (Brays Rd),,,,,,,2.4,,,,,,,,,,,,,,,,,1.8,1.2,0.2,1.2,,,,
201808,Concord Golf Club,,,,,,2.4,,,,,,,,,,,,,,,,,,2.8,1.2,,1.2,,,,
201808,Cooranbong (Avondale),,,,,,2.0,6.0,,,,,,,,,,,,,,,,,,,2.0,,,,,
201808,Cooranbong (Lake Macquarie AWS),,,,0.2,,0.2,3.8,,,,,,,,,,,,,,,,,0.8,,0.2,1.6,0.2,,,
201808,Darkes Forest (Kintyre),,,,0.2,,0.2,2.4,,,,,,,,,,,,0.4,,,,,3.2,5.2,0.2,4.0,,,,
201808,Dover Heights (Portland St),,,,,,,1.2,,,,,,,,,,,,,,,,,7.0,1.2,0.1,2.8,0.4,,,
201808,Erskine Park Reservoir,,,,,,1.0,,,,,,,,,,,,,,,,,,,,1.0,2.0,,,,
201808,Faulconbridge (Great Western Hwy),,,,,,,1.0,,,,,,,,,,,,,,,,,,,2.0,6.0,1.0,,,
201808,Faulconbridge (St Georges Crescent),,,,1.2,,0.2,0.6,,,,,,,,,,,,0.2,,,,,,0.2,1.6,5.2,1.4,,,
201808,Gears (Wyong River),,,,,,,,,,,,,,,,,,,,,,,,,,,,,,,
201808,Gosford AWS,,,,,,,,,,,,,,,,,,,,,,,,1.0,,14.8,1.8,,,,
201808,Holsworthy (Defence),,,,,,,2.4,,,,,,,,,,,,,,,,,9.4,2.8,0.6,1.8,,,,
201808,Holsworthy Aerodrome AWS,,,,,,0.2,2.2,,,,,,,,,,,,,,,,,4.4,0.4,1.8,1.6,,,,
201808,Hornsby (Swimming Pool),,,,,,,3.2,,,,,,,,,,,,,,,,,3.8,0.6,0.2,1.6,,,,
201808,Horsley Park Equestrian Centre AWS,,,,,,0.2,0.8,,,,,,,,,,,,,,,,,0.6,,0.6,2.6,,,,
201808,Katoomba (Murri St),,,→,4.8,,3.4,2.8,,,,,0.4,,,,,,,1.0,,,,,,0.4,4.6,7.6,1.4,,,
201808,Kurrajong Heights (Bells Line of Road),,,,,1.2,→,1.2,,,,,,,,,,,,,,,,,,,2.2,4.0,0.8,,,
201808,Lucas Heights (ANSTO),,,,,,,,,,,,,,,,,,,,,,,,1.8,,1.0,1.4,,,,
201808,Mangrove Mountain AWS,,,,0.2,,,0.6,,,,,,,,,,,,,,,,,,,0.2,1.2,,,,
201808,Marrickville Golf Club,,,,,,,2.0,,,,,,,,,,,,,,,,1.0,1.0,1.0,,1.0,,,,
201808,Menangle Bridge (Nepean River),,,,,,,,,,,,,,,,,,,,,,,,,,1.0,2.0,,,,
201808,Milperra Bridge (Georges River),,,,,,,1.0,,,,,,,,,,,,,,,,,3.0,,,1.0,,,,
201808,Mona Vale Golf Club,,,0.2,,,,,,,0.2,,,,,,,,,,,,,,2.0,,0.2,1.2,,,,
201808,Mount Annan (Australian Botanic Garden),,,,,,,1.1,,,,,,,,,,,,,,,,,0.8,0.3,0.5,2.4,,,,
201808,Mount Boyce AWS,,,,3.0,,3.8,2.2,,,,,0.2,,,,,,,1.0,,,,,,,4.8,11.8,3.0,0.2,,
201808,Mount Wilson (Clarine),,,,4.0,,2.6,3.6,,,,,,,,,,,,0.6,,,,,,,4.0,6.0,1.0,,,
201808,Norah Head AWS,,1.4,,,,,2.0,,,,0.2,,,,,,,,,,,,,1.0,0.2,6.0,0.8,2.4,0.2,,
201808,North Parramatta (Burnside Homes),,,,,,,2.0,,,,,,,,,,,,,,,,,2.5,0.5,0.5,1.5,0.5,,,
201808,North Rocks (Muirfield Golf Club),1.0,,,,,,3.0,,,,,,,,,,,,,,,,,2.5,,0.5,2.5,0.5,,,
201808,North Ryde Golf Club,,,,,,,2.0,,,,,,,,,,,,,,,,,2.0,2.0,,2.0,,,,
201808,Parramatta North (Masons Drive),,,,0.4,,0.8,0.2,,,,,,,,,,,,,,,,,3.2,0.2,1.0,2.2,0.2,,,
201808,Pennant Hills (Yarrara Road),,→,→,0.2,,→,2.8,,,,,,,,,,,,,,,,,2.4,0.4,0.5,2.0,,,,
201808,Penrith Lakes AWS,,,,0.2,,0.2,0.6,,,,,,,,,,,,,,,0.2,,,,1.2,2.2,,,,
201808,Picton Council Depot,,,,,,,0.4,,,,,,,,,,,→,→,0.6,,,,5.2,→,→,3.7,0.2,,,
201808,Putty (The Gibba),,,,,,,,,,,,,,,,,,,,,,,,,1.0,10.0,,,,,
201808,Randwick (Randwick St),,,,,,,1.8,,,,,,,,,,,,,,,,,3.8,0.8,1.6,1.8,,,,
201808,Richmond - UWS Hawkesbury,,,,,→,0.4,0.6,,,,,,,,,,,,,,,,,,,→,3.0,0.4,,,
201808,Richmond RAAF,,,,,,0.2,1.0,,,,,,,,,,,,,,,,,,,1.2,1.0,0.4,,,
201808,Rose Bay (Royal Sydney Golf Club),,,,,,,0.1,,,,,,,,,,,,,,,,,5.0,,,2.6,,,,
201808,Rossmore (South Creek),,,,,,,,,,,,,,,,,,,,,,,,1.0,,1.0,2.0,,,,
201808,Sans Souci (Public School),,,,,,1.0,,,,,,,,,,,,,,,,,,1.0,,,2.0,,,,
201808,Seven Hills  (Radio FM 103.2),0.5,,,,,0.5,1.0,,,,,,,,,,,,,,,,,,,0.5,1.5,,,,
201808,Seven Hills (Collins St),,,,,,,6.8,,,,,,,,,,,,,,,,,,,1.0,2.2,,,,
201808,Shanes Park (South Creek Road),,,,,,0.2,1.2,,,,,,,,,,,,,,,,,0.6,,1.0,1.4,0.6,,,
201808,Springwood (Valley Heights),,,,0.6,,0.2,0.2,,,,,,,,,,,,0.2,,,,,,,1.8,3.0,0.4,,,
201808,St Ives (Richmond Avenue),,,,,,0.2,0.6,,,,,,,,,,,,,,,,,1.4,1.4,,1.6,,,,
201808,Sydney (Observatory Hill Comparison),,,,,,,1.4,,,,,,,,,,,,,,,,,3.4,1.8,,1.8,0.2,,,
201808,Sydney (Observatory Hill),,,,,,,1.4,,,,,,,,,,,,,,,,,2.8,1.8,,1.8,,,,
201808,Sydney Airport AMO,,,,,,,2.2,,,,,,,,,,,,,,,,,0.6,0.2,0.2,1.2,0.2,,,
201808,Sydney Botanic Gardens,,,,,,0.2,2.4,,,,,,,,,,,,,,,,,4.2,1.2,4.9,2.2,,,,
201808,Sydney Olympic Park AWS (Archery Centre),,,,0.2,,0.2,2.6,,,,,,0.2,,,,,,,,,,,2.4,1.2,0.2,1.0,,,,
201808,Terrey Hills AWS,,,,,,,0.2,,,,,,,,,,,,,,,,,1.4,,0.2,0.8,,,,
201808,Wahroonga (Ada Avenue),,,,0.2,,0.2,3.0,,,0.2,,,,,,,,,,,,,,2.8,0.2,0.6,1.6,,,,
201808,Warragamba,,,,,,,,,,,,,,,,,,,,,,,,,3.0,2.0,4.0,,,,
201808,Wedderburn (Booalbyn),,,,,,,1.0,,,,,,,,,,,,,,,,,2.0,1.0,1.0,2.0,,,,
201808,Wyong (Kulnura (Jeavons)),,,,,,1.0,1.0,,,,,,,,,,,,,,,,,,,1.0,,,,,
201808,Wyong (Olney Forest),,,,,,,5.0,,,,,,,,,,,,,,,,,,,1.0,1.0,1.0,,,
201808,Yarramalong (Lewensbrook),,,,,,0.2,1.4,,,,,,,,,,,,,,,,,,,,1.4,,,,
201808,"Most values are the precipitation in the 24 hoursto9 am on the day indicated.
Days marked with → are part of a longer accumulation, which is shown on the final day.Values over  100  mm have been rounded to the nearest whole millimetre.Days marked with - have a rainfall report of zero; 
days left blank have no rainfall report (which often indicates no rain fell).",,,,,,,,,,,,,,,,,,,,,,,,,,,,,,,
201808,Rainfalls colouredaccording to the amount,0,1.0,5.0,10.0,15.0,25.0,50.0,100,150,200,300,400,600,millimetres,,,,,,,,,,,,,,,,,
201809,Abbotsbury (Fairfield (City Farm)),3.0,1.0,,5.0,,2.0,4.0,37.0,,,,,,,,,,,,,,,,,,9.0,1.0,,,,
201809,Abbotsford (Blackwall Point Rd),2.0,,4.0,12.0,,1.0,4.0,9.5,0.4,,,,,,,,,,,3.0,,,,,,4.0,,,,,
201809,Audley  (Royal National Park),4.0,5.0,,11.0,1.0,,3.0,12.0,,,,,,,,,,,,,,,,,,,,,,,
201809,Avalon Beach (Avalon (Palmgrove Rd)),4.6,,,6.4,4.0,2.8,5.0,4.8,,,,,,,,,,,,7.0,2.6,,,3.4,11.2,6.6,17.2,,1.0,,
201809,Badgerys Creek AWS,2.8,,,4.0,,2.0,4.0,28.6,0.4,,,,,,,,,,,,,,,0.6,,8.2,2.8,,0.2,,
201809,Bankstown Airport AWS,1.8,1.6,0.4,12.8,0.2,1.0,4.6,67.0,1.0,0.2,,,,,0.2,,,,,0.4,,,,,,3.0,0.2,,,,
201809,Baulkham Hills Eucalyptus Ct,0.5,,,2.5,,3.0,4.5,10.5,,,,,,,,,,,,0.5,,,,0.5,,8.0,9.0,,,,
201809,Blackheath (Wombat Street),7.0,,,12.0,7.0,2.0,9.0,3.0,4.0,,,,,,,,,,,,,,,2.0,1.0,8.0,5.0,,,,
201809,Box Hill (McCall Gardens),,,,1.0,1.0,3.0,5.0,,3.0,,,,,,,,,,,,,,,1.0,,4.0,20.0,,1.0,,
201809,Bringelly (Maryland),2.0,,,8.0,1.0,1.0,3.0,8.0,1.0,,,,,,,,,,,,,,,,,2.0,10.0,,,,
201809,Camden Airport AWS,1.8,,,6.8,0.2,0.8,3.0,13.2,0.2,,,,,,,,,,,0.4,,,,,0.2,2.8,10.6,,,,
201809,Campbelltown (Kentlyn (Georges River Roa,2.0,,,5.0,1.0,,4.0,5.0,1.0,,,,,,,,,,,,,,,,,1.0,,,1.0,,
201809,Campbelltown (Mount Annan),1.2,,,6.0,1.4,0.4,3.0,9.2,0.4,0.2,,,,,,,,,,0.2,,,,,,3.2,0.8,,,,
201809,Canterbury Racecourse AWS,3.4,4.6,,8.2,1.8,0.8,3.6,40.6,0.4,,,,,,,,,,,2.0,,,,,0.4,3.6,5.0,,2.0,,
201809,Castle Cove (Rosebridge Ave),2.0,0.2,2.5,13.0,0.5,5.0,4.0,8.5,2.0,,,,,,,,,,,8.0,,,,1.5,1.0,6.0,7.5,,1.0,,
201809,Castle Hill (Kathleen Ave),,0.2,,,5.0,7.8,5.4,2.2,8.0,,,,,,,,,,,1.4,,,,1.7,,10.5,13.0,,,,
201809,Chatswood Bowling Club,2.0,1.0,1.0,10.0,1.0,1.0,3.0,6.0,1.0,,,,,,,,,,,7.0,,,,,,9.0,2.0,,,,
201809,Collaroy (Long Reef Golf Club),1.0,,3.6,4.2,,1.8,3.8,1.6,1.2,,,,,,,,,,,9.0,2.4,,,1.2,4.8,4.6,,,,,
201809,Colo Heights (Mountain Pines),2.2,0.1,,11.6,1.4,2.4,6.4,1.2,0.2,,,,,,,,,,,,,,,0.8,1.2,2.0,2.4,,0.4,,
201809,Concord (Brays Rd),2.8,2.6,,8.6,,0.8,3.8,7.4,,,,,,,,,,,,2.2,,,,,0.2,6.4,2.4,,,,
201809,Concord Golf Club,3.4,2.6,,8.0,,1.6,4.2,8.6,0.4,,,,,,,,,,,,2.6,,,,,6.6,1.8,,,,
201809,Cooranbong (Avondale),2.0,,,23.0,16.0,,6.0,5.0,,,,,,,1.0,,,,,,,,,4.0,5.0,,2.0,1.0,,,
201809,Cooranbong (Lake Macquarie AWS),2.0,,,21.0,15.8,0.2,5.8,5.0,,0.2,,,,,,,,,,,,,,3.6,5.4,,2.0,0.2,0.4,,
201809,Darkes Forest (Kintyre),1.0,1.8,0.2,13.4,1.2,,2.2,18.4,0.8,0.2,,,,,,,,,,,,,,2.4,,0.2,,,,,
201809,Dover Heights (Portland St),2.0,13.0,,10.6,0.6,2.6,4.8,7.6,0.2,,,,,,,,,,,24.8,3.0,,,1.4,4.8,4.2,0.6,1.0,,,
201809,Erskine Park Reservoir,,,,4.0,,5.0,5.0,4.0,,,,,,,,,,,,,,,,,,10.0,6.0,,,,
201809,Faulconbridge (Great Western Hwy),3.0,,1.0,6.0,,2.0,5.0,2.0,1.0,,,,,,,,,,,,,,,,2.0,8.0,3.0,,1.0,,
201809,Faulconbridge (St Georges Crescent),4.0,,1.0,5.2,0.8,2.4,5.4,3.0,1.2,0.2,,,,,,,,,,,,,,0.6,1.8,8.2,2.8,,,,
201809,Gears (Wyong River),,,,16.0,10.0,2.0,3.0,,,,,,,,,,,,,,,,,,,1.0,1.0,,,,
201809,Gosford AWS,0.8,,1.2,27.0,2.6,0.4,4.4,1.8,0.2,,,,,,,,,,,3.6,0.4,,,1.6,2.4,0.6,11.2,,,,
201809,Holsworthy (Defence),4.6,,,11.6,1.0,0.2,6.4,15.6,0.6,,,,,,,,,,,1.2,,,,,,,0.4,,0.2,,
201809,Holsworthy Aerodrome AWS,2.4,1.6,,6.8,0.4,,4.6,17.0,0.8,,,,,,,,,,,0.6,,,,,,3.4,,,0.2,,
201809,Hornsby (Swimming Pool),0.4,0.4,0.4,7.2,,1.0,4.8,0.2,5.0,,,,,,,,,,,1.4,,,,0.4,,7.0,21.2,,0.8,,
201809,Horsley Park Equestrian Centre AWS,2.2,,0.6,5.8,,3.0,4.2,27.8,0.6,,0.2,,,,,,,,,0.4,0.2,,,,,8.0,0.6,0.2,0.2,,
201809,Katoomba (Murri St),5.8,,0.2,27.0,6.2,3.2,6.2,16.0,3.0,,,,,,,,,,,,,,,4.4,0.8,7.2,6.0,,,,
201809,Kurrajong Heights (Bells Line of Road),3.2,,,8.6,4.0,5.6,3.4,1.8,0.5,,,,,,,,,,,,,,,2.5,2.4,3.6,7.0,,,,
201809,Lucas Heights (ANSTO),2.8,4.2,,,,,3.8,6.9,1.0,,,,,,,,,,,5.4,,,,,,4.6,,,0.5,,
201809,Mangrove Mountain AWS,1.6,,,13.4,5.2,6.2,5.2,4.4,0.8,,,,,,,,,,,,,,,0.8,2.6,,5.4,,0.6,,
201809,Marrickville Golf Club,2.0,4.0,,8.0,1.0,1.0,4.0,46.0,1.0,,,,,,,,,,,5.0,,,,,,4.0,1.0,,3.0,,
201809,Menangle Bridge (Nepean River),1.0,,,5.0,1.0,,3.0,34.0,2.0,,,,,,,,,,,,,,,,,3.0,1.0,,,,
201809,Milperra Bridge (Georges River),1.0,1.0,,9.0,,,4.0,52.0,1.0,,,,,,,,,,,,,,,,,1.0,,,,,
201809,Mona Vale Golf Club,0.6,4.6,0.6,9.0,0.8,3.4,5.6,3.4,0.4,,0.4,,,,0.4,,,,,4.8,1.4,0.2,,2.4,3.8,6.6,13.8,0.2,0.2,,
201809,Mount Boyce AWS,7.2,,,16.8,8.2,2.0,9.6,2.6,6.0,,0.2,,,,,,,,,,,,,1.8,1.0,6.0,4.8,,0.2,,
201809,Mount Wilson (Clarine),9.6,,6.0,16.0,11.0,3.0,7.4,4.0,2.0,,,,,,,,,,,,,,,1.8,2.0,4.4,4.4,,,,
201809,Norah Head AWS,0.8,0.2,0.2,11.2,9.0,3.6,4.8,2.8,,,,0.2,0.2,,0.2,,0.2,,,,,,,1.2,11.4,,2.4,0.2,,,
201809,North Parramatta (Burnside Homes),0.5,0.5,,5.0,,1.0,4.0,8.5,,0.5,,,,,,,,,,,,,,0.5,,7.5,3.0,,,,
201809,North Rocks (Muirfield Golf Club),0.5,,0.5,5.0,,1.5,4.0,9.0,1.0,,,,,,,,,,,,0.5,,,1.0,0.5,9.0,5.0,,0.5,,
201809,North Ryde Golf Club,1.0,1.0,,6.0,,2.0,4.0,12.0,,,,,,,,,,,,2.0,,,,,,9.0,2.0,,,,
201809,Parramatta North (Masons Drive),1.2,0.2,1.2,5.0,,1.2,1.6,7.2,0.6,,,,,,,,,,,0.4,,,,1.0,0.2,8.0,3.0,,0.2,,
201809,Peakhurst Golf Club,3.0,4.0,,8.0,1.0,,4.0,25.0,1.0,,,,,,,,,,,1.0,,,,,,2.0,1.0,,,,
201809,Penrith Lakes AWS,0.2,,0.2,1.6,0.2,0.6,2.6,,0.6,0.2,,,,,,,,,,,,,,0.4,,9.8,10.0,0.4,1.0,,
201809,Picton Council Depot,→,→,2.0,9.2,0.6,3.0,3.2,→,→,6.4,,,,,,,,,,,,,,,,0.4,5.4,0.2,,,
201809,Prospect Reservoir,,,,5.0,,3.0,6.0,7.0,,,,,,,,,,,,,,,,,,6.0,2.0,,1.0,,
201809,Putty (The Gibba),3.0,,,8.0,4.0,,11.0,1.0,,,,,,,,,,,,,,,,1.0,,1.0,2.0,,,,
201809,Randwick (Randwick St),3.6,4.6,0.2,9.4,,1.0,5.4,30.4,0.6,,,,,,,,,,,10.4,0.8,,,0.4,1.4,5.2,0.8,,1.8,,
201809,Richmond RAAF,0.2,,,2.6,,3.4,2.6,0.2,1.4,,,,,,,,,,,,,,,0.8,,3.2,3.6,0.2,0.2,,
201809,Rose Bay (Royal Sydney Golf Club),2.0,5.0,,9.2,0.2,1.4,4.4,10.4,,,,,,,,,,,,13.6,1.4,,,0.4,3.0,4.0,0.4,,,,
201809,Rossmore (South Creek),3.0,,,4.0,,1.0,3.0,31.0,,,,,,,,,,,,,,,,,,2.0,1.0,,,,
201809,Sans Souci (Public School),2.0,2.0,,12.0,1.0,3.0,3.0,14.0,1.0,,,,,,,,,,,3.0,,,,,,7.0,,,,,
201809,Seven Hills  (Radio FM 103.2),,1.0,,2.0,0.5,3.5,4.0,14.5,,,,,,,,,,,,0.5,,,,,,7.0,5.5,,0.5,,
201809,Seven Hills (Collins St),,,,4.0,,4.2,5.0,11.4,,,,,,,,,,,,,,,,,,8.4,15.0,,,,
201809,Shanes Park (South Creek Road),0.2,,,2.8,,3.2,5.6,19.8,1.2,,,,,,,,,,,0.2,0.2,,,0.4,,8.0,5.0,,0.6,,
201809,Springwood (Valley Heights),2.0,,0.6,4.8,,1.8,4.0,1.2,0.8,,,,,,,,,,,,,,,1.4,0.8,9.0,11.0,,1.2,,
201809,St Ives (Richmond Avenue),0.8,0.4,0.6,9.8,0.8,1.0,4.4,1.0,4.6,,,,,,,,,,,2.2,0.4,,,3.2,1.0,8.2,9.4,,,,
201809,Sydney (Observatory Hill),2.2,0.2,0.2,11.2,,0.8,4.0,20.0,,0.2,,,,,,,,,,5.6,,,,0.4,0.8,3.6,1.0,,0.8,,
201809,Sydney Airport AMO,2.8,1.8,0.8,7.8,1.0,0.2,3.8,30.4,0.6,0.2,,,,,0.2,,,,,7.8,0.4,,,,,3.8,0.4,0.2,2.2,,
201809,Sydney Botanic Gardens,3.2,0.4,0.4,10.8,,0.8,4.8,20.0,0.3,,,,,,,,,,,7.2,,,,0.4,,,,,,,
201809,Sydney Olympic Park AWS (Archery Centre),2.6,2.4,,7.6,,1.6,4.6,8.2,0.2,,,0.2,,,,,,,,1.6,,,,,0.2,9.2,2.0,,,,
201809,Terrey Hills AWS,0.2,0.2,,10.2,2.2,1.6,4.0,,1.8,,,,,,,,,,,2.4,0.4,,,5.0,1.0,5.6,7.8,0.2,,,
201809,Wahroonga (Ada Avenue),0.6,0.6,0.6,9.0,0.6,3.2,5.0,0.4,3.8,,,,,,,,,,,2.8,,,,0.6,0.2,8.2,7.0,0.2,0.8,,
201809,Warragamba,4.0,,,7.0,,2.0,2.0,19.0,,,,,,,,,,,,,,,,,,7.0,2.0,,,,
201809,Wedderburn (Booalbyn),2.0,,,5.0,,,3.0,11.0,2.0,,,,,,,,,,,,,,,,,1.0,3.0,,,,
201809,Wyong (Kulnura (Jeavons)),2.0,,,14.0,6.0,3.0,6.0,,,,,,,,,,,,,,,,,,3.0,,1.0,,,,
201809,Wyong (Olney Forest),1.0,,,43.0,11.0,5.0,6.0,1.0,,,,,,,,,,,,,,,,1.0,4.0,,1.0,,,,
201809,Yarramalong (Lewensbrook),2.0,,,20.0,10.0,13.0,5.0,,0.6,,,,,,,,,,,,,,,,3.6,,2.8,,,,
201809,"Most values are the precipitation in the 24 hoursto9 am on the day indicated.
Days marked with → are part of a longer accumulation, which is shown on the final day.Values over  100  mm have been rounded to the nearest whole millimetre.Days marked with - have a rainfall report of zero; 
days left blank have no rainfall report (which often indicates no rain fell).",,,,,,,,,,,,,,,,,,,,,,,,,,,,,,,
201809,Rainfalls colouredaccording to the amount,0,1.0,5.0,10.0,15.0,25.0,50.0,100,150,200,300,400,600,millimetres,,,,,,,,,,,,,,,,,
201810,Abbotsbury (Fairfield (City Farm)),,,,5.0,69.0,2.0,,1.0,,,11.0,7.0,1.0,31.0,5.0,1.0,1.0,7.0,15.0,,4.0,,,,,,,,,,
201810,Abbotsford (Blackwall Point Rd),,,,5.0,52.0,11.0,,7.0,,,10.0,5.0,6.0,24.0,4.0,→,9.0,12.0,4.0,,17.0,,,,,,,8.0,,,
201810,Audley  (Royal National Park),,,,4.0,61.0,14.0,2.0,4.0,,,5.0,9.0,2.0,8.0,7.0,8.0,2.0,14.0,2.0,,13.0,,,,,,,,,,
201810,Avalon Beach (Avalon (Palmgrove Rd)),,,,5.0,39.4,18.2,7.2,11.0,,,25.6,→,→,→,94.0,,0.2,,,,16.8,,,,1.8,,,,,,
201810,Badgerys Creek AWS,,,,5.0,21.0,0.2,,0.6,0.2,,9.4,5.2,1.0,25.8,5.2,8.8,,10.0,5.6,0.2,6.6,,,,,,,,,,0.2
201810,Bankstown Airport AWS,,,0.2,3.6,50.6,4.0,1.8,2.0,0.2,0.2,12.0,15.6,4.0,32.8,2.0,3.6,0.6,28.4,14.4,,9.0,,,,,,,,,,
201810,Baulkham Hills Eucalyptus Ct,,,,3.0,68.5,15.5,0.5,8.5,0.5,,27.5,2.0,2.5,34.0,4.0,1.5,0.5,16.0,9.0,,7.5,,,,,,,,,,
201810,Belrose (Evelyn Place),,,,1.6,44.2,17.0,3.0,14.4,1.0,,5.8,16.4,4.6,59.0,7.4,4.8,0.4,4.6,0.4,,5.2,0.2,,,1.0,,,14.8,,,
201810,Bilpin Post Office,,,,8.2,54.2,4.0,→,1.6,,0.4,39.6,15.4,11.8,→,18.4,,0.6,2.2,4.6,,→,2.0,,,0.8,,,,,,
201810,Blackheath (Wombat Street),,,,7.0,26.0,4.0,1.0,5.0,,2.0,28.0,11.0,13.0,26.0,12.0,14.0,2.0,8.0,10.0,,1.0,,,,3.0,,,,,,
201810,Box Hill (McCall Gardens),,,,4.0,28.0,8.0,,8.0,,,21.0,2.0,2.0,18.0,,2.0,,18.0,1.0,,15.0,,,,,,,,,,
201810,Bringelly (Maryland),,,,5.0,22.0,2.0,,1.0,1.0,,8.0,2.0,,20.0,1.0,3.0,,2.0,1.0,1.0,,,,,,,,,,,
201810,Camden Airport AWS,,,,3.6,21.0,,0.2,1.0,1.6,,5.8,0.8,0.8,18.6,2.6,4.6,,37.8,8.8,,0.8,,,,,,,,,,
201810,Campbelltown (Kentlyn (Georges River Roa,,,,5.0,21.0,2.0,,1.0,,,2.0,3.0,,13.0,3.0,4.0,1.0,16.0,1.0,,4.0,,,,,1.0,,,,,
201810,Campbelltown (Mount Annan),,,,5.6,25.4,0.2,0.6,0.2,,,3.0,0.4,0.6,15.4,1.8,1.4,0.2,27.4,3.2,0.2,0.6,0.2,,,,,,,,,
201810,Canterbury Racecourse AWS,,,,2.0,63.6,26.4,2.4,4.0,,0.2,10.4,4.6,2.8,18.8,5.4,10.0,0.8,11.4,13.8,,16.4,,,,,,,1.2,,,
201810,Castle Cove (Rosebridge Ave),,,,1.0,58.0,27.0,2.0,13.5,4.0,0.2,15.0,11.0,11.0,48.0,5.5,8.5,0.2,5.0,0.5,,7.0,0.2,,,1.0,,,12.5,,,
201810,Castle Hill (Kathleen Ave),,,,5.4,63.0,29.7,4.0,6.7,,,21.2,5.6,6.3,39.0,1.3,0.4,0.9,13.5,,,11.6,,,,,,,,,,
201810,Castlereagh (Castlereagh Road),,,,39.2,0.6,,1.4,,,22.2,,,,,,,,,,,,,,,,,,,,,
201810,Chatswood Bowling Club,,,,3.0,56.0,28.0,3.0,10.0,2.0,,14.0,13.0,9.0,36.0,6.0,5.0,,11.0,14.0,,6.0,,,,,,,7.0,,,
201810,Collaroy (Long Reef Golf Club),,,,2.2,23.4,13.4,1.6,15.6,2.0,,10.2,7.0,1.8,25.4,7.2,8.4,,1.8,,,3.2,,,,,,,2.8,,,
201810,Colo Heights (Mountain Pines),,,,5.6,29.0,14.1,,0.2,3.2,0.4,33.2,19.0,14.4,18.8,4.0,0.6,,8.4,1.8,,7.4,,,1.2,,,0.1,0.6,,,
201810,Concord (Brays Rd),,,,2.8,58.4,26.2,1.4,5.2,0.6,0.4,9.4,5.2,4.6,26.4,3.6,6.0,1.0,12.4,10.0,,18.8,,,,,,,1.8,,,
201810,Concord Golf Club,,,,3.2,69.0,28.2,2.6,5.8,,,8.6,8.0,6.2,28.6,4.8,5.6,,13.6,18.6,,15.8,,,,,,,,,,
201810,Cooranbong (Avondale),2.0,,1.0,1.0,44.0,37.0,3.0,,2.0,,41.0,7.0,7.0,8.0,1.0,1.0,,2.0,2.0,,13.0,1.0,,,1.0,,,4.0,,,
201810,Cooranbong (Lake Macquarie AWS),2.0,0.2,,1.0,41.2,34.6,2.0,0.4,1.6,,40.0,7.8,6.0,7.6,1.6,0.4,,2.2,1.8,0.2,14.2,0.2,,,1.6,,,3.0,,,
201810,Darkes Forest (Kintyre),,,,5.8,79.2,12.8,4.6,13.4,3.8,0.2,8.6,14.2,6.0,16.0,3.8,9.4,1.6,11.2,0.6,0.2,9.4,,,,,,,,,,
201810,Dover Heights (Portland St),,,,2.2,26.0,20.6,3.0,23.4,3.2,0.4,16.6,8.6,3.4,9.6,7.2,5.0,0.4,2.8,3.6,0.4,8.2,0.2,,,,,,2.2,,,
201810,Erskine Park Reservoir,,,,6.0,43.0,2.0,,1.0,,,27.0,5.0,,27.0,,5.0,,2.0,4.0,,6.0,,,,,,,,,,
201810,Faulconbridge (Great Western Hwy),,,,4.0,31.0,3.0,,2.0,,,20.0,7.0,8.0,28.0,9.0,6.0,,1.0,9.0,,,,,,,,,,,,
201810,Faulconbridge (St Georges Crescent),,,,4.4,30.0,3.2,,2.2,,0.4,20.6,8.6,10.2,30.2,7.6,9.4,,1.2,11.4,0.8,,,,,0.4,,,,,,
201810,Gears (Wyong River),,,,1.0,19.0,21.0,4.0,1.0,1.0,,20.0,1.0,9.0,12.0,1.0,,,1.0,,,,,,,,,,,,,
201810,Gosford AWS,,,,2.0,31.6,33.6,9.4,9.2,0.4,,54.0,5.0,1.6,56.8,2.4,0.4,,,38.8,0.2,10.0,1.4,0.2,,0.6,,,0.4,,,
201810,Holsworthy (Defence),,,,7.2,41.0,8.2,1.4,1.4,0.2,0.4,4.6,5.4,0.6,18.6,9.4,7.4,2.0,18.6,,,4.8,0.4,,,,,,,,,
201810,Holsworthy Aerodrome AWS,,,,8.0,43.2,5.6,1.0,1.4,0.2,,6.0,6.0,0.8,16.6,4.6,3.6,1.4,7.6,4.6,0.2,5.6,,,,,,,,,,
201810,Hornsby (Swimming Pool),,,,2.8,63.4,33.4,1.8,17.8,2.2,,34.2,16.2,4.0,62.8,5.6,1.0,0.2,13.6,0.8,0.2,28.4,,0.2,,,,,1.6,,,
201810,Horsley Park Equestrian Centre AWS,,,,4.0,58.4,3.6,0.2,1.2,,,12.0,6.2,0.6,31.6,7.8,1.4,0.4,6.4,9.2,0.2,2.2,0.2,,,,,,,,,0.2
201810,Katoomba (Murri St),,,,7.6,58.0,14.6,0.4,8.8,→,0.4,28.0,25.0,17.4,27.2,→,19.8,→,7.4,2.2,,5.0,0.4,,,2.0,,,,,,
201810,Kurrajong Heights (Bells Line of Road),,,,→,53.6,5.3,,2.4,,0.4,34.0,12.6,→,→,34.0,7.2,,0.5,21.4,,1.6,,,,1.2,,,,,,
201810,Lucas Heights (ANSTO),,,,5.6,43.0,6.6,13.2,2.4,,,2.6,8.4,1.2,12.2,6.2,7.0,1.2,24.8,1.4,,5.6,,,,,,,,,,
201810,Macquarie Park (Willandra Village),,,,2.8,74.6,29.0,2.0,6.2,0.8,,18.8,8.0,14.0,44.2,4.6,2.6,1.2,13.0,14.6,,11.6,,,,,,,,,,
201810,Mangrove Mountain AWS,,,,4.0,43.2,45.6,4.6,9.0,1.8,,32.6,4.6,5.8,18.2,5.6,1.6,,0.8,12.6,0.2,6.4,0.2,,,3.2,0.2,,3.2,,,
201810,Marrickville Golf Club,,,,2.0,53.0,26.0,3.0,5.0,,1.0,12.0,7.0,2.0,14.0,3.0,6.0,1.0,9.0,8.0,,18.0,,,,,,,11.0,,,
201810,Menangle Bridge (Nepean River),,,,4.0,24.0,,,1.0,,,4.0,1.0,1.0,11.0,1.0,3.0,,25.0,,,10.0,,,,,,,,,,
201810,Milperra Bridge (Georges River),,,,3.0,43.0,3.0,1.0,,,,10.0,11.0,4.0,27.0,1.0,1.0,,20.0,17.0,,11.0,,,,,,,,,,
201810,Mona Vale Golf Club,,,,1.8,38.8,22.2,7.2,10.8,1.6,,15.0,15.8,2.2,78.8,9.6,5.4,0.2,2.6,0.2,,10.2,,,0.2,0.8,0.2,,3.2,,,
201810,Mount Boyce AWS,,,,8.2,28.4,3.4,0.8,4.2,0.2,0.4,36.6,14.2,17.6,20.2,14.0,11.2,2.0,8.6,8.0,,0.2,0.2,,,1.8,,,,,,
201810,Mount Wilson (Clarine),,,,6.0,42.0,8.0,0.8,2.6,,0.6,38.6,10.0,17.8,15.6,7.2,8.0,1.6,7.8,0.6,,2.4,1.0,,0.6,2.0,,,,,,
201810,Norah Head AWS,0.8,,,1.0,48.0,15.8,0.4,15.2,3.2,,67.8,1.4,3.8,60.6,0.6,0.2,,2.4,8.4,0.2,14.4,,0.2,0.2,,,,0.8,,,
201810,North Parramatta (Burnside Homes),,,,2.5,68.0,16.0,0.5,5.5,,,24.5,2.0,4.5,35.0,1.0,1.5,0.5,14.0,9.0,0.5,7.5,,,,,,,,,,
201810,North Rocks (Muirfield Golf Club),,,,2.5,79.0,19.0,0.5,5.5,0.5,,31.0,4.0,2.5,33.5,2.5,0.5,0.5,15.5,10.0,,5.5,0.5,,,,,,,,,
201810,North Ryde Golf Club,,,,2.0,66.0,26.0,2.0,7.0,,,14.0,6.0,8.0,40.0,6.0,4.0,,11.0,11.0,,12.0,,,,,,,6.0,,,
201810,Parramatta North (Masons Drive),,,,4.0,70.0,14.0,1.2,6.0,0.4,,23.0,2.8,5.0,25.0,6.6,2.2,0.8,15.0,10.0,,8.0,,,,,,,,,,
201810,Peakhurst Golf Club,,,,4.0,75.0,9.0,6.0,3.0,,,9.0,24.0,5.0,18.0,3.0,4.0,2.0,10.0,9.0,,10.0,,,,,,,,,,
201810,Pennant Hills (Yarrara Road),,,,2.6,70.4,31.4,1.2,15.6,1.2,0.2,44.2,→,→,→,68.8,1.6,0.2,18.4,2.6,,25.8,0.2,,,,,,0.2,,,
201810,Penrith Lakes AWS,,,,4.8,28.6,0.6,,1.0,,,18.6,3.6,1.8,20.8,2.6,0.4,,75.2,4.6,,3.4,,,,,,,,,,
201810,Picton Council Depot,,,,2.0,22.8,→,→,20.1,,,,,→,→,22.0,6.0,0.4,3.0,15.0,→,→,9.6,,,,,,,,,
201810,Prospect Reservoir,,,,4.0,75.0,5.0,1.0,4.0,,,25.0,6.0,,33.0,7.0,1.0,1.0,12.0,1.0,,4.0,,,,,,,,,,
201810,Putty (The Gibba),,,,8.0,27.0,5.0,,2.0,,,36.0,4.0,7.0,4.0,2.0,3.0,,15.0,13.0,,4.0,1.0,,,,,,1.0,,,
201810,Randwick (Randwick St),,,,2.8,30.2,15.0,2.0,18.6,4.8,0.4,17.4,12.8,4.8,10.4,5.6,6.4,0.6,2.6,1.8,,19.6,,,,,,,0.8,,,
201810,Richmond - UWS Hawkesbury,,,,6.0,38.0,,→,5.2,,0.4,29.0,2.0,,→,26.0,0.4,,8.0,18.2,,→,0.8,,,,,,,,,
201810,Richmond RAAF,,,,5.6,37.6,2.2,,3.2,,,23.8,1.8,1.2,16.2,9.6,,0.2,6.8,4.4,,2.0,0.2,,,,,,,,,
201810,Rose Bay (Royal Sydney Golf Club),,,,1.8,27.2,16.4,2.0,18.0,6.4,,14.6,6.5,4.0,8.0,7.2,6.4,0.2,3.2,4.0,,5.8,,,,,,,6.2,,,
201810,Rossmore (South Creek),,,,6.0,23.0,1.0,,1.0,,,7.0,6.0,1.0,26.0,4.0,,,14.0,4.0,,3.0,,,,,,,,,,
201810,Sans Souci (Public School),,,,3.0,29.0,5.0,4.0,3.0,,,4.0,18.0,5.0,2.0,7.0,3.0,1.0,8.0,5.0,,7.0,,,,,,,4.0,,,
201810,Seven Hills  (Radio FM 103.2),,,,3.5,58.0,5.5,0.5,5.0,,,23.0,7.5,0.5,31.5,3.5,0.5,,22.5,7.0,,15.0,,,,,,,,,,
201810,Seven Hills (Collins St),,,,5.0,53.5,8.6,,6.6,,,23.6,→,9.2,29.4,2.2,,,33.2,6.8,,11.6,,,,,,,,,,
201810,Shanes Park (South Creek Road),,,,6.2,46.8,1.8,,2.8,,,19.6,3.0,0.6,28.6,1.8,0.2,,3.8,2.2,,3.4,,,,,,,,,,
201810,Springwood (Valley Heights),,,,4.0,28.5,2.0,,1.2,,0.2,17.8,5.6,6.2,32.2,9.2,2.4,0.2,10.4,11.6,,,,,,,,,,,,
201810,St Ives (Richmond Avenue),,,,2.2,60.6,35.8,2.0,17.6,2.6,0.4,26.0,15.4,6.0,58.8,3.4,1.8,2.0,19.6,0.2,,6.6,0.2,,,1.0,,,9.0,,,
201810,Sydney (Observatory Hill),,,,2.2,44.4,29.4,2.2,13.8,2.2,,13.4,7.6,4.8,12.6,6.8,4.6,0.4,5.2,2.2,,12.6,,,,,,,3.2,,,
201810,Sydney Airport AMO,,,,2.0,35.2,16.2,2.4,7.6,1.0,,8.4,6.2,2.4,9.4,5.2,6.4,0.6,8.6,7.2,,21.0,0.2,,,,,,2.6,0.2,,
201810,Sydney Botanic Gardens,,,,3.2,42.0,22.2,2.6,14.6,3.8,0.2,12.8,5.4,5.8,11.1,6.6,4.0,0.4,5.6,2.6,,12.8,0.1,,,,,,0.4,,,
201810,Sydney Olympic Park AWS (Archery Centre),,,,2.4,77.2,25.6,1.0,3.8,,,9.8,5.6,5.6,41.2,5.4,5.2,0.8,13.6,12.8,,11.8,,,,,,,1.0,,,
201810,Terrey Hills AWS,,,,1.4,57.8,30.0,3.0,10.8,0.8,0.2,20.8,13.2,6.0,70.0,4.2,3.4,0.2,3.4,,0.2,4.8,,0.2,,0.8,,,18.0,,,
201810,Wahroonga (Ada Avenue),,,,3.6,67.6,33.0,2.2,19.8,2.4,0.2,41.2,17.6,4.8,59.0,6.0,2.2,1.0,15.0,1.2,,24.6,0.4,,,,,,4.0,,,
201810,Warragamba,,,,6.0,21.0,,,2.0,,,15.0,4.0,2.0,42.0,4.0,3.0,,1.0,12.0,,,,,,,,,,,,
201810,Wedderburn (Booalbyn),,,,6.0,34.0,2.0,1.0,2.0,,,3.0,4.0,,10.0,8.0,6.0,1.0,28.0,1.0,,12.0,,,,,2.0,,,,,
201810,Wyong (Kulnura (Jeavons)),,,,3.0,31.0,15.0,2.0,3.0,1.0,,42.0,2.0,6.0,12.0,3.0,5.0,,,4.0,,8.0,,,,1.0,,,4.0,,,
201810,Wyong (Mount Elliot),,,,2.0,37.0,37.0,15.0,14.0,1.0,,58.0,6.0,4.0,65.0,3.0,,,1.0,54.0,,14.0,3.0,,,1.0,,,1.0,,,
201810,Wyong (Olney Forest),3.0,,,2.0,39.0,32.0,2.0,1.0,,1.0,37.0,8.0,8.0,13.0,4.0,6.0,,2.0,19.0,,16.0,1.0,,,2.0,,,5.0,,,
201810,Yarramalong (Lewensbrook),,,,2.0,23.0,23.0,4.0,4.4,1.0,,28.0,1.0,12.4,12.0,1.0,,,,1.4,,9.0,,,,,,,2.0,,,
201810,"Most values are the precipitation in the 24 hoursto9 am on the day indicated.
Days marked with → are part of a longer accumulation, which is shown on the final day.Values over  100  mm have been rounded to the nearest whole millimetre.Days marked with - have a rainfall report of zero; 
days left blank have no rainfall report (which often indicates no rain fell).",,,,,,,,,,,,,,,,,,,,,,,,,,,,,,,
201810,Rainfalls colouredaccording to the amount,0,1.0,5.0,10.0,15.0,25.0,50.0,100,150,200,300,400,600,millimetres,,,,,,,,,,,,,,,,,
201811,Abbotsbury (Fairfield (City Farm)),,,6.0,,,,,12.0,,,,,,,,1.0,,,,,,1.0,,,,,,14.0,45.0,,
201811,Abbotsford (Blackwall Point Rd),,,,,,,,,,,,,,,,,,3.0,,,,,,,,,,97.0,34.0,,
201811,Audley  (Royal National Park),,,4.0,,,,,18.0,,,,,,,,1.0,,,,,,,,,,,,14.0,44.0,1.0,
201811,Avalon Beach (Avalon (Palmgrove Rd)),,,1.4,,,,,16.6,,,,,,,,4.0,,10.0,,,,1.8,3.0,,,0.6,,59.0,,,
201811,Badgerys Creek AWS,,,4.6,,,,,9.4,,,,,,0.2,,2.0,,0.2,,,0.6,1.4,0.2,,,,,14.6,41.6,,
201811,Bankstown Airport AWS,,,6.2,,,0.2,,17.6,,,,,,,0.2,,,0.4,,,,1.6,,,,,,12.6,32.0,2.0,
201811,Baulkham Hills Eucalyptus Ct,,,6.5,,,,,12.5,,,,,,,0.5,3.0,0.5,2.0,,,,1.0,0.5,,,,,26.0,27.5,1.0,
201811,Belrose (Evelyn Place),,,4.0,,,,,15.8,,,,,,,0.8,2.8,,8.6,,,0.2,1.0,2.8,0.2,,,0.6,42.6,27.6,,
201811,Bilpin Post Office,1.8,,,,,,,,,,,,,,,,,,,,,,,,,,,,,,
201811,Blackheath (Wombat Street),,,14.0,,,,,8.0,,,,,,,1.0,11.0,,2.0,,,3.0,8.0,3.0,,,,,32.0,101,,
201811,Box Hill (McCall Gardens),,,4.0,,,,,8.0,,,,,,,,9.0,,17.0,,,,1.0,,,,,,74.0,19.0,,
201811,Bringelly (Maryland),,,4.0,,,,,12.0,,,,,,,,2.0,,,,,1.0,3.0,1.0,,,,,5.0,48.0,,
201811,Camden Airport AWS,0.2,,4.8,,,,,8.2,,,,,,0.2,0.6,6.4,,,,0.2,1.2,2.8,,,,,,13.8,49.4,,
201811,Campbelltown (Kentlyn (Georges River Roa,,,4.0,,,,,17.0,,,,,,,,2.0,,,,,1.0,3.0,,,,,,13.0,43.0,,
201811,Campbelltown (Mount Annan),,0.2,3.8,,,,,11.0,,,,,,,0.6,4.6,,,,,0.4,3.2,,,,,,11.2,53.4,0.2,
201811,Canterbury Racecourse AWS,,,5.2,,,0.2,1.0,19.0,1.2,,,,,,0.4,0.2,0.2,0.4,0.4,,,,,,,,,,29.2,0.6,
201811,Castle Cove (Rosebridge Ave),,,4.0,,,,,18.0,,,,,,,1.0,3.0,9.0,,,,,0.8,1.0,,,,,75.0,35.0,,
201811,Castle Hill (Kathleen Ave),,,6.8,,,,,14.0,,,,,,,1.1,5.0,0.6,14.3,,,,7.2,,,,,,42.8,29.4,,
201811,Chatswood Bowling Club,,,4.0,,,,,19.0,,,,,,,,3.0,,2.0,,,,1.0,,,,,,105,33.0,,
201811,Collaroy (Long Reef Golf Club),,,2.4,,,,,14.4,,,,,,,,3.4,,7.6,,,,,,,,1.2,,27.2,26.4,,
201811,Colo Heights (Mountain Pines),,,3.6,,,,0.3,5.4,,,,,,0.2,,12.0,,7.4,1.2,,4.4,,2.4,,,,,27.4,42.0,0.1,
201811,Concord (Brays Rd),,,5.4,,,,,16.4,,,,,,,0.4,2.4,0.2,2.0,,,,4.4,,,,,,70.0,28.0,0.6,
201811,Concord Golf Club,,,5.6,,,,,16.6,,,,,,,0.4,3.0,,2.0,,,,2.6,,,,,,,,,
201811,Cooranbong (Avondale),,,,,,,,16.0,,,,,,,,7.0,,1.0,,,,,,,,,,24.0,66.0,4.0,
201811,Cooranbong (Lake Macquarie AWS),,,,0.6,,,0.2,16.8,,,,,,,,6.6,0.2,1.2,0.2,,0.2,,,,,,,24.4,61.4,4.2,
201811,Darkes Forest (Kintyre),,,3.6,0.2,,,0.2,22.8,0.2,,,,,0.4,0.6,2.2,,0.2,3.0,,0.6,0.4,,0.2,,0.2,0.2,32.6,58.0,2.2,
201811,Dover Heights (Portland St),,,2.6,,,,,19.8,,,,,,,0.2,0.8,,1.0,,0.8,0.4,,0.8,,,,,59.8,27.8,0.4,
201811,Erskine Park Reservoir,,,6.0,,,,,9.0,,,,,,,,3.0,,3.0,,,,2.0,,,,,,14.0,57.0,,
201811,Faulconbridge (Great Western Hwy),,,3.0,,,,,8.0,,,,,,,,16.0,,5.0,1.0,,,2.0,1.0,,,,,92.0,130,,
201811,Faulconbridge (St Georges Crescent),,,4.2,,,,,8.4,,,,,,,,,,,,,,,,,,,,,,,
201811,Gears (Wyong River),,,,,,,,7.0,,,,,,,,6.0,,1.0,,,3.0,,,,,,,,57.0,1.0,
201811,Gosford AWS,0.4,,0.2,,,,,15.2,,,,,,,,17.6,,6.6,,,1.0,0.2,,,,,,6.6,12.2,17.0,
201811,Holsworthy (Defence),,,7.4,,,,,30.4,,,,,,,0.6,3.2,0.8,,,,1.0,4.2,,,,,,16.6,87.0,,
201811,Holsworthy Aerodrome AWS,,,4.4,,,,,15.2,,,,,,,0.8,0.4,,,,,1.2,0.8,,,,,,13.0,30.0,,
201811,Hornsby (Swimming Pool),,,6.0,,,,,16.4,,,,,,,0.6,9.6,,9.8,,,,3.0,1.2,,,,,21.0,37.6,1.8,
201811,Horsley Park Equestrian Centre AWS,,,6.2,0.2,,,,10.2,0.2,,,,,,0.4,1.4,,0.6,0.2,,,1.0,0.2,,,,,15.2,44.6,0.4,
201811,Katoomba (Murri St),,,9.4,,,0.4,,10.2,,,,,,→,→,22.0,1.0,6.4,0.6,,0.6,4.0,,→,2.8,,,31.2,124,,
201811,Kurrajong Heights (Bells Line of Road),2.4,,5.4,,,,,7.0,,,,,,→,0.8,→,7.8,10.5,0.2,,1.4,2.2,,,,,,31.0,52.0,0.2,
201811,Lucas Heights (ANSTO),0.2,,5.0,,,0.2,,17.6,,,,,,,0.7,,,,,,,1.2,,,,,,21.2,46.0,0.4,
201811,Macquarie Park (Willandra Village),,,5.2,,,0.2,,15.8,,,,,,,0.8,3.6,0.2,9.4,,,,0.5,0.6,0.2,,0.2,,89.2,32.0,1.6,
201811,Mangrove Mountain AWS,,,1.4,,,,,17.8,,,,,,,,9.6,0.2,1.8,,,10.2,0.2,,,,,,15.4,61.4,2.2,
201811,Marrickville Golf Club,,,4.0,,,,1.0,19.0,,,,,,,,,,5.0,,,,1.0,,,,,,50.0,30.0,,
201811,Menangle Bridge (Nepean River),,,3.0,,,,,10.0,,,,,,,,5.0,,,,,1.0,,,,,,,10.0,64.0,,
201811,Milperra Bridge (Georges River),,,4.0,,,,,13.0,,,,,,,,,,,,,,,,,,,,15.0,21.0,,
201811,Mona Vale Golf Club,,,2.2,,,,,18.6,,,0.2,,,,,5.8,0.2,9.8,,,0.4,,0.4,,,0.4,,51.8,39.0,,
201811,Mount Annan (Australian Botanic Garden),,,4.6,,,,,10.4,1.0,,,,,,0.9,4.8,0.1,,,,1.0,1.6,,,,,,8.6,60.0,,
201811,Mount Boyce AWS,,,11.0,,,0.2,,7.0,,,,,,0.8,0.4,14.6,,2.6,0.2,,2.2,6.8,2.0,,,,,39.6,105,,
201811,Mount Wilson (Clarine),1.0,,7.8,,,0.6,1.4,6.8,,,,,,,,9.0,,4.0,,,2.4,7.8,1.8,,,,,22.0,103,,
201811,Norah Head AWS,,,,1.0,0.2,,,19.2,0.2,,,,,,0.2,9.6,1.0,1.0,0.8,0.4,5.4,0.2,,,,,,60.2,31.8,,
201811,North Parramatta (Burnside Homes),,,5.0,0.5,,,,13.0,,,,,,,0.5,4.0,,0.5,,,,1.5,,,,,,30.0,28.5,1.0,
201811,North Rocks (Muirfield Golf Club),,,5.5,,,,,13.5,,,,,,,0.5,3.5,0.5,4.0,,,,1.5,,,,,,34.5,32.0,1.5,
201811,North Ryde Golf Club,,,4.0,,,,,15.0,,,,,,,,2.0,1.0,11.0,,,,1.0,,,,,,65.0,29.0,,
201811,Parramatta North (Masons Drive),,,6.0,,,0.2,,14.0,,,,,,,0.6,4.0,0.6,0.6,,,0.2,1.8,,,,,,27.0,29.0,,
201811,Peakhurst Golf Club,,,4.0,,,,,18.0,,,,,,,,,,,,,,1.0,,,,,,17.0,35.0,,
201811,Pennant Hills (Yarrara Road),,,5.8,,,0.4,,15.6,,,,,,→,0.8,6.0,→,10.0,,,0.2,1.6,3.8,,,,,58.2,36.8,2.0,
201811,Penrith Lakes AWS,,,3.4,,,,,7.6,0.2,,,,,,0.4,8.4,,1.4,,0.2,,2.0,0.2,,,,,32.6,89.0,0.2,
201811,Picton Council Depot,,,,,,3.8,,11.8,0.2,,,,,,1.2,2.6,,,,,2.0,5.4,2.4,→,→,0.2,,3.6,78.0,,
201811,Prospect Reservoir,,,6.0,,,,,12.0,,,,,,,,3.0,1.0,1.0,,,,3.0,,,,,,14.0,52.0,,
201811,Putty (The Gibba),,,2.0,,,,,7.0,,,,,,,,21.0,,1.0,1.0,,11.0,2.0,,2.0,,,,15.0,37.0,,
201811,Randwick (Randwick St),,,3.8,,,0.4,,22.0,,0.2,,,,,0.4,0.8,,1.2,,,,3.0,,,,,,55.2,28.2,0.1,
201811,Richmond RAAF,0.2,,3.6,,,,,7.2,0.2,,,,,,0.4,7.0,0.2,9.4,,,,1.8,0.8,,,,,26.8,35.8,,
201811,Rose Bay (Royal Sydney Golf Club),,,3.0,,,0.2,,17.8,,,,,,,0.5,,0.6,,,,,2.6,,,,,,61.2,26.4,,
201811,Rossmore (South Creek),,,5.0,,,,,10.0,,,,,,,,1.0,,,,,1.0,3.0,,,,,,12.0,38.0,,
201811,Sans Souci (Public School),,,4.0,,,,,20.0,,,,,,,,,,1.0,,,,,,,,,,13.0,3.0,,
201811,Seven Hills  (Radio FM 103.2),,,4.5,,,,,10.5,,,,,,,0.5,3.0,0.5,0.5,,,,2.5,,,,,,15.5,45.0,,
201811,Seven Hills (Collins St),,,5.6,,,,,12.2,,,,,,,1.2,,,5.4,,,,2.2,,,,,,→,→,64.4,
201811,Shanes Park (South Creek Road),,,3.8,,,,,9.2,,,,,,0.2,0.2,7.8,,0.4,,,0.4,4.8,,,,,,21.6,47.2,,
201811,Springwood (Valley Heights),,,3.4,,,0.2,,8.4,,,,,,0.4,0.2,13.0,,7.0,1.6,,0.4,2.0,0.8,,,,,35.6,87.6,,
201811,St Ives (Richmond Avenue),,,4.8,,,,,16.4,,,,,,,0.8,9.4,0.2,10.2,,,0.4,3.2,0.8,,,1.2,0.4,51.6,33.8,,
201811,Sydney (Observatory Hill),,,5.0,,,,0.2,21.8,,,,,,,0.2,2.2,,2.6,,,,8.0,,0.2,,,,106,30.2,0.2,
201811,Sydney Airport AMO,,,3.6,,,,1.0,17.2,,,,,,,0.2,0.2,,3.6,,,,0.2,,,,,,39.2,23.0,,
201811,Sydney Botanic Gardens,,4.6,,,,0.3,,20.2,,,,,,,0.6,2.0,,2.0,,,,4.8,2.8,0.3,,,,107,31.4,,
201811,Sydney Olympic Park AWS (Archery Centre),,,6.0,,,,,15.6,,,,,,,0.4,3.4,0.4,0.2,,,,3.8,,,,,,69.6,26.2,3.2,
201811,Terrey Hills AWS,,,3.0,,,,,16.4,,,,,,,0.4,7.2,,15.4,,,,0.2,1.8,,,,,36.4,44.2,0.2,
201811,Wahroonga (Ada Avenue),,,6.4,,,0.2,,18.6,,,,,,,0.8,9.8,0.2,11.4,,,0.2,4.0,0.4,,,,,31.4,35.0,1.8,
201811,Warragamba,,,6.0,,,,,12.0,,,,,,,,6.0,,,,,1.0,3.0,,,,,,22.0,70.0,,
201811,Wedderburn (Booalbyn),,,3.0,,,,,12.0,,,,,,,1.0,5.0,,,1.0,,1.0,,,,,,,14.0,65.0,,
201811,Wyong (Kulnura (Jeavons)),,,1.0,,,,,13.0,,,,,,,,9.0,1.0,2.0,,,6.0,,,,,,,13.0,83.0,2.0,
201811,Wyong (Mount Elliot),1.0,,,,,,,20.0,,,,,,,,10.0,,4.0,,,2.0,,,,,,,37.0,88.0,2.0,
201811,Wyong (Olney Forest),,,,1.0,,,,14.0,,,,,,,,9.0,1.0,6.0,,,,1.0,,,,,,15.0,55.0,3.0,
201811,Yarramalong (Lewensbrook),,,,,,,,16.0,,,,,,,,5.6,,1.6,,,10.8,,,,,,,18.0,113,,
201811,"Most values are the precipitation in the 24 hoursto9 am on the day indicated.
Days marked with → are part of a longer accumulation, which is shown on the final day.Values over  100  mm have been rounded to the nearest whole millimetre.Days marked with - have a rainfall report of zero; 
days left blank have no rainfall report (which often indicates no rain fell).",,,,,,,,,,,,,,,,,,,,,,,,,,,,,,,
201811,Rainfalls colouredaccording to the amount,0,1.0,5.0,10.0,15.0,25.0,50.0,100,150,200,300,400,600,millimetres,,,,,,,,,,,,,,,,,
201812,Abbotsbury (Fairfield (City Farm)),,,,,3.0,,,,,,,,1.0,50.0,25.0,17.0,,,4.0,10.0,32.0,4.0,,,,,,,,,
201812,Abbotsford (Blackwall Point Rd),,,,,,3.0,,,,,,,2.0,15.0,8.0,11.0,,,,15.0,,2.0,,,,,,,,,
201812,Audley  (Royal National Park),,,,,2.0,2.0,,,,,,,1.0,35.0,10.0,23.0,,,2.0,4.0,1.0,2.0,2.0,,,,,,,,
201812,Avalon Beach (Avalon (Palmgrove Rd)),,,,,,,,,1.0,,,,0.2,1.4,1.6,11.0,16.6,,0.4,0.4,40.8,,,,,,,,,,
201812,Badgerys Creek AWS,,,,,1.2,0.2,,,,,,,0.8,22.8,,,,,,,,,,,,,,,,,
201812,Bankstown Airport AWS,,,,,1.0,2.4,0.2,,,,0.2,,2.4,28.8,7.6,24.8,,,,8.8,34.2,3.6,0.6,0.2,,,,,,,
201812,Baulkham Hills Eucalyptus Ct,,,,,,1.0,,,,,1.0,0.5,0.5,20.5,7.0,17.5,0.5,,1.5,29.0,23.0,3.0,0.5,,,,,,,,
201812,Belrose (Evelyn Place),,,,,1.0,0.6,,,,,,0.2,2.2,4.0,17.6,21.4,,,0.4,24.6,12.0,2.2,3.4,,,,,,,,
201812,Bilpin Post Office,,,,,6.0,4.4,,,,,,1.8,4.4,25.0,22.0,→,11.4,,5.6,31.8,6.0,5.0,,,,,,,,,
201812,Blackheath (Wombat Street),,,,,5.0,3.0,,,,,,,3.0,8.0,7.0,20.0,,,3.0,31.0,2.0,5.0,,,,,,,,,
201812,Box Hill (McCall Gardens),,,,,,,,,,,,,,13.0,21.0,11.0,,,,23.0,10.0,2.0,,,,,,,,,
201812,Bringelly (Maryland),,,,,1.0,,,,,,,,1.0,38.0,41.0,22.0,,,,9.0,7.0,1.0,,,,,,,,,
201812,Camden Airport AWS,,,,,1.6,0.2,,,,,,,2.0,34.6,24.8,13.0,27.4,,,2.2,16.2,0.8,,,0.2,,,,,,
201812,Campbelltown (Kentlyn (Georges River Roa,,,,,,1.0,,,,,,,2.0,53.0,22.0,15.0,1.0,,,2.0,11.0,,,,,,,,,,
201812,Campbelltown (Mount Annan),,,,,1.0,1.0,,,,,,,1.0,38.8,27.8,23.2,25.6,,,1.2,17.0,1.0,0.6,,0.2,,,,,,
201812,Canterbury Racecourse AWS,,,,,1.0,3.6,,,,,0.2,0.8,0.8,32.4,7.0,9.6,0.2,,1.6,7.8,23.6,2.0,1.4,,,,,,,,
201812,Castle Cove (Rosebridge Ave),,,,,,2.0,,,,,,0.5,2.0,7.0,18.0,24.0,,,1.0,15.0,22.0,3.5,6.0,,,,,,,,
201812,Castle Hill (Kathleen Ave),,,,,,,,,,,,,,16.0,2.5,23.8,,,2.0,29.2,13.2,2.9,,,,,,,,,
201812,Castlereagh (Castlereagh Road),,,,,1.0,,,,,,,,13.2,18.6,,,,,,,,,,,,,,,,,
201812,Cawdor (Woodburn),,,,,,,,,,,,,7.0,43.0,23.2,8.8,,,8.0,,5.8,,,,,,,,,,
201812,Chatswood Bowling Club,,,,,,,,,,,,,1.0,9.0,14.0,7.0,,,,11.0,25.0,4.0,3.0,,,,,,,,
201812,Collaroy (Long Reef Golf Club),,,,,,,,,,,,,,2.0,10.0,12.2,,,,12.0,18.8,1.0,6.4,,,,,,,,
201812,Colo Heights (Mountain Pines),,,,,7.6,1.6,,,,,1.4,,1.4,22.2,,,,,7.0,28.0,1.6,1.6,,,,,,,,,
201812,Concord (Brays Rd),,,,,0.4,0.6,,,,,,,2.2,20.8,6.4,12.6,0.4,,2.4,12.0,36.4,1.0,1.4,,,,,,,,
201812,Concord Golf Club,,,,,1.0,0.4,,,,,,,1.2,24.6,6.6,14.0,,,2.0,12.8,47.0,1.4,1.8,,,,,,,,
201812,Cooranbong (Avondale),,,,,2.0,1.0,,,,,6.0,7.0,1.0,2.0,2.0,14.0,3.0,,,12.0,6.0,1.0,1.0,,,,1.0,,,,
201812,Cooranbong (Lake Macquarie AWS),,,,,2.8,0.2,,,,,6.6,7.2,0.6,2.0,1.8,15.2,2.4,,0.2,12.4,6.0,,1.6,,,,0.2,,,,
201812,Darkes Forest (Kintyre),,,,,2.4,1.0,,,,,,0.6,3.6,17.0,36.8,6.4,11.6,0.2,1.8,1.6,4.2,2.8,0.6,0.2,,0.2,,,,,
201812,Dover Heights (Portland St),,,,,,1.2,,,,,,,1.0,13.0,13.6,5.2,,,0.6,16.8,26.4,4.2,11.6,,,,,,,,
201812,Erskine Park Reservoir,,,,,,,,,,,,,,48.0,39.0,9.0,,,2.0,12.0,21.0,3.0,,,,,,,,,
201812,Faulconbridge (Great Western Hwy),,,,,6.0,1.0,,,,,,,3.0,52.0,7.0,,1.0,,,,1.0,,,,,,,,,,
201812,Faulconbridge (St Georges Crescent),0.2,,,,7.6,1.4,,,,,0.2,,2.8,29.8,17.8,6.2,,,5.6,28.6,6.2,3.4,0.4,,,,,0.6,,,
201812,Gears (Wyong River),,,,,,,,,,,,,,,,,,,1.0,,,,,,,,,,,,
201812,Gosford AWS,,,,0.2,0.4,0.4,,,,,0.4,1.4,,0.8,2.6,4.4,0.2,,,25.4,10.6,1.4,4.2,,,,,,,,
201812,Holsworthy (Defence),,,,,0.6,3.4,,,,,,,6.0,80.6,38.6,18.4,8.0,,,2.4,8.4,2.4,,0.4,,,,,,,
201812,Holsworthy Aerodrome AWS,,,,,1.8,1.4,,,,,,,3.2,58.0,22.2,14.4,,,,2.2,15.6,1.4,,,,,,,,,
201812,Hornsby (Swimming Pool),,,0.2,,,1.0,0.2,,,,,,0.4,4.0,8.0,25.0,0.6,,1.4,25.0,17.6,6.4,2.0,,,,,,,,
201812,Horsley Park Equestrian Centre AWS,,,,,1.4,0.2,0.2,,,,,0.2,0.6,41.6,27.6,16.6,,,4.4,12.4,22.0,2.4,0.2,,0.2,,,,,,
201812,Katoomba (Murri St),,,,,5.0,2.4,,,,→,0.2,1.0,4.0,5.2,→,13.0,,,,,,,,,,,,,,,
201812,Kurrajong Heights (Bells Line of Road),,,,,10.4,1.0,,,,,,0.8,2.4,19.6,20.0,1.0,,,9.0,30.0,6.2,1.6,1.4,,,,,,,,
201812,Lucas Heights (ANSTO),,,,,1.3,2.2,,,,,,,1.4,44.3,7.2,4.8,,,,2.6,,0.6,0.4,,,,,,,,
201812,Mangrove Mountain AWS,,,,,,0.8,0.2,,,,2.0,1.0,1.0,0.4,32.6,23.0,0.2,,2.0,33.4,11.8,,,,,,,,,,
201812,Marrickville Golf Club,,,,,2.0,4.0,,,,,,,1.0,25.0,12.0,6.0,,,2.0,6.0,32.0,2.0,1.0,,,,,,,,
201812,Menangle Bridge (Nepean River),,,,,,1.0,,,,,,3.0,,36.0,22.0,24.0,12.0,,,1.0,8.0,1.0,,,,,4.0,6.0,,,
201812,Milperra Bridge (Georges River),,,,,,,,,,,,,,21.0,7.0,23.0,,,,6.0,22.0,1.0,,,,,,,,,
201812,Mona Vale Golf Club,,0.2,,,0.2,0.8,,,0.2,,0.4,,0.8,1.8,11.4,24.2,0.2,,1.2,17.6,26.6,2.4,10.2,,0.2,0.2,0.2,0.2,0.2,,0.2
201812,Mount Annan (Australian Botanic Garden),,,,,3.0,1.4,,,,,0.1,,1.8,44.0,28.2,21.8,24.6,,,1.6,16.2,1.6,0.4,,,,,,,,
201812,Mount Boyce AWS,,,,,3.0,2.0,0.2,,,,,0.8,3.0,7.0,7.0,21.4,0.2,,3.0,29.8,2.4,6.2,0.2,,,,,,,,
201812,Mount Wilson (Clarine),0.6,,,,8.4,3.0,,,,,0.6,0.8,4.4,19.6,13.2,5.0,,,4.6,22.0,10.0,3.4,,,,,,,,,
201812,Norah Head AWS,,0.4,,,0.2,3.0,0.2,,,0.2,1.6,0.4,0.2,0.4,2.4,7.6,0.2,0.2,,14.8,13.2,0.2,2.4,0.2,,,0.2,0.2,,0.2,
201812,North Parramatta (Burnside Homes),,,,,,0.5,,,,,,,,17.5,9.0,24.0,,,,,,,,,,,,,,,
201812,North Rocks (Muirfield Golf Club),,,,,,0.5,,,,,0.5,0.5,0.5,17.0,7.5,18.5,,,2.0,26.5,20.5,2.0,,,,,,,,,
201812,North Ryde Golf Club,,,,,,,,,,,,,1.0,20.0,6.0,10.0,1.0,,1.0,10.0,31.0,3.0,,,,,,,,,
201812,Parramatta North (Masons Drive),,,,,1.4,0.4,,,,,,,0.6,19.0,9.4,23.0,,,2.0,6.0,22.0,3.4,0.6,,,,,,,,
201812,Peakhurst Golf Club,,,,,1.0,3.0,,,,,,,1.0,30.0,9.0,25.0,1.0,,1.0,5.0,35.0,1.0,2.0,,,,,,,,
201812,Pennant Hills (Yarrara Road),,,,,0.2,1.0,,,,,,,0.6,10.8,→,→,41.2,,2.2,26.8,22.0,→,7.2,,,,,,,,
201812,Penrith Lakes AWS,,,,,1.0,0.2,0.2,,,,,,0.4,17.4,16.8,0.6,0.2,,2.2,42.6,10.8,0.2,1.0,,,,,,,,
201812,Picton Council Depot,,,,,1.8,0.6,,,,,,,3.2,32.4,→,→,34.6,,,2.0,6.0,→,1.2,,,,,,→,→,0.2
201812,Prospect Reservoir,,,,,,,,,,,,,1.0,34.0,21.0,15.0,,,3.0,15.0,17.0,4.0,,,,,,,,,
201812,Putty (The Gibba),3.0,,,,2.0,,,,,,4.0,3.0,2.0,10.0,27.0,,,,,9.0,1.0,,1.0,,,,,,,,
201812,Randwick (Randwick St),,,,,1.4,0.6,,,,,,,2.0,19.8,14.2,6.4,0.1,,0.4,7.6,25.0,4.8,11.0,,,,,,,,
201812,Richmond RAAF,,,,,,,0.2,,,,,,1.4,14.8,27.0,,,,0.2,40.6,13.4,1.4,2.0,0.2,,,,,,,
201812,Rose Bay (Royal Sydney Golf Club),,,,,,0.8,,,,,,,0.6,13.6,12.4,6.8,,,0.4,12.8,26.0,4.0,13.0,,,,,,,,
201812,Rossmore (South Creek),,,,,1.0,,,,,,,,1.0,30.0,40.0,23.0,,,,9.0,9.0,3.0,1.0,,,,,,,,
201812,Sans Souci (Public School),,,,,1.0,,,,,,,,,11.0,3.0,,,,,,,,,,,,,,,,
201812,Seven Hills  (Radio FM 103.2),,,,,,0.5,,,,0.5,,,3.0,30.0,20.5,7.0,,0.5,1.5,16.0,25.0,4.0,0.5,,,,,,,,
201812,Seven Hills (Collins St),,,,,,,,,,,,,,44.0,21.0,11.2,,,2.6,22.0,26.2,2.2,,,,,,,,,
201812,Shanes Park (South Creek Road),,,,,0.4,0.2,,,,,,,,42.0,33.0,10.8,,,0.6,35.8,21.2,0.6,0.2,0.2,,,,,,,
201812,Springwood (Valley Heights),,,,,4.2,0.8,,,,,,0.4,1.6,45.2,16.8,2.6,,,4.0,47.4,7.2,1.4,0.6,,,,,,,,
201812,St Ives (Richmond Avenue),,,,,0.8,1.6,,,,,,0.2,0.6,4.4,12.2,15.6,,,1.6,19.8,23.0,5.8,,,,,,,,,
201812,Sydney (Observatory Hill),,,,,,1.2,,,,,,,0.6,17.2,14.2,6.6,0.2,,0.2,13.8,28.4,4.6,7.8,0.2,,,,,,,
201812,Sydney Airport AMO,,,,,0.8,1.6,0.2,,,,,,0.4,23.0,10.8,3.6,,,1.4,4.2,16.2,2.2,2.0,,,,,,,,
201812,Sydney Botanic Gardens,,,,,2.4,,,,,,,0.6,0.4,18.4,13.8,8.4,,,0.2,14.4,32.9,6.8,4.4,,,,,,,,
201812,Sydney Olympic Park AWS (Archery Centre),,,,,,0.2,,,,,,,0.6,21.6,9.2,16.6,,,2.4,0.2,12.4,1.2,0.8,0.2,0.6,,,,,,
201812,Terrey Hills AWS,,,,,0.4,1.8,,,,,,,1.0,5.4,23.8,34.8,,,2.2,19.2,28.2,4.8,2.8,,,,,,0.2,,
201812,Wahroonga (Ada Avenue),,,,,0.4,1.6,,,,,,0.2,0.6,5.6,6.8,21.2,0.4,,2.2,23.4,21.8,6.4,2.4,,,,,,,,
201812,Warragamba,,,,,4.0,1.0,,,,,,,2.0,38.0,21.0,2.0,,,2.0,15.0,16.0,5.0,1.0,,,,,,,,
201812,Wedderburn (Booalbyn),,,,,,2.0,,,,,,,2.0,26.0,39.0,21.0,22.0,,,1.0,7.0,1.0,,,,,,,,,
201812,Wyong (Kulnura (Jeavons)),,,,,,1.0,,,,,4.0,1.0,1.0,,23.0,21.0,,,,12.0,3.0,1.0,1.0,,,,,,,,
201812,Wyong (Mount Elliot),,,,,1.0,,,,,,1.0,1.0,,,2.0,3.0,,,1.0,23.0,18.0,2.0,6.0,,,,,,,,
201812,Wyong (Olney Forest),,,,,7.0,,,,,,6.0,2.0,2.0,4.0,10.0,20.0,,,3.0,6.0,2.0,1.0,1.0,,,,,,,,
201812,Yarramalong (Lewensbrook),,,,,1.0,,,,,,1.8,1.6,0.4,,14.0,16.0,,,,40.4,7.4,1.0,2.0,,,,,,,,4.0
201812,"Most values are the precipitation in the 24 hoursto9 am on the day indicated.
Days marked with → are part of a longer accumulation, which is shown on the final day.Values over  100  mm have been rounded to the nearest whole millimetre.Days marked with - have a rainfall report of zero; 
days left blank have no rainfall report (which often indicates no rain fell).",,,,,,,,,,,,,,,,,,,,,,,,,,,,,,,
201812,Rainfalls colouredaccording to the amount,0,1.0,5.0,10.0,15.0,25.0,50.0,100,150,200,300,400,600,millimetres,,,,,,,,,,,,,,,,,
201901,Abbotsbury (Fairfield (City Farm)),7.0,,,,,15.0,,,4.0,,2.0,8.0,,,,,,,,,1.0,16.0,,,,,,18.0,,,
201901,Abbotsford (Blackwall Point Rd),6.0,,,,,38.0,,,8.0,,,6.0,,,,,,,,,1.0,,,,,,,4.0,,,
201901,Audley  (Royal National Park),1.0,,,,,11.0,,1.0,4.0,,,5.0,,,,,,,,,1.0,1.0,,,,,,13.0,,,
201901,Avalon Beach (Avalon (Palmgrove Rd)),3.6,,,,22.0,,5.6,1.9,,,,,,,,,,,,,,,,,,,,,,,
201901,Badgerys Creek AWS,,,,,,,,,,,,,,,,,0.8,,,,,,,,,,,,,,
201901,Bankstown Airport AWS,7.4,,,,,29.6,,0.4,6.2,,1.4,7.2,,,,0.2,,,,,1.8,7.0,,,,,,36.6,,,
201901,Baulkham Hills Eucalyptus Ct,2.5,,,,,27.0,,0.5,6.0,,1.5,6.5,,,,,,,,,3.5,6.0,,,,,,6.0,0.5,,
201901,Belrose (Evelyn Place),6.6,,,,,9.8,0.6,1.8,2.0,0.4,0.4,2.2,,,,,,,,0.4,6.2,0.2,,,,,,8.0,,,
201901,Bilpin Post Office,,9.4,,,,,,,,,,,,,,,,,,,,,,,,,,,,,
201901,Blackheath (Wombat Street),2.0,,24.0,3.0,10.0,14.0,7.0,2.0,4.0,1.0,17.0,32.0,,,,,,,,1.0,36.0,,,11.0,,,,25.0,,2.0,
201901,Box Hill (McCall Gardens),2.0,,,,,43.0,1.0,3.0,4.0,,3.0,6.0,,,,,,,,,19.0,2.0,,,,1.0,,12.0,,,
201901,Bringelly (Maryland),6.0,,,,,7.0,,,2.0,,2.0,12.0,,,,,,,,,2.0,6.0,,,,,,9.0,,,
201901,Camden Airport AWS,7.8,,,,,5.0,,0.4,4.6,,5.4,12.8,,,,,,,,,2.0,11.4,1.0,,,,,27.0,,,
201901,Campbelltown (Kentlyn (Georges River Roa,4.0,,,,,11.0,,,4.0,,1.0,9.0,,,,,,,,,1.0,5.0,,,,,,24.0,,,
201901,Campbelltown (Mount Annan),4.0,,,,,13.4,,,6.2,,3.8,10.6,,,,,,,,,1.2,10.4,0.6,,,,,24.4,0.4,,
201901,Canterbury Racecourse AWS,15.6,,,,,26.8,,0.4,6.0,,,5.2,,,,0.2,,,,,0.8,0.2,3.0,0.2,,,,16.0,,,
201901,Castle Cove (Rosebridge Ave),3.0,,,,,18.0,1.0,3.0,4.0,1.5,1.5,,,,,,,,,,11.0,,,0.2,,,,6.5,,,
201901,Castle Hill (Kathleen Ave),6.4,,,,,28.0,0.8,,6.0,,2.3,5.4,,,,,,,,,10.0,2.0,,,,,,,,,
201901,Castlereagh (Castlereagh Road),,,,,16.0,,1.4,5.4,,5.4,8.0,,,,,,,,0.4,31.8,1.4,,,,,,,,,,
201901,Chatswood Bowling Club,7.0,,,,,19.0,1.0,,5.0,1.0,,4.0,,,,,,,,,8.0,,,,,,,6.0,,,
201901,Collaroy (Long Reef Golf Club),2.0,,,,,9.8,,2.6,4.4,,,1.8,,,,,,,,,2.2,,,,,,,8.4,,,
201901,Colo Heights (Mountain Pines),1.8,,,,,18.2,8.0,0.8,5.2,6.6,4.0,5.2,,,,,,,,2.2,53.2,,0.1,0.4,,,,39.0,,,
201901,Concord (Brays Rd),3.2,,,,,31.4,,0.6,7.0,,0.8,4.6,,,,,,,,,1.6,0.2,,,,,,4.4,,,
201901,Concord Golf Club,5.8,,,,,31.8,,0.4,9.4,0.2,,5.2,,,,,,,,,1.2,0.8,,,,,,,,,
201901,Cooranbong (Avondale),8.0,,,1.0,,2.0,11.0,1.0,,,,10.0,,,,,,,,4.0,22.0,,,,,,,1.0,,,
201901,Cooranbong (Lake Macquarie AWS),8.2,0.2,,,,2.8,10.2,1.2,,,,10.4,,,,,,,,4.2,21.2,0.2,,,,,,1.0,,,
201901,Darkes Forest (Kintyre),0.4,,,,,8.0,1.0,0.6,11.6,2.8,1.8,9.6,0.2,,,,,,,1.4,1.6,2.8,0.2,,,,,13.4,,,
201901,Dover Heights (Portland St),7.6,,,,,25.0,0.8,2.4,5.0,,0.8,3.2,,,,,,,,0.8,1.4,,3.6,0.2,,,,5.4,,,
201901,Erskine Park Reservoir,3.0,,,,,12.0,,1.0,4.0,,1.0,9.0,,,,,,,,,7.0,11.0,1.0,,,,,26.0,,,
201901,Faulconbridge (Great Western Hwy),,,,,,,,,,,,,,,,,,,,,,,,,,,,,,,
201901,Faulconbridge (St Georges Crescent),8.0,,,0.8,,31.2,10.0,4.8,27.2,12.4,10.0,,,,,,,,,4.2,22.8,,,,,,,6.4,0.4,,
201901,Gears (Wyong River),,,,,,,,,,,,,,,,,,,,,,,,,,,,,,,
201901,Gosford AWS,0.2,,,,,19.8,4.8,5.0,,0.2,,4.2,,,,,,,,4.4,6.4,0.2,,,0.8,0.2,,10.8,,,
201901,Holsworthy (Defence),2.0,,,,,20.0,,0.6,6.4,0.4,0.8,14.2,,,,,,,,,1.2,8.2,,,,,,38.8,,,
201901,Holsworthy Aerodrome AWS,11.0,,,,,9.8,,0.2,4.6,,1.0,8.6,,,,,,,,,1.0,13.4,0.6,,,,,15.8,0.2,,
201901,Hornsby (Swimming Pool),3.4,,,,,19.6,0.8,1.2,3.8,,0.6,2.4,,,,,,,,0.2,26.2,0.8,,,,,,,,,
201901,Horsley Park Equestrian Centre AWS,5.4,0.2,,,,13.2,0.2,0.6,3.6,0.2,1.0,6.4,,,,,,,,,2.8,15.0,,,,,,23.8,0.2,,
201901,Kurrajong Heights (Bells Line of Road),4.4,,,,,22.0,8.4,→,12.4,2.2,7.6,,,0.2,,,,,,5.2,39.2,0.4,,,,,,18.6,,,
201901,Lucas Heights (ANSTO),2.2,,,,,14.0,,0.2,4.0,,,6.6,,,,,,,,,,,,,,,,18.0,,,
201901,Macquarie Park (Willandra Village),2.0,,,,,32.6,0.8,0.8,5.6,0.4,0.2,5.0,,,,,,,,,,,,,,,,,,,
201901,Mangrove Mountain AWS,1.6,,,,,29.4,9.0,3.4,,8.2,1.8,5.4,,,,,,,,3.2,31.4,0.8,,,0.6,0.2,,0.2,,,
201901,Marrickville Golf Club,10.0,,,,,32.0,,1.0,6.0,,,6.0,,,,,,,,,,,1.0,,,,,13.0,,,
201901,Milperra Bridge (Georges River),8.0,,,,,13.0,,,3.0,,,6.0,,,,,,,,,,4.0,,,,,,23.0,,,
201901,Mona Vale Golf Club,2.6,,0.2,0.2,,14.8,2.4,2.4,3.6,0.8,0.4,1.6,0.2,,,,0.2,,,1.6,4.6,,0.4,0.2,0.2,,,2.0,13.4,,
201901,Mount Boyce AWS,3.6,,29.8,3.8,1.4,15.2,4.6,2.8,3.4,0.2,19.4,35.2,,,,,,,,1.4,28.4,,,10.0,,,,21.6,0.4,2.0,0.2
201901,Mount Wilson (Clarine),21.0,,9.0,2.0,,21.0,7.4,3.6,15.4,1.8,8.0,10.4,,,,,,,,2.0,31.6,3.0,,4.4,,,,8.4,0.2,,
201901,Norah Head AWS,1.6,,0.2,,,49.6,10.4,1.0,,0.6,0.2,3.4,0.2,0.2,,,0.2,0.2,,1.4,15.0,0.2,0.2,0.2,0.4,,0.2,0.4,,0.2,
201901,North Parramatta (Burnside Homes),,,,,,,,,,,,,,,,,,,,,,,,,,,,,,,
201901,North Rocks (Muirfield Golf Club),2.0,,,,,24.5,,0.5,5.5,,1.0,5.5,,,,,,,,,3.5,0.5,,,,,,1.5,0.5,,
201901,North Ryde Golf Club,4.0,,,,,31.0,,,5.0,,1.0,4.0,,,,,,,,,6.0,,,,,,,2.0,,,
201901,Parramatta North (Masons Drive),1.2,,,,,28.0,0.4,0.8,6.8,,3.2,5.4,,,,,,,,,3.2,0.2,,,,,,3.0,,,
201901,Peakhurst Golf Club,6.0,,,,,15.0,,,4.0,,,5.0,,,,,,,,,,,,,,,,32.0,,,
201901,Pennant Hills (Yarrara Road),2.0,,,,,22.8,,,,,,,,,,,,,,,,,,,,,,,,,
201901,Penrith Lakes AWS,6.0,,,,0.2,,0.6,1.8,8.0,,5.4,6.6,0.2,,,,,,,,40.2,0.6,2.6,,,,,5.2,,,
201901,Picton Council Depot,,0.4,2.8,,,→,4.2,1.2,12.2,0.4,1.2,,,16.2,,,,,,,4.4,0.2,,,,,,,35.8,,
201901,Prospect Reservoir,4.0,,,,,42.0,,,7.0,,20.0,8.0,,,,,,,,,3.0,12.0,,,,,,32.0,,,
201901,Putty (The Gibba),1.0,,,,,13.0,2.0,1.0,1.0,,8.0,11.0,,,,,,,,1.0,28.0,,,1.0,,,,7.0,,,
201901,Randwick (Randwick St),5.8,,,,,20.2,0.1,1.6,6.4,0.6,0.6,3.8,,,,,,,,,1.2,0.2,2.0,0.2,,,,→,2.6,,
201901,Richmond - UWS Hawkesbury,3.0,,,,,→,16.3,0.8,6.6,0.2,6.0,,→,6.2,,,,,,→,46.0,4.2,0.4,,,,,,19.3,,
201901,Richmond RAAF,3.4,,,,,13.4,0.8,0.4,4.8,0.2,7.6,5.8,,,,,,,,,37.2,38.6,0.2,0.8,,,,7.8,0.2,,
201901,Rose Bay (Royal Sydney Golf Club),8.6,,,,,24.0,0.4,1.2,4.2,0.6,0.2,3.6,,,,,,,,,0.2,,2.6,,,,,,4.3,,
201901,Rossmore (South Creek),5.0,,,,,12.0,,,3.0,,9.0,10.0,,,,,,,,,2.0,3.0,,,,,,8.0,,,
201901,Sans Souci (Public School),1.0,,,,,1.0,,,,,,,,,,,,,,,,,,,,,,7.0,2.0,,
201901,Seven Hills  (Radio FM 103.2),2.5,,,,,17.5,,0.5,5.0,,15.5,6.0,0.5,,,,,,,,4.0,11.5,,,,,,14.0,0.5,,
201901,Seven Hills (Collins St),5.0,,,,,18.0,,,6.6,,13.0,7.6,,,,,,,,,4.2,,,,,,,22.6,,,
201901,Shanes Park (South Creek Road),2.6,,,,,23.4,0.8,6.8,6.6,,11.8,8.2,,,,,,,,,20.6,6.0,0.8,,,,,33.4,0.2,,
201901,Springwood (Valley Heights),→,→,→,0.4,,23.2,5.8,3.0,14.0,0.4,14.8,6.8,,,,,,,,2.2,27.2,0.8,,0.2,,,,5.4,,,
201901,St Ives (Richmond Avenue),4.2,,,,,27.6,1.0,4.6,2.8,1.0,1.2,3.0,,,,,,,,1.4,8.2,0.2,,,,,,,,,
201901,Sydney (Observatory Hill),8.8,,,,,26.2,,0.6,4.8,,0.8,3.8,,,,,,,,,0.4,0.2,0.4,,,,,2.8,,,
201901,Sydney Airport AMO,5.4,,,,,32.8,,0.4,5.6,0.2,,4.2,,,,,,,,,0.2,0.6,1.6,0.4,,,,17.6,,,
201901,Sydney Botanic Gardens,9.4,,,,,23.2,0.2,1.2,4.6,0.2,0.4,4.1,,,,,,,,,3.8,0.8,,3.8,,,,3.0,,,
201901,Sydney Olympic Park AWS (Archery Centre),,,,,,,,,,,,,,,,,,,,,2.4,,,,,,,6.4,,,
201901,Terrey Hills AWS,8.6,,,,,13.0,1.8,4.8,2.2,,0.8,1.8,,,,,,,,2.4,9.6,,,,,,,19.8,0.2,,
201901,Wahroonga (Ada Avenue),3.2,,,,,18.0,1.8,2.2,4.6,0.6,0.6,3.2,,,,,,,,0.6,23.8,0.4,,0.2,,,,9.8,,,
201901,Warragamba,15.0,,,,,9.0,1.0,4.0,3.0,1.0,1.0,13.0,,,,,,,,1.0,6.0,,,,,,,15.0,,,
201901,Wedderburn (Booalbyn),,,,,,6.0,,,8.0,1.0,1.0,11.0,,,,,,,,,,1.0,,,,,,12.0,,,
201901,Wyong (Kulnura (Jeavons)),3.0,,,,,26.0,5.0,2.0,,6.0,1.0,7.0,,,,,,,,2.0,34.0,1.0,,,1.0,,,,,,
201901,Wyong (Mount Elliot),1.0,,,,,31.0,11.0,5.0,,,,5.0,,,,,,,,7.0,12.0,,,1.0,,,,23.0,,,
201901,Wyong (Olney Forest),5.0,,,,,38.0,8.0,1.0,,1.0,,9.0,,,,,,,,5.0,19.0,,,,,,,,,,
201901,Yarramalong (Lewensbrook),,,,,,33.0,8.0,2.0,,4.0,,4.0,,,,,,,,2.0,38.0,,,,,,,,,,
201901,"Most values are the precipitation in the 24 hoursto9 am on the day indicated.
Days marked with → are part of a longer accumulation, which is shown on the final day.Values over  100  mm have been rounded to the nearest whole millimetre.Days marked with - have a rainfall report of zero; 
days left blank have no rainfall report (which often indicates no rain fell).",,,,,,,,,,,,,,,,,,,,,,,,,,,,,,,
201901,Rainfalls colouredaccording to the amount,0,1.0,5.0,10.0,15.0,25.0,50.0,100,150,200,300,400,600,millimetres,,,,,,,,,,,,,,,,,
201902,Abbotsbury (Fairfield (City Farm)),,5.0,2.0,1.0,,,,,24.0,,,,,,,,,,,3.0,,5.0,,,,,1.0,,,,
201902,Abbotsford (Blackwall Point Rd),2.0,15.0,2.0,,,,,,22.0,,,,,,,,,,,5.0,→,9.0,1.0,5.0,,,,,,,
201902,Audley  (Royal National Park),,6.0,,,,3.0,,,12.0,,,,,,,,,,,,1.0,12.0,4.0,6.0,,,,,,,
201902,Avalon Beach (Avalon (Palmgrove Rd)),0.6,,,,,0.8,,,24.8,,,,,,,,,,,11.2,25.0,7.0,,12.2,0.8,,,,,,
201902,Badgerys Creek AWS,1.2,6.6,1.8,,,0.2,,,5.0,,,,,,,,,,,0.2,2.0,3.8,,0.2,0.2,,,,,,
201902,Bankstown Airport AWS,0.8,8.2,2.0,,,,,,21.0,,,,,,,,,,0.2,4.0,1.6,6.0,0.2,1.2,1.0,,,,,,
201902,Baulkham Hills Eucalyptus Ct,1.0,6.0,1.0,,,,,,30.0,0.5,,,,,,,,,,7.0,3.5,12.5,,1.0,0.5,,,,,,
201902,Belrose (Evelyn Place),0.8,15.6,,,,1.0,,,28.0,,,,,,,,,,,8.2,3.6,9.4,4.8,4.2,0.8,,,1.0,,,
201902,Bilpin Post Office,4.2,9.0,→,14.6,,10.6,,,1.0,,,,,,,,,,,4.2,12.2,19.8,1.4,→,5.0,,,0.8,,,
201902,Blackheath (Wombat Street),2.0,14.0,9.0,1.0,4.0,,,,3.0,3.0,,,,,,,,,1.0,6.0,7.0,16.0,2.0,2.0,2.0,,,1.0,,,
201902,Box Hill (McCall Gardens),1.0,2.0,1.0,,,,,,15.0,,,,,,,,,,,1.0,3.0,3.0,1.0,,,,,,,,
201902,Bringelly (Maryland),,3.0,1.0,,,,,,12.0,,,,,,,,,,,4.0,1.0,3.0,,,,,,,,,
201902,Camden Airport AWS,,4.4,0.8,,,0.8,,,7.8,,,0.2,,,,,,,,,1.0,1.6,0.2,1.2,,,,,,,
201902,Campbelltown (Kentlyn (Georges River Roa,,,,,,7.0,,,13.0,,,,,,,,,,,,,3.0,,2.0,,,,,,,
201902,Campbelltown (Mount Annan),,1.2,0.4,0.2,,,,0.2,13.0,0.2,,,,,,,,,,,0.2,0.8,,0.6,,,,,,,
201902,Canterbury Racecourse AWS,1.6,12.4,0.8,0.2,,,,,37.6,,,,,,,,,,0.2,4.8,0.2,8.4,0.6,4.0,1.8,,,,,,
201902,Castle Cove (Rosebridge Ave),4.0,20.0,,,,,,,45.0,,,,,,,,,,,10.5,4.5,11.0,10.0,10.0,2.0,,,,,,
201902,Castle Hill (Kathleen Ave),3.0,6.0,,,,,,,47.0,0.6,,,,,,,,,,7.2,5.0,6.4,2.5,,,,,,,,
201902,Chatswood Bowling Club,2.0,19.0,,,,,,,36.0,1.0,,,,,,,,,,10.0,8.0,8.0,5.0,9.0,,,,,,,
201902,Collaroy (Long Reef Golf Club),,4.0,,,,0.8,,,16.0,,,,,,,,,,,9.6,3.4,3.4,9.6,5.2,,,,,,,
201902,Colo Heights (Mountain Pines),4.0,7.2,9.2,,,,,,0.2,,,,,,,,,,,2.4,7.8,8.0,2.2,2.6,0.2,,,0.8,,,
201902,Concord (Brays Rd),1.8,15.4,1.0,,,0.8,,,37.2,,,,,,,,,,,6.8,0.4,7.0,1.2,2.6,0.2,,,,,,
201902,Concord Golf Club,,16.0,3.6,,,1.6,,,43.4,,,,,,,,,,,5.0,2.0,11.0,1.2,4.4,,,,,,,
201902,Cooranbong (Avondale),2.0,10.0,9.0,,,,,,17.0,,,,,,,,,,,1.0,41.0,4.0,8.0,3.0,4.0,,,,,,
201902,Cooranbong (Lake Macquarie AWS),2.2,11.4,8.0,0.2,,,,,18.2,,,,0.2,,,,,,,1.0,39.4,4.6,8.4,2.2,4.6,,,,,,
201902,Darkes Forest (Kintyre),1.2,9.6,0.8,,,3.2,0.6,,15.0,0.2,,,,,,,,,0.2,1.2,1.6,9.2,3.0,8.0,0.2,0.2,,,,,
201902,Dover Heights (Portland St),3.8,8.2,0.6,,,0.8,0.4,,10.2,0.2,,,,,,,,,,20.0,3.2,10.2,13.8,14.8,0.6,,,0.2,,,
201902,Erskine Park Reservoir,1.0,5.0,1.0,,,,,,12.0,,,,,,,,,,,1.0,,3.0,,,1.0,,,,,,
201902,Faulconbridge (St Georges Crescent),2.2,12.8,15.0,,,,,,0.6,,,,,,,,,,,5.8,9.0,17.2,0.4,1.0,2.0,,,,,,
201902,Gears (Wyong River),,15.0,7.0,,,,,,19.0,,,,,,,,,,,3.0,26.0,7.0,12.0,3.0,,1.0,,,,,
201902,Gosford AWS,1.2,21.2,0.2,,,,,0.2,25.6,,,,,,,,,,,5.2,24.2,7.6,16.4,7.0,0.2,,,,,,
201902,Holsworthy (Defence),,0.8,0.4,,,9.4,,,14.2,,,,,,,,,,,0.2,0.6,5.8,,4.2,,,,,,,
201902,Holsworthy Aerodrome AWS,,2.6,,,,2.4,,,35.8,,,,,,,,,,,1.0,,6.6,,0.8,,,,,,,
201902,Hornsby (Swimming Pool),5.0,,,,,,,,,,,,,,,,,,,,,,,,,,,,,,
201902,Horsley Park Equestrian Centre AWS,1.0,5.2,1.8,,,,,0.6,15.4,,,,,,,,,,,2.6,0.6,3.8,,0.2,0.8,0.2,,,,,
201902,Kurrajong Heights (Bells Line of Road),3.8,10.6,9.4,,,,,,0.2,0.6,,,,0.8,,,,,,4.8,7.6,16.4,2.2,2.0,1.0,,,,,,
201902,Lucas Heights (ANSTO),,36.0,,,,1.2,,,26.0,,,,,,,,,,,,,,,3.4,,,,,,,
201902,Macquarie Park (Willandra Village),2.2,12.0,2.2,,,,,,47.4,0.8,,,,,,,,,,7.6,5.2,7.0,1.6,3.0,,,,,,,
201902,Mangrove Mountain AWS,3.4,19.4,11.0,,,,,,8.6,,,,,0.2,,,,,,4.2,29.4,11.8,18.2,11.8,0.8,0.2,,,,,
201902,Marrickville Golf Club,2.0,15.0,1.0,,,3.0,,,35.0,,,,,,,,,,,5.0,1.0,12.0,3.0,10.0,1.0,,,,,,
201902,Milperra Bridge (Georges River),1.0,5.0,1.0,,,,,,1.0,,,,,,,,,,,1.0,2.0,3.0,,1.0,,,,,,,
201902,Mona Vale Golf Club,,,,,,,,,,,,,,,,,,,,8.4,6.8,3.8,7.4,10.2,,,,1.8,,,
201902,Mount Annan (Australian Botanic Garden),,1.2,0.4,,,,,0.4,11.6,,,,,,,,,,,1.2,0.3,1.4,0.2,1.0,,,,,,,
201902,Mount Boyce AWS,2.6,13.8,5.4,,4.4,0.4,0.2,,2.8,1.8,,,,,,0.2,,,0.8,5.8,8.4,19.6,2.0,2.6,2.8,,,,,,
201902,Mount Wilson (Clarine),3.0,10.2,10.8,,0.6,,,,2.8,1.6,,,,0.4,,,,,,5.4,10.0,26.0,1.0,4.0,1.4,,,1.4,,,
201902,Norah Head AWS,0.8,,1.4,,0.2,,,0.2,19.8,0.2,,,,,,,,,0.2,16.2,13.4,,2.4,1.6,3.4,,,,,,
201902,North Rocks (Muirfield Golf Club),1.0,7.0,0.5,,,,,,35.5,,,,,,,,,,,7.5,4.0,9.5,1.0,2.5,,,,,,,
201902,North Ryde Golf Club,2.0,11.0,2.0,,,,,,37.0,,,,,,,,,,,6.0,5.0,4.0,1.0,3.0,,,,,,,
201902,Parramatta North (Masons Drive),2.0,9.0,0.6,,,,,,51.0,,,,,,,,,,,8.4,2.4,14.0,0.8,1.4,,,,0.4,,,
201902,Peakhurst Golf Club,,11.0,,,,2.0,,,40.0,,,,,,,,,,,,1.0,9.0,,1.0,,,,,,,
201902,Pennant Hills (Yarrara Road),2.6,→,12.4,,,,,,42.6,0.2,,,,,,,,,,,,,,,,,,,,,
201902,Penrith Lakes AWS,0.4,2.4,4.4,0.2,,,,,0.2,0.2,,,,,,,,,,1.6,0.8,8.0,0.2,,0.4,0.2,,,,,
201902,Picton Council Depot,0.2,,,0.2,1.2,0.4,,,,,,13.2,,,,,,,0.8,5.4,0.3,1.1,,,,,,,,,
201902,Prospect Reservoir,1.0,7.0,,,,1.0,,,25.0,,,,,,,,,,,5.0,2.0,6.0,,1.0,2.0,,,,,,
201902,Putty (The Gibba),,2.0,6.0,,,,,,5.0,,,,,,,,,,,,3.0,9.0,3.0,1.0,1.0,,,,,,
201902,Randwick (Randwick St),2.6,11.4,0.4,,,0.4,,,18.6,,,,,,,,,,,13.2,2.2,13.0,12.8,16.6,0.4,,,0.4,,,
201902,Richmond - UWS Hawkesbury,2.0,,→,6.2,,,,,,→,5.0,,,,,,,,,1.2,2.6,8.2,,→,0.8,,,,,,
201902,Richmond RAAF,1.4,4.8,0.8,0.2,,,,,6.8,0.2,,,,,,,,,,1.2,3.4,4.8,,,0.2,,,,,,
201902,Rose Bay (Royal Sydney Golf Club),3.2,7.0,0.2,,0.2,1.0,,,9.0,,,,,,,,,,,18.6,4.6,7.2,13.0,20.0,0.9,,,0.4,,,
201902,Rossmore (South Creek),,5.0,1.0,,,,,,7.0,,,,,,,,,,,3.0,1.0,4.0,,,,,,,,,
201902,Sans Souci (Public School),,,,,,,,,,,,,,,,,,,,3.0,2.0,10.0,1.0,7.0,,,,,,,
201902,Seven Hills  (Radio FM 103.2),1.0,4.0,0.5,,,,,,13.0,,,,,,,,,,,4.0,4.5,5.0,,,1.0,,,,,,
201902,Shanes Park (South Creek Road),0.8,3.2,1.6,,,,,,1.4,,,,,,,,,,,2.8,0.6,8.0,,,0.6,,,,,,
201902,Springwood (Valley Heights),2.2,11.4,7.0,,,,,,0.6,,,,,,,,,,,5.8,8.8,11.4,,0.6,1.2,,,,,,
201902,St Ives (Richmond Avenue),4.2,18.4,1.2,,,,,,20.0,,,,,,,,,,,8.0,3.8,10.6,7.4,7.0,1.0,,0.2,0.4,,,
201902,Sydney (Observatory Hill),2.8,23.0,,0.2,,1.8,,,17.2,0.2,,,,,,,,,,7.8,5.0,4.4,6.6,16.0,0.4,,,,,,
201902,Sydney Airport AMO,1.0,15.4,0.8,,,0.6,,,16.8,0.2,,,,,,,,,,6.2,1.8,8.2,5.2,15.0,1.6,0.2,,,,,
201902,Sydney Botanic Gardens,3.0,21.6,0.1,,,3.2,,,15.4,0.2,,,,,,,,,,7.4,4.8,5.4,7.7,16.4,0.2,,,,,,
201902,Sydney Olympic Park AWS (Archery Centre),1.6,10.0,0.8,,,,,,53.0,,,,,,,,,,,7.4,1.2,11.0,0.8,2.2,0.2,0.2,,0.2,,,
201902,Terrey Hills AWS,2.4,22.0,0.6,,,,,,21.6,0.2,,,,,,,,,,9.4,7.0,7.6,6.8,13.0,0.8,,,1.2,,,
201902,Wahroonga (Ada Avenue),5.0,11.8,1.8,,,,,,37.6,0.2,,,,,,,,,0.2,11.2,4.6,12.6,3.8,4.4,1.0,,,0.4,,,
201902,Warragamba,,6.0,4.0,,,,,,3.0,,,,,,,,,,,4.0,4.0,7.0,,,,,,,,,
201902,Wedderburn (Booalbyn),,,,,,5.0,,,7.0,,,,,,,,,,,2.0,,1.0,,2.0,,,,,,,
201902,Wyong (Kulnura (Jeavons)),,17.0,11.0,,,,,,11.0,,,,,,,,,,,2.0,32.0,12.0,11.0,4.0,,,,,,,
201902,Wyong (Mount Elliot),4.0,28.0,1.0,,,,,,29.0,,,,,,,,,,,10.0,29.0,14.0,10.0,7.0,2.0,,,,,,
201902,Wyong (Olney Forest),4.0,30.0,20.0,,,,,,7.0,,,,,,,,,,,3.0,50.0,11.0,17.0,11.0,2.0,,1.0,,,,
201902,Yarramalong (Lewensbrook),,19.0,10.0,,,,,,28.4,,,,,,,,,,,,31.0,12.0,13.0,4.0,,,,,,,
201902,"Most values are the precipitation in the 24 hoursto9 am on the day indicated.
Days marked with → are part of a longer accumulation, which is shown on the final day.Values over  100  mm have been rounded to the nearest whole millimetre.Days marked with - have a rainfall report of zero; 
days left blank have no rainfall report (which often indicates no rain fell).",,,,,,,,,,,,,,,,,,,,,,,,,,,,,,,
201902,Rainfalls colouredaccording to the amount,0,1.0,5.0,10.0,15.0,25.0,50.0,100,150,200,300,400,600,millimetres,,,,,,,,,,,,,,,,,
201903,Abbotsbury (Fairfield (City Farm)),,,,,,,,,,,,,,1.0,40.0,2.0,36.0,37.0,3.0,,,,10.0,1.0,9.0,,,,,27.0,
201903,Abbotsford (Blackwall Point Rd),,,,,,,,→,→,3.0,,,3.0,,13.0,,→,96.0,2.0,9.0,,6.0,2.0,,3.0,,,,,32.0,0.2
201903,Audley  (Royal National Park),,4.0,,,,,2.0,,,1.0,,,8.0,3.0,43.0,11.0,44.0,32.0,3.0,1.0,1.0,3.0,,2.0,5.0,,,,,41.0,
201903,Avalon Beach (Avalon (Palmgrove Rd)),,,1.8,,,,1.6,,,,,,,44.8,61.8,,79.0,0.6,,11.0,,0.6,,4.2,4.0,0.4,,0.8,,,
201903,Badgerys Creek AWS,,0.2,,,,,0.2,,,0.6,,,0.2,0.6,27.2,,33.6,31.4,1.4,5.2,,0.4,0.8,1.4,3.8,1.0,,,,15.6,0.4
201903,Bankstown Airport AWS,,,,,,,,,,1.8,,,0.2,0.4,41.2,7.6,34.8,37.8,1.8,0.4,0.4,4.2,0.2,0.4,5.6,0.2,0.2,,,53.2,0.2
201903,Baulkham Hills Eucalyptus Ct,,,,,,,4.5,,,,,,1.0,0.5,42.5,43.5,38.0,46.5,2.0,0.5,1.5,1.5,12.0,1.0,5.5,1.0,,,,28.5,0.5
201903,Belrose (Evelyn Place),,1.0,1.0,,,,7.8,,→,0.8,,,10.2,8.8,26.0,17.8,43.0,47.8,0.8,0.6,,3.2,0.6,6.0,4.0,0.2,,0.4,,30.4,2.4
201903,Blackheath (Wombat Street),,,,,,,1.0,,,1.0,,,3.0,4.0,1.0,9.0,36.0,13.0,11.0,1.0,,1.0,16.0,10.0,6.0,,1.0,,,27.0,
201903,Box Hill (McCall Gardens),,,,,,,1.0,,,1.0,,,,3.0,12.0,25.0,30.0,30.0,1.0,,,,1.0,9.0,8.0,1.0,,,,32.0,1.0
201903,Bringelly (Maryland),,,,,,,1.0,,,3.0,,,,,20.0,3.0,29.0,26.0,3.0,2.0,,,,1.0,3.0,2.0,,,,17.0,
201903,Camden Airport AWS,,0.4,,,,,,,,,,,,0.8,37.4,0.8,0.4,,,0.6,1.2,,0.2,1.6,3.0,,,,,19.8,0.4
201903,Campbelltown (Kentlyn (Georges River Roa,,2.0,,,,,1.0,,,,,,,3.0,47.0,8.0,37.0,40.0,5.0,2.0,18.0,,1.0,2.0,3.0,,,,,19.0,1.0
201903,Campbelltown (Mount Annan),,0.2,0.2,,,,,,,,,,,1.0,26.6,3.4,29.8,34.2,0.8,1.0,,,0.2,0.6,3.4,0.2,,,,19.4,0.4
201903,Canterbury Racecourse AWS,,1.6,0.2,,,,2.2,,,2.0,,,0.8,3.6,12.4,19.6,16.2,49.4,5.0,2.0,0.2,3.4,,0.2,3.0,0.2,,,,27.0,
201903,Castle Cove (Rosebridge Ave),,3.0,,,,,6.0,,,1.5,,,15.0,10.0,48.0,47.0,48.0,68.0,4.0,0.5,,11.0,,4.0,2.0,4.0,,,,29.0,3.0
201903,Castle Hill (Kathleen Ave),,,,,,,2.6,,,,,,0.4,0.2,45.6,37.5,55.5,41.0,0.8,1.4,1.0,,4.0,6.4,7.4,1.1,,,,33.8,
201903,Chatswood Bowling Club,,1.0,1.0,1.0,,,3.0,,,1.0,,,4.0,6.0,30.0,40.0,64.0,57.0,2.0,1.0,1.0,7.0,1.0,1.0,5.0,1.0,,,,31.0,
201903,Collaroy (Long Reef Golf Club),,3.8,2.0,,,,2.8,,,0.8,,,,13.2,61.2,5.4,15.2,65.8,2.2,5.2,1.4,1.2,,2.8,2.6,,,,,24.4,1.2
201903,Colo Heights (Mountain Pines),,,,,,5.0,2.4,,0.1,4.6,,,8.4,0.1,,12.4,20.2,19.2,8.0,1.8,1.2,,6.2,9.8,12.0,2.4,,,,34.0,0.4
201903,Concord (Brays Rd),,,0.6,,,,2.0,,,0.6,,,2.0,2.0,9.6,29.0,31.2,44.4,1.8,2.2,,3.2,1.4,0.6,3.8,0.6,,,,31.6,
201903,Concord Golf Club,,,,,,,2.4,,,0.8,,,2.4,2.6,11.0,28.0,28.2,49.0,1.8,1.4,,4.4,2.2,0.4,3.8,,,,,,
201903,Cooranbong (Avondale),,,,,,,2.0,,,,,,2.0,8.0,14.0,32.0,50.0,7.0,,1.0,2.0,7.0,,18.0,2.0,1.0,,,,38.0,1.0
201903,Cooranbong (Lake Macquarie AWS),,,,,,,1.2,,,1.0,,,1.6,7.6,14.8,30.0,46.6,6.8,0.4,0.4,1.6,6.6,0.2,18.6,2.4,0.4,0.2,,,37.6,
201903,Darkes Forest (Kintyre),,0.2,,0.2,,0.2,0.2,,,,,,,0.4,21.2,28.0,85.4,31.2,2.0,11.2,3.4,1.4,,0.2,1.0,1.0,,,,13.6,0.4
201903,Dover Heights (Portland St),,,,,,,3.2,,0.4,2.4,,,5.0,9.8,41.0,30.6,17.4,103,15.6,4.6,21.4,2.6,1.8,0.8,4.0,0.6,,,,30.2,
201903,Erskine Park Reservoir,,,,,,,,,,,,,1.0,1.0,42.0,9.0,37.0,34.0,2.0,,,,7.0,1.0,10.0,,,,,25.0,1.0
201903,Faulconbridge (St Georges Crescent),,1.2,,,0.4,,,,,1.6,,,1.6,2.6,1.6,9.8,19.2,5.6,5.8,9.2,0.4,,4.4,2.8,5.8,0.6,,,,,
201903,Gears (Wyong River),,,,,,,,,1.0,6.0,,,4.0,1.0,1.0,9.0,57.0,10.0,,1.0,2.0,2.0,,3.0,2.0,2.0,,10.0,,9.0,
201903,Gosford AWS,,,0.2,0.2,,,2.8,0.2,2.4,1.2,,,3.4,7.0,22.8,20.6,124,24.0,0.8,,0.2,,0.2,7.6,4.4,3.0,,,,31.6,
201903,Holsworthy (Defence),,5.8,,,,,,,,,,,,0.6,59.8,7.8,48.2,46.4,9.4,10.0,0.2,,0.4,2.0,3.4,0.6,,,,32.8,0.6
201903,Holsworthy Aerodrome AWS,,0.6,,,,,,,,3.4,0.2,,,2.4,40.2,3.0,43.2,37.4,3.2,0.2,0.2,0.6,0.2,0.6,6.4,,,,,33.2,
201903,Horsley Park Equestrian Centre AWS,,,,,,,,,,0.4,,,,0.6,58.0,1.8,40.8,40.6,1.6,0.2,,0.2,10.8,0.6,7.8,0.8,,,,29.6,0.2
201903,Kurrajong Heights (Bells Line of Road),,1.6,,,,,1.4,,,1.8,,,1.4,2.2,11.0,19.0,20.0,10.4,4.6,2.2,→,0.8,4.0,6.0,9.6,1.0,,,,,
201903,Lucas Heights (ANSTO),,3.0,,,,,2.8,,,0.2,,,0.8,3.7,48.2,10.2,,26.4,8.2,,,,,2.0,,,,,,32.0,3.0
201903,Mangrove Mountain AWS,,,,,,1.4,5.0,,0.4,2.4,,,0.8,0.6,12.8,45.0,83.6,18.8,1.0,2.0,1.0,1.8,,2.8,8.4,4.4,,,,35.8,
201903,Marrickville Golf Club,,6.0,,,,,2.0,,,2.0,,,2.0,4.0,18.0,18.0,17.0,53.0,4.0,4.0,1.0,7.0,,,4.0,,,,,28.0,
201903,Milperra Bridge (Georges River),,,,,,,,,,1.0,,,,,26.0,8.0,20.0,37.0,2.0,,1.0,3.0,,,5.0,,,,,43.0,
201903,Mona Vale Golf Club,,0.2,0.4,,,,4.6,,,0.8,,,,46.8,121,24.4,23.6,56.6,1.4,0.4,3.0,1.0,1.2,6.6,2.8,2.0,,0.4,,32.4,
201903,Mount Boyce AWS,0.2,,,,0.2,,0.6,0.4,,0.6,0.2,,1.6,3.0,0.4,10.8,34.2,13.8,11.4,1.4,0.2,0.4,11.8,14.4,4.4,0.4,0.2,,0.2,24.8,0.8
201903,Mount Wilson (Clarine),,,,,,,1.0,1.0,,3.0,,,2.6,6.0,,25.0,58.0,16.4,4.8,2.4,1.0,1.0,15.0,9.8,7.0,2.4,,,,26.0,0.6
201903,Norah Head AWS,,,,,0.2,,3.2,,0.8,2.4,0.2,,,0.2,6.8,7.4,61.6,25.6,1.4,0.2,0.2,0.8,0.2,2.4,7.6,2.8,0.2,,,41.8,0.4
201903,North Parramatta (Burnside Homes),,,,,,,,,,,,,,,21.5,35.0,41.0,41.5,1.5,18.0,2.5,0.5,4.5,2.0,4.5,0.5,,,,30.5,0.5
201903,North Rocks (Muirfield Golf Club),,,,,,,4.5,,,,,,0.5,,38.5,56.5,49.0,42.0,2.0,24.0,1.0,0.5,5.0,0.5,6.0,0.5,,,,32.5,
201903,North Ryde Golf Club,,,1.0,,,,3.0,,,,,,2.0,1.0,21.0,72.0,80.0,40.0,1.0,10.0,1.0,1.0,1.0,2.0,3.0,1.0,,,,29.0,
201903,Parramatta North (Masons Drive),,,,,,,5.2,,,0.6,,,2.2,0.4,22.0,37.0,46.0,40.4,2.0,18.6,2.8,1.0,5.4,2.0,5.4,1.2,,,,33.0,0.4
201903,Peakhurst Golf Club,,1.0,1.0,,,,,,,3.0,,,2.0,1.0,27.0,5.0,23.0,43.0,6.0,3.0,,,,1.0,3.0,,,,,38.0,1.0
201903,Pennant Hills (Yarrara Road),,,,,,,,,,1.4,→,→,1.8,1.0,67.8,41.0,88.8,40.0,1.2,8.2,,2.0,→,14.2,3.8,0.2,,,,→,32.4
201903,Penrith Lakes AWS,,,,,,,,,,0.6,,,,0.4,35.0,14.0,24.0,10.0,6.0,3.8,0.6,,1.8,2.2,8.8,0.6,,,,23.8,0.2
201903,Picton Council Depot,,,,,,,,,,,,,,1.2,1.4,,,127,10.4,1.4,6.4,,,,,0.8,,,,,
201903,Prospect Reservoir,,,,,,,,,,,,,,1.0,33.0,18.0,42.0,45.0,3.0,,,1.0,22.0,1.0,6.0,1.0,,,,55.0,
201903,Putty (The Gibba),,,,,,,,,,,,,1.0,,8.0,1.0,8.0,17.0,2.0,,,,1.0,12.0,11.0,2.0,,,,34.0,
201903,Randwick (Randwick St),,4.8,,,,,2.2,,0.4,3.8,,,5.8,9.0,10.0,15.2,40.6,90.8,5.6,19.4,18.8,3.4,1.0,0.4,4.2,0.6,,0.1,,29.0,
201903,Richmond RAAF,,,,,,,3.6,,0.2,0.6,0.2,,1.4,1.2,2.8,20.2,23.2,10.4,3.6,6.2,0.2,,1.4,10.0,7.0,1.0,0.2,,,32.2,0.2
201903,Rose Bay (Royal Sydney Golf Club),,,,,,,2.0,,0.4,2.0,,,4.0,7.8,29.0,32.0,28.0,76.0,13.6,4.6,22.0,4.6,1.6,0.5,4.4,0.6,,,,,
201903,Rossmore (South Creek),,,,,,,,,,3.0,,,,2.0,54.0,1.0,37.0,38.0,4.0,1.0,,1.0,,1.0,4.0,3.0,,,,17.0,
201903,Sans Souci (Public School),,2.0,,,,,1.0,,,1.0,,,2.0,2.0,27.0,6.0,15.0,62.0,3.0,15.0,3.0,11.0,,2.0,3.0,,,,,28.0,
201903,Seven Hills  (Radio FM 103.2),,,,,,0.5,,,,,,,,1.0,31.5,25.5,36.5,44.0,3.0,,0.5,0.5,11.0,0.5,4.5,0.5,,,,31.5,
201903,Shanes Park (South Creek Road),,0.6,,,,1.2,0.2,,,0.4,,,0.4,0.4,58.8,25.0,21.0,19.4,0.6,10.4,,,1.2,2.0,8.4,1.0,,,,28.8,
201903,Springwood (Valley Heights),,0.8,,,,,,,,0.6,,,1.4,1.2,1.0,14.6,27.4,10.6,8.4,2.8,3.6,,3.2,1.8,14.2,0.4,,,,24.6,0.6
201903,St Ives (Richmond Avenue),,,,,,,5.0,,,1.2,,,10.4,6.6,55.2,21.2,70.0,39.2,1.8,0.4,0.2,2.6,0.8,10.4,4.2,1.4,,0.4,,28.8,
201903,Sydney (Observatory Hill),,6.8,,,,,1.4,,,0.8,,,14.6,5.8,8.6,16.0,43.4,75.2,4.6,5.8,,8.4,2.0,0.4,3.8,0.6,,,,30.8,0.2
201903,Sydney Airport AMO,,0.6,0.2,,,,1.4,,,3.6,,,3.2,4.8,14.8,17.2,12.0,60.8,6.6,11.2,5.0,11.4,0.2,,3.4,0.6,,,,24.4,0.2
201903,Sydney Botanic Gardens,,4.8,,,,,2.2,,,1.4,,,12.0,8.9,9.2,15.8,41.2,79.0,8.2,11.5,6.8,7.8,3.0,0.8,4.6,0.4,0.1,,,31.0,
201903,Sydney Olympic Park AWS (Archery Centre),,,,,,,2.6,,,0.4,,,1.8,3.8,12.4,32.0,38.6,42.8,1.4,3.6,0.2,2.4,1.8,0.6,4.0,0.4,,,,36.2,0.2
201903,Terrey Hills AWS,,,1.2,,,,1.4,,,1.0,,,11.4,11.0,71.6,30.6,59.6,44.4,1.0,0.6,0.4,2.2,0.2,3.2,0.2,1.8,,1.0,,25.6,0.2
201903,Wahroonga (Ada Avenue),,,,,,,5.2,,,1.6,,,1.8,2.6,34.0,24.4,91.4,39.2,1.2,6.8,0.4,4.0,1.2,19.0,5.2,1.0,,,,31.4,2.0
201903,Warragamba,,,,,,,1.0,,,,,,,,,,,,,,1.0,,,,,1.0,,,,22.0,
201903,Wedderburn (Booalbyn),,1.0,,,,,,,,,,,,2.0,21.0,7.0,86.0,36.0,2.0,4.0,3.0,,,1.0,2.0,1.0,,,,21.0,
201903,Wyong (Kulnura (Jeavons)),,,,,,4.0,,,,3.0,,,2.0,,10.0,15.0,42.0,9.0,1.0,1.0,2.0,,2.0,15.0,4.0,3.0,,,,33.0,
201903,Wyong (Mount Elliot),,,1.0,,,,5.0,,1.0,1.0,,,5.0,3.0,20.0,12.0,82.0,26.0,6.0,4.0,,5.0,1.0,4.0,4.0,4.0,,,,33.0,
201903,Wyong (Olney Forest),,,,,,,1.0,,,1.0,,,3.0,3.0,17.0,57.0,47.0,5.0,2.0,20.0,2.0,1.0,,24.0,5.0,1.0,,,,37.0,3.0
201903,Yarramalong (Lewensbrook),,,,,,2.0,1.0,,1.0,4.2,,,,,4.0,20.0,76.2,7.6,1.6,2.0,4.8,,2.0,6.4,2.0,4.0,,10.0,,20.0,
201903,"Most values are the precipitation in the 24 hoursto9 am on the day indicated.
Days marked with → are part of a longer accumulation, which is shown on the final day.Values over  100  mm have been rounded to the nearest whole millimetre.Days marked with - have a rainfall report of zero; 
days left blank have no rainfall report (which often indicates no rain fell).",,,,,,,,,,,,,,,,,,,,,,,,,,,,,,,
201903,Rainfalls colouredaccording to the amount,0,1.0,5.0,10.0,15.0,25.0,50.0,100,150,200,300,400,600,millimetres,,,,,,,,,,,,,,,,,
201904,Abbotsbury (Fairfield (City Farm)),,,3.0,,3.0,2.0,,,,,,,,,,,,,,,,,,,2.0,,,2.0,,,
201904,Abbotsford (Blackwall Point Rd),,,1.4,,11.0,6.0,,,,,,,,,,,,,,,,,,,,,,,,,
201904,Audley  (Royal National Park),,,,1.0,19.0,1.0,,1.0,,,,,,,,,,,,,,,5.0,,,,,,,,
201904,Avalon Beach (Avalon (Palmgrove Rd)),,9.2,14.8,,7.2,6.2,,,,,,,,,,,,,,,,,,,,,,,,,
201904,Badgerys Creek AWS,,,1.6,0.2,0.6,1.2,,0.2,,,,,,,,,,0.2,,,,,,2.4,,,,,,,
201904,Bankstown Airport AWS,,,0.2,0.2,5.2,2.8,0.2,0.2,,,,,,,,,,0.2,,,,,,0.2,,,,,,0.2,
201904,Baulkham Hills Eucalyptus Ct,,,2.5,,4.0,1.5,,,,,,,,,,,,,,,,,,,,,,,,1.0,
201904,Belrose (Evelyn Place),,0.2,5.6,,29.6,0.4,,,,,0.2,,,,,,,,,,,,,0.2,,,,,,,
201904,Bilpin Post Office,0.2,2.6,1.0,,,,,,,,,,,,,,,,,,,,,,,,,,,,
201904,Blackheath (Wombat Street),,6.0,3.0,,4.0,2.0,,,,,,,,,,,,,,1.0,,,,4.0,1.0,,,,,,
201904,Box Hill (McCall Gardens),,,1.0,,4.0,9.0,,,,,,,,,,,,,,,,,1.0,,,,,,,,
201904,Bringelly (Maryland),,,1.0,,7.0,2.0,,1.0,,,,,,,,,,,,,,,,,,,,,,,
201904,Camden Airport AWS,,,1.6,,0.4,7.2,,,,,,,,,,,,,,,,,,,,,,,,,
201904,Campbelltown (Kentlyn (Georges River Roa,,,,,6.0,1.0,,,,,,,,,,,,,,,1.0,,,,,,,,,,
201904,Campbelltown (Mount Annan),,,0.6,,1.8,0.4,,0.2,,,,,,,,,,0.4,,,,,,,,,,,,,
201904,Canterbury Racecourse AWS,,,1.4,,16.8,1.0,,,,,,,,,,,,,,,,,,,,,,,,0.2,
201904,Castle Cove (Rosebridge Ave),,,6.0,,24.0,1.0,,,,,,,,,,,,,,,,,,,,,,,,,
201904,Castle Hill (Kathleen Ave),,,4.0,,23.0,8.4,,,,,,,,,,,,,,,,,,7.8,,,,,,,
201904,Chatswood Bowling Club,,,6.0,,20.0,1.0,,,,,,,,,,,,,,,,,,,,,,,,,
201904,Collaroy (Long Reef Golf Club),,7.2,1.0,,9.8,,,,,0.4,,,,,,,,,,,,,,,,,,,,,
201904,Colo Heights (Mountain Pines),,1.4,0.8,,4.0,,,,,,,,,0.1,0.1,0.1,0.1,0.1,,,0.1,0.1,,,,,,,,,
201904,Concord (Brays Rd),,,2.4,,12.2,2.2,,,,,,,,,,,,,,,,,,,,,,,,,
201904,Concord Golf Club,,,3.8,,13.6,3.0,,,,,,,,,,,,,,,,,,,,,,,,,
201904,Cooranbong (Avondale),,11.0,2.0,1.0,12.0,6.0,,,,,,,,,2.0,,4.0,1.0,,,,,,,1.0,,,,,,
201904,Cooranbong (Lake Macquarie AWS),,10.6,2.4,,11.4,5.4,,,,,,,,0.2,1.6,0.2,3.6,0.2,,,0.2,,,0.2,,0.2,,,,,
201904,Darkes Forest (Kintyre),,1.4,0.2,,28.2,5.2,0.2,,,,,,,,,0.2,0.2,0.2,0.2,,0.2,0.2,8.6,0.8,,0.2,,,,,
201904,Dover Heights (Portland St),0.2,6.8,0.6,,7.8,9.6,,,,,0.6,0.4,,,,,,,,,,,,,,,,,,,
201904,Erskine Park Reservoir,,,1.0,,5.0,9.0,,,,,,,,,,,,,,,,,,,,,,,,,
201904,Faulconbridge (Great Western Hwy),,,,,,,,,,,,,,,,,,,,,,,,,1.0,,,,,,
201904,Faulconbridge (St Georges Crescent),,0.8,,0.2,8.2,,,,,,,,,,,,,,,,,,,2.0,,,,,,,
201904,Gears (Wyong River),,14.0,2.0,,6.0,14.0,1.0,,,,,,,,,,,,,,,,,9.0,,,,,,,
201904,Gosford AWS,,13.2,10.8,,10.6,0.4,0.2,,,,,3.2,,,,,0.4,,0.4,,,,,1.0,,,,,,,
201904,Holsworthy (Defence),,,0.6,,18.4,1.2,0.2,,,,,,,,,,0.2,0.4,,,0.2,,0.4,0.2,,0.4,,,,,
201904,Holsworthy Aerodrome AWS,,,0.6,,1.4,1.6,,0.2,,,,,,,,,0.2,,,,,,,0.2,,,,,,,
201904,Horsley Park Equestrian Centre AWS,,,3.2,,2.0,4.6,,,,,,,,,,,,0.2,,,0.2,,,0.2,0.2,,,,,,
201904,Kurrajong Heights (Bells Line of Road),→,→,→,→,→,→,→,→,→,→,→,→,→,→,→,→,→,→,→,→,→,→,40.6,9.6,,,,,,,
201904,Lucas Heights (ANSTO),,,1.6,,12.2,0.9,,0.2,,,,,,,,,,,,,,,0.2,,,,,,,,
201904,Mangrove Mountain AWS,,,1.0,,10.2,2.4,,,,,,0.4,0.2,,,,0.2,,,0.4,0.2,,0.2,1.8,,,,,,,
201904,Marrickville Golf Club,,,2.0,,9.0,2.0,,,,,,,,,,,,1.0,,,,,1.0,1.0,,,,,,,
201904,Milperra Bridge (Georges River),,,,,5.0,1.0,,,,,,,,,,,,,,,,,,,,,,,,,
201904,Mona Vale Golf Club,,7.4,12.4,0.2,9.6,1.8,0.2,0.2,,,3.0,0.2,0.2,,,0.2,0.2,0.4,0.2,0.4,0.2,0.2,0.2,1.8,0.2,0.2,,0.2,,0.2,
201904,Mount Annan (Australian Botanic Garden),,,0.8,,1.4,0.4,,,,,,,,,,,,,,1.5,,,,,,,,,,,
201904,Mount Boyce AWS,,5.0,2.2,0.2,3.8,2.4,,,,,,,,0.2,,0.2,,0.2,,0.2,,0.2,,12.0,0.2,,,,,,
201904,Mount Wilson (Clarine),,5.6,2.4,,10.4,3.8,,,,,,,,,,,,,,0.2,,,,10.0,,,,,,,
201904,Norah Head AWS,,52.2,2.8,,4.4,15.2,0.2,,,0.4,,9.0,12.0,,,,27.0,,0.4,0.2,0.2,0.2,,,,,0.2,,,0.2,
201904,North Parramatta (Burnside Homes),,,2.5,,7.0,3.0,0.5,,,,,,,,,,,,,,,,,,,,,,,,
201904,North Rocks (Muirfield Golf Club),,0.5,1.5,,12.0,1.5,,,,,,,,,,,,,,,,,,,,,,,,,
201904,North Ryde Golf Club,,,2.0,,15.0,1.0,,,,,,,,,,,,,,,1.0,,,,,,,,,,
201904,Parramatta North (Masons Drive),,,3.2,,7.0,3.4,,,,,,,,,,,,,,,,,,,,,,,,,
201904,Peakhurst Golf Club,,,,1.0,10.0,1.0,,,,,,,,,,,,,,,1.0,,,1.0,,,,,,,
201904,Pennant Hills (Yarrara Road),,,4.4,,48.2,12.2,,→,→,→,→,→,→,→,→,→,→,→,→,,→,0.2,,0.2,,,,,,,
201904,Penrith Lakes AWS,,,2.0,,1.0,4.2,0.2,,,,,,,,,,,,,,,,,,,,,,,,
201904,Picton Council Depot,,1.4,13.2,0.4,2.2,,,1.8,,,1.0,,,,1.2,,,,,,,,,,,,,,,,
201904,Prospect Reservoir,,,4.0,,4.0,12.0,,,,,,,,,,,,,,,,,1.0,,,,,,,,
201904,Putty (The Gibba),,2.0,,,7.0,2.0,,,,,,,,,,,,,,,,,,,,,,,,,
201904,Randwick (Randwick St),,2.8,1.4,,3.0,5.0,,,,0.6,,0.2,,,,,,,,0.2,,,2.0,1.0,,,,,,,
201904,Richmond - UWS Hawkesbury,,,2.4,,5.6,,→,7.0,,,,,,,,,,,,,,,,,,,,,,,
201904,Richmond RAAF,,,2.6,0.2,2.4,7.6,0.2,,,,,,,,,,,0.2,,,,0.2,,,0.2,,,,,,
201904,Rose Bay (Royal Sydney Golf Club),,6.0,0.3,,0.1,5.0,,0.1,,0.4,0.4,0.2,,,,,,,,,,,0.5,,0.8,,,,,,
201904,Rossmore (South Creek),,,2.0,,1.0,4.0,,,,,,,,,,,,,,,,,,1.0,,,,,,,
201904,Sans Souci (Public School),,1.0,,,11.0,3.0,,,,,,,,,,,,,,,,,2.0,,,,,,,,
201904,Seven Hills  (Radio FM 103.2),,0.5,2.5,,3.5,3.5,,,,,,,,,,,,,,,,,,0.5,,,,,,,
201904,Shanes Park (South Creek Road),,,2.4,0.2,2.2,14.2,,,,,,,,,,,,,,,,,,,,,,,,,
201904,Springwood (Valley Heights),,0.8,2.8,,10.4,1.8,,,,,,,,,,,,,,,,,,2.4,,,,,,,
201904,St Ives (Richmond Avenue),,2.4,4.8,,15.8,10.8,,,,,,,,,,,,,,,,,,,,,,,,,
201904,Sydney (Observatory Hill),,,2.8,,3.0,4.8,0.2,,,,,,,,,,,,,,,,0.2,,,,0.2,,,,
201904,Sydney Airport AMO,,1.4,1.6,,6.6,3.6,,,,0.2,,,,,,,0.2,0.4,,,,,0.2,0.6,,,,,,,
201904,Sydney Botanic Gardens,,0.2,2.4,,2.4,1.8,,,,0.1,,,,,,,,0.4,,,,,0.8,0.1,,,,,,,
201904,Sydney Olympic Park AWS (Archery Centre),,,2.4,,11.6,1.6,,,,,,,,,,,,,,,,,,,,,,,,,
201904,Terrey Hills AWS,,,0.8,0.2,,,0.2,,,0.4,0.8,0.4,,,,0.2,,0.2,,0.2,0.2,,,,,,,,,,
201904,Wahroonga (Ada Avenue),,0.4,4.2,,22.2,9.6,0.2,0.2,,,,,,,0.2,,0.2,0.2,,0.2,0.2,0.2,0.2,0.6,,,,,,0.2,
201904,Warragamba,,,3.0,,7.0,1.0,,,,,,,,,,,,,,,,,,,,,,,,,
201904,Wedderburn (Booalbyn),,,1.0,,7.0,2.0,,,,,,,,,,,1.0,,,,1.0,1.0,,,,,,,,,
201904,Wyong (Kulnura (Jeavons)),,12.0,4.0,,1.0,9.0,,,,,,,,,,,,,,,,,,,,,,,,,
201904,Wyong (Mount Elliot),,38.0,10.0,,3.0,1.0,,,,,2.0,2.0,,,,,,,,,1.0,,,3.0,,,,,,,
201904,Wyong (Olney Forest),,16.0,1.0,,4.0,4.0,,,,,,1.0,,,,,3.0,,,,,,,,,,,,,,
201904,"Most values are the precipitation in the 24 hoursto9 am on the day indicated.
Days marked with → are part of a longer accumulation, which is shown on the final day.Values over  100  mm have been rounded to the nearest whole millimetre.Days marked with - have a rainfall report of zero; 
days left blank have no rainfall report (which often indicates no rain fell).",,,,,,,,,,,,,,,,,,,,,,,,,,,,,,,
201904,Rainfalls colouredaccording to the amount,0,1.0,5.0,10.0,15.0,25.0,50.0,100,150,200,300,400,600,millimetres,,,,,,,,,,,,,,,,,
201905,Abbotsbury (Fairfield (City Farm)),,,,9.0,,,,,,,,,,,,,,,,2.0,,,,,,,,,,,
201905,Abbotsford (Blackwall Point Rd),,,,10.0,,,,,,,,,,,,,,,,,,,,,,,,,,,
201905,Audley  (Royal National Park),,,,7.0,,2.0,,,,,,,,,,,,,1.0,,,,,,,,,,,,
201905,Avalon Beach (Avalon (Palmgrove Rd)),,,,8.0,7.8,,,,,,,,,,,,,,,,,,,,,,,,,,
201905,Badgerys Creek AWS,,,,9.8,,,,,,,,,,,,,,0.2,,,0.2,,,,,,,,,,
201905,Bankstown Airport AWS,,,,6.4,,,,,,,,,,,,,,,,,,,,,,,,,,,
201905,Baulkham Hills Eucalyptus Ct,,,,13.5,,0.5,,,,,,,,,,,,,,,,,,,,,,,,,
201905,Belrose (Evelyn Place),,,,21.4,,2.4,,,,,,,,,,,,,0.6,,,,,,,,,0.8,,,
201905,Bilpin Post Office,,,0.8,8.0,→,1.0,,0.4,,,,,,,,,,,,,,,,,,,,,,,
201905,Blackheath (Wombat Street),,,,11.0,,1.0,,,,1.0,1.0,,,,,,1.0,,,1.0,,,,,,1.0,,,,,
201905,Box Hill (McCall Gardens),,,,19.0,,,,,,,,,,,,,,1.0,,,,,,,,,,,,,
201905,Bringelly (Maryland),,,,9.0,,,,,,,,,,,,,,,,,,,,,,,,,,,
201905,Camden Airport AWS,,,,9.4,,,,,,,,,,0.2,,,,,,,,,,0.2,,,,,,,
201905,Campbelltown (Kentlyn (Georges River Roa,,,,9.0,,,,,,,,,,,,,,,,,1.0,,,,,,,,,,
201905,Campbelltown (Mount Annan),,,,7.4,,0.2,,,,,0.4,,,,,0.2,,,,,,,,,0.2,,,,,,
201905,Canterbury Racecourse AWS,,,,6.8,,,,,,,,,,,,,,0.2,,,,,0.2,,,,,0.2,,,
201905,Castle Cove (Rosebridge Ave),,,,12.0,,2.5,,,,,,,,,,,,,1.0,,,,,,,,,,,,
201905,Castle Hill (Kathleen Ave),,,0.4,15.0,,1.2,,,,,,,,,,,,,,,,,,,,,,,,,
201905,Centennial Park,0.4,,,10.8,1.0,4.0,,,,,,,,,,,,,,,,,,,,,,,,,
201905,Chatswood Bowling Club,,,,11.0,,2.0,,,,,,,,,,,,,,,,,,,,,,,,,
201905,Collaroy (Long Reef Golf Club),,,,19.4,,7.0,,,,,,,,,,,,,,,,,,,,,,,,,
201905,Concord (Brays Rd),,,0.2,9.8,,,,,,,,,,,,,,,,,,,,,,,,,,,
201905,Concord Golf Club,,,,10.2,,,,,,,,,,,,,,,,,,,,,,,,,,,
201905,Cooranbong (Avondale),,1.0,,5.0,,1.0,,,,,,,,,1.0,,,,1.0,,,,,,,,1.0,2.0,,,
201905,Cooranbong (Lake Macquarie AWS),,,0.2,5.6,0.2,1.0,,0.2,,,0.2,,,,,0.2,,0.2,0.2,,,,,,0.2,0.2,,1.4,,,
201905,Darkes Forest (Kintyre),,,,5.2,,1.8,,,,,,,,,0.2,0.2,,0.2,,,,,0.2,0.2,,,,,,,
201905,Dover Heights (Portland St),,,,11.8,0.4,16.8,,,,,,,,,,,,,,,,,0.6,,,,,,,,
201905,Erskine Park Reservoir,,,,10.0,,1.0,,,,,,,,,,,,,,,,,,,,,,,,,
201905,Faulconbridge (Great Western Hwy),,,,5.0,,1.0,,,,,,,,,,,,,,,,,,,,,,,,,
201905,Faulconbridge (St Georges Crescent),,,,6.0,,0.2,,0.6,,,,,,,,,,,,,,,,,,,,,,,
201905,Gears (Wyong River),,,,1.0,,,,,,,,,,,,,,,,,,,,,,,,,,,
201905,Gosford AWS,,,0.2,4.0,,4.6,,,,,0.4,,,,,,,,7.4,0.2,,,,,,,,0.8,,,
201905,Holsworthy Aerodrome AWS,,,,9.0,,,,,,,,,,,,,,,0.8,,,,,0.2,,,,,,,
201905,Holsworthy Defence AWS,,,,12.0,,,,,,,,,,,0.2,,,0.4,,0.2,,,0.4,,,,,,,,
201905,Hornsby (Swimming Pool),,,,,,,,,,,,,,,,,,,,,,,,,,,,,,,
201905,Horsley Park Equestrian Centre AWS,,,,9.4,0.2,0.6,,,,,,,,,,,,,,,,,,,,,,,,,
201905,Kurrajong Heights (Bells Line of Road),,,0.5,12.5,,,,0.5,,,,,,,,,,0.8,,,,,,0.5,,,,,,,
201905,Lucas Heights (ANSTO),,,,7.4,,,,,,,,,,,,,,,,,,,,,,,,,,,
201905,Mangrove Mountain AWS,,,0.2,2.8,,0.8,,,,,,,,,,,,,0.2,0.2,,,,,,,,1.6,,,
201905,Marrickville Golf Club,,,,7.0,,,1.0,,,,,,,,,,,,,,1.0,,,,,,,,,,
201905,Menangle Bridge (Nepean River),,,,,,,,,,,,,,,,,,,,,,,,,,,,,,,
201905,Milperra Bridge (Georges River),,,,6.0,,,,,,,,,,,,,,,,,,,,,,,,,,,
201905,Mona Vale Golf Club,,,,10.2,,11.4,,,,,0.2,,0.2,,,0.4,0.2,0.4,0.6,0.4,,,,0.4,,,,0.8,,,
201905,Mount Boyce AWS,,,,9.4,0.2,,0.2,0.4,,0.2,1.0,,0.2,0.4,0.2,,,0.2,0.2,0.2,,0.2,0.2,,0.2,0.2,0.2,0.2,,,
201905,Norah Head AWS,0.2,,0.2,3.0,,8.2,,,,,0.2,,,,,,,,,,,,,0.2,0.2,,,0.6,,,
201905,North Parramatta (Burnside Homes),,,0.5,11.5,,,,,,,,,,,,,,,,,,,,,,,,,,,
201905,North Rocks (Muirfield Golf Club),,,,9.0,,0.5,,,,,,,,,,,,,,,,,,,,,,,,,
201905,North Ryde Golf Club,,,,9.0,,,,,,,,,,,,,,1.0,,,,,,,,,,,,,
201905,Parramatta North (Masons Drive),,,1.0,11.8,,,,,,,0.2,,,,,,,,,,,,,,,,,,,,
201905,Peakhurst Golf Club,,,,5.0,,1.0,,,,,,,,,,,,,,1.0,,,,,,,,,,,
201905,Pennant Hills (Yarrara Road),,,0.2,20.0,,0.4,,,,,0.2,,,,,,,,0.4,,,,,0.2,,0.4,,,,,
201905,Penrith Lakes AWS,,,,9.2,,,,,,,,,,,,,,,,,,,,,,,,,,,
201905,Picton Council Depot,,,,,,,,,,,,,0.4,,,,,,,,,,,,,,,,,,
201905,Prospect Reservoir,,,,11.0,,,,,,,,,,,,,,,,,,,,,,,,,,,
201905,Putty (The Gibba),,,,2.0,,,,,,,,,,,,,,,,,,,,,,,,1.0,,,
201905,Randwick (Randwick St),,,,10.4,1.6,7.4,,,,,,,,,,,,,0.2,,,,,,,,,0.2,,,
201905,Richmond - UWS Hawkesbury,,,0.4,,→,10.8,,,,,,,,,,,,,,,,,,0.6,,,,,,,
201905,Richmond RAAF,,,0.2,19.4,,,,,,,,,,,,,,,,,0.2,,,,0.2,,,,,,
201905,Rose Bay (Royal Sydney Golf Club),,,,11.6,3.8,23.4,,,,,,,,,,,,,,,,,,0.2,,,,,,,
201905,Rossmore (South Creek),,,,8.0,,,,,,,,,,,,,,,,,,,,1.0,,,,,,,
201905,Sans Souci (Public School),,,,6.0,,1.0,,,,,,,,,,,,,6.0,,,,,,,,,,,,
201905,Seven Hills  (Radio FM 103.2),,,,11.0,0.5,,,,,,,,,,,,,,,,0.5,,,,,,,,,,
201905,Shanes Park (South Creek Road),,,,15.0,0.4,0.2,,,,,,,,,,,,,,,,,,0.2,,,,,,,
201905,Springwood (Valley Heights),,,,6.6,,0.4,,,,,,,,,,,,,,,,,,,,,,,,,
201905,St Ives (Richmond Avenue),,,,28.0,,3.0,,,,,,,,,,,,,0.4,,,,,,,,,1.2,,,
201905,Sydney (Observatory Hill),,,,10.8,,3.8,,,,,,,,,,,,,,,,,,,,,,,,,
201905,Sydney Airport AMO,,,,5.6,0.2,1.2,,,,,,,,,,,,,,,,,,,,,,,,,
201905,Sydney Botanic Gardens,,,,11.0,,4.4,,,,,,,,,,,,,,,,,,,,,,,,,
201905,Sydney Olympic Park AWS (Archery Centre),,,0.2,11.8,,,,,,,,,,,0.2,,,,,,,,,,,,,,,,
201905,Terrey Hills AWS,,,,8.2,,3.2,,,,,,,,,,,,,0.4,,,,,,,,,0.4,,,
201905,Wahroonga (Ada Avenue),,,,27.6,,0.2,,,,,,,,,0.2,0.2,,0.2,0.2,,0.2,,,0.2,,,,0.2,,,
201905,Warragamba,,,,7.0,,,,,,,,,,,,,,,,,,,,,,,,,,,
201905,Wedderburn (Booalbyn),,,,8.0,,,1.0,,,,,,,,1.0,,,,,,1.0,,,,,,,,,,
201905,Wyong (Jilliby (Jilliby Creek)),,,,,,,,,,,,,,,,,,,,,,,,,,,,,,,
201905,Wyong (Kulnura (Jeavons)),,,,2.0,,,,,,,1.0,,,,,,,,,,,,,,,,,,,,
201905,Wyong (Mount Elliot),,,,4.0,,6.0,,,,,,,,,,,,,2.0,,,,,,,,,1.0,,,
201905,Wyong (Olney Forest),,,,3.0,,,1.0,,,,,,,,,,,,,,,,,,,,,1.0,,,
201905,Yarramalong (Lewensbrook),,,,4.0,,1.0,,,,,,,,,,,,,1.6,,,,,,,,,,,,
201905,"Most values are the precipitation in the 24 hoursto9 am on the day indicated.
Days marked with → are part of a longer accumulation, which is shown on the final day.Values over  100  mm have been rounded to the nearest whole millimetre.Days marked with - have a rainfall report of zero; 
days left blank have no rainfall report (which often indicates no rain fell).",,,,,,,,,,,,,,,,,,,,,,,,,,,,,,,
201905,Rainfalls colouredaccording to the amount,0,1.0,5.0,10.0,15.0,25.0,50.0,100,150,200,300,400,600,millimetres,,,,,,,,,,,,,,,,,
201906,Abbotsbury (Fairfield (City Farm)),,,,19.0,4.0,1.0,,,1.0,,,,,,,4.0,6.0,1.0,,,,,,12.0,6.0,,,,,,
201906,Abbotsford (Blackwall Point Rd),,,,20.0,6.0,,,9.0,,,,,,,,13.0,14.0,20.0,,,,,,40.0,19.0,7.0,,,,,
201906,Audley  (Royal National Park),,,,23.0,11.0,3.0,,,,,,,,,,10.0,60.0,1.0,,,,,,22.0,5.0,,4.0,,,,
201906,Avalon Beach (Avalon (Palmgrove Rd)),,0.6,,13.8,26.2,4.4,,→,1.8,,,,,,,2.6,6.4,8.8,,,,,,,,,,,,,
201906,Badgerys Creek AWS,,,1.0,20.4,1.4,0.4,,,0.2,,,,,,,1.8,4.0,,0.6,,,,,7.8,2.8,,0.2,,0.2,,
201906,Bankstown Airport AWS,,,0.2,18.6,4.6,1.4,0.2,,0.2,0.2,,,,,,4.4,10.0,2.6,,,,,,6.8,11.2,0.2,2.6,0.2,,0.2,
201906,Baulkham Hills Eucalyptus Ct,,,,20.0,2.0,1.5,,0.5,,,,,,,,4.5,3.0,7.5,,,,,,22.0,8.5,7.5,,0.5,,,
201906,Belrose (Evelyn Place),,,,17.2,8.8,10.8,0.6,3.0,,,,,,,,14.4,→,42.4,,,1.6,,0.6,23.2,9.0,30.4,1.0,,,,
201906,Bilpin Post Office,,,,6.6,0.2,1.8,,,,,,,,,,,,,,,,,,,,,,,,,
201906,Blackheath (Wombat Street),,1.0,,7.0,11.0,,,2.0,,,,,,,1.0,4.0,15.0,1.0,,,1.0,,,7.0,9.0,4.0,3.0,,,1.0,
201906,Box Hill (McCall Gardens),,,,18.0,,1.0,,,,1.0,,,,,,3.0,,3.0,1.0,,,,,14.0,3.0,3.0,1.0,,,,
201906,Bringelly (Maryland),,,,18.0,2.0,,,,,,,,,,,2.0,2.0,,,,,,,8.0,,,,,1.0,,
201906,Camden Airport AWS,,,,19.0,2.2,0.4,,,0.2,,,,,,,2.6,12.0,,0.2,,1.8,,,7.4,0.8,,0.2,,0.6,,
201906,Campbelltown (Kentlyn (Georges River Roa,,,3.0,19.0,11.0,3.0,,,,1.0,,,,,,2.0,21.0,,,,1.0,,,9.0,1.0,,1.0,,,,
201906,Campbelltown (Mount Annan),,,2.0,18.6,5.8,0.8,,,,0.2,,,,,,2.0,16.2,,,,0.8,0.2,,8.8,0.4,0.2,0.2,,0.2,,
201906,Canterbury Racecourse AWS,,,,20.4,5.4,3.2,,0.8,,,,,,,,17.2,17.8,12.0,,,,,,27.0,9.0,5.8,2.4,,0.2,,
201906,Castle Cove (Rosebridge Ave),,,,19.0,7.5,16.0,0.5,7.0,,,,,,,,16.0,7.5,26.0,,,,,,35.0,33.0,28.0,2.5,0.5,,,
201906,Castle Hill (Kathleen Ave),,,0.5,28.0,3.2,1.6,0.8,0.6,,,,,,,,5.4,6.2,10.2,0.6,,,,,20.0,7.8,7.0,0.3,0.2,,,
201906,Castlereagh (Castlereagh Road),,,,14.4,,1.4,0.2,,,,,,,,,5.6,0.3,3.4,,,,,11.6,3.8,,1.6,,,,,
201906,Chatswood Bowling Club,,,,19.0,8.0,9.0,,2.0,,,,,,,,16.0,2.0,17.0,1.0,,,,,37.0,23.0,30.0,1.0,,,,
201906,Collaroy (Long Reef Golf Club),,,,14.8,25.4,9.2,1.4,6.0,,,,,,,,14.8,6.4,26.6,,,,→,4.8,20.6,7.2,11.4,14.0,1.2,,,
201906,Colo Heights (Mountain Pines),,,,11.8,,0.5,,1.0,0.2,,,,,,,0.3,,1.0,,,,,,8.4,6.2,6.8,2.2,0.3,0.3,0.1,
201906,Concord (Brays Rd),,,,21.6,4.6,4.0,,2.6,,,,,,,,14.2,11.8,17.0,,,,,,33.4,15.6,5.8,1.0,0.2,,,
201906,Concord Golf Club,,,,20.8,5.2,,,6.8,,,,,,,,15.8,19.8,15.0,,,,→,→,24.8,16.4,6.8,1.2,,,,
201906,Cooranbong (Avondale),,3.0,1.0,8.0,11.0,,1.0,,,1.0,,,,,,,,10.0,1.0,,,,,24.0,23.0,24.0,1.0,1.0,,,
201906,Cooranbong (Lake Macquarie AWS),,3.0,0.6,7.2,12.6,,0.4,,0.2,0.2,,,0.2,,,0.2,,10.0,,,0.2,,,21.8,21.4,22.8,1.2,0.2,,,
201906,Darkes Forest (Kintyre),,,0.4,1.0,0.6,0.2,,1.2,,,,0.2,,,,5.8,19.8,0.2,0.2,,,,,6.6,7.4,0.8,2.6,0.2,,0.2,
201906,Dover Heights (Portland St),,0.8,0.2,21.8,32.4,15.6,2.0,6.2,,,,,,,,30.2,24.4,52.6,0.2,,,0.8,14.8,38.6,2.6,25.0,3.8,0.4,,,
201906,Erskine Park Reservoir,,,,18.0,2.0,1.0,,,1.0,,,,,,,3.0,7.0,1.0,,,,,,10.0,5.0,,,,,,
201906,Faulconbridge (Great Western Hwy),,,,15.0,1.0,,,1.0,,,,,,,,4.0,8.0,,1.0,,,,,9.0,13.0,1.0,1.0,1.0,,,
201906,Faulconbridge (St Georges Crescent),,,0.2,15.0,0.2,1.6,,,,0.6,,,,,,3.0,9.4,0.6,0.6,,,,,8.6,12.8,1.6,1.6,0.2,,,
201906,Gears (Wyong River),,,,6.0,6.0,,,,,,,,,,,,,2.0,2.0,,,,,29.0,29.0,16.0,2.0,,,,
201906,Gosford AWS,,,0.4,10.8,19.0,2.6,0.8,2.8,0.4,,,,,,,2.2,0.4,13.2,1.6,,,,,50.2,24.6,20.8,10.6,0.6,,0.2,
201906,Holsworthy Aerodrome AWS,,,0.4,27.6,9.4,4.0,,,0.2,,,,,,,6.0,8.6,0.2,,,,,,14.2,4.8,,1.2,0.2,,,
201906,Holsworthy Defence AWS,,,4.6,29.6,21.0,4.2,,,0.4,,0.2,0.4,,,,6.4,33.4,0.4,,,0.2,,,14.6,4.4,0.4,0.6,0.4,0.6,,
201906,Hornsby (Swimming Pool),,,,20.0,4.4,3.2,,1.2,,,,,,,,3.2,4.6,8.8,0.6,,,,,20.6,22.4,13.0,0.8,,0.2,,
201906,Horsley Park Equestrian Centre AWS,,,0.4,20.2,0.4,,,,0.2,0.6,,,,,,3.6,4.6,2.6,,,0.2,,,11.4,7.0,,0.2,0.4,0.2,,
201906,Kurrajong Heights (Bells Line of Road),,,,12.6,→,2.2,,1.5,,,,,,,,→,4.2,0.6,0.4,,,,,→,→,24.0,1.6,,,,
201906,Lucas Heights (ANSTO),,,1.6,23.2,14.6,4.2,,,,,,0.1,,,,4.7,28.8,0.1,,,,,,14.2,9.0,,2.4,,,,
201906,Macquarie Park (Willandra Village),,,0.2,,,,,,,,,,,,,,,,,,,,,,,,,,,,
201906,Mangrove Mountain AWS,,,,12.2,3.0,2.2,0.2,1.8,0.2,,,,,,,,,5.0,0.8,,,,,35.4,23.2,28.8,1.0,,0.2,,
201906,Marrickville Golf Club,,,,20.0,9.0,5.0,,2.0,,,,,,,,20.0,29.0,15.0,,,,,,28.0,7.0,8.0,2.0,1.0,,,
201906,Menangle Bridge (Nepean River),,,,17.0,7.0,,,,,,1.0,,,,,3.0,9.0,,,,2.0,,,6.0,,,,,,,
201906,Milperra Bridge (Georges River),,,,13.0,4.0,,,,,,,,,,,4.0,9.0,2.0,,,,,,5.0,9.0,,,,,,
201906,Mona Vale Golf Club,,,,20.6,21.2,7.8,1.0,1.0,,,,0.4,,,,19.8,6.8,15.4,,,,,3.2,24.4,11.8,10.6,0.4,0.6,0.6,,
201906,Mount Annan (Australian Botanic Garden),,,2.8,17.8,3.2,3.4,,1.0,,,,,,,,2.4,17.4,,,,2.0,,,8.0,0.6,0.2,0.4,,,,
201906,Mount Boyce AWS,,0.2,,9.0,4.2,,0.2,1.6,0.2,,,0.2,0.2,,,6.2,17.6,0.8,0.2,0.2,0.2,0.2,,7.4,9.2,4.8,2.6,,0.2,0.6,
201906,Mount Wilson (Clarine),,,,8.6,0.4,,,2.0,,,0.6,,,,,4.8,8.0,1.0,0.4,,,,,10.0,14.0,9.0,3.4,,,,
201906,Norah Head AWS,,24.8,1.4,14.4,40.4,2.8,4.4,0.6,,,,,,,,1.0,0.6,46.4,0.6,,,,10.0,38.4,11.2,30.2,2.2,2.4,0.2,,
201906,North Parramatta (Burnside Homes),,,,19.0,3.5,1.0,,1.0,,,,,,,,7.0,2.5,10.0,,,,,,24.5,7.5,11.0,0.5,,,,
201906,North Rocks (Muirfield Golf Club),,,,18.5,3.0,1.0,,1.0,,,,,,,,6.0,4.0,10.5,,,,,,22.5,8.0,9.0,,,0.5,,
201906,North Ryde Golf Club,,,,19.0,4.0,4.0,,2.0,,,,,,,,8.0,2.0,17.0,,,,,,26.0,11.0,18.0,1.0,,,,
201906,Parramatta North (Masons Drive),→,→,1.0,20.0,3.8,1.4,,1.0,,,,,,,,7.6,3.0,10.0,,,,,,25.4,8.0,8.6,,,,,
201906,Peakhurst Golf Club,,,,21.0,6.0,1.0,,,,,1.0,,,,,10.0,39.0,3.0,,,,,,9.0,18.0,3.0,1.0,1.0,,,
201906,Pennant Hills (Yarrara Road),,,0.2,17.0,4.6,4.8,,→,→,2.8,,,,,,7.0,7.2,10.8,0.4,,,→,→,18.0,20.8,14.2,1.0,,0.2,,
201906,Penrith Lakes AWS,,,0.2,15.6,,1.2,,,0.4,,,,0.2,,,2.6,3.8,0.2,4.0,,,,,11.8,5.4,,0.2,,0.2,,
201906,Picton Council Depot,,,,→,→,→,→,→,→,→,18.0,,,,,,,14.4,,,,,,3.4,1.4,0.4,,,,,
201906,Prospect Reservoir,,,,19.0,3.0,1.0,,1.0,,,,,,,,5.0,6.0,2.0,,,,,,4.0,10.0,,1.0,1.0,,,
201906,Putty (The Gibba),,,,10.0,,,,1.0,,,,,,,,,,1.0,,,,,,4.0,3.0,5.0,,,,,
201906,Randwick (Randwick St),,0.1,,19.2,21.4,13.0,1.0,6.8,,,0.1,,,,,35.8,26.2,46.8,0.2,,0.4,0.2,9.4,40.6,6.8,11.2,4.8,0.6,,,
201906,Richmond - UWS Hawkesbury,,,,16.0,,2.0,,,→,0.4,,,,,,→,1.8,0.8,1.0,,,,→,10.8,4.0,1.2,0.5,,,,
201906,Richmond RAAF,,,,16.8,0.2,1.8,,0.2,0.2,,,,,,,1.6,,1.0,1.0,,,,,10.2,4.0,2.6,0.6,0.2,,0.2,
201906,Rose Bay (Royal Sydney Golf Club),,0.8,,20.0,28.6,14.0,1.6,5.8,0.4,,,,,,,33.0,25.4,38.2,,,0.2,0.3,7.5,46.8,3.2,12.2,,0.3,,,
201906,Rossmore (South Creek),,,2.0,18.0,2.0,1.0,,1.0,,,,,,,,3.0,4.0,,,,,,,8.0,4.0,,,,,,
201906,Sans Souci (Public School),,,,21.0,8.0,3.0,,2.0,,,,,,,,19.0,20.0,8.0,,,1.0,,,13.0,22.0,3.0,1.0,1.0,,,
201906,Seven Hills  (Radio FM 103.2),,,,19.0,2.0,1.0,,,0.5,,,,,,,3.5,4.5,3.5,0.5,,,,,15.5,6.5,3.5,,,,0.5,
201906,Shanes Park (South Creek Road),,,0.4,19.2,0.4,2.4,,0.2,0.2,,,0.2,,,,2.4,3.0,1.6,1.6,,,,,15.4,4.4,0.6,,,0.2,,
201906,Springwood (Valley Heights),,,0.2,16.6,0.2,1.8,,,,,,,,,,3.0,6.2,0.2,2.0,,,,,9.4,10.4,1.2,1.4,,,,
201906,St Ives (Richmond Avenue),,,0.2,20.0,7.6,8.8,,2.8,,,,,0.2,,,6.8,8.0,18.6,0.2,,0.6,,,17.4,11.4,15.6,,,,,
201906,Sydney (Observatory Hill),,,,18.2,11.6,12.8,0.2,4.2,,,,,,,,22.4,4.0,33.6,0.2,,,,2.0,34.2,11.2,14.0,2.6,0.2,,,
201906,Sydney Airport AMO,,,,19.0,9.0,6.8,,2.8,,,,,,,,22.6,25.8,14.2,1.8,,,,1.6,30.2,7.2,4.4,1.4,0.4,,,
201906,Sydney Botanic Gardens,,,0.1,19.2,11.8,12.6,3.6,1.5,,,,,,,,24.2,7.4,33.9,0.2,,,,3.2,40.0,10.0,13.0,2.2,0.4,,,
201906,Sydney Olympic Park AWS (Archery Centre),,,0.2,11.8,0.4,2.4,,0.2,,,,,,,,,5.6,12.8,,,,,,13.2,1.4,0.2,0.2,,,,
201906,Terrey Hills AWS,,,,19.4,11.0,10.4,0.4,1.8,0.2,,,,,,,7.0,6.4,21.8,,,,,,8.4,20.0,14.2,2.6,,0.2,,
201906,Wahroonga (Ada Avenue),,,,20.0,5.8,4.6,0.2,2.6,0.2,,,0.2,,,,6.8,11.4,10.8,0.2,,0.2,,,25.6,29.8,18.6,0.4,0.4,0.2,,
201906,Warragamba,,,,20.0,1.0,,,,,,,,,,,2.0,12.0,1.0,,,,,,8.0,4.0,,,,,,
201906,Wedderburn (Booalbyn),,,,20.0,15.0,,,,,,1.0,,,,,3.0,10.0,,,,3.0,,,5.0,2.0,,,,2.0,,
201906,Wyong (Jilliby (Jilliby Creek)),,,1.2,10.4,15.2,,0.2,0.4,,,,,,,,,,4.0,,,,,,41.8,61.8,19.6,1.0,0.2,,,
201906,Wyong (Mount Elliot),,3.0,,12.0,24.0,2.0,1.0,3.0,1.0,,,,,,,,1.0,11.0,1.0,,,,,70.0,38.0,31.0,3.0,,,,
201906,Wyong (Olney Forest),,,2.0,5.0,6.0,,,,,,,,,,,,,6.0,,,,,,23.0,26.0,16.0,2.0,,,,
201906,Yarramalong (Lewensbrook),,,3.0,11.0,6.0,,,,,,,,,,,,,4.6,3.4,,,,,35.0,29.0,24.0,3.0,,,,
201906,"Most values are the precipitation in the 24 hoursto9 am on the day indicated.
Days marked with → are part of a longer accumulation, which is shown on the final day.Values over  100  mm have been rounded to the nearest whole millimetre.Days marked with - have a rainfall report of zero; 
days left blank have no rainfall report (which often indicates no rain fell).",,,,,,,,,,,,,,,,,,,,,,,,,,,,,,,
201906,Rainfalls colouredaccording to the amount,0,1.0,5.0,10.0,15.0,25.0,50.0,100,150,200,300,400,600,millimetres,,,,,,,,,,,,,,,,,
201907,Abbotsbury (Fairfield (City Farm)),,,,1.0,18.0,7.0,2.0,,,,,,,,,,,,,,,,,,,,,,,,
201907,Abbotsford (Blackwall Point Rd),,,,,23.0,6.0,,2.0,,,,,,,,,,,,,,,,,,,,,,4.0,
201907,Audley  (Royal National Park),,,,2.0,26.0,5.0,1.0,,,,,,,,,,,,,,,,,,,,,,,2.0,
201907,Avalon Beach (Avalon (Palmgrove Rd)),,,,,5.6,,6.2,0.4,,,,,,,,,,,,,,,,,,,,,,5.6,7.6
201907,Badgerys Creek AWS,,,,0.2,14.2,3.6,2.2,0.4,0.8,,,,,,,,,,,,,,,,,,,,,,0.2
201907,Bankstown Airport AWS,,,,1.6,13.8,2.6,1.6,0.2,0.2,,,,,,,,,,,,,,,,,,,,,2.4,
201907,Baulkham Hills Eucalyptus Ct,,,,4.0,15.5,0.5,1.0,0.5,0.5,,,,,,,,,,,,,,,,,,,,,2.0,
201907,Belrose (Evelyn Place),,,,13.2,37.0,3.2,2.2,0.4,0.2,,,,0.2,,,,,,,,,,,,,,→,,,5.2,2.8
201907,Blackheath (Wombat Street),,,,1.0,34.0,17.0,1.0,2.0,1.0,,,,,,,,1.0,,,,,,,,,,,,,,
201907,Box Hill (McCall Gardens),,,,1.0,6.0,2.0,1.0,1.0,1.0,,,,,,,,,,,,,,,,,,,,,,
201907,Bringelly (Maryland),,,,,14.0,6.0,3.0,1.0,,,,,,,,,,,,,,,,,,,,,,,
201907,Camden Airport AWS,,,,,10.8,4.8,4.0,0.8,,,,,,,,,,,,,,,,,,,,,,0.2,
201907,Campbelltown (Kentlyn (Georges River Roa,,,,1.0,12.0,1.0,,1.0,,,,,,,,,,,,,,,,,,,,,,,
201907,Campbelltown (Mount Annan),,,,0.2,5.8,2.8,1.8,0.8,0.2,,,,,,,,,,,,,0.2,0.2,,,,,,,0.8,
201907,Canterbury Racecourse AWS,,,,11.4,18.6,2.2,0.4,0.4,,,,,,,,,,,,,,,,,,,,,,3.2,1.8
201907,Castle Cove (Rosebridge Ave),,,,8.0,25.0,5.0,2.0,,,,,,,,,,,,,,,,,,,,,,,4.0,5.5
201907,Castle Hill (Kathleen Ave),,,,1.5,17.8,4.0,0.8,0.5,1.4,,,,,,,,,,,,,,,,,,,,,2.0,0.2
201907,Chatswood Bowling Club,,,,6.0,28.0,9.0,2.0,,,,,,,,,,,,,,,,,,,,,,,3.0,6.0
201907,Collaroy (Long Reef Golf Club),,,,1.2,9.8,2.4,4.0,0.2,,,,,,,,,,,,,,,,,,,,,,6.6,9.8
201907,Concord (Brays Rd),,,,10.0,16.8,5.0,1.4,0.2,,,,,,,,,,,,,,,,,,,,,,2.8,1.4
201907,Concord Golf Club,,,,10.4,14.8,7.6,2.2,0.2,,,,,0.6,,,,,,,,,,,,,,,,,,
201907,Cooranbong (Avondale),,,,2.0,22.0,6.0,7.0,1.0,1.0,,,,,,,,,,,,,,,,1.0,,,,,,5.0
201907,Cooranbong (Lake Macquarie AWS),0.2,0.2,,0.6,21.0,6.2,7.0,1.0,0.2,,0.2,,,,,,,,,,,,0.2,,,,,,,0.2,5.0
201907,Darkes Forest (Kintyre),,,,8.4,29.8,7.2,0.4,0.6,,,,,,,,,,,,,,,,,,,,,,,
201907,Dover Heights (Portland St),,,,1.2,7.8,1.6,0.8,,,,,,,,,,,,,,,,,,,,,,,31.4,14.0
201907,Erskine Park Reservoir,,,,1.0,14.0,3.0,2.0,,,,,,,,,,,,,,,,,,,,,,,,
201907,Faulconbridge (Great Western Hwy),,,,,32.0,4.0,2.0,1.0,,,,,,,,,,,,,,,,,,,,,,,
201907,Faulconbridge (St Georges Crescent),,,,0.4,30.8,4.4,1.8,1.4,0.4,0.5,0.2,,,,,,,,,,,,,,,,,,,,
201907,Gears (Wyong River),,,,,17.0,3.0,4.0,,3.0,,,,,,,,,,,,,,,,,,,,,,
201907,Gosford AWS,,,,4.2,15.4,4.2,6.4,1.2,0.8,,,,,,,,,,,,,,,,,,,,,1.2,12.6
201907,Holsworthy Aerodrome AWS,,,,1.0,24.6,2.8,0.8,0.4,0.2,,,,,,,,,,,,,,,,,,,,,2.6,
201907,Holsworthy Defence AWS,,,,1.8,16.8,3.4,2.2,1.6,0.4,,,,,,,,,,,,,,,,,,,,0.2,2.0,
201907,Hornsby (Swimming Pool),,,,1.0,17.8,2.6,2.0,,0.4,,,,,,,,,,,,,,,,,,,,,3.4,0.6
201907,Horsley Park Equestrian Centre AWS,,,,1.0,16.8,3.2,1.8,0.4,,,,,,,,,,,,,,,0.2,,,,,,,0.6,
201907,Katoomba (Farnells Rd),,,,,,,,,,,,,,,,,,,,,,,,,,,,,,0.4,
201907,Kurrajong Heights (Bells Line of Road),,,,1.4,→,28.4,1.4,1.6,1.0,,,,,,,,,,,,,,,,,,,,,,
201907,Lucas Heights (ANSTO),,,,2.0,29.3,6.0,1.8,,,,,,,,,,,,,,,,,,,,,,,2.2,
201907,Mangrove Mountain AWS,,,,,17.2,7.6,3.8,1.8,5.2,0.2,,,,,,,,,,,,,,,,,,,,1.4,0.2
201907,Marrickville Golf Club,,,,14.0,18.0,3.0,1.0,,,,,,,,,,,,,,,,,,,,,,,3.0,4.0
201907,Menangle Bridge (Nepean River),,,,1.0,4.0,2.0,2.0,1.0,,,,,,,,,,,,,,,,,,,,,,,
201907,Milperra Bridge (Georges River),,,,2.0,17.0,2.0,1.0,,,,,,,,,,,,,,,,,,,,,,,1.0,
201907,Mona Vale Golf Club,,,,0.4,6.6,3.2,5.0,0.6,0.2,,,,,,,,,,,,,,,,,0.2,,0.2,0.2,3.6,11.0
201907,Mount Annan (Australian Botanic Garden),,,,,5.8,2.6,1.6,0.8,,,,,,,,,,,,,,,,,,,,,,0.2,
201907,Mount Boyce AWS,,,,1.0,31.6,11.0,1.0,2.2,0.8,0.2,0.2,,,,,,0.2,,,,,,,,,,,,,0.2,
201907,Mount Wilson (Clarine),,,,34.0,8.8,1.4,1.4,,,,,,1.2,,,,,,,,,,,,,,,,,,
201907,Norah Head AWS,,,,0.2,6.2,4.2,8.6,1.2,0.2,,,,,,,,,,,,,,,,,,,,,3.0,13.0
201907,North Parramatta (Burnside Homes),,,,5.0,17.0,1.0,2.0,,,,,,,,,,,,,,,,,,,,,,,2.5,
201907,North Rocks (Muirfield Golf Club),,,,3.0,19.5,2.0,0.5,,0.5,,,,,,,,,,,,,,,,,,,,,2.0,
201907,North Ryde Golf Club,,,,2.0,26.0,7.0,1.0,,,,,,,,,,,,,,,,,,,,,,,3.0,1.0
201907,Parramatta North (Masons Drive),,,,5.8,17.2,1.4,2.0,0.4,0.2,,,,,,,,,,,,,,,,,,,,,3.0,
201907,Peakhurst Golf Club,,,,4.0,26.0,3.0,1.0,,1.0,,,,,,,,,,,,,,,,,,,,,4.0,
201907,Pennant Hills (Yarrara Road),,,,0.4,19.6,2.8,1.4,0.2,0.4,,,→,→,0.2,,,,,,,,,,,,,→,,,3.4,1.0
201907,Penrith Lakes AWS,,,0.2,0.4,9.8,2.2,1.8,0.6,0.2,,,,,,,,,,,,,,,,,,,,,,
201907,Picton Council Depot,,,,0.4,2.2,,,8.2,0.4,,,,,,,,,,,,,,,,,,,,,,
201907,Prospect Reservoir,,,,3.0,10.0,6.0,2.0,,,,,,,,,,,,,,,,,,,,,,,1.0,
201907,Putty (The Gibba),,,,,9.0,3.0,,1.0,1.0,,,,,,,,,,,,,,,,,,,,,,
201907,Randwick (Randwick St),,,,3.6,24.2,4.4,1.4,0.2,,,,,,,,,,,,,,,,,,,,,,18.2,15.0
201907,Randwick Racecourse,,,,2.8,23.8,3.4,1.0,0.2,,,,,,,,,,,,,,,,,,,,,,,
201907,Richmond - UWS Hawkesbury,,,,0.4,,,→,16.8,0.8,,,,,,,,,,,,,,,,,,,,,,
201907,Richmond RAAF,,,,0.4,6.2,4.8,2.2,0.2,0.6,0.2,,,,,,,,,,,,,,,,,,,,,
201907,Rose Bay (Royal Sydney Golf Club),,,,0.4,14.4,3.6,0.8,0.8,,,,,,,,,,,,,,,,,,,,,,28.0,6.0
201907,Rossmore (South Creek),,,,1.0,17.0,1.0,2.0,1.0,,,,,,,,,,,,,,,,,,,,,,,
201907,Sans Souci (Public School),,,,4.0,17.0,4.0,1.0,,,,,,,,,,,,,,,,,,,,,,,3.0,6.0
201907,Seven Hills  (Radio FM 103.2),,,,3.0,12.0,0.5,1.5,0.5,1.0,,,,,,,,,,,,,,,,,,,,,1.5,
201907,Shanes Park (South Creek Road),,,,1.4,13.2,3.8,2.4,0.4,0.4,,,,,,,,,,,,,,,,,,,,,0.2,
201907,Springwood (Valley Heights),,,,0.6,21.2,3.8,1.8,0.8,0.2,,,,,,,,,,,,,,,,,,,,,,
201907,St Ives (Richmond Avenue),,,,13.6,18.4,2.0,2.4,0.4,0.2,,,,,,,,,,,,,,,,,,,,,3.6,2.0
201907,Sydney (Observatory Hill),,,,1.4,22.8,2.6,1.0,,0.2,,,,,,,,,,,,,,,,,,,,,4.2,11.2
201907,Sydney Airport AMO,,,,5.8,9.6,2.0,1.2,0.4,,,,,,0.2,,,,,,,,,,,,,,,,3.2,10.8
201907,Sydney Botanic Gardens,,,,1.2,24.8,2.4,1.2,,,,,,0.1,,,,,,,,,,,,,,,,,7.2,12.4
201907,Sydney Olympic Park AWS (Archery Centre),,,,0.4,4.8,1.8,,,0.8,,,,0.2,,,,,,,,,,,,,,,,,3.0,0.8
201907,Terrey Hills AWS,,,,4.8,7.6,3.6,2.0,0.4,0.2,,,,,,,,,,,,,,,,,,,,,2.8,2.4
201907,Wahroonga (Ada Avenue),,,,2.0,28.0,4.2,2.0,0.2,0.4,,,,0.4,,,,,,,,,,,,,,,0.2,,4.2,1.8
201907,Warragamba,,,,1.0,24.0,5.0,1.0,1.0,1.0,,,,,,,,,,,,,,,,,,,,,,
201907,Wedderburn (Booalbyn),,,,,7.0,2.0,1.0,1.0,,,,,,,,,,,,,,,,,,,,,,,
201907,Wyong (Jilliby (Jilliby Creek)),,,,3.6,15.8,,,1.2,,,,,,,,,,,,,,,,,,,,,,0.2,4.8
201907,Wyong (Mount Elliot),,,,11.0,14.0,4.0,12.0,2.0,1.0,,,,,,,,,,,,,,,,,,,,,1.0,18.0
201907,Wyong (Olney Forest),,,,1.0,27.0,5.0,4.0,1.0,,,,,,,,,,,,,,,,,,,,,,,3.0
201907,Yarramalong (Lewensbrook),,,,1.0,17.0,3.0,4.0,2.0,3.0,,,,,,,,,,,,,,,,,,,,,1.0,
201907,"Most values are the precipitation in the 24 hoursto9 am on the day indicated.
Days marked with → are part of a longer accumulation, which is shown on the final day.Values over  100  mm have been rounded to the nearest whole millimetre.Days marked with - have a rainfall report of zero; 
days left blank have no rainfall report (which often indicates no rain fell).",,,,,,,,,,,,,,,,,,,,,,,,,,,,,,,
201907,Rainfalls colouredaccording to the amount,0,1.0,5.0,10.0,15.0,25.0,50.0,100,150,200,300,400,600,millimetres,,,,,,,,,,,,,,,,,
201908,Abbotsbury (Fairfield (City Farm)),,,,,,,,,,,,,,,,,,,,,,,,,,,,,,22.0,
201908,Abbotsford (Blackwall Point Rd),,,,,,,,,,,,,,,,,,,,,,,,,,,10.0,,,40.0,18.0
201908,Audley  (Royal National Park),1.0,,,,,,,,,,,,,,,,,,,,,,,,,,17.0,10.0,,57.0,4.0
201908,Avalon Beach (Avalon (Palmgrove Rd)),4.0,1.2,,,,,,,,,,,,,,,,,,,,,,,,,17.4,0.4,6.2,90.0,
201908,Badgerys Creek AWS,,,,,,,,,,,,,,,,,,,,,,,,,,,0.4,,,16.6,
201908,Bankstown Airport AWS,,,,0.2,,,,,,,,,,,,,,,,,,,,,,,2.2,0.2,,27.6,0.6
201908,Baulkham Hills Eucalyptus Ct,,,,,,,1.5,,,,,0.5,,,,,,,,,,,,,,,10.5,,,27.0,11.0
201908,Belrose (Evelyn Place),4.4,,,,,,,,0.4,,→,→,→,→,0.6,,,,,,,,,,,6.8,12.4,,,73.0,38.8
201908,Blackheath (Wombat Street),,,1.0,,,,,,,,3.0,1.0,,,,,,,,,,,,,,,5.0,,,20.0,1.0
201908,Box Hill (McCall Gardens),,,,,1.0,,,,,,,,,,,,,,,,,,,,,,2.0,,,17.0,4.0
201908,Bringelly (Maryland),,,,,,,,,,,,,,,,,,,,,,,,,,,,,,14.0,
201908,Camden Airport AWS,,,,,,,,,,,,,,,,,,,,,,,,,,,5.2,,,13.2,
201908,Campbelltown (Kentlyn (Georges River Roa,,,,,,,,,,,,,,,,,,,,,,,,,,,1.0,,,4.0,
201908,Campbelltown (Mount Annan),,,,,,,,,,,,,,,,,,,,,,,,,,,3.4,,,14.6,
201908,Canterbury Racecourse AWS,1.6,,,,,,0.2,,,,,,,,,,,,,,,,,,,,5.6,,,30.0,4.2
201908,Castle Cove (Rosebridge Ave),3.5,,,,,,,,,,,,,,,,,,,,,,,,,3.0,14.0,0.5,0.5,75.0,40.0
201908,Castle Hill (Kathleen Ave),,0.2,,,,,,,,,,,,,,,,,,,,,,,,,8.4,,,36.0,23.3
201908,Centennial Park,3.5,0.8,,,,,,,,,,0.4,,,,,,,,,,,,,,,21.0,0.5,1.0,39.2,
201908,Chatswood Bowling Club,2.0,,,,,,,,,,,,,,,,,,,,,,,,,2.0,14.0,,,59.0,34.0
201908,Collaroy (Long Reef Golf Club),6.8,1.2,,,,,,,,,,,,,,,,,,,,,,,,3.0,34.6,,2.6,38.8,34.4
201908,Colo Heights (Mountain Pines),,,,,,,,,,,,,,,,,,,,,,,,,,,2.2,,,24.4,14.2
201908,Concord (Brays Rd),1.0,,,,,,,,,,,0.2,,,,,,,,,,,,,,,2.2,,,36.6,
201908,Concord Golf Club,1.4,,,,,,,,,,,,,,,,,,,,,,,,,,,,,,
201908,Cooranbong (Avondale),3.0,,,,1.0,,,,,,,1.0,,,,,,,,1.0,,,,,,,1.0,,,47.0,69.0
201908,Cooranbong (Lake Macquarie AWS),2.4,0.2,,0.2,,,,0.4,,,,0.4,,0.2,0.2,,,,,,,,,,,,0.6,,0.2,43.6,62.8
201908,Darkes Forest (Kintyre),,0.2,,,,,,,,,,,,,,,,,,,,,,,,,4.2,0.2,0.6,51.2,2.4
201908,Dover Heights (Portland St),4.6,3.2,,,,,,,,,,0.4,,,,,,,,,,,,,,3.8,12.6,3.2,3.0,50.0,19.2
201908,Erskine Park Reservoir,,,,,,,,,,,,,,,,,,,,,,,,,,,,,,18.0,
201908,Faulconbridge (Great Western Hwy),,,,,,,,,,,,,,,,,,,,,,,,,,,3.0,,,14.0,
201908,Faulconbridge (St Georges Crescent),,,,,,,,,,1.1,,,,,,,,,,,,,,,,0.6,5.4,,,13.4,
201908,Gears (Wyong River),1.0,,,,,,,,,,,,,,,,,,,,,,,,,,,,,58.0,102
201908,Gosford AWS,6.0,0.4,,0.2,,,,,,,,,,,,,,,,,,,,,,1.0,6.2,0.2,,114,84.2
201908,Holsworthy Aerodrome AWS,,,,,,0.2,,,,,,,,,,,,,,,,,,,,,1.0,,,30.6,0.2
201908,Holsworthy Defence AWS,,,0.2,,,,,,,,,,,,,,,,,,,,,,,,3.0,,0.2,41.8,0.4
201908,Hornsby (Swimming Pool),,,,,,,,,,,,1.4,,,,,,,,,,,,,,,1.8,,,70.6,45.8
201908,Horsley Park Equestrian Centre AWS,,,,0.2,,,,,,,,,,,,,,,,,,,,,,,0.4,,,20.0,
201908,Katoomba (Farnells Rd),,,,,,,,,→,5.0,1.6,,,,,,,,0.1,,,,,,→,0.8,4.2,,,30.0,0.8
201908,Kurrajong Heights (Bells Line of Road),,,,,,,,,0.8,,,,,,,,,,0.2,,,,,,,,2.8,,,8.6,3.4
201908,Lucas Heights (ANSTO),,,,,,,,,,,,,,,,,,,,,,,,,,,4.0,0.8,,,0.8
201908,Mangrove Mountain AWS,2.4,,0.2,,,,,,,,,0.2,,,,,,,,,,,,,,,4.4,,,65.2,103
201908,Marrickville Golf Club,3.0,,,,,,,,,,,,,,,,,,,,,,,,,,6.0,,,40.0,4.0
201908,Menangle Bridge (Nepean River),,,,,,,,,,,,,,,,,,,,,,,,,,,7.0,,,15.0,1.0
201908,Milperra Bridge (Georges River),,,,,,,,,,,,,,,,,,,,,,,,,,,,,,25.0,
201908,Mona Vale Golf Club,2.0,0.8,0.4,,0.2,0.4,,,0.4,,,,,,0.2,,,,,,,,,,,20.4,27.6,0.6,5.0,61.4,32.8
201908,Mount Boyce AWS,,,0.2,,0.2,,,,0.4,0.2,3.4,0.4,,0.2,,,,,0.2,,,,,,,0.2,3.2,,,20.4,0.2
201908,Mount Wilson (Clarine),,,,,,,,,,1.6,1.0,2.0,,,,,,,,,,,,,,0.8,,,4.3,20.0,3.6
201908,Norah Head AWS,5.2,0.2,1.0,,,,0.2,,,,,,,,,,,,,,,,,,,6.8,1.0,,,53.6,82.6
201908,North Parramatta (Burnside Homes),,,,,,,,,,,,,,,,,,,,,,,,,,,11.0,,,25.5,13.5
201908,North Rocks (Muirfield Golf Club),,,,,,,,0.5,,,,0.5,,,,,,,,,,,,,,,11.0,,,31.0,20.0
201908,North Ryde Golf Club,,,1.0,,,,,,,,,,,,,,,,,,,,,,,,3.0,,,48.0,31.0
201908,Parramatta North (Masons Drive),,,,,,,,,,,,0.4,,,,,,,,,,,,,,,11.6,,,28.0,14.0
201908,Peakhurst Golf Club,,,,,,,,,,,,,,,,,,,,,,,,,,,4.0,,,39.0,2.0
201908,Pennant Hills (Yarrara Road),,,,,,,,,,→,→,→,1.6,,,,,0.2,,,,,,,,0.4,6.6,,,53.6,44.2
201908,Penrith Lakes AWS,,,,0.2,,,,,,,,,,,,,,,,,,,,,,,0.4,,,9.0,
201908,Picton Council Depot,,,,,,,,,,,,,,,,,,,,,,,,,,,4.2,,,16.4,
201908,Prospect Reservoir,,,,,,,,,,,,,,,,,,,,,,,,,,,2.0,,,23.0,
201908,Putty (The Gibba),,,,,,,,,,,,,,,,,,,,,,,,,,,,,,19.0,10.0
201908,Randwick (Randwick St),2.0,1.4,,,,,,,,,,0.6,,,,,,,,,,,,,,1.8,13.8,0.8,3.2,34.4,12.0
201908,Randwick Racecourse,3.6,0.5,,,,,,,,,,0.4,,,,,,,,,,,,,,,,,,,
201908,Richmond RAAF,,,0.2,,,,,,,,,,,,,,,,,,,,,,,,1.2,,,8.8,0.8
201908,Rose Bay (Royal Sydney Golf Club),5.6,3.0,,,,,,,,,,,,,,,,,,0.4,,,,,,5.6,8.8,,2.2,46.5,
201908,Rossmore (South Creek),,,,,,,,,,,,,,,,,,,,,,,,,,,,,,16.0,
201908,Sans Souci (Public School),1.0,,,,,,,,,,,,,,,,,,,,,,,,,,9.0,7.0,,36.0,1.0
201908,Seven Hills  (Radio FM 103.2),,,,,,,0.5,,,,,,,,,,,,,,,,,,,,1.5,,,22.5,
201908,Shanes Park (South Creek Road),,,,,,0.2,,,,,,,,,,,,,,,,,,,,,0.2,,,12.0,
201908,Springwood (Valley Heights),,,,,,,,,,0.6,,,,,,,,,,,,,,,,0.8,1.4,,,12.6,
201908,St Ives (Richmond Avenue),2.6,,,,,,,,0.4,,,2.8,,,,,,,,,,,,,,1.6,9.8,,,92.4,55.6
201908,Sydney (Observatory Hill),2.8,0.2,,,,,,,,,,0.2,,,,,,,,,,,,,,,3.8,0.4,0.2,43.0,22.4
201908,Sydney Airport AMO,1.4,0.2,,,,,,,,,,0.4,,,,,,,,,,,,,,1.0,2.6,1.0,,30.6,3.8
201908,Sydney Botanic Gardens,3.8,0.1,,,,,,,,,,0.4,,,,,,,,,,,,,,5.0,13.8,0.4,,,
201908,Sydney Olympic Park AWS (Archery Centre),0.4,,,,,,,,,,,0.2,,,,,,,0.2,,,,,,,,3.0,,,35.2,16.2
201908,Terrey Hills AWS,3.0,,0.2,,,,0.2,,0.2,,,0.8,,,,,,,,,,,,,,4.6,7.2,0.2,0.6,64.0,47.2
201908,Wahroonga (Ada Avenue),0.4,,0.2,,,0.2,,,,,,1.2,,,,,,,0.2,,,,,,,0.4,5.0,,,72.0,55.4
201908,Warragamba,,,,,,,,,,,,,,,,,,,,,,,,,,,2.0,,,27.0,
201908,Wedderburn (Booalbyn),,,,,,,,,,,,,,,,,,,,,,,,,,1.0,2.0,,,32.0,
201908,Wyong (Jilliby (Jilliby Creek)),4.0,,,,,,,,,,,,,,,,,,,,,,,,,,0.6,,0.2,64.6,93.4
201908,Wyong (Mount Elliot),5.0,1.0,,,,,,,,,,,,,,,,,,,,,,,,,,,,,
201908,Wyong (Olney Forest),3.0,,,,,,,,,,,,,,,,,,,,,,,,,3.0,11.0,,,35.0,93.0
201908,Yarramalong (Lewensbrook),2.0,,,,,,,,,,,,,,,,,,,,,,,,,,,,,56.0,114
201908,"Most values are the precipitation in the 24 hoursto9 am on the day indicated.
Days marked with → are part of a longer accumulation, which is shown on the final day.Values over  100  mm have been rounded to the nearest whole millimetre.Days marked with - have a rainfall report of zero; 
days left blank have no rainfall report (which often indicates no rain fell).",,,,,,,,,,,,,,,,,,,,,,,,,,,,,,,
201908,Rainfalls colouredaccording to the amount,0,1.0,5.0,10.0,15.0,25.0,50.0,100,150,200,300,400,600,millimetres,,,,,,,,,,,,,,,,,
201909,Abbotsbury (Fairfield (City Farm)),,,,,,,,,,,,,,,,,14.0,28.0,3.0,2.0,1.0,,,,,,,,,,
201909,Abbotsford (Blackwall Point Rd),,,,,,,,,,,,,,,,,→,72.0,32.0,,→,1.0,,,,,,,,,
201909,Audley  (Royal National Park),,,,,,,,,,,,,,,,,9.0,59.0,39.0,1.0,,,,,,,,,,1.0,
201909,Avalon Beach (Avalon (Palmgrove Rd)),0.5,,,,,,,,1.4,,,,,,,,11.2,96.4,,,,,,,,,,,,,
201909,Badgerys Creek AWS,,,,,,,,,,,,,,,,,19.0,37.4,11.4,5.2,,,,,,,,,,,
201909,Bankstown Airport AWS,,,,,,,,0.2,,,,,0.2,,,,9.4,47.0,24.6,2.2,0.2,,,,,,,,,,
201909,Baulkham Hills Eucalyptus Ct,,,,,,,,,,,,,,,,,11.5,75.5,42.5,0.5,0.5,,,,,,,,,,
201909,Belrose (Evelyn Place),2.4,,,,,,0.6,,0.2,1.0,,,0.4,,,,14.8,65.0,23.0,,,0.6,,,,,,,,0.2,
201909,Blackheath (Wombat Street),,,,,,,2.0,,,,,,,,,,18.0,38.0,14.0,7.0,,5.0,,,,,,,,,
201909,Box Hill (McCall Gardens),,,,,,,,,,,,,,,,,9.0,55.0,12.0,,,,,,,,,,,,
201909,Bringelly (Maryland),,,,,,,,,,,,,,,,,20.0,28.0,7.0,1.0,,,,,,,,,,,
201909,Camden Airport AWS,,,,,,,,,,,,,,,,,17.8,19.8,3.0,4.2,,0.6,,,,,,,,,
201909,Campbelltown (Kentlyn (Georges River Roa,,,,,,,,,,,,,,,,,1.0,9.0,3.0,,,,,,,,,,,,
201909,Campbelltown (Mount Annan),,,,,,,,,,0.2,,,,,,,18.0,25.0,4.6,4.2,0.2,,,,,,,,,,
201909,Canterbury Racecourse AWS,,,,,,,0.2,,,,,,0.4,,,,11.8,54.2,40.0,,,0.2,,,,,,,,,
201909,Castle Cove (Rosebridge Ave),0.5,,,,,,1.0,,,1.0,,,,,,,19.0,77.0,27.0,,,1.0,,,,,,,,1.0,
201909,Castle Hill (Kathleen Ave),,,,,,,,,,0.2,,,,,,,10.1,92.0,47.0,2.0,,,,,,,,,,,
201909,Castlereagh (Castlereagh Road),,,,,,0.5,,,,,,,,,,,56.4,10.8,0.4,,,,,,,,,,,,
201909,Centennial Park,,,,,,,,,,,,,,,,,,,,,,,,,,,,,,,
201909,Chatswood Bowling Club,1.0,,,,,,,,,,,,,,,,21.0,67.0,27.0,,,1.0,,,,,,,,,
201909,Collaroy (Long Reef Golf Club),4.2,,,,,,,,0.2,0.8,,,,,,,12.6,32.2,17.2,,,,,,,,,,,11.2,
201909,Colo Heights (Mountain Pines),,,,,,0.2,1.2,,,,,,,,,,14.0,56.0,14.0,2.0,,0.5,,,,,,,,,
201909,Concord Golf Club,,,,,,,0.8,,,1.8,,,,,,,6.6,85.6,38.4,,,0.8,,,,,,,,,
201909,Cooranbong (Avondale),4.0,,,1.0,,,,,,1.0,,,,1.0,,,4.0,39.0,17.0,2.0,,,1.0,,,,,,,1.0,
201909,Cooranbong (Lake Macquarie AWS),4.0,,0.2,,,,0.6,0.2,,0.8,,0.2,,,,0.2,4.0,35.8,16.2,2.2,,0.2,,,,,,,,0.2,
201909,Darkes Forest (Kintyre),,,,,,,,,,0.4,,,,,,,19.0,70.6,59.0,0.4,0.2,0.6,,,,,,,,,
201909,Dover Heights (Portland St),0.8,,,,,,0.6,,,1.4,0.2,,,,,,15.0,43.8,18.6,1.6,0.2,0.4,,,,,,,,,
201909,Erskine Park Reservoir,,,,,,,,,,,,,,,,,15.0,57.0,18.0,2.0,,,,,,,,,,,
201909,Faulconbridge (Great Western Hwy),,,,,,,,,,,,,,,,,25.0,48.0,25.0,,,1.0,,,,,,,,,
201909,Faulconbridge (St Georges Crescent),,,,,,,0.6,,,,,,,,,,19.8,29.8,26.4,1.0,,,,,,,,,,,
201909,Gears (Wyong River),1.0,,,,,,,,,,,,,,,,6.0,47.0,14.0,,,,,,,,,,,,
201909,Gosford AWS,6.6,,,,,,0.6,,,0.4,,,,,,,15.0,75.2,14.8,,,,,,,,,,,,
201909,Holsworthy Aerodrome AWS,,,,,,,,,,0.6,,,,,,,10.4,42.0,23.8,1.6,,,,,,,,,,,
201909,Holsworthy Defence AWS,,,,,,,,,,,,,,,,,18.6,51.6,21.0,1.6,,0.2,,,,,,,,,
201909,Hornsby (Swimming Pool),1.2,0.2,,,,,0.4,,,2.6,,,,,,,16.2,89.8,45.4,,,,,,,,,,,,
201909,Horsley Park Equestrian Centre AWS,,,,,,,,,,0.6,,,,,,,13.4,54.8,21.6,0.4,,,,,,,,,,,
201909,Katoomba (Farnells Rd),0.4,,,,,,2.4,,,,,,,,,,25.4,40.6,27.4,6.0,→,2.8,,,,,,,,,
201909,Kurrajong Heights (Bells Line of Road),0.2,,,,,,1.0,,,,,,,,,,18.2,51.2,17.0,1.6,,0.3,,,,,,,,0.5,
201909,Lucas Heights (ANSTO),,,,,,,,,,,,,,,,,11.3,55.2,33.2,0.6,0.7,0.1,,,,,,,,,
201909,Mangrove Mountain AWS,7.4,,,,,,0.6,,,1.0,,,,,,,15.0,91.4,41.2,,,0.4,,,,,,,,,
201909,Marrickville Golf Club,,,,,,,,,,1.0,,,,,,,10.0,54.0,38.0,,,,,,,,,,,,
201909,Menangle Bridge (Nepean River),,,,,,,,,,,,,,,,,,,3.0,,,,,,,,,,,,
201909,Milperra Bridge (Georges River),,,,,,,,,,,,,,,,,7.0,45.0,25.0,1.0,,,,,,,,,,,
201909,Mona Vale Golf Club,4.0,0.2,,0.4,,0.2,0.4,,,1.2,,0.2,,,0.2,,12.8,66.2,23.0,0.6,,0.6,,,,,0.2,,,3.8,
201909,Mount Boyce AWS,0.4,0.2,,,,,1.6,,,,0.2,,,,,,17.0,37.6,14.8,4.8,0.2,4.2,0.2,,,,,0.2,,,
201909,Norah Head AWS,17.8,0.2,,,0.2,0.2,1.0,,,1.0,0.6,0.2,,,,,9.8,39.4,9.6,0.4,,0.2,,,,,,,,1.2,
201909,North Parramatta (Burnside Homes),,0.5,,,,,,,,,,,,,,,11.5,71.5,38.5,,,,,,,,,,,,
201909,North Rocks (Muirfield Golf Club),,,,,,,,,,,,,,,,,13.0,74.0,37.5,,,,,,,,,,,,
201909,North Ryde Golf Club,1.0,,,,,,,,,2.0,,,,,,,14.0,58.0,39.0,2.0,,,,,,,,,,,
201909,Parramatta North (Masons Drive),,,,,,,,,,1.0,,,,,,,,,,,,,,,,,,,,,
201909,Peakhurst Golf Club,,,,,,,,,,,,,,,,,8.0,49.0,29.0,,1.0,,,,,,,,,,
201909,Pennant Hills (Yarrara Road),0.8,,,,,,0.2,,,1.4,,,,,,,→,→,→,135,,0.2,,,,,,,,,
201909,Penrith Lakes AWS,0.2,,,,,,,,,,,,,,,,19.4,45.2,15.6,3.6,,,,,,,,,,,
201909,Picton Council Depot,,,,,,,,,,,,,,,,,20.1,7.4,,,,,,0.6,,,0.2,,,,
201909,Prospect Reservoir,,,,,,,,,,,,,,,,,14.0,74.0,35.0,,,,,,,,,,,,
201909,Putty (The Gibba),,,,,,,,,,,,,,,,,10.0,45.0,8.0,1.0,,,,,,,,,,,
201909,Randwick (Randwick St),,,,,,,0.4,,,0.4,,,,,,,18.6,53.0,24.2,0.4,,0.8,,,,,,,,1.8,
201909,Randwick Racecourse,,,,,,,0.2,,,,,,,,,,,,,,,,,,,,,,,,
201909,Richmond RAAF,,0.2,,,,,0.2,,,,,,,,,,12.2,55.6,10.6,0.8,0.2,,,,,,,,,1.4,
201909,Rose Bay (Royal Sydney Golf Club),0.4,,,,,,0.4,,,0.8,,,,,,,14.6,46.6,25.0,0.4,,0.6,,,,,,,,4.0,
201909,Rossmore (South Creek),,,,,,,,,,,,,,,,,18.0,42.0,12.0,1.0,,,,,,,,,,,
201909,Sans Souci (Public School),,,,,,,,,,,,,,,,,6.0,35.0,23.0,,,,,,,,,,,8.0,
201909,Seven Hills  (Radio FM 103.2),0.5,,,,,,,,,,,,,,,,10.0,64.0,30.0,0.5,,0.5,,,,,,,,,
201909,Shanes Park (South Creek Road),,,,,,,,,,,,,,,,,15.8,55.4,29.0,5.0,,,,,,,,,,,
201909,Springwood (Valley Heights),,,,,,,0.6,,,,,,,,,,23.0,46.3,23.2,9.2,,0.4,,,,,,,,,
201909,St Ives (Richmond Avenue),3.2,,,,,,,,,2.2,,,0.2,,,,15.2,92.6,36.0,,,,,,,,,,,,
201909,Sydney (Observatory Hill),,,,,,,0.2,0.2,,0.2,,,,,,,19.2,65.6,27.0,0.2,,0.2,,,,,,,,,
201909,Sydney Airport AMO,,,,,,,0.2,,,,,0.2,,,,,9.2,40.2,26.6,0.6,,,,,,,,,,1.4,
201909,Sydney Botanic Gardens,,,,,,,0.6,,0.1,0.6,,,,,,,19.2,64.8,28.4,,,0.5,,,,,,,,,
201909,Sydney Olympic Park AWS (Archery Centre),,,,,,,0.4,,,2.2,,,,,,,13.2,65.0,8.2,1.0,,0.4,,,,,,,,,
201909,Terrey Hills AWS,2.4,,,,,,0.2,0.2,,1.8,,,0.2,,,,11.2,85.0,24.2,0.4,0.6,0.2,0.2,,,,,0.2,,,
201909,Wahroonga (Ada Avenue),1.4,0.2,,0.2,,,0.4,,,2.0,,,,,0.2,,17.8,89.8,37.2,,,0.6,,,,,,,,,
201909,Warragamba,,,,,,,,,,,,,,,,,29.0,30.0,13.0,3.0,,,,,,,,,,,
201909,Wedderburn (Booalbyn),,,1.0,,,,,,,,,,,,,,16.0,26.0,7.0,1.0,,1.0,,,,,,,,,
201909,Wyong (Jilliby (Jilliby Creek)),3.6,,,,,,0.6,,,0.6,,,,,,,6.8,51.6,,,,,,,,,,,,,
201909,Wyong (Mount Elliot),,,,,,,,,,,6.0,,,,,,10.0,70.0,12.0,,,,,,,,,,,,
201909,Wyong (Olney Forest),9.0,,,,,,1.0,,,1.0,,,,,,,7.0,71.0,17.0,7.0,,,,,,,,,,,
201909,"Most values are the precipitation in the 24 hoursto9 am on the day indicated.
Days marked with → are part of a longer accumulation, which is shown on the final day.Values over  100  mm have been rounded to the nearest whole millimetre.Days marked with - have a rainfall report of zero; 
days left blank have no rainfall report (which often indicates no rain fell).",,,,,,,,,,,,,,,,,,,,,,,,,,,,,,,
201909,Rainfalls colouredaccording to the amount,0,1.0,5.0,10.0,15.0,25.0,50.0,100,150,200,300,400,600,millimetres,,,,,,,,,,,,,,,,,
201910,Abbotsbury (Fairfield (City Farm)),,,,,4.0,6.0,,,,,,1.0,,,,,,,,,,,,,,,,,,,
201910,Abbotsford (Blackwall Point Rd),,,,,,13.0,,,,→,→,16.0,2.0,,,,,,,,,,,,,,,,,,
201910,Audley  (Royal National Park),,,,,13.0,1.0,,,,,4.0,12.0,8.0,,,,,,,,,,,,,,,1.0,20.0,,
201910,Avalon Beach (Avalon (Palmgrove Rd)),3.6,,,,18.4,,,,,,,13.2,1.0,,,,,,,,,,,,,,,,,,
201910,Badgerys Creek AWS,,,,,0.2,,,,,,6.4,6.2,,,,,,,,,,,,,,,,,0.2,,
201910,Bankstown Airport AWS,,,,,9.8,0.6,0.2,,,,2.4,8.0,0.4,,,,,,,,,,,,,0.2,,,,,
201910,Baulkham Hills Eucalyptus Ct,,,,,9.5,4.5,,,7.0,,,14.0,6.0,0.5,,,,,,,,,,,2.5,,,,,,
201910,Belrose (Evelyn Place),1.8,,,,12.6,1.0,,,3.0,0.2,0.4,25.2,3.8,,,,0.4,,,,,,,,,,,,,,
201910,Bilpin Post Office,,,,,1.6,,,,,,,,,,,,,,,,,,,,,,,,,,
201910,Blackheath (Wombat Street),1.0,,,,1.0,1.0,,,,,1.0,8.0,7.0,,,,1.0,,,,,,,,,5.0,,,,,
201910,Box Hill (McCall Gardens),,,,,10.0,8.0,,,,,,15.0,1.0,,,,,,,,,,,,,,,,,,
201910,Bringelly (Maryland),,,,,10.0,5.0,,,,,,2.0,1.0,,,,,,,,,,,,,,,,,,
201910,Camden Airport AWS,,,,,10.8,0.6,,,,,,7.0,0.8,,,,,,,,,,,,,0.2,,,,,
201910,Campbelltown (Kentlyn (Georges River Roa,,,,,1.0,,,,,,,,,,,,,,,,,,,,,,,,,,
201910,Campbelltown (Mount Annan),,,,,9.2,0.8,,,,,,1.0,1.6,,,,,,,,,,,,,,,,,,
201910,Canterbury Racecourse AWS,,,,,13.4,0.2,,,,,0.4,11.6,0.8,,,,,,,,,,,,,,,,1.0,,
201910,Castle Cove (Rosebridge Ave),3.4,,,,15.0,2.0,,,5.2,,6.5,24.0,2.0,,,,,,,,,,,,,,,,,,
201910,Castle Hill (Kathleen Ave),,,,,9.2,,,,,,,12.0,6.5,,,,,,,,,,,,4.0,,,,,,
201910,Chatswood Bowling Club,,,,,13.0,6.0,,,1.0,,4.0,30.0,3.0,1.0,,,,,,,,,,,,,,,,,
201910,Collaroy (Long Reef Golf Club),4.2,,,,7.6,5.2,,,,,4.2,19.4,1.0,,,,,,,,,,,,,,,,,,
201910,Concord (Brays Rd),,,,,11.2,,,,,,,,,,,,,,,,,,,,,,,,,,
201910,Concord Golf Club,,,,,9.6,2.6,,,,,,14.8,1.2,,,,,,,,,,,,,,,,6.4,,
201910,Cooranbong (Avondale),4.0,,,,2.0,5.0,,,2.0,,1.0,12.0,,1.0,,,4.0,,,,,,,,1.0,,,,,,
201910,Cooranbong (Lake Macquarie AWS),4.2,0.2,,,1.2,4.8,,,1.6,0.2,0.6,11.4,1.0,,,,3.6,,,,,,,,0.2,0.2,,,,,
201910,Darkes Forest (Kintyre),,,,,10.6,1.4,,,4.8,,,20.0,0.4,,,,,0.2,,,,,,,,,,,,,
201910,Dover Heights (Portland St),3.6,,,,16.6,1.8,,,1.8,,19.2,7.0,3.2,,,,,,,,,,,,,,,,,,
201910,Erskine Park Reservoir,,,,,9.0,5.0,,,,,,19.0,3.0,,,,,,,,,,,,3.0,,,,,,
201910,Faulconbridge (Great Western Hwy),,,,,4.0,2.0,,,,,27.0,23.0,8.0,,,,,,,,,,,,,1.0,,,,,
201910,Faulconbridge (St Georges Crescent),,,,,5.8,,,,,,21.6,20.0,6.6,0.2,,,0.8,,,,,,,,,1.8,,,,,
201910,Gears (Wyong River),1.0,,,,3.0,2.0,,,,,,12.0,1.0,,,,,,,,,,,,,,,,,,
201910,Gosford AWS,3.0,,,,9.4,7.0,,,3.4,,0.6,24.6,1.0,,,,0.6,,,,,,,,,,,,0.2,,
201910,Holsworthy Aerodrome AWS,,,,,12.2,0.8,,,,,,8.2,2.8,,,,,,,,,,,,,,,,,,
201910,Holsworthy Defence AWS,,,,,11.6,0.2,0.2,,,,,3.4,2.8,,,,0.4,0.2,,,,,,,,,,,,,
201910,Hornsby (Swimming Pool),,0.2,,,11.6,7.4,,,,,7.2,18.4,4.4,,,,0.6,0.2,,,,,,,,,,,0.4,,
201910,Horsley Park Equestrian Centre AWS,,,,,9.0,0.4,,,,,,20.2,1.2,,,,,,,,,,,,,,,,,,
201910,Katoomba (Farnells Rd),→,0.2,,,,0.7,,,1.8,,0.4,38.0,12.0,,,,0.4,,,,,,,,,3.3,,,,,
201910,Kurrajong Heights (Bells Line of Road),,,,,3.2,5.6,,,,,9.4,30.0,26.4,,,,,,,,,,,,,,,,,,
201910,Lucas Heights (ANSTO),,,,,10.4,4.0,,,,,,8.0,5.4,0.6,,,,,,,,,,,,,,,,,
201910,Mangrove Mountain AWS,0.8,,,,3.4,2.4,,,,,0.6,12.0,0.6,,,,0.6,,,,,,,0.2,,,,,,,
201910,Marrickville Golf Club,,,,,14.0,2.0,,,,,,10.0,1.0,,,,,,,,,,,,,,,,,,
201910,Menangle Bridge (Nepean River),,,,,11.0,5.0,,,,,,,,,,,,,,,,,,,,,,,,,
201910,Milperra Bridge (Georges River),,,,,9.0,5.0,,,,,1.0,9.0,,,,,,,,,,,,,,,,,,,
201910,Mona Vale Golf Club,2.8,0.2,0.2,,19.4,11.6,,0.2,,,12.4,21.8,2.2,0.2,,0.2,0.2,,,,,0.2,,0.2,0.2,,,,,0.2,0.2
201910,Mount Annan (Australian Botanic Garden),,,,,9.0,1.0,,,,,,4.0,1.8,,,,0.2,,,,,,,,,,,,,,
201910,Mount Boyce AWS,1.2,,,,1.0,0.8,,,,,0.2,8.6,7.4,0.2,,,,0.2,,0.4,,,,,,3.6,0.2,,,,
201910,Mount Wilson (Clarine),,,,,1.4,2.4,,,,,2.4,15.8,11.6,,,,,,,,,,,,,1.4,,,,,
201910,Norah Head AWS,10.8,,,,6.2,6.0,,0.2,3.2,,1.2,34.2,0.2,0.2,,0.2,0.8,,,,,,,0.2,0.2,,,,,,0.2
201910,North Parramatta (Burnside Homes),,,,,11.0,5.5,,,,,,20.5,3.5,,,,,,,,,,,,,0.5,,,,,
201910,North Rocks (Muirfield Golf Club),0.5,,,1.5,9.5,5.0,,,,,,12.0,10.5,,,,,,,,,,,,,,,,,,
201910,North Ryde Golf Club,,,,,12.0,5.0,,,,,1.0,26.0,15.0,,,,,,,,,,,,,,,,,,
201910,Parramatta North (Masons Drive),,,,,12.0,0.4,,,,,,21.0,4.0,,,,,,,,,,,,,0.8,,,,,
201910,Peakhurst Golf Club,,,,,13.0,1.0,,,,,,19.0,1.0,,,,,,,,,,,,,,,,,,
201910,Pennant Hills (Yarrara Road),0.4,0.4,,,11.0,1.0,,,,→,→,14.4,,,,,0.2,,,,,,,,0.4,,,,0.4,,
201910,Penrith Lakes AWS,,,,,5.2,0.4,,0.2,,,1.0,13.6,5.2,0.2,,,,,,,,,,,,,,,,,
201910,Picton Council Depot,,,,,,,,14.2,,,0.1,,,4.2,,,,,,,,,,,,,,,,,
201910,Prospect Reservoir,,,,,9.0,5.0,,,,,,7.0,,,,,,,,,,,,,,,,,,,
201910,Putty (The Gibba),,,,,1.0,1.0,,,,,,21.0,6.0,,,,,,,,,,,,,,,,,,
201910,Randwick (Randwick St),,,,,15.2,0.8,,,0.8,0.1,0.1,3.0,3.6,,,,,,,0.2,,,,,,,,,0.2,,
201910,Randwick Racecourse,0.2,,,,15.0,0.4,,,0.6,0.4,,2.5,3.8,,,,,,,,,,,,,,,,,,
201910,Richmond - UWS Hawkesbury,,,,,,→,5.0,,0.2,,3.6,,→,27.0,,,,,,,,,,,1.2,,,,,,
201910,Richmond RAAF,,,,,4.0,0.4,,,,,3.8,30.2,5.4,0.2,,,,,,,,,,,0.4,0.2,,,,,
201910,Rose Bay (Royal Sydney Golf Club),,,,,16.5,0.6,,,,1.2,6.0,5.0,2.0,,,,0.4,,,,,,,,,,,,,,
201910,Rossmore (South Creek),,,,,10.0,5.0,,,,,,5.0,,,,,,,,,,,,,,,,,,,
201910,Sans Souci (Public School),,,,,14.0,1.0,,,1.0,1.0,3.0,23.0,,,,,,,,,,,,,,,,,,1.0,
201910,Seven Hills  (Radio FM 103.2),,,,,8.5,4.5,,0.5,,,,8.5,1.5,,,,,,,,,,,,0.5,0.5,,,,,
201910,Shanes Park (South Creek Road),,,,,,,,,,,,,,,,,,,,,,,,,3.4,0.2,,,,,
201910,Springwood (Valley Heights),,,,,4.8,1.0,,,,,28.2,20.0,9.8,,,,,,,,,,,,1.4,1.0,,,,,
201910,St Ives (Richmond Avenue),0.4,,,,12.8,1.8,,,1.0,,2.2,51.6,4.2,,,,0.6,,,,,,,,,,,,,,
201910,Sydney (Observatory Hill),0.4,,,,16.6,0.6,,,1.2,0.4,0.6,11.0,3.4,,,,,,,,,,,,,,,,,,
201910,Sydney Airport AMO,1.2,,,,11.6,0.6,,,0.4,0.4,,9.0,2.4,0.2,,,,,,,,,0.2,,,,,,,,
201910,Sydney Botanic Gardens,0.2,,,,13.0,2.2,,,,1.9,1.5,12.2,3.2,0.4,,,0.2,,,,,,,,,,,,,,
201910,Sydney Olympic Park AWS (Archery Centre),,,,,8.0,0.4,,,,,,17.0,1.2,,,,,,,,,,,,,0.2,,,1.8,,
201910,Terrey Hills AWS,0.6,,,,13.2,1.2,,,0.6,,4.2,31.0,1.2,,,,0.4,0.2,,,,,,,,0.2,,,2.6,,
201910,Wahroonga (Ada Avenue),0.2,0.2,,,13.4,7.4,,,0.4,,9.0,29.4,3.2,,,0.2,0.2,,,,,,,,0.2,,,,,,
201910,Warragamba,,,,,8.0,3.0,,,1.0,,3.0,20.0,2.0,,,,,,,,,,,,,,,,,,
201910,Wedderburn (Booalbyn),,,,,12.0,2.0,,,,,,5.0,,,,,,,,,,,,,,,,,,,
201910,Wyong (Jilliby (Jilliby Creek)),0.4,,,,,,,,,,,19.8,0.6,,,,,,,,,,,,,,,,,,
201910,Wyong (Mount Elliot),2.0,,,,13.0,15.0,,,1.0,,1.0,22.0,1.0,,,,1.0,,,,,,,,,,,,,,
201910,Wyong (Olney Forest),3.0,,,,,5.0,,,2.0,,,19.0,1.0,,,,,,,,,,,,,,,,,,
201910,"Most values are the precipitation in the 24 hoursto9 am on the day indicated.
Days marked with → are part of a longer accumulation, which is shown on the final day.Values over  100  mm have been rounded to the nearest whole millimetre.Days marked with - have a rainfall report of zero; 
days left blank have no rainfall report (which often indicates no rain fell).",,,,,,,,,,,,,,,,,,,,,,,,,,,,,,,
201910,Rainfalls colouredaccording to the amount,0,1.0,5.0,10.0,15.0,25.0,50.0,100,150,200,300,400,600,millimetres,,,,,,,,,,,,,,,,,
201911,Abbotsbury (Fairfield (City Farm)),,,,18.0,,,,,,,,,,,,,,,,,,,2.0,1.0,,3.0,,,2.0,,
201911,Abbotsford (Blackwall Point Rd),,,,13.0,,,,,,,,,,,,,,,,,,,4.0,,,7.0,,,,,
201911,Audley  (Royal National Park),,,,12.0,1.0,,,,,,,,,,,,,,,,,,,,,4.0,,,,,
201911,Avalon Beach (Avalon (Palmgrove Rd)),,,,19.4,,,,,,,,,,,,,,,,,,,1.6,,,,,,,,
201911,Badgerys Creek AWS,,0.4,,18.6,0.2,,,,,,,,,,,,,,,,,,0.8,1.6,0.2,9.4,,,,,
201911,Bankstown Airport AWS,,,,14.4,0.2,,,,,,,,,,,,,,,,,,0.8,0.2,0.2,8.2,,,,,
201911,Baulkham Hills Eucalyptus Ct,,,,14.5,,,,,,,,,,,,,,,,,,,4.5,2.0,,0.5,,,,,
201911,Belrose (Evelyn Place),,,,12.8,,0.6,,,,,,,,,,,,,,,,,3.2,0.2,1.0,23.2,,,,,
201911,Blackheath (Wombat Street),,,,16.0,,,,,,,,,,,,,,1.0,,,,,,2.0,1.0,3.0,3.0,,,,
201911,Box Hill (McCall Gardens),,,,10.0,,,,,,,,,,,,,,,,,,,3.0,,,2.0,,,,,
201911,Bringelly (Maryland),,,,18.0,1.0,,,,,,,,,,,,,,,,,,6.0,,,16.0,5.0,,,,
201911,Camden (Brownlow Hill),,,,23.0,,,,,,,,,,,,,,,,,,,4.0,1.2,,5.3,1.0,,,,
201911,Camden Airport AWS,,,,22.6,,,,,,,,,,,,,,,,,,,6.8,0.4,,6.0,2.8,,,,
201911,Campbelltown (Kentlyn (Georges River Roa,,,,,,,,,,,,,,,,,,,,,,,,,,,,,,,
201911,Campbelltown (Mount Annan),,,,14.8,0.2,,,,,,,,,,,,,,,,,,1.6,0.2,,3.8,2.0,,,,
201911,Canterbury Racecourse AWS,,,,19.8,1.4,0.4,,,,,,,,,,,,,,,,,2.2,,,6.6,0.2,,,,
201911,Castle Cove (Rosebridge Ave),,,,19.0,,0.6,,,,,,,,,,,,,,,,,6.5,,3.0,5.0,4.0,,,,
201911,Castle Hill (Kathleen Ave),,,,11.2,,,,,,,,,,,,,,,,,,,22.0,,,5.0,,,,,
201911,Centennial Park,,,,14.4,0.4,,,,,,,,,,,,,,,,,,,,,,,,,,
201911,Chatswood Bowling Club,1.0,,,16.0,,1.0,,,,,,,,,,,,,,,,,7.0,,,1.0,2.0,,,,
201911,Collaroy (Long Reef Golf Club),,,,9.4,,,,,,,,,,,,,,1.8,,,,,5.4,,,13.8,7.2,,,,
201911,Colo Heights (Mountain Pines),,,,7.4,,,,,,,,,,,,,,2.0,,,,,6.8,3.2,13.6,2.4,0.8,,,,
201911,Concord (Brays Rd),,,,13.2,,,,,,,,,,,,,,,,,,,4.2,0.6,,4.6,,,,,
201911,Concord Golf Club,,→,→,16.8,,,,,,,,,,,,,,,,,,,4.0,0.8,,,,,,,
201911,Cooranbong (Avondale),2.0,,,20.0,1.0,,,,,,,,,,,,,,,,,,,1.0,,1.0,2.0,,,,
201911,Cooranbong (Lake Macquarie AWS),,,,21.4,1.0,,,,,,,,,,,,,,,,,,,1.4,,1.0,2.4,,,,
201911,Darkes Forest (Kintyre),,,,13.8,0.2,,,,,,,,,,,,,1.4,,,,,,1.6,,24.8,2.0,,,,
201911,Dover Heights (Portland St),,,,13.2,,,,,,,,,,,,,,,,,,,,,,,,,,,
201911,Erskine Park Reservoir,,,,17.0,,,,,,,,,,,,,,,,,,,,1.0,,4.0,1.0,,,,
201911,Faulconbridge (Great Western Hwy),,,,16.0,,,,,,,,,,,,,,,,,,,5.0,5.0,,2.0,,,,,
201911,Faulconbridge (St Georges Crescent),,,,18.2,,,,,,,,,,,,,,0.4,,,,,5.0,4.4,0.2,3.4,0.2,,,,
201911,Gears (Wyong River),,,,10.0,,,,,,,,,,,,,,,,,,,,,,1.0,,,,,
201911,Gosford AWS,,,,9.6,,0.2,,,,,,,,,,,,,,,,,0.8,,,,11.2,,,,
201911,Holsworthy Aerodrome AWS,,,,14.2,1.8,0.2,,,,,,,,,,,,,,,,,0.2,,,10.4,0.4,,,,
201911,Holsworthy Defence AWS,,,,19.6,0.4,,,,,,,,,,,,,,,,,,,,,6.4,5.4,,,,
201911,Hornsby (Swimming Pool),,,,13.2,0.2,,,,,,,,,,,,,,,,,0.6,2.0,0.2,1.2,22.2,1.2,,,,
201911,Horsley Park Equestrian Centre AWS,,,,16.0,,,,,,,,,,,,,,,,,,,0.6,2.6,,3.4,,,,,
201911,Katoomba (Farnells Rd),,,,16.8,,,,,0.4,,,,,,,,,0.2,,,,,1.2,5.2,,7.6,7.0,,,,
201911,Kurrajong Heights (Bells Line of Road),,,,20.8,,,,,,,,,,,,,,2.6,,,,,→,15.0,1.0,1.4,1.4,,,,
201911,Lucas Heights (ANSTO),,,,12.8,,,,,,,,,,,,,,,,,,,,,,,,,,,
201911,Mangrove Mountain AWS,,,,8.4,,,,,,,,,,,,,,,,,,,1.4,1.0,,,4.8,,,,
201911,Marrickville Golf Club,,,,17.0,,,,,,,,,,,,,,,,,,,2.0,,,6.0,,,,,
201911,Menangle Bridge (Nepean River),,,,16.0,,,,,,,,,,,,,,,,,,,,,,3.0,,,,,
201911,Milperra Bridge (Georges River),,,,13.0,,,,,,,,,,,,,,,,,,,,,,7.0,,,,,
201911,Mona Vale Golf Club,0.2,0.2,,14.6,,1.4,,,,,,0.2,,,,,,,0.2,,,0.2,0.8,,,20.4,1.4,,,0.2,
201911,Mount Boyce AWS,,,,16.4,,,,,,,,,,,,,,0.8,,,,,,2.0,1.2,2.8,3.2,,,,
201911,Mount Wilson (Clarine),,,,9.8,,,,,,,,,,,,,,1.2,,,,,6.6,11.2,9.2,1.2,,,,,
201911,Norah Head AWS,0.4,0.2,,17.0,2.6,1.6,,,0.2,,,,,,,,,,,,,,,0.6,,2.0,2.4,,,,
201911,North Parramatta (Burnside Homes),,,,17.0,,0.5,,,,,,,,,,,,,,,,,3.0,2.0,,1.0,,,,,
201911,North Rocks (Muirfield Golf Club),,,,14.0,,,,,,,,,,,,,,,,,,,3.0,,,1.5,,,,,
201911,North Ryde Golf Club,,,,12.0,,,,,,,,,,,,,,,,,,,5.0,,1.0,3.0,,,,,
201911,Parramatta North (Masons Drive),,,,16.6,,,,,,,,,,,,,,,,,,,3.4,2.0,,1.4,0.2,,,,
201911,Peakhurst Golf Club,,,,14.0,2.0,,,,,,,,,,,,,,,,,,,,,7.0,,,,,
201911,Pennant Hills (Yarrara Road),,,,14.2,,,,,,,,,,,,,,,,,,,3.6,0.8,1.0,1.0,3.0,,,,
201911,Penrith Lakes AWS,,,,16.0,,,,,,,,,,,,,,,0.2,,,,3.2,2.0,,2.4,1.0,,,,
201911,Picton Council Depot,,,4.2,6.4,,,,,,,,,,,,,,,,,,,,,,9.8,,,,,
201911,Prospect Reservoir,,,,17.0,,,,,,,,,,,,,,,,,,,1.0,1.0,,3.0,1.0,,,,
201911,Putty (The Gibba),,,,3.0,,,,,,,,,,,,,,,,,,,10.0,6.0,,,6.0,,,,
201911,Randwick (Randwick St),,,,14.6,2.8,,,,,,,,,,,,,1.4,,,,,3.2,0.1,,9.0,0.6,,,,
201911,Randwick Racecourse,,,,13.4,1.6,,,,,,,,,,,,,,,,,,,,,,,,,,
201911,Richmond RAAF,,,,12.0,0.4,,,,,,,,,,,,,,,,,,4.4,0.2,0.2,0.8,,,,,
201911,Rose Bay (Royal Sydney Golf Club),,,,11.6,,,,,,,,,,,,,,,,,,,2.0,,0.2,2.0,2.0,2.0,,,
201911,Rossmore (South Creek),,,,17.0,,,,,,,,,,,,,,,,,,,,2.0,,12.0,,,,,
201911,Sans Souci (Public School),,,,12.0,3.0,,,,,,,,,,,,,,,,,,,,,7.0,,,,,
201911,Seven Hills  (Radio FM 103.2),,,,19.5,,,,,,,,,,,,,,,,,,,2.5,3.5,,3.0,,,,,
201911,Shanes Park (South Creek Road),,,,,,,,,,,,,,,,,,,,,,,2.2,0.6,,2.4,,,,,
201911,Springwood (Valley Heights),,,,16.2,,,,,,,,,,,,,,,,0.2,,,5.2,4.8,,3.6,,,,,
201911,St Ives (Richmond Avenue),,,,9.8,0.2,,,,,,,,,,,,,,,,,,2.0,0.4,0.8,44.0,,,,,
201911,Sydney (Observatory Hill),,,,15.4,0.2,,,,,,,,,,,,,,,,,,6.2,0.4,0.2,1.4,2.4,,,,
201911,Sydney Airport AMO,,,,14.0,0.2,,,,,,,,,,,,,,,,,,1.2,,,6.2,,,,,
201911,Sydney Botanic Gardens,,,,15.2,,,,,,,,,,,,,,,,,,,5.8,0.4,0.2,1.6,,,,,
201911,Sydney Olympic Park AWS (Archery Centre),,,,19.4,,0.8,,,,,,,,,,,,,,,,,3.8,1.6,,,,,,,
201911,Terrey Hills AWS,,0.2,,10.4,,0.2,,,,,,,,,,,,,,,,,1.2,,,28.2,6.6,0.2,,,
201911,Wahroonga (Ada Avenue),,,,14.0,,,,,,,,,,,,,,,,,,,2.0,0.4,4.0,8.4,2.2,,,,
201911,Warragamba,,,,29.0,,,,,,,,,,,,,,,,,,,1.0,4.0,,17.0,1.0,,,,
201911,Wedderburn (Booalbyn),,,,12.0,,,,,,,,,,,,,,,,,,,,,,28.0,,,,,
201911,Wyong (Jilliby (Jilliby Creek)),,,,,,,,,,,,,,,,,,,,,,,,,,,,,,,
201911,Wyong (Mount Elliot),,,,13.0,1.0,,,,,,,,,,,,,,,,,,,,,,3.0,,,,
201911,Wyong (Olney Forest),,,,19.0,2.0,,,,,,,,,,,,,,,,,,,4.0,,1.0,1.0,,,,
201911,Yarramalong (Lewensbrook),,,,4.0,4.2,,,,,,,,,,,,,,,,,,,,,3.0,6.0,,,,
201911,"Most values are the precipitation in the 24 hoursto9 am on the day indicated.
Days marked with → are part of a longer accumulation, which is shown on the final day.Values over  100  mm have been rounded to the nearest whole millimetre.Days marked with - have a rainfall report of zero; 
days left blank have no rainfall report (which often indicates no rain fell).",,,,,,,,,,,,,,,,,,,,,,,,,,,,,,,
201911,Rainfalls colouredaccording to the amount,0,1.0,5.0,10.0,15.0,25.0,50.0,100,150,200,300,400,600,millimetres,,,,,,,,,,,,,,,,,
201912,Abbotsbury (Fairfield (City Farm)),,,,,,,,,,,,,,,,,,,,,,,,,2.0,,,,,,
201912,Abbotsford (Blackwall Point Rd),,,,,,,,,,,,,,,,,,,,,,,,,,4.0,,,,,
201912,Audley  (Royal National Park),,,,,,,,,,,,,,,,,,,,,,,,,,,,,,,
201912,Avalon Beach (Avalon (Palmgrove Rd)),,,,,,,,,,,,,,,,,,,,,,,,,1.4,,,,,,
201912,Badgerys Creek AWS,,,,,,,,,,,,,,,,,,,,,,,,,1.4,,,,,,
201912,Bankstown Airport AWS,,,,,,,,,,,,,,,,,,,,,,,,0.6,4.4,0.2,,,,,
201912,Baulkham Hills Eucalyptus Ct,,,,,,,,,,,,,,,,,,4.0,,,,,,,1.5,,,,,,
201912,Belrose (Evelyn Place),0.4,,,,,,,,,,,,,,6.4,,,,,,,,,0.2,0.2,,,,,,
201912,Bilpin Post Office,,,,,,,,,,,,1.4,,,,,,,,,,,3.0,,,,,,,,
201912,Blackheath (Wombat Street),,,,,,,,,,,,,,,,,,,,,,,,,,,,,,,
201912,Box Hill (McCall Gardens),,,,,,,,,,,,,,,,,,,,,,,,,,,,,,,
201912,Bringelly (Maryland),,,,,,,,,,,,,,,,,,,,,,,,,,,,,,,
201912,Camden (Brownlow Hill),0.2,,,,,,,,,,,,,,,,,,,,,,,,,,,,,,
201912,Camden Airport AWS,,,,,,,,,,,,,0.2,,,,,,,,,,,,,,,,,,
201912,Campbelltown (Mount Annan),,,,,,,,,,,,,1.0,,,,,,,,,,,0.2,0.6,,,,,,
201912,Canterbury Racecourse AWS,,,,,,,,,,,,,0.2,,0.4,,,,,,,,,,6.4,,,,,,
201912,Castle Cove (Rosebridge Ave),,,,,,,,,,,,,,,6.0,,,,,,,,,,2.0,,,,,,
201912,Centennial Park,0.8,,,,,,,,,,,,,,,,,,,,,,,,,,,,,,
201912,Chatswood Bowling Club,,,,,,,,,1.0,,,,,,,,,,,,,,,,,,,,,,
201912,Collaroy (Long Reef Golf Club),,,,,,,,,,,,,,,0.4,,,,,,,,,,3.4,,,,,,
201912,Colo Heights (Mountain Pines),,,,,,,,,,,,0.2,0.6,,,,,,,,,,,,0.8,,,,,,
201912,Concord (Brays Rd),,,,,,,,,,,,,,,1.0,,,,,,,,,,0.4,,,,,,
201912,Concord Golf Club,,,,,,,,,,,,,,→,2.0,,,,,,,,,,1.2,,,,,,
201912,Cooranbong (Avondale),1.0,,,,,,,,,,,,,,,,,,,,,,,1.0,,,,,,,
201912,Cooranbong (Lake Macquarie AWS),1.2,,,,,,,,,,,,,,,,,,,,,,,1.6,,,,,,,
201912,Darkes Forest (Kintyre),,,,,,,,,,,,,0.2,,0.4,,,,,,,,,,2.8,0.2,,,,,
201912,Douglas Park ( St. Marys Towers),0.2,,,,,,,,,,,,,,,,,,,,,,,0.2,,,,,,,
201912,Dover Heights (Portland St),0.1,,,,,,,,,,,,,,,,,,,,,,0.6,,1.6,,,,,,
201912,Erskine Park Reservoir,,,,,,,,,,,,,,,,,,,,,,,,,,,,,,,
201912,Faulconbridge (Great Western Hwy),,,,,,,,,,,,1.0,1.0,,,,,,,,,,,,2.0,,,,,,
201912,Faulconbridge (St Georges Crescent),,,,,,,,,,,,1.4,1.5,,,,,,,,,,,,2.8,,,,,,
201912,Gears (Wyong River),,,,,,,,,,,,,,,,,,,,,,,,,1.0,,,,,,
201912,Gosford AWS,0.8,,,,,,,0.2,,,,,,,,,,,,,,,,1.8,0.2,,,,,,
201912,Holsworthy Aerodrome AWS,,,,,,,,,,,,,,,,,,,,,,,,,0.4,,,,,,
201912,Holsworthy Defence AWS,,,,,,,,,,,,,,,,,,,,,,,,,0.8,,,,,,
201912,Hornsby (Swimming Pool),,,,,,,,,,,,,,,,,,,,,,,,0.4,1.2,,,,,,
201912,Horsley Park Equestrian Centre AWS,,,,,,,,,,,,,,,,,,,,,,,,,2.4,,,,,,
201912,Katoomba (Farnells Rd),,,,,,,,,,,,,1.0,,,,,,,,,,0.4,,,,,,,,
201912,Kurrajong Heights (Bells Line of Road),,,,,,,,,,,,1.2,2.8,,,,,,,,,,,,4.6,,,,,,
201912,Lucas Heights (ANSTO),,,0.1,,,,,,,,,,,,,,,,,,,,,,0.9,,,,,,
201912,Macquarie Park (Willandra Village),0.4,,,,,,,,,,,,,,,,,,,,,,,,0.4,0.2,,,,,
201912,Mangrove Mountain AWS,0.4,,,,,,,,,,,,,,,,,,,,,,,,,,,,,,
201912,Marrickville Golf Club,,,,,,,,,,,,,,,,,,,,,,,,,1.0,,,,,,
201912,Menangle Bridge (Nepean River),,,,,,,,,,,,,,,,,,,,,,,,,,,,,,,
201912,Milperra Bridge (Georges River),,,,,,,,,,,,,,,,,,,,,,,,,1.0,,,,,,
201912,Mona Vale Golf Club,0.2,,,,0.2,,,,,,,,,,,0.6,0.2,,,,,,,,,,,,,,
201912,Mount Annan (Australian Botanic Garden),4.0,,,,,,,,,,,,0.6,,,,,,,,,,,,0.6,,,,,,
201912,Mount Boyce AWS,,,,,,,,,,,,,0.2,,,,,,,,,,0.2,,,,,,,,
201912,Mount Wilson (Clarine),,,,,,,,,,,,,2.4,,,,,,,,,,,1.2,,,,,,,
201912,Norah Head AWS,0.6,,,,,,,,,,,,,,,,0.2,,,,,0.2,,,0.4,,,,0.2,,
201912,North Parramatta (Burnside Homes),,,,,,,,,,,,,,,,0.5,,,,,,,,,,,,,,,
201912,North Rocks (Muirfield Golf Club),,,,,,,,,,,,0.5,,,,,,,,,,,,,1.0,,,,,,
201912,North Ryde Golf Club,,,,,,,,,,,,,,,,,,,,,,,,,,,,,,,
201912,Palm Grove (Lyrebird Lane),,,,,,,,,,,,,,,,,,,,,,,,1.0,2.0,,,,,,
201912,Parramatta North (Masons Drive),,,,,,,,,,,,,,,,,,,,,,,,0.6,0.4,,,,,,
201912,Peakhurst Golf Club,,,,,,,,,,,,,,,,,,,,,,,,,1.0,,,,,,
201912,Pennant Hills (Yarrara Road),0.6,,,,,,,,,,,,,,,,,,,,,,,0.6,0.8,,,,,,
201912,Penrith Lakes AWS,,,,,,,,,,,,,,,,,,,,,,,,,,,,,,,
201912,Prospect Reservoir,,,,,,,,,,,,,,,,,,,,,,,,,,,,,,,
201912,Putty (The Gibba),,,,,,,,,,,,,,,,,,,,,,,,,,,,,,,
201912,Randwick (Randwick St),0.1,,,,,,,,,,,,,,1.2,,,,,,,,0.2,,7.0,,,,,,
201912,Randwick Racecourse,,,,,,,,,,,,,,,1.6,,,,,,,,,0.2,2.8,,,,,,
201912,Richmond RAAF,,,,,,,,,,,,,,,,,,,,,,,,,,,,,,,
201912,Rose Bay (Royal Sydney Golf Club),,,,,,,,,,,,,,,,,,,,,,,0.4,,1.0,,,,,,
201912,Rossmore (South Creek),,,,,,,,,,,,,,,,,,,,,,,,,,,,,,,
201912,Sans Souci (Public School),,,,,,,,,,,,,,,9.0,,,,,,,,,,2.0,,,,,,
201912,Seven Hills  (Radio FM 103.2),,,,,,,,,,,,,,,,,0.5,,,,,,,,,,,,,,
201912,Shanes Park (South Creek Road),,,,,,,,,,,,,0.2,0.2,,,,,,,,,,0.4,0.2,,,,,,
201912,Springwood (Valley Heights),,,,,,,,,,,,0.4,0.4,,,,,,,,,,,,0.4,,,,,,
201912,St Ives (Richmond Avenue),1.0,,,,,,,,,,,,,,0.2,,,,,,,,0.2,0.2,,,,,,,
201912,Sydney (Observatory Hill),,,,,,,,,,,,,,,,,,,,,,,,,1.4,0.2,,,,,
201912,Sydney Airport AMO,,,,0.2,,,,,,,,,,,,,,,,,,,,,0.8,,,,,,
201912,Sydney Botanic Gardens,,,,,,,,,,,,,0.1,,0.6,,,,,,,,0.2,,1.0,,,,,,
201912,Sydney Olympic Park AWS (Archery Centre),,,,0.2,,,,,,,,,,,,,,,,,,,,,,1.2,,,,,
201912,Terrey Hills AWS,0.4,,,,,,,,,,,,,,0.8,0.2,,,,,,,,,0.8,,,,,,
201912,Wahroonga (Ada Avenue),0.6,,,,,,,,,,,,,,,,,,,,,,,1.8,0.2,,,,,,
201912,Warragamba,,,,,,,,,,,,,,,,,,,,,,,,,,,,,,,
201912,Wedderburn (Booalbyn),,,,,,,,,,,,,,,,,,,,,,,,,,,,,,,
201912,Wyong (Mount Elliot),3.0,,,,,,,,,,,,,,,,,,,,,,,1.0,,,,,,,
201912,Wyong (Olney Forest),,,,,,,,,,,,,,,,,,,,,,,,2.0,11.0,,,,,,
201912,Yarramalong (Lewensbrook),,,,,,,,,,,,,,,,,,,,,,,,,1.2,2.6,,,,,
201912,"Most values are the precipitation in the 24 hoursto9 am on the day indicated.
Days marked with → are part of a longer accumulation, which is shown on the final day.Values over  100  mm have been rounded to the nearest whole millimetre.Days marked with - have a rainfall report of zero; 
days left blank have no rainfall report (which often indicates no rain fell).",,,,,,,,,,,,,,,,,,,,,,,,,,,,,,,
201912,Rainfalls colouredaccording to the amount,0,1.0,5.0,10.0,15.0,25.0,50.0,100,150,200,300,400,600,millimetres,,,,,,,,,,,,,,,,,
202001,Abbotsbury (Fairfield (City Farm)),,,,,,,,,1.0,1.0,,,,,,2.0,6.0,19.0,,1.0,,,,1.0,2.0,,1.0,,,,
202001,Abbotsford (Blackwall Point Rd),,,,,,,4.0,,,,,,,,,11.0,20.0,30.0,,,,,3.0,,5.0,,2.0,,,,
202001,Audley  (Royal National Park),,,,,,,2.0,6.0,,,,,4.0,,,7.0,59.0,16.0,3.0,1.0,25.0,,,1.0,3.0,,5.0,,,,
202001,Avalon Beach (Avalon (Palmgrove Rd)),,1.2,,,,1.6,2.6,1.4,,2.0,1.2,5.2,,,,,,75.0,9.4,0.8,6.8,,,3.4,,,,,,,
202001,Badgerys Creek AWS,,,,,,,0.4,8.2,,,,0.6,2.2,,,7.6,5.4,13.0,3.4,2.2,2.4,0.2,,0.6,2.8,,,,,,
202001,Bankstown Airport AWS,,,,,,,2.0,10.2,,,0.4,0.8,1.8,,,4.4,24.4,10.0,3.0,2.0,0.2,,,1.8,4.4,,2.4,,,,
202001,Baulkham Hills Eucalyptus Ct,,,,,,,2.0,5.5,0.5,,,0.5,0.5,,,2.0,35.0,11.0,7.5,,,,,3.0,4.5,,5.0,,,,
202001,Belrose (Evelyn Place),,0.8,0.2,,,0.2,,0.6,0.6,0.4,0.4,0.2,3.4,,,,50.4,26.0,7.6,0.4,4.0,,,2.2,0.8,→,2.6,,,,
202001,Bilpin Post Office,,1.4,0.8,,→,0.4,7.8,6.0,,1.0,0.6,→,5.6,,,8.4,24.0,7.4,→,12.2,0.2,,,,5.6,→,3.2,,2.4,,
202001,Blackheath (Wombat Street),,,1.0,,,1.0,4.0,1.0,1.0,2.0,1.0,4.0,4.0,,,18.0,16.0,4.0,7.0,14.0,1.0,,,9.0,3.0,,1.0,2.0,1.0,,
202001,Box Hill (McCall Gardens),,,,,,,2.0,2.0,,,,,1.0,,,,10.0,7.0,8.0,1.0,,,,9.0,,,,,,,
202001,Bringelly (Maryland),,,,,,,,9.0,,,,1.0,4.0,,,8.0,7.0,4.0,3.0,5.0,10.0,,,3.0,4.0,,,,,,
202001,Camden (Brownlow Hill),,,,,,,,18.4,,,0.2,,5.6,,,14.2,10.0,7.0,2.0,,21.2,,,4.8,8.2,,,,,,
202001,Camden Airport AWS,,,,,,,,12.4,,,0.2,0.2,6.2,,,17.8,13.2,5.2,2.0,6.2,13.8,,,6.6,5.2,,,,,,
202001,Campbelltown (Mount Annan),,,,,,,1.2,11.0,,,0.2,0.4,7.6,,,10.4,32.0,7.6,3.2,1.8,16.6,,,2.4,5.6,,,,,,
202001,Canterbury Racecourse AWS,,,,,,,2.8,0.8,,,,,0.6,,,3.8,21.4,20.0,3.6,,,,,,2.8,,1.0,,,,
202001,Castle Cove (Rosebridge Ave),,0.2,2.5,,,0.2,4.5,,,,0.5,,1.0,,,,8.0,38.0,8.0,,2.5,,,,4.0,,,,0.2,,
202001,Castle Hill (Kathleen Ave),,,,,,,4.0,3.0,,,0.6,1.2,1.8,,2.0,,34.4,10.4,5.4,0.3,,,,6.0,1.2,,,,,,
202001,Castlereagh (Castlereagh Road),,,,,,1.2,,,,,0.8,,,,,40.4,,,,,,,,,,,,,,,
202001,Centennial Park,,,,,,,2.0,0.8,,,,,,,,,,,,,,,,,,,,,,,
202001,Chatswood Bowling Club,,,1.0,,,,7.0,,,,,,2.0,,,1.0,24.0,28.0,7.0,,,,,,2.0,,,,,,
202001,Collaroy (Long Reef Golf Club),,,,,,,8.8,,,,,0.4,1.0,,,,,62.2,7.4,0.2,8.2,,,1.4,,,,,,,
202001,Colo Heights (Mountain Pines),,0.8,,,,,5.8,3.0,,0.2,0.2,,,,,5.8,44.8,2.6,7.2,0.8,4.2,,,,2.4,,4.8,,6.8,,
202001,Concord (Brays Rd),,,,,,,4.0,0.4,,,,0.4,3.0,,,9.6,16.4,23.4,2.4,,0.2,,,,3.2,,5.4,,,,
202001,Concord Golf Club,,,,,,,,,,,,2.0,2.0,,,8.6,24.8,0.8,2.6,,,,,,,,,,,,
202001,Cooranbong (Avondale),,1.0,,,,,1.0,,1.0,,,,,,,,,55.0,2.0,2.0,,,,,,1.0,2.0,,1.0,,
202001,Cooranbong (Lake Macquarie AWS),,0.8,0.2,,,,1.6,,1.2,,,0.4,,,,,,65.4,1.6,1.8,0.6,,,,,0.8,2.4,,2.8,,
202001,Darkes Forest (Kintyre),,,,,,,3.8,0.2,,,0.2,,,,,3.8,32.2,14.4,,0.2,0.2,,,,1.0,0.2,,,,,
202001,Dover Heights (Portland St),,,,,,0.4,2.8,1.8,,0.1,0.4,,1.0,,,4.4,5.6,45.0,5.4,0.2,2.6,,,0.1,1.0,0.2,,,,,
202001,Erskine Park Reservoir,,,,,,,,6.0,,,,1.0,,,,13.0,7.0,8.0,5.0,2.0,,,,2.0,3.0,,,,1.0,,
202001,Faulconbridge (Great Western Hwy),,,,,,,1.0,4.0,,2.0,,3.0,2.0,,,48.0,16.0,7.0,4.0,6.0,,,,12.0,12.0,,,,,,
202001,Faulconbridge (St Georges Crescent),,0.4,0.6,,,0.8,2.0,5.0,,1.6,1.0,3.6,2.4,,,34.2,29.2,9.2,4.8,7.4,,,,19.8,11.6,0.8,,,,,
202001,Gears (Wyong River),,,,,,,9.0,,,,,,,,,,2.0,22.0,2.0,2.0,2.0,,,,,,5.0,,7.0,,
202001,Gosford AWS,,,0.2,,,,17.0,,,2.4,0.2,0.4,1.0,,,,29.8,39.4,20.2,0.2,2.4,,,12.4,,,,,,,
202001,Holsworthy Aerodrome AWS,,,,,,,,5.2,,,0.2,0.2,1.0,,,12.2,23.8,13.6,3.0,1.6,16.2,,,,2.8,,,,,,
202001,Holsworthy Defence AWS,,,,,,,0.4,0.4,,,0.2,0.4,5.2,,,11.2,25.0,18.2,5.0,0.6,21.0,,,3.0,3.2,,,,,,
202001,Hornsby (Swimming Pool),,0.8,,,,,2.2,2.2,0.4,,0.2,0.2,4.4,,,0.4,19.8,37.8,15.0,0.2,1.2,,,6.2,1.4,,,,1.0,,
202001,Horsley Park Equestrian Centre AWS,,,,,,,0.4,4.4,,,0.4,1.6,1.2,,,4.8,8.8,4.6,4.0,0.8,,,,1.2,0.6,0.2,0.4,,0.4,0.2,
202001,Katoomba (Farnells Rd),,0.9,0.6,,,0.6,2.8,10.8,0.4,0.8,1.0,2.8,2.6,0.4,,15.6,37.0,10.8,→,17.2,8.2,,,4.2,9.0,0.6,0.4,0.4,,,
202001,Kurrajong Heights (Bells Line of Road),,1.0,0.8,,,0.3,5.8,9.4,0.3,1.8,1.4,3.4,3.4,,,,32.2,4.2,6.8,7.0,0.2,,,,8.8,,2.0,,2.4,,
202001,Lucas Heights (ANSTO),,,,,,,1.4,9.8,,,0.4,0.6,2.2,,,9.7,33.0,24.0,3.4,0.4,13.0,,,,5.2,,,,,,
202001,Mangrove Mountain AWS,,,,,,,,0.2,,0.2,0.4,1.2,0.4,,,,0.2,22.8,6.6,3.0,,,,4.4,,,,,,,
202001,Marrickville Golf Club,,,,,,,2.0,1.0,,,,,,,,5.0,34.0,18.0,3.0,1.0,,,,1.0,1.0,,,,,,
202001,Menangle Bridge (Nepean River),,,,,,,1.0,1.0,,,,,7.0,,,9.0,12.0,6.0,2.0,3.0,16.0,,,,4.0,,12.0,,,,
202001,Milperra Bridge (Georges River),,,,,,,,9.0,,,,1.0,,,,4.0,20.0,11.0,3.0,1.0,,,,1.0,2.0,,,,,,
202001,Mona Vale Golf Club,,,,,,,3.4,1.2,,1.6,0.4,,2.4,,0.2,,0.6,63.2,6.0,0.4,13.0,,,2.6,8.4,,,,,,
202001,Mount Annan (Australian Botanic Garden),,,,,,,1.2,7.2,,,0.2,0.4,6.6,,,10.8,24.4,8.0,2.8,3.4,18.4,,,,6.6,,,,,,
202001,Mount Boyce AWS,,0.4,0.4,,,1.8,3.8,1.2,0.2,2.6,0.8,5.2,4.4,,,19.6,8.8,4.4,6.4,19.2,0.6,,,12.6,1.6,0.2,1.4,3.2,0.4,,
202001,Mount Wilson (Clarine),0.8,0.6,,,,1.4,3.0,3.2,0.4,2.0,1.0,5.0,6.8,,,9.6,9.0,8.6,6.6,19.0,,,,,4.4,0.4,,,0.4,,
202001,Norah Head AWS,,,,,,,4.6,,,0.2,0.2,0.8,,,,,,25.0,1.0,0.4,3.8,,,,,,,,,,
202001,North Parramatta (Burnside Homes),,,,,,,4.0,,,,,,1.0,,,3.0,23.0,15.0,5.0,,,,,1.5,5.0,,5.5,,,,
202001,North Rocks (Muirfield Golf Club),,,,,,,2.5,4.0,,,,0.5,2.0,,,4.0,20.0,13.0,7.0,0.5,,,,2.0,1.5,,4.0,,,,
202001,North Ryde Golf Club,,,,,,,4.0,1.0,,,,,1.0,,,2.0,16.0,32.0,3.0,,,,,1.0,1.0,,,,,,
202001,Palm Grove (Lyrebird Lane),,1.0,2.0,,,,12.0,,,1.0,,,1.0,,,,2.0,60.0,7.0,1.0,2.0,,,1.0,,,,,3.0,,
202001,Parramatta North (Masons Drive),,,,,,,4.2,0.4,,,0.4,0.2,1.2,,,3.4,24.0,14.0,5.6,0.4,0.2,,,2.2,5.2,,5.6,,,,
202001,Peakhurst Golf Club,,,,,,,2.0,6.0,,,,,3.0,,,11.0,43.0,14.0,4.0,,9.0,,,2.0,4.0,,,,,,
202001,Pennant Hills (Yarrara Road),,0.8,,,,,5.4,3.4,0.4,,→,→,1.8,,,0.2,5.0,→,32.6,,,,,→,8.0,,,,0.4,,
202001,Penrith Lakes AWS,,,,,,,,0.4,,0.2,0.4,0.4,0.2,,,18.8,24.6,7.0,5.4,4.6,0.2,,,13.4,3.0,,3.0,,0.4,,
202001,Picton Council Depot,,,,,,,,,,,,,,,,,24.6,,,,20.4,8.0,4.0,,,,,,,,
202001,Prospect Reservoir,,,,,,,,1.0,,,1.0,3.0,1.0,,,7.0,4.0,5.0,5.0,1.0,,,,2.0,4.0,,2.0,,,,
202001,Putty (The Gibba),,,,,,,7.0,4.0,1.0,,,,,,,,34.0,,6.0,1.0,,,,1.0,1.0,,8.0,9.0,3.0,,
202001,Randwick (Randwick St),,0.1,,,,,1.4,0.6,,,,,0.8,,,2.0,6.2,37.0,6.4,0.1,3.8,,,0.1,1.2,0.1,,,,,
202001,Richmond RAAF,,,,,,0.2,6.6,2.6,,,0.4,1.0,1.6,0.4,,4.0,15.0,1.8,3.4,0.6,,,,1.4,1.0,,,,0.4,,
202001,Rose Bay (Royal Sydney Golf Club),,,,,,0.2,3.0,2.0,,,,,3.4,,,0.8,7.8,32.0,6.0,,1.6,,,,0.8,,,,,,
202001,Rossmore (South Creek),,,,,,,,3.0,,,,,3.0,,,10.0,10.0,12.0,4.0,2.0,7.0,,,2.0,1.0,,,,,,
202001,Sans Souci (Public School),,,,,,,2.0,2.0,,,,,,,,9.0,26.0,13.0,3.0,,6.0,,,1.0,2.0,,,,,,
202001,Seven Hills  (Radio FM 103.2),,,,,,,1.0,1.0,,,0.5,1.5,,,,4.0,6.5,4.5,5.5,0.5,0.5,,,4.5,3.5,,1.5,,,,
202001,Shanes Park (South Creek Road),,,,,,,3.2,3.6,,,0.6,1.0,,,,13.2,12.6,6.2,8.2,2.2,,,,10.2,2.6,,,,2.0,,
202001,Springwood (Valley Heights),,,,,,0.2,0.6,2.4,,0.8,0.6,0.4,2.2,,,39.6,14.0,8.8,4.4,6.2,0.2,,,8.4,9.2,,0.2,,1.0,,
202001,St Ives (Richmond Avenue),,1.2,0.6,,,,5.0,0.6,0.6,,0.6,0.2,4.2,,,,,,,,,,,,,,,,,,
202001,Sydney (Observatory Hill),,,,,,,2.6,2.8,0.2,0.2,0.2,,0.4,0.2,,0.6,24.6,30.6,4.4,,2.6,0.2,,,1.6,0.2,,,,,
202001,Sydney Airport AMO,,,,,,,1.4,1.2,,,,,0.8,0.2,,3.2,31.6,14.0,3.4,,2.4,,,,1.0,0.2,,0.2,,,
202001,Sydney Botanic Gardens,,0.2,,,,0.5,3.0,2.4,,0.4,0.1,0.1,0.4,,,1.0,14.4,31.0,5.0,,3.4,,,1.4,0.6,0.1,0.4,,,,
202001,Sydney Olympic Park AWS (Archery Centre),,,,,,,4.6,0.2,,,0.2,0.4,1.4,,,5.8,16.4,20.6,2.0,,0.2,,,0.8,4.0,,9.4,,,,
202001,Terrey Hills AWS,,0.8,0.6,,,,16.6,0.6,0.2,0.4,0.4,0.2,2.8,,,,43.8,35.4,10.6,0.4,7.8,,,0.2,4.4,0.2,0.2,,,,
202001,Wahroonga (Ada Avenue),,1.4,,,,,3.4,1.6,0.6,0.2,0.6,0.8,5.0,,,0.8,31.2,31.6,10.4,0.2,1.0,,,4.4,3.2,,,,0.8,,
202001,Warragamba,,,,,,,,2.0,,,,2.0,7.0,,,12.0,27.0,13.0,2.0,3.0,6.0,,,1.0,8.0,,,,,,
202001,Wedderburn (Booalbyn),,,,,,,1.0,,,,,,4.0,,,12.0,26.0,9.0,3.0,3.0,15.0,,,1.0,6.0,,4.0,,,,
202001,Wyong (Mount Elliot),,,1.0,,,,18.0,,1.0,3.0,,,,,,,,32.0,19.0,,8.0,,,1.0,,1.0,,,10.0,,
202001,Wyong (Olney Forest),,3.0,1.0,,,,7.0,,3.0,,,1.0,2.0,,,,,46.0,6.0,6.0,,,,1.0,,1.0,5.0,,4.0,,
202001,"Most values are the precipitation in the 24 hoursto9 am on the day indicated.
Days marked with → are part of a longer accumulation, which is shown on the final day.Values over  100  mm have been rounded to the nearest whole millimetre.Days marked with - have a rainfall report of zero; 
days left blank have no rainfall report (which often indicates no rain fell).",,,,,,,,,,,,,,,,,,,,,,,,,,,,,,,
202001,Rainfalls colouredaccording to the amount,0,1.0,5.0,10.0,15.0,25.0,50.0,100,150,200,300,400,600,millimetres,,,,,,,,,,,,,,,,,
202002,Abbotsbury (Fairfield (City Farm)),,,,,,,,,,,,,,,,,,,,,,,,,,,,,,,
202002,Abbotsford (Blackwall Point Rd),,,16.0,3.0,,,60.0,69.0,78.0,,,,3.0,4.0,,1.0,,,17.0,,,,,2.0,,,,,,,
202002,Audley  (Royal National Park),,,10.0,,,8.0,34.0,57.0,69.0,161,,,40.0,,,1.0,,1.0,13.0,,,5.0,1.0,,,,1.0,,,,
202002,Avalon Beach (Avalon (Palmgrove Rd)),,,10.6,2.6,,2.6,68.0,48.0,43.6,137,,,→,11.0,,2.6,,,10.0,,,56.8,,,,,,,,,
202002,Badgerys Creek AWS,,,9.8,0.2,,0.4,43.6,56.0,65.6,200,,0.2,15.6,20.6,0.2,18.8,,,2.0,,,,,,,,,,,,
202002,Bankstown Airport AWS,,,31.8,0.4,,0.6,48.2,40.8,79.2,160,,,2.2,1.2,,2.4,,,13.0,,,,0.6,0.2,,,,,,,
202002,Baulkham Hills Eucalyptus Ct,,,18.5,1.5,,1.5,34.5,39.0,87.0,147,5.0,,5.5,6.0,,10.0,,2.5,11.5,,,0.5,,,,,,,,,
202002,Belrose (Evelyn Place),,,14.2,1.6,,1.4,80.6,74.0,61.0,157,0.4,,10.8,11.4,,1.8,,,5.4,,,8.6,0.8,0.4,,,0.2,,,,
202002,Bilpin Post Office,,→,11.0,1.2,,3.0,73.0,176,→,170,0.6,0.6,23.0,24.2,2.0,→,19.6,23.0,10.0,,,7.8,→,2.8,,,6.2,,,,
202002,Blackheath (Wombat Street),,,5.0,1.0,,2.0,48.0,64.0,159,156,4.0,5.0,38.0,29.0,,35.0,3.0,9.0,9.0,,,11.0,5.0,,,,,,,,
202002,Box Hill (McCall Gardens),,,23.0,,,,37.0,33.0,50.0,94.0,,,19.0,6.0,,6.0,,9.0,14.0,,,,1.0,,,,,,,,
202002,Bringelly (Maryland),,,4.0,,,,37.0,53.0,50.0,172,2.0,,11.0,6.0,,29.0,,,2.0,,,,,,,,,,,,
202002,Camden (Brownlow Hill),,,11.8,,,0.2,33.6,43.6,55.4,176,1.6,,18.0,7.2,,22.8,,,4.6,,,→,1.0,,,,,,,,
202002,Camden Airport AWS,,,7.4,,,0.4,38.6,44.6,55.2,182,0.2,,12.6,3.2,,19.0,0.8,0.4,2.6,,,0.6,1.2,,,,0.4,,,,
202002,Campbelltown (Mount Annan),,,6.6,,,1.2,35.8,46.2,43.6,172,,,6.8,1.6,,0.8,0.8,0.6,,,,,1.4,0.4,,,0.4,,,,
202002,Canterbury Racecourse AWS,,,36.4,0.8,0.2,0.8,55.2,74.8,74.2,189,,0.2,3.0,,,0.6,,,12.2,,,,,0.4,0.2,,0.2,,,,
202002,Castle Cove (Rosebridge Ave),,,14.5,3.5,,3.0,60.0,64.0,92.0,240,,0.8,9.0,17.5,,,,2.5,13.0,,,5.0,,,,,,,,,
202002,Castle Hill (Kathleen Ave),,,24.9,,,2.0,29.0,40.0,71.0,163,0.2,,10.7,6.7,,,,8.3,16.7,,,,,,,,,,,,
202002,Castlereagh (Castlereagh Road),,,26.4,,,,43.0,63.4,88.6,128,,,,,,,,,,,,,,,,,,,,,
202002,Chatswood Bowling Club,,,12.0,2.0,,1.0,56.0,70.0,83.0,206,,,4.0,10.0,1.0,1.0,,1.0,9.0,,,,,2.0,,,,,,,
202002,Collaroy (Long Reef Golf Club),,,10.8,2.6,,,90.8,37.6,35.6,138,,,11.6,7.0,,2.0,,,6.2,,,,10.2,,,,,,,,
202002,Colo Heights (Mountain Pines),,,2.0,1.4,,,51.6,55.0,98.0,86.6,,2.6,14.2,,,15.8,12.6,17.6,,,,5.0,0.8,1.0,0.4,,0.2,,,,
202002,Concord (Brays Rd),,,16.2,1.8,,0.8,48.6,68.4,74.2,167,,,4.0,3.4,,1.0,,2.4,18.8,,,,,,,,0.2,,,,
202002,Concord Golf Club,,,15.0,1.0,,,51.8,72.2,76.4,220,,,5.6,6.4,,1.4,,4.0,15.6,,,,,,,,,,,,
202002,Cooranbong (Avondale),,,15.0,1.0,,,54.0,87.0,92.0,48.0,2.0,,3.0,1.0,,4.0,3.0,11.0,28.0,,,,,,,,,,,,
202002,Cooranbong (Lake Macquarie AWS),,,20.6,0.8,,,52.4,79.8,83.6,44.2,2.4,,2.0,1.6,0.2,4.4,3.8,9.8,28.8,0.2,,,0.6,,,,,0.2,,,
202002,Darkes Forest (Kintyre),,,6.6,,,,1.2,12.2,13.8,172,0.2,0.6,32.0,1.6,,1.0,12.6,0.8,0.2,,,,,,,,,,,,
202002,Dover Heights (Portland St),,,16.0,2.2,0.6,3.2,64.2,47.6,52.4,154,,0.2,13.2,5.4,,1.0,0.2,0.4,7.2,0.2,,0.2,1.2,,,,0.4,,,,
202002,Erskine Park Reservoir,,,34.0,,,1.0,36.0,43.0,89.0,170,,,23.0,10.0,,6.0,,9.0,17.0,,,,2.0,,,,,,,,
202002,Faulconbridge (Great Western Hwy),,,16.0,,,2.0,59.0,83.0,180,241,4.0,1.0,67.0,25.0,,11.0,,4.0,11.0,,,4.0,2.0,,,,1.0,,,,
202002,Faulconbridge (St Georges Crescent),,,13.2,0.2,,0.6,39.8,33.6,166,227,5.2,1.4,29.8,28.0,,10.2,1.2,3.0,6.8,,,5.0,1.8,,,,1.2,,,,
202002,Gears (Wyong River),,,8.0,,,1.0,76.0,176,125,64.0,,,4.0,1.0,,4.0,1.0,11.0,,,,7.0,,,,,,,,,
202002,Gosford AWS,,,,,,,,,57.8,117,,0.2,4.6,3.2,0.2,6.4,10.2,3.0,12.2,0.2,,29.6,5.0,,,,5.0,,,,
202002,Holsworthy Aerodrome AWS,,,20.6,,,0.2,35.2,48.6,61.0,183,,,8.4,2.8,,2.8,,,10.4,0.2,,,0.4,,0.2,,,,,,
202002,Holsworthy Defence AWS,,,9.0,,,3.4,28.2,56.8,59.2,224,,,20.6,1.8,,0.8,1.2,0.2,3.4,0.2,,2.4,7.4,,,,,,,,
202002,Hornsby (Swimming Pool),,,25.2,0.8,,2.0,37.4,81.0,90.6,188,,,13.0,8.0,0.2,10.0,0.2,8.6,14.0,,,2.0,,,,,,,,,
202002,Horsley Park Equestrian Centre AWS,,,39.2,0.2,,0.4,45.6,51.6,87.2,192,,,6.4,6.4,,16.6,0.6,,14.6,,,,0.2,0.6,,,0.6,,,,
202002,Katoomba (Farnells Rd),,→,12.8,0.2,→,0.8,32.0,66.0,193,226,12.6,14.6,→,84.6,,24.2,2.2,4.0,10.6,,,5.6,8.4,,,1.4,1.6,,,,
202002,Kurrajong Heights (Bells Line of Road),,,→,→,→,13.4,59.4,80.2,132,156,0.2,7.8,→,48.8,,18.0,→,23.0,,,,,,,,,,,,,
202002,Lucas Heights (ANSTO),,,9.0,0.1,,6.2,29.0,57.2,70.4,170,,0.1,13.4,,,1.0,0.4,0.2,18.4,,,3.2,,,,,2.4,,,,
202002,Mangrove Mountain AWS,,,,0.2,,2.4,85.4,126,,,,,,3.0,,,,,,,,,3.0,0.2,,,0.6,,,,
202002,Marrickville Golf Club,,,29.0,1.0,,1.0,46.0,65.0,78.0,194,1.0,,7.0,,,1.0,,,11.0,,,,,1.0,,,,,,,
202002,Menangle Bridge (Nepean River),,,7.0,,,3.0,26.0,41.0,30.0,133,,,17.0,1.0,,2.0,1.0,,10.0,,,1.0,2.0,,,,,,,,
202002,Milperra Bridge (Georges River),,,24.0,,,,37.0,42.0,88.0,153,,1.0,2.0,1.0,,2.0,,,,,,,,,,,,,,,
202002,Mona Vale Golf Club,,,9.6,1.6,,1.2,44.8,11.4,4.0,,,,,,,,,,,,,,,,,,,,,,
202002,Mount Boyce AWS,,,5.4,0.4,,1.4,50.2,70.8,158,137,2.4,3.8,37.2,25.6,0.2,35.6,1.8,12.6,6.8,,,7.2,3.8,0.2,,,0.2,0.2,0.2,,
202002,Mount Wilson (Clarine),,,4.6,1.0,,4.6,74.0,62.2,188,167,2.6,7.0,35.0,28.0,,14.6,5.8,31.4,12.4,,,11.0,8.0,,2.4,,6.4,,,,
202002,Norah Head AWS,0.2,,17.6,,,1.2,94.8,81.4,45.8,72.0,1.0,,0.4,2.2,,2.6,0.6,11.2,22.2,,,13.2,3.0,,,,1.2,,0.2,,
202002,North Parramatta (Burnside Homes),,,15.0,1.5,,1.5,41.5,51.5,85.5,171,,,13.0,10.0,,14.5,,0.5,11.5,,,,,,,,,,,,
202002,North Rocks (Muirfield Golf Club),,,16.5,2.0,,2.5,35.5,36.0,83.5,155,0.5,,6.5,7.0,,11.5,,1.0,13.0,,,,,1.0,,,0.5,,,,
202002,North Ryde Golf Club,,,9.0,2.0,,1.0,38.0,56.0,74.0,181,,,5.0,9.0,,1.0,,2.0,11.0,,,,,1.0,,,,,,,
202002,Palm Grove (Lyrebird Lane),,,11.0,,,2.0,90.0,175,125,109,,,10.0,4.0,1.0,4.0,,16.0,12.0,,,10.0,1.0,,,,,,,,
202002,Parramatta North (Masons Drive),,,16.0,1.2,,1.6,48.0,51.0,102,158,,,13.4,10.2,,15.0,0.2,0.8,11.4,,,,0.2,,,,0.6,,,,
202002,Peakhurst Golf Club,,,46.0,,,1.0,32.0,67.0,100,225,,,3.0,,,1.0,,,14.0,,,2.0,,,,,,,,,
202002,Pennant Hills (Yarrara Road),,,15.0,5.0,,4.0,30.0,→,→,342,,,17.2,8.4,,7.4,,1.8,11.4,,0.8,,,,,,,,,,
202002,Penrith Lakes AWS,,,21.4,0.2,,0.2,33.4,41.2,82.2,112,9.6,,21.6,9.6,,4.0,0.2,4.0,15.2,,,,1.6,,,,0.2,,,,
202002,Picton Council Depot,,,19.2,,,,8.2,,,260,,,16.4,,,,14.2,,,,,,,,,,,4.6,,,
202002,Prospect Reservoir,,,32.0,1.0,,,45.0,54.0,104,165,,,9.0,10.0,,13.0,,10.0,16.0,,,,,,,,1.0,,,,
202002,Putty (The Gibba),,,1.0,,,,39.0,33.0,78.0,58.0,1.0,5.0,5.0,13.0,,9.0,2.0,7.0,26.0,,,4.0,1.0,,1.0,,2.0,,,,
202002,Randwick (Randwick St),,,14.8,2.0,,2.8,45.4,62.8,66.0,162,0.1,0.2,12.4,4.2,,1.6,,0.8,12.4,,,0.2,1.6,,,,,,,,
202002,Randwick Racecourse,,,14.0,2.0,,,45.0,66.2,62.0,181,,0.4,,,,,,,,,,,,,,,,,,,
202002,Richmond - UWS Hawkesbury,,,22.0,,,1.4,40.1,,,188,4.0,1.4,20.8,11.2,,,12.0,10.0,17.0,,,,,0.2,,,2.4,,,,
202002,Richmond RAAF,,,11.0,1.2,,1.0,36.0,29.4,52.8,86.8,0.8,0.2,15.6,9.2,,13.2,0.2,6.6,10.6,0.4,,,0.2,0.2,,,5.0,,,,
202002,Rose Bay (Royal Sydney Golf Club),,,16.0,2.0,0.2,3.4,67.0,52.2,53.6,162,,0.4,11.0,0.4,,1.0,,0.4,9.0,,,0.4,,,,,,,,,
202002,Rossmore (South Creek),,,10.0,,,,36.0,48.0,74.0,180,,,11.0,10.0,,22.0,,,3.0,,,,,,,,,,,,
202002,Sans Souci (Public School),,,52.0,,,3.0,16.0,51.0,39.0,100,,,22.0,,,1.0,1.0,,9.0,,,8.0,1.0,,,,,,,,
202002,Seven Hills  (Radio FM 103.2),,,19.0,0.5,,0.5,35.0,40.0,80.5,145,0.5,,8.5,8.5,,12.0,,3.0,14.0,,,,,,,,0.5,,,,
202002,Shanes Park (South Creek Road),,,22.8,0.2,,0.6,38.0,34.8,66.6,98.6,0.2,0.2,10.2,9.0,,5.0,,3.2,27.2,0.2,,,1.2,,,,,,,,
202002,Springwood (Valley Heights),,,18.8,,,0.8,48.0,70.8,141,215,12.8,2.0,53.4,25.4,,6.4,0.4,4.0,13.2,,,3.0,1.2,,,,0.2,,,,
202002,St Ives (Richmond Avenue),,,11.2,1.4,,5.2,43.6,88.6,89.8,188,0.2,,9.4,9.8,,7.0,,3.8,5.6,,,6.4,1.0,,,,,,,,
202002,Sydney (Observatory Hill),,,21.0,3.0,,0.4,79.0,70.6,66.0,176,,,7.2,4.8,,0.8,1.2,0.4,10.2,0.2,,,,0.6,,,0.2,,,,
202002,Sydney Airport AMO,,,27.4,0.8,,2.2,30.0,53.4,69.8,163,,,14.8,,,1.2,1.2,0.4,13.0,,,0.4,0.6,0.2,,,,,,,
202002,Sydney Botanic Gardens,,,21.0,3.4,0.1,3.0,77.7,69.2,72.6,187,,,8.8,5.0,,1.2,0.6,0.4,16.4,,,0.8,,0.2,,,,,,,
202002,Sydney Olympic Park AWS (Archery Centre),,,17.2,2.4,,0.4,52.8,74.2,107,191,,,4.8,4.6,,4.2,,7.6,19.4,,,,,1.2,,,0.6,,,,
202002,Terrey Hills AWS,,,5.2,1.4,,,0.2,27.2,,,,,,9.4,,3.4,,6.0,12.2,,,19.2,3.2,,,,,,,,
202002,Wahroonga (Ada Avenue),,,32.4,1.2,,6.6,45.2,71.0,105,207,0.2,,18.0,7.6,,8.4,,1.2,12.4,,,2.6,0.2,,,,,,,,
202002,Warragamba,,,10.0,,,,54.0,78.0,103,164,2.0,1.0,23.0,15.0,,30.0,2.0,,2.0,,,,,,,,,,,,
202002,Wedderburn (Booalbyn),,,4.0,,,10.0,31.0,59.0,45.0,203,,,41.0,1.0,,1.0,9.0,,2.0,,,,2.0,,,,,,,,
202002,Wyong (Mount Elliot),,,8.0,1.0,,10.0,61.0,229,68.0,122,,,5.0,8.0,,6.0,2.0,4.0,,,,,,,,,,,,,
202002,Wyong (Olney Forest),,,18.0,,,1.0,66.0,125,146,73.0,,,4.0,5.0,,2.0,5.0,10.0,26.0,,,1.0,7.0,,,,1.0,,,,
202002,Yarramalong (Lewensbrook),,,8.0,,,1.0,76.0,176,125,64.0,,,5.0,,8.8,,2.0,9.0,15.0,,,8.4,,,,,,,,,
202002,"Most values are the precipitation in the 24 hoursto9 am on the day indicated.
Days marked with → are part of a longer accumulation, which is shown on the final day.Values over  100  mm have been rounded to the nearest whole millimetre.Days marked with - have a rainfall report of zero; 
days left blank have no rainfall report (which often indicates no rain fell).",,,,,,,,,,,,,,,,,,,,,,,,,,,,,,,
202002,Rainfalls colouredaccording to the amount,0,1.0,5.0,10.0,15.0,25.0,50.0,100,150,200,300,400,600,millimetres,,,,,,,,,,,,,,,,,
202003,Abbotsbury (Fairfield (City Farm)),,,,14.0,6.0,19.0,,6.0,1.0,,,3.0,,,10.0,5.0,3.0,,,,,,,,,17.0,3.0,,2.0,1.0,
202003,Abbotsford (Blackwall Point Rd),,,,11.0,3.0,38.0,,11.0,,,→,→,4.0,,7.0,14.0,14.0,,,,,,,,3.0,19.0,3.0,,10.0,2.0,
202003,Audley  (Royal National Park),,,,8.0,21.0,28.0,,13.0,1.0,2.0,4.0,,,,8.0,17.0,9.0,,,,,,4.0,,,11.0,,1.0,17.0,2.0,
202003,Avalon Beach (Avalon (Palmgrove Rd)),,,,19.6,3.4,51.6,,12.8,0.6,1.4,0.8,2.0,,,10.4,12.8,11.0,,,,,,,9.4,0.2,37.0,11.0,0.8,10.2,,
202003,Badgerys Creek AWS,,,,11.2,10.8,24.6,0.2,7.6,0.6,,,2.0,0.2,0.2,7.0,5.4,5.8,,,,,,,,,27.2,1.4,,2.2,0.8,0.4
202003,Bankstown Airport AWS,,,,15.4,9.4,23.0,,9.4,0.2,,,0.2,,,12.2,6.4,1.6,0.8,,,,,,,,13.6,6.0,,5.0,0.6,0.2
202003,Baulkham Hills Eucalyptus Ct,,,,14.0,3.5,18.5,0.5,11.5,1.0,2.5,,1.0,,0.5,12.5,6.5,4.0,,,,,,,,,12.5,3.0,0.5,1.0,1.0,
202003,Belrose (Evelyn Place),,,,21.6,4.2,60.6,0.2,10.6,,5.6,,2.0,,0.4,9.6,5.0,34.6,,,,,,0.6,5.6,1.4,14.4,11.4,0.4,15.0,1.6,
202003,Blackheath (Wombat Street),1.0,,1.0,16.0,15.0,19.0,1.0,5.0,7.0,3.0,,1.0,,3.0,14.0,6.0,7.0,,,,,,2.0,7.0,5.0,41.0,9.0,7.0,3.0,7.0,1.0
202003,Box Hill (McCall Gardens),,,,17.0,6.0,18.0,1.0,8.0,1.0,,,,,,10.0,1.0,9.0,,,,,,,,,23.0,5.0,,3.0,1.0,
202003,Bringelly (Maryland),,,,7.0,14.0,22.0,5.0,2.0,,,,2.0,,,8.0,4.0,6.0,,,,,,,,,48.0,,1.0,2.0,1.0,
202003,Camden (Brownlow Hill),,,,7.2,12.4,28.0,,2.0,,,,,0.2,,7.0,0.8,4.0,0.2,,,,,,,,25.2,1.4,0.2,2.2,2.0,
202003,Camden Airport AWS,,,,6.0,13.6,24.0,,1.4,,,,0.6,0.2,0.2,6.8,0.6,4.0,0.2,,,,,,,,24.6,1.2,0.4,2.2,2.4,
202003,Campbelltown (Mount Annan),,,,5.6,8.2,22.8,0.2,1.6,,,,1.2,0.2,0.4,8.0,3.2,9.4,0.8,0.2,,,,,,,13.2,1.6,0.2,2.8,2.6,
202003,Canterbury Racecourse AWS,,,,8.8,9.8,44.6,,10.2,3.4,1.0,,0.4,,,9.6,8.2,2.8,0.2,,,,,1.2,5.0,,26.2,0.8,,10.4,1.0,
202003,Castle Cove (Rosebridge Ave),,,,23.0,6.0,47.0,,11.0,8.0,4.5,,0.2,,,12.0,9.8,24.0,,,,,,,4.5,2.0,19.0,11.0,1.0,9.5,2.0,
202003,Castle Hill (Kathleen Ave),,,,10.3,9.3,21.6,,9.8,0.6,1.5,,1.3,,0.2,12.0,7.8,18.3,,3.0,18.0,,1.6,3.7,,,,,,,,
202003,Castlereagh (Castlereagh Road),,,,18.8,22.2,,8.6,0.6,2.4,,,,,11.4,,5.2,,,,,,,1.6,1.0,,,,,,,
202003,Chatswood Bowling Club,,,,23.0,3.0,31.0,,10.0,5.0,5.0,,1.0,,,13.0,13.0,10.0,,,,,,1.0,5.0,,17.0,9.0,1.0,11.0,1.0,
202003,Collaroy (Long Reef Golf Club),,,,24.8,2.4,50.6,,7.6,6.8,1.8,,2.8,,,8.8,,10.2,,,,,,,6.2,,8.4,2.0,,6.8,2.2,
202003,Colo Heights (Mountain Pines),,,0.4,11.8,6.6,34.4,0.4,5.8,,0.5,,,,1.4,11.4,2.4,14.6,,,,,,0.2,,,68.0,6.5,2.0,2.2,1.6,0.2
202003,Concord (Brays Rd),,,,6.8,2.8,35.4,,7.0,1.8,1.4,,,,,11.0,14.0,1.6,0.2,,,,,,1.0,0.2,21.4,2.4,,2.0,8.4,
202003,Concord Golf Club,,,,11.0,8.4,30.0,,8.2,3.0,1.6,,2.6,,,12.0,11.6,3.0,,,,,,1.2,,,,,,,,
202003,Cooranbong (Avondale),,1.0,,15.0,3.0,25.0,2.0,1.0,,1.0,,,,1.0,4.0,11.0,17.0,,,,,,,2.0,,30.0,26.0,3.0,20.0,,1.0
202003,Cooranbong (Lake Macquarie AWS),,,,17.2,2.6,27.8,2.4,1.0,,1.0,,0.2,,,5.4,11.4,17.4,,,,0.2,,0.2,1.8,,31.4,26.2,3.6,22.0,0.4,0.8
202003,Dover Heights (Portland St),,,,19.6,7.2,38.0,0.2,7.8,7.8,8.0,,0.8,,,10.4,7.0,23.6,0.2,,,,1.4,,10.4,,11.0,,,12.2,1.4,
202003,Erskine Park Reservoir,,,,29.0,8.0,20.0,,4.0,,,,1.0,1.0,,11.0,4.0,4.0,,,,,,,,,26.0,1.0,,3.0,1.0,
202003,Faulconbridge (Great Western Hwy),,,2.0,14.0,10.0,28.0,2.0,6.0,3.0,4.0,,,,1.0,11.0,6.0,9.0,,,,,,1.0,2.0,,25.0,7.0,1.0,5.0,2.0,1.0
202003,Faulconbridge (St Georges Crescent),,,2.8,15.0,9.6,29.8,2.0,6.8,3.2,3.4,,,,1.8,12.6,6.4,5.4,,,,,0.8,1.4,2.4,0.4,24.6,7.8,0.2,5.2,2.4,0.6
202003,Gears (Wyong River),,,,7.0,1.0,29.0,1.0,1.0,,,,,,,7.0,2.0,8.0,,,,,,,,,,4.0,,10.0,,
202003,Gosford AWS,,,,10.0,2.2,46.0,,5.0,0.2,0.6,,,,,14.8,25.4,13.8,0.2,,,,,1.0,10.8,1.6,22.4,7.8,,17.0,1.4,0.2
202003,Holsworthy Aerodrome AWS,,,,7.2,25.4,20.6,,5.4,,,,0.6,,1.0,9.6,7.0,4.6,0.2,,,,,,,,10.8,0.6,,5.2,1.2,0.2
202003,Holsworthy Defence AWS,,,,7.8,9.0,22.8,,8.4,,,,0.2,0.2,0.4,7.2,16.0,6.8,0.8,,,,,,,,6.6,0.6,,10.4,2.4,0.2
202003,Hornsby (Swimming Pool),,,,21.0,3.0,29.2,,6.6,0.8,0.2,,1.8,,0.2,12.4,6.8,13.8,0.2,,,,,,0.4,,48.2,6.4,,2.8,3.0,
202003,Horsley Park Equestrian Centre AWS,,,,32.8,7.2,20.8,,6.2,1.6,0.2,0.2,0.8,0.2,0.4,11.6,4.6,5.2,0.2,,,,,,,,22.0,1.2,,1.6,1.2,0.2
202003,Katoomba (Farnells Rd),,,0.8,9.2,12.0,20.8,3.0,12.6,5.0,0.4,,,,2.6,13.6,11.7,22.8,1.4,,,,,→,3.6,2.8,73.5,8.2,1.8,3.0,8.2,1.2
202003,Kurrajong Heights (Bells Line of Road),→,→,→,→,80.0,29.0,2.1,8.6,6.8,2.4,,0.2,,,11.0,→,9.4,,,,,,5.0,9.4,0.2,26.4,7.2,0.5,8.0,2.0,0.2
202003,Lucas Heights (ANSTO),,,,6.6,16.3,26.2,,4.6,,,0.2,0.2,,,8.2,14.6,10.0,,,,,,,,,12.0,,,,2.1,
202003,Macquarie Park (Willandra Village),,,,19.2,2.8,34.0,0.2,7.8,4.0,1.4,,0.2,,0.4,10.0,15.2,10.2,,,,,,0.4,0.2,0.4,11.6,9.8,0.2,5.0,1.6,0.2
202003,Mangrove Mountain AWS,,,,9.2,2.4,37.4,1.2,4.8,2.8,0.6,,,0.2,,12.8,16.0,13.4,,,,,,3.4,,,31.8,6.8,0.4,13.8,3.0,1.4
202003,Marrickville Golf Club,,,,11.0,3.0,39.0,,19.0,5.0,4.0,,,,,10.0,9.0,5.0,,,,,,1.0,1.0,,19.0,4.0,,7.0,1.0,
202003,Menangle Bridge (Nepean River),,,,5.0,8.0,24.0,1.0,4.0,,,,,,,8.0,1.0,5.0,1.0,,,,,,,,17.0,6.0,,2.0,10.0,
202003,Mona Vale Golf Club,,,,,,,,,,0.8,0.6,1.6,,,10.2,14.4,14.0,0.2,0.2,,,,0.4,12.8,,29.8,9.8,2.2,14.2,6.6,
202003,Mount Boyce AWS,,,0.6,15.2,10.6,20.2,0.6,4.0,4.6,2.0,0.2,0.2,,3.2,14.6,5.0,7.8,0.4,,,,,1.2,3.2,3.6,30.2,8.6,3.8,2.0,5.6,1.0
202003,Norah Head AWS,,,0.2,26.8,1.4,22.8,1.0,1.4,0.2,,,,,,14.0,8.0,7.0,,,,,,1.6,0.2,0.2,20.0,3.2,,30.8,1.8,0.6
202003,North Parramatta (Burnside Homes),,,,18.0,2.5,20.0,0.5,9.0,4.0,2.5,,,,,12.5,5.0,2.5,,,,,,,1.5,,12.0,4.5,,2.5,2.0,
202003,North Rocks (Muirfield Golf Club),,,,14.0,2.5,21.0,,10.5,1.0,2.5,,,0.5,0.5,12.0,6.5,6.0,,,,,,,,,12.0,7.0,,1.5,1.5,0.5
202003,North Ryde Golf Club,,,,20.0,2.0,37.0,,10.0,4.0,,,1.0,,1.0,12.0,16.0,10.0,,,,,,,,,14.0,4.0,,7.0,1.0,
202003,Palm Grove (Lyrebird Lane),,,,9.0,3.0,39.0,5.0,5.0,,,,,,,8.0,16.0,15.0,,,,,,,,,34.0,5.0,1.0,16.0,2.0,1.0
202003,Parramatta North (Masons Drive),,,,19.8,6.4,20.4,,10.4,4.0,2.6,,0.4,,1.4,12.0,5.8,2.6,,,,,,,2.0,,12.0,5.0,,3.2,2.2,
202003,Peakhurst Golf Club,,,,10.0,11.0,27.0,,11.0,1.0,,,,,1.0,9.0,11.0,3.0,1.0,,,,,1.0,,,19.0,4.0,1.0,9.0,1.0,
202003,Pennant Hills (Yarrara Road),,,,10.8,7.0,25.4,→,→,12.2,1.6,,1.2,,→,→,22.2,13.0,,,,,,,0.4,,15.0,→,→,→,→,9.4
202003,Penrith Lakes AWS,,,,10.2,8.2,18.6,,3.6,0.8,3.4,,,,1.2,11.0,2.6,1.6,,,,,,0.4,,0.2,12.8,2.8,0.2,2.8,1.6,
202003,Picton Council Depot,,,,,,47.8,,,,,,,,,,,,,,,,,,,,,,,,,
202003,Prospect Reservoir,,,,22.0,4.0,21.0,,8.0,6.0,,1.0,2.0,,,13.0,4.0,3.0,,,,,,,,,20.0,3.0,,2.0,4.0,
202003,Putty (The Gibba),,,,7.0,5.0,56.0,,5.0,2.0,,,2.0,,,10.0,2.0,14.0,,,,,,,,,49.0,3.0,2.0,1.0,2.0,3.0
202003,Randwick (Randwick St),,,,16.8,3.6,57.6,0.4,4.2,9.0,5.2,,0.2,,,10.6,21.6,7.8,0.2,,,,,,4.8,,12.6,0.2,1.4,12.6,1.4,0.1
202003,Randwick Racecourse,,,,13.0,5.8,27.0,0.2,9.8,10.2,3.4,,0.3,,,9.8,15.4,7.5,0.6,,,,,,2.8,,12.0,,1.0,13.2,,
202003,Richmond - UWS Hawkesbury,,,,53.2,6.4,17.4,,,6.0,,,,,,,12.0,0.8,,,,,,0.8,,0.8,11.4,4.0,,,6.0,
202003,Richmond RAAF,,,,36.2,7.0,20.4,0.2,1.8,2.2,0.2,,,,,11.0,0.2,1.4,0.2,,,,,0.6,,0.8,9.8,5.0,0.2,4.0,1.4,
202003,Rose Bay (Royal Sydney Golf Club),,,,21.5,6.0,37.2,,8.5,7.4,7.0,,0.4,,,9.4,10.2,13.8,,,,,,,10.2,,10.0,0.2,,12.0,1.4,0.2
202003,Rossmore (South Creek),,,,13.0,14.0,21.0,,9.0,1.0,,,1.0,,,8.0,6.0,8.0,,,,,,,,,21.0,1.0,,3.0,2.0,
202003,Sans Souci (Public School),,,,10.0,9.0,42.0,1.0,11.0,4.0,,,,,,7.0,10.0,2.0,,,,,,1.0,1.0,,12.0,3.0,3.0,21.0,,
202003,Seven Hills  (Radio FM 103.2),,,,18.5,4.0,19.0,,6.5,0.5,1.5,0.5,0.5,0.5,0.5,11.5,3.0,1.0,0.5,,,,,,,,12.5,3.5,0.5,1.5,2.5,0.5
202003,Shanes Park (South Creek Road),,,,35.0,9.4,20.4,0.4,3.0,1.4,2.0,,,,0.2,11.6,2.6,2.8,0.2,,,,,0.2,,,15.8,1.8,0.2,5.4,2.0,0.2
202003,Springwood (Valley Heights),,,0.8,12.4,9.4,30.4,2.6,6.0,1.8,6.0,,,,1.6,11.0,5.8,6.2,0.2,,,,0.2,,1.8,,21.0,4.6,0.6,5.0,2.0,0.4
202003,St Ives (Richmond Avenue),,,,18.8,3.0,34.6,0.2,6.8,1.2,1.4,,1.0,,,12.2,5.4,36.4,,,,,,0.4,3.4,0.6,32.4,7.4,1.0,3.6,2.4,
202003,Sydney (Observatory Hill),,,,19.6,5.2,36.4,0.2,16.8,6.6,3.4,0.2,0.6,,,10.2,12.6,9.4,0.2,,,,,0.4,5.4,0.2,18.4,0.2,0.2,13.4,0.8,
202003,Sydney Airport AMO,,,,7.6,5.2,32.0,0.2,15.4,2.2,4.8,0.2,0.4,0.2,,8.6,7.0,6.0,0.2,,,,,0.2,2.0,0.6,15.8,2.4,0.8,17.2,0.8,
202003,Sydney Botanic Gardens,,,,22.4,5.6,43.6,0.1,14.5,7.0,5.2,0.5,0.6,,,10.6,15.2,10.0,,,,,,1.0,6.4,0.4,,,,,,
202003,Sydney Olympic Park AWS (Archery Centre),,,,14.8,3.0,27.0,,9.8,2.8,2.4,,0.8,,0.2,13.4,8.4,2.0,0.2,,,,,,0.8,,21.6,3.0,,2.2,14.4,5.2
202003,Terrey Hills AWS,,,,25.6,4.8,61.6,,10.4,5.0,2.6,,1.4,,,12.4,8.2,25.0,0.2,,,,,0.2,3.0,0.8,40.8,15.4,0.6,13.2,3.8,
202003,Wahroonga (Ada Avenue),,,,23.2,6.2,36.8,0.2,9.0,1.8,1.8,,1.0,,0.2,13.2,9.0,14.8,0.2,,,,,,1.4,,27.6,8.8,,3.2,2.0,0.2
202003,Warragamba,,,,14.0,20.0,34.0,1.0,5.0,,4.0,,1.0,,1.0,11.0,4.0,6.0,,,,,,,,,27.0,4.0,,2.0,2.0,2.0
202003,Wedderburn (Booalbyn),,,,5.0,10.0,20.0,,8.0,,,,1.0,,,9.0,4.0,14.0,1.0,,,,,,,,5.0,6.0,,4.0,1.0,
202003,Wyong (Mount Elliot),,,,,,,,,,,,,,,,,,,,,,,1.0,7.0,,33.0,5.0,,21.0,1.0,
202003,Wyong (Olney Forest),,,,8.0,2.0,29.0,6.0,2.0,,,,4.0,,,9.0,15.0,12.0,1.0,,,,,,,,67.0,25.0,2.0,10.0,1.0,
202003,"Most values are the precipitation in the 24 hoursto9 am on the day indicated.
Days marked with → are part of a longer accumulation, which is shown on the final day.Values over  100  mm have been rounded to the nearest whole millimetre.Days marked with - have a rainfall report of zero; 
days left blank have no rainfall report (which often indicates no rain fell).",,,,,,,,,,,,,,,,,,,,,,,,,,,,,,,
202003,Rainfalls colouredaccording to the amount,0,1.0,5.0,10.0,15.0,25.0,50.0,100,150,200,300,400,600,millimetres,,,,,,,,,,,,,,,,,
202004,Abbotsbury (Fairfield (City Farm)),,3.0,6.0,11.0,,,,,,2.0,22.0,,,,,,,,,,,,,,,,,,,12.0,
202004,Abbotsford (Blackwall Point Rd),,,6.0,5.0,,,,,,6.0,3.0,,,,,,,,,,,,,,,,,0.8,,,
202004,Audley  (Royal National Park),2.0,21.0,6.0,17.0,,,,,17.0,1.0,2.0,,,,,,,,,,,,,,,,,,,7.0,
202004,Avalon Beach (Avalon (Palmgrove Rd)),,,0.4,22.0,,,1.8,1.2,12.4,1.4,1.2,,,,,,,,,,,,,,,,7.2,,,,
202004,Badgerys Creek AWS,,0.2,5.6,3.2,,,,,0.4,1.2,1.8,0.2,,,,,,,,,,,,,,,,0.2,,17.2,
202004,Bankstown Airport AWS,,9.0,7.2,6.4,0.2,,,0.6,0.2,1.4,17.8,,,,,,,,,,,,,,,,,,,6.4,
202004,Baulkham Hills Eucalyptus Ct,0.5,15.5,4.0,7.5,,,,,,1.0,2.0,,,,,,,,,,7.0,,,,,,,0.5,,1.0,
202004,Belrose (Evelyn Place),,,3.2,12.0,,,0.2,1.0,19.6,1.0,1.6,,,,,,,,,,,,,,,,0.4,2.2,0.6,0.2,
202004,Blackheath (Wombat Street),,,5.0,14.0,,,,,3.0,4.0,4.0,,,,,,,,,,,,,,,,,1.0,,23.0,
202004,Box Hill (McCall Gardens),,5.0,4.0,10.0,,,,,1.0,1.0,8.0,,,,,,,,,,,,,,,,,,,,
202004,Bringelly (Maryland),,1.0,5.0,4.0,,,,,4.0,2.0,7.0,,,,,,,,,,,,,,,,,,,19.0,
202004,Camden (Brownlow Hill),,2.6,7.0,4.0,,,,,,1.8,7.8,,,,,,,,,,,,,,,,,,,13.0,
202004,Camden Airport AWS,0.2,,7.0,4.8,,,,0.2,0.2,2.0,11.6,,,,,,,,,,,,,,,,,0.2,,14.4,
202004,Campbelltown (Mount Annan),,2.4,6.2,3.0,0.2,,,,,1.6,9.6,,,,,,,,,,,,,,,,,,,17.4,
202004,Canterbury Racecourse AWS,,0.2,5.2,6.4,,,0.8,0.2,,1.2,10.0,,,,,,,,,,,,,,,,,0.6,,1.4,
202004,Castle Cove (Rosebridge Ave),0.5,,4.5,12.5,,,1.0,1.0,4.0,1.0,4.0,,,,,,,,,,,,,,,,,1.0,,,
202004,Castle Hill (Kathleen Ave),,14.0,5.8,6.8,,,,,0.6,1.4,3.0,,,,,,,,,,,,,,,,,0.6,,0.4,
202004,Chatswood Bowling Club,,,5.0,10.0,,,2.0,2.0,,1.0,3.0,,,,,,,,,,,,,,,,,1.0,,1.0,
202004,Collaroy (Long Reef Golf Club),,,2.2,11.0,,,1.2,,13.2,,1.2,,,,,,,,,,,,,,,,1.2,,,,
202004,Colo Heights (Mountain Pines),7.0,0.2,5.6,17.0,,,7.0,,0.6,2.4,0.4,,,,,,,,,,,,,,,,,0.6,,2.1,
202004,Concord (Brays Rd),,6.4,4.4,6.6,,,,3.8,0.4,0.8,5.0,,,,,,,,,,,,,,,,,0.2,,0.2,
202004,Concord Golf Club,,17.0,5.0,7.4,,,0.2,3.6,0.4,1.4,7.4,,,,,,,,,,,,,,,,,,,0.4,
202004,Cooranbong (Avondale),,1.0,4.0,20.0,,,12.0,1.0,2.0,4.0,1.0,,,,,,,,,1.0,,,,,,,4.0,,1.0,1.0,
202004,Cooranbong (Lake Macquarie AWS),,0.2,5.4,23.8,,,13.0,0.2,2.4,2.6,1.8,0.2,,,,,,,,,,,,,,,4.4,0.4,0.8,0.4,
202004,Dover Heights (Portland St),,,4.0,9.6,,,4.0,7.2,,2.8,→,2.0,,,,,,,,,,,,,→,→,4.4,,6.0,0.4,
202004,Erskine Park Reservoir,,2.0,7.0,10.0,,,,,,1.0,9.0,,,,,,,,,,,,,,,,,,,13.0,
202004,Faulconbridge (Great Western Hwy),14.0,1.0,5.0,6.0,,,,,,3.0,1.0,,,,,,,,,,,,,,,,,1.0,,16.0,
202004,Faulconbridge (St Georges Crescent),19.8,0.4,5.8,7.0,,,0.8,,2.2,3.0,2.6,,,,,,,,,,,,,,,,,1.0,,17.8,
202004,Gears (Wyong River),,,1.0,5.0,,,,,,1.0,1.0,,,,,,,,,,,,,,,,,,,,
202004,Gosford AWS,1.4,,4.0,10.4,,,3.2,2.6,12.6,1.0,1.4,,,,,,,,,,,,,,,,1.2,1.8,,0.2,
202004,Holsworthy Aerodrome AWS,,11.4,6.2,11.0,,,,,0.6,1.2,4.0,,,,,,,,,,,,,,,,,,,10.4,
202004,Holsworthy Defence AWS,,11.6,6.8,6.2,0.2,,,,3.2,1.6,6.2,,,0.2,,,,,,,,,,,,,,0.2,,21.2,
202004,Hornsby (Swimming Pool),2.2,15.6,6.4,14.4,0.2,,,,9.0,1.2,3.8,,,,,,,,,,,,,,,,,2.2,,,
202004,Horsley Park Equestrian Centre AWS,0.2,6.6,7.2,10.8,,,,,0.6,1.2,13.0,,,,,,,,,,,,,,,,,,,13.8,
202004,Katoomba (Farnells Rd),0.6,0.2,5.6,11.2,0.4,,2.2,0.2,3.4,3.2,5.6,0.2,,,,,,,,,,,,,,,,1.4,,20.2,
202004,Kurrajong Heights (Bells Line of Road),8.4,0.2,4.0,→,12.8,,4.2,,4.8,1.6,3.2,,,,,,,,,,,,,,,,,1.2,0.2,,
202004,Mangrove Mountain AWS,2.8,0.2,5.6,16.6,,,1.6,,4.2,7.8,2.0,0.2,,,,,,,,,,,,,,,0.4,0.6,1.0,,
202004,Marrickville Golf Club,,,5.0,6.0,,,2.0,,,1.0,10.0,,,,,,,,,,,,,,,,,,,1.0,
202004,Menangle Bridge (Nepean River),,1.0,7.0,5.0,,,,,,2.0,9.0,,,,,,,,,,,,,,,,,,,15.0,
202004,Mona Vale Golf Club,,,3.6,16.0,,,2.6,0.2,10.0,1.2,1.0,,,0.4,0.4,,,,,0.2,,,,,0.2,,2.4,,1.8,0.4,
202004,Mount Annan (Australian Botanic Garden),,2.0,6.6,3.8,0.2,,,,,1.6,9.2,0.5,,,,,,,,,,,,,,,,,,16.2,
202004,Mount Boyce AWS,0.2,,4.6,12.6,0.2,,0.2,,3.4,5.0,3.4,,,,,,,,,,,,,,,,,1.2,0.2,19.2,
202004,Mount Wilson (Clarine),,,7.8,16.0,1.4,,3.4,,5.8,2.8,3.6,,,,,,,,,,,,,,,,,2.6,1.6,22.0,
202004,Norah Head AWS,0.4,0.2,8.2,19.2,,,4.8,8.2,6.8,1.4,2.4,,,,,0.2,,,,,,,,,,,4.6,2.0,1.6,0.2,
202004,North Parramatta (Burnside Homes),,11.5,4.5,7.0,,,,,,1.0,3.5,,,,,,,,,,,,,,,,,,,1.5,
202004,North Rocks (Muirfield Golf Club),,13.0,5.0,7.0,,,1.0,,,1.0,2.5,,,,,,,,,,,,,,,,,,,1.5,
202004,North Ryde Golf Club,,15.0,5.0,8.0,,,1.0,,,1.0,4.0,,,,,,,,,,,,,,,,,,,,
202004,Palm Grove (Lyrebird Lane),11.0,,3.0,14.0,,,1.0,,,5.0,2.0,,,,,,,,,,,,,,,,1.0,3.0,,,
202004,Parramatta North (Masons Drive),0.2,13.0,5.0,7.4,,,,,0.4,1.0,4.0,,,,,,,,,,,,,,,,,0.4,0.2,0.2,
202004,Peakhurst Golf Club,1.0,11.0,7.0,6.0,,,,,,2.0,10.0,,,,,,,,,,,,,,,,,1.0,,4.0,
202004,Penrith Lakes AWS,0.2,,6.6,10.2,,,,,0.2,1.8,1.0,0.2,,,,,,,,,,,,,,,,,,18.4,
202004,Prospect Reservoir,1.0,13.0,6.0,8.0,,,,,,1.0,5.0,,,,,,,,,,,,,,,,,,,8.0,
202004,Putty (The Gibba),,,3.0,30.0,,,3.0,1.0,,4.0,2.0,,,,,,,,,,,,,,,,,,,1.0,
202004,Randwick (Randwick St),,0.2,5.0,7.8,,,8.8,4.4,,2.0,4.6,,,,,,,,,,,,,,,,,,3.4,0.2,
202004,Richmond - UWS Hawkesbury,,,4.0,,,7.0,,,3.4,,,,,3.2,,,,,,,,,,,,,,,,3.6,
202004,Richmond RAAF,,,4.0,8.0,0.2,,,,0.6,1.4,2.6,0.2,,,,,,,,,,,,,,,,,,3.8,
202004,Rose Bay (Royal Sydney Golf Club),,,4.2,7.0,,,6.5,6.8,,2.2,2.8,,,,0.2,,,,,,,,,,,,0.1,0.1,4.5,0.2,
202004,Rossmore (South Creek),,2.0,6.0,4.0,,,,,,1.0,2.0,,,,,,,,,,,,,,,,,,,17.0,
202004,Sans Souci (Public School),,1.0,5.0,6.0,,,1.0,1.0,,1.0,10.0,,,,,,,,,,,,,,,,,,1.0,4.0,
202004,Seven Hills  (Radio FM 103.2),0.5,8.5,5.5,7.5,,0.5,,,,1.0,5.0,,,,,,,,,,,,,,,,,,,5.5,
202004,Shanes Park (South Creek Road),,0.6,8.2,11.0,,,,,1.6,1.8,1.8,,,,,,,,,,,,,,,,,0.4,,8.6,
202004,Springwood (Valley Heights),2.2,0.2,7.2,6.8,,,,,,2.0,1.6,,,,,,,,,,,,,,,,,0.2,,13.4,
202004,St Ives (Richmond Avenue),0.4,7.6,3.2,11.6,,,0.2,,12.4,1.0,2.8,,,,,,,,,,,,,,,,,0.6,,,
202004,Sydney (Observatory Hill),0.2,,4.2,7.0,,,4.2,7.2,,1.0,3.2,0.2,,,,,,,,,,,,,,,,0.2,0.2,,
202004,Sydney Airport AMO,,,4.2,4.8,0.2,,4.8,0.8,,0.6,11.6,,,,,,,,,,,,,,,,,0.2,3.0,0.6,
202004,Sydney Botanic Gardens,,,5.2,7.8,,,5.8,7.8,,1.2,4.2,,,,,,,,,,,,,,,,,0.4,2.2,0.2,
202004,Sydney Olympic Park AWS (Archery Centre),,,,6.4,,,,2.0,0.4,1.0,5.2,0.2,,,,,,,,,,,,,,,,0.2,0.2,0.2,
202004,Terrey Hills AWS,0.2,,3.4,15.0,0.2,,1.0,0.8,8.6,0.6,0.8,0.6,0.2,,0.2,,,,,,,,,,,,0.6,2.0,,0.2,
202004,Wahroonga (Ada Avenue),0.4,26.4,6.8,15.8,,,1.2,0.2,5.4,1.2,4.2,,,,0.2,,,,,,,,,,,,,1.0,,0.6,
202004,Warragamba,9.0,,6.0,4.0,,,,,,2.0,1.0,,,,,,,,,,,,,,,,,,,16.0,
202004,Wedderburn (Booalbyn),1.0,4.0,7.0,4.0,,,,,,2.0,8.0,,,,,,,,,,1.0,,,,,,,,,14.0,
202004,Wyong (Mount Elliot),2.0,,4.0,10.0,,,3.0,11.0,19.0,1.0,2.0,,,,,,,,,,,,,,,,1.0,2.0,,,
202004,Wyong (Olney Forest),,,7.0,22.0,1.0,,,1.0,1.0,2.0,1.0,,,,,,,,,,,,,,,,2.0,4.0,1.0,,
202004,"Most values are the precipitation in the 24 hoursto9 am on the day indicated.
Days marked with → are part of a longer accumulation, which is shown on the final day.Values over  100  mm have been rounded to the nearest whole millimetre.Days marked with - have a rainfall report of zero; 
days left blank have no rainfall report (which often indicates no rain fell).",,,,,,,,,,,,,,,,,,,,,,,,,,,,,,,
202004,Rainfalls colouredaccording to the amount,0,1.0,5.0,10.0,15.0,25.0,50.0,100,150,200,300,400,600,millimetres,,,,,,,,,,,,,,,,,
202005,Abbotsbury (Fairfield (City Farm)),17.0,,,,,,,,,,,,,,,1.0,,,3.0,,,28.0,2.0,,,,2.0,,,,
202005,Abbotsford (Blackwall Point Rd),20.0,,,,,,,,,,,,,,→,5.2,0.2,0.2,0.6,,,30.0,2.5,0.6,,18.2,0.6,,,3.0,
202005,Audley  (Royal National Park),17.0,,,,,,,,,,,,,,1.0,11.0,,1.0,1.0,,,41.0,2.0,,,24.0,9.0,,1.0,3.0,
202005,Avalon Beach (Avalon (Palmgrove Rd)),13.2,,,4.0,0.6,,,,,,,,,14.6,27.6,17.0,,1.0,1.0,,,6.6,,,,68.0,,0.2,,,
202005,Badgerys Creek AWS,9.6,,,,,,,,,,,,,,,0.6,,,0.6,,0.2,43.8,1.0,1.0,,0.2,0.6,,,,
202005,Bankstown Airport AWS,12.0,,,,0.2,,,,,,,,,,0.2,1.6,0.2,,0.8,,0.2,40.6,2.2,0.6,,5.4,2.0,,,0.2,
202005,Baulkham Hills Eucalyptus Ct,12.0,,,,,,,,,,,,,,,2.0,0.5,0.5,2.0,,,34.0,2.5,0.5,,10.0,1.0,,,1.0,
202005,Belrose (Evelyn Place),13.0,0.2,,,4.0,0.2,,,,,,,,,2.0,4.0,0.2,0.2,0.6,,,17.4,2.6,0.2,0.8,41.6,2.6,,1.4,3.0,
202005,Blackheath (Wombat Street),10.0,2.0,,,,,,,,,,,,,1.0,4.0,,1.0,6.0,,11.0,21.0,2.0,8.0,,4.0,4.0,,,,
202005,Box Hill (McCall Gardens),13.0,,,,,,,,,,,,,,,,1.0,,,1.0,,20.0,1.0,1.0,,7.0,,1.0,,,
202005,Bringelly (Maryland),8.0,,,,,,,,,,,,,,,1.0,,,1.0,,1.0,37.0,,1.0,,,1.0,,,1.0,
202005,Camden (Brownlow Hill),10.8,,,,,,,,,,,,,,,2.6,,,,,,29.6,1.2,0.4,,,0.6,,,0.2,
202005,Camden Airport AWS,12.0,0.2,,,,,,,,,,,,,,3.2,,0.2,0.6,,2.2,30.8,1.0,,,0.2,1.2,,,,
202005,Campbelltown (Mount Annan),10.0,0.2,,,,,,,,,,,,,,2.6,0.2,,1.0,,0.6,35.8,0.8,0.6,,0.2,2.0,,,,
202005,Canterbury Racecourse AWS,21.0,,,,1.4,,,,,,,,,,1.0,6.4,0.2,0.6,0.2,,,35.4,1.8,0.4,,19.2,0.4,,0.4,2.4,
202005,Castle Cove (Rosebridge Ave),14.5,,,,6.5,,,,,,,,,,5.0,5.0,,0.5,1.0,,,16.0,5.5,,1.0,44.0,7.0,,,3.5,
202005,Castle Hill (Kathleen Ave),12.5,,,,0.3,,,,,,,,,,,1.6,,,2.4,,,38.0,2.9,0.6,,14.0,0.9,,,,
202005,Chatswood Bowling Club,16.0,,,,8.0,,,,,,,,,1.0,1.0,6.0,,1.0,,,,15.0,3.0,1.0,,41.0,6.0,,1.0,2.0,1.0
202005,Collaroy (Long Reef Golf Club),13.2,,,,4.4,,,,,,,,,15.0,11.4,2.6,,1.8,1.0,,,23.0,1.4,,,40.0,,,1.8,,
202005,Colo Heights (Mountain Pines),8.4,,,,,,,,,,,,,,0.8,4.4,,0.6,1.2,0.2,,14.0,0.6,3.6,0.3,4.2,,0.2,0.2,0.2,0.2
202005,Concord (Brays Rd),20.8,,,,1.2,,,,0.2,,,,,,1.2,4.0,,0.6,,,,31.6,2.4,0.6,0.2,17.4,1.0,,,,
202005,Concord Golf Club,20.0,,,,1.0,,,,,,,,,,,1.2,,,,,,42.0,3.0,,,17.0,,,,,
202005,Cooranbong (Avondale),6.0,,,,1.0,6.0,,1.0,,,,1.0,,,6.0,4.0,,2.0,2.0,,,4.0,1.0,,1.0,38.0,1.0,,1.0,,
202005,Cooranbong (Lake Macquarie AWS),7.2,,,,,7.6,0.2,,,0.6,,,,,6.2,4.4,,2.4,1.8,,,4.6,0.8,,,42.2,1.2,,0.2,,0.2
202005,Dover Heights (Portland St),19.6,,,,7.8,,,,,,,,,13.8,4.4,16.0,0.8,0.8,0.2,,,18.2,2.8,0.6,2.6,71.2,0.8,,0.2,6.4,
202005,Erskine Park Reservoir,12.0,,,,,,,,,,,,,,,1.0,,,,,1.0,28.0,1.0,1.0,,,1.0,,,,
202005,Faulconbridge (Great Western Hwy),8.0,,,,,,,,,,,,,,,2.0,,1.0,4.0,,1.0,23.0,1.0,3.0,,3.0,2.0,,,,
202005,Faulconbridge (St Georges Crescent),9.6,,,,,,,,,,,,,,,2.4,,1.0,2.8,,0.2,23.6,1.0,3.2,0.2,2.8,2.2,,,,
202005,Gears (Wyong River),4.0,,,,,,,,,,,,,,2.0,3.0,,1.0,,,,3.0,,,,27.0,1.0,,,,
202005,Gosford AWS,5.0,,,,0.8,1.6,,,,,,,,0.4,24.2,5.8,,,2.8,,,5.0,1.4,,,,2.8,,,0.4,
202005,Holsworthy Aerodrome AWS,17.6,,,,,,,,,0.2,,,,,,1.8,,0.6,0.2,,0.2,43.0,2.2,0.2,,2.0,1.0,0.2,,0.2,
202005,Holsworthy Defence AWS,17.6,,,,,,,,0.2,,,,,,,3.4,0.2,,0.8,,1.0,36.6,2.8,,,0.8,2.4,0.2,0.2,1.2,
202005,Hornsby (Swimming Pool),16.0,,,,2.2,,0.2,,,,,,,,0.4,,,,,,,,,,,,,,,,
202005,Horsley Park Equestrian Centre AWS,17.8,,,,,,0.2,,,,,,,,,2.8,0.4,0.8,2.2,0.2,0.2,29.8,1.6,0.4,,1.0,1.8,,,,
202005,Katoomba (Farnells Rd),9.0,0.6,,,,0.2,,,,0.8,,,,,,8.0,0.2,,4.4,,13.0,22.0,3.0,→,8.6,8.6,10.6,0.2,,,0.2
202005,Kurrajong Heights (Bells Line of Road),15.8,,,,,,,,,,,,,,,2.2,,0.8,3.0,,,31.2,1.2,→,6.0,3.6,1.4,,,,
202005,Mangrove Mountain AWS,14.2,,,,0.4,2.0,,,,,,,,,3.2,3.6,0.2,0.6,1.6,0.2,3.8,10.2,0.6,0.8,,46.0,1.4,0.2,,0.2,0.2
202005,Marrickville Golf Club,22.0,,,,3.0,,,,,,,,,,3.0,7.0,,,1.0,,,31.0,2.0,,,23.0,,,1.0,6.0,
202005,Menangle Bridge (Nepean River),10.0,,,,,,,,,,,,,1.0,,1.0,,,,,2.0,34.0,1.0,1.0,,,,,,,
202005,Mona Vale Golf Club,14.4,,,,2.2,0.2,,,,,,,,11.4,22.4,9.8,0.8,1.0,0.4,0.4,,17.2,1.0,,0.6,49.6,5.4,0.4,0.6,3.2,0.4
202005,Mount Boyce AWS,8.2,1.0,,,,0.2,0.2,,,,,,,,0.2,4.6,0.2,0.8,6.2,0.2,9.0,15.6,1.6,6.6,,3.6,3.6,0.2,,0.2,
202005,Norah Head AWS,9.8,,,,1.4,5.6,0.2,,,,,,,3.8,15.4,11.0,,0.6,1.0,,,7.8,0.2,,0.6,69.2,,,1.2,,0.2
202005,North Parramatta (Burnside Homes),14.0,,,,0.5,,,,,,,,,,,2.5,,,1.0,,,36.0,2.5,0.5,,11.5,0.5,,,1.5,
202005,North Rocks (Muirfield Golf Club),15.0,,,,,,,,,,,,,,,2.5,,1.0,0.5,,,46.5,2.5,,,12.0,0.5,,,0.5,
202005,North Ryde Golf Club,21.0,,,,2.0,,,,,,,,,,1.0,3.0,,1.0,,,,29.0,2.0,,,21.0,4.0,,,1.0,
202005,Palm Grove (Lyrebird Lane),6.0,,,,1.0,2.0,,,,,,,,,7.0,4.0,,,1.0,,,2.0,,,,4.0,,,,,
202005,Parramatta North (Masons Drive),15.6,,,,0.6,,,,,,,,,,0.2,3.0,,0.6,1.0,,,39.4,3.0,0.8,,12.0,0.6,,,1.8,
202005,Peakhurst Golf Club,15.0,,,,,1.0,,,,,,,,,1.0,5.0,,2.0,,,,55.0,2.0,,,17.0,4.0,,,3.0,
202005,Pennant Hills (Yarrara Road),→,17.0,,,1.4,,,,,,,,,,0.2,→,→,5.0,1.4,,,25.6,→,3.4,,21.6,4.0,,,0.2,
202005,Penrith Lakes AWS,8.6,,,,,,,,,,,,,,,0.8,0.2,,1.2,,0.2,42.2,0.6,1.2,,2.4,1.4,0.2,,,0.2
202005,Prospect Reservoir,13.0,,,,,,,,,,,,,,,2.0,1.0,,1.0,,,24.0,3.0,,,8.0,1.0,,,,
202005,Putty (The Gibba),10.0,,,,,,,,,,,,,,,2.0,,,1.0,,,8.0,,1.0,1.0,2.0,,,,,
202005,Randwick (Randwick St),13.6,,,,13.6,,,,,,,,,,11.8,11.8,0.1,0.6,0.8,,,22.6,3.0,1.0,0.8,57.6,8.2,0.4,0.1,6.0,0.1
202005,Richmond RAAF,,0.2,,,,,,,,,,,,,,0.8,,0.2,1.0,,,19.8,1.2,1.6,,2.2,0.4,,,0.2,
202005,Rose Bay (Royal Sydney Golf Club),17.2,,,,10.3,0.2,,,,,,,,1.4,5.0,11.0,0.2,0.8,,,,26.6,2.6,0.4,3.0,54.8,2.6,0.2,,6.4,
202005,Rossmore (South Creek),8.0,,,,,,,,,,,,,,,1.0,,1.0,1.0,1.0,1.0,46.0,1.0,1.0,,,1.0,,,,
202005,Sans Souci (Public School),20.0,,,,3.0,,,,,,,,,,3.0,8.0,,2.0,,,,48.0,3.0,,,16.0,1.0,,1.0,12.0,
202005,Seven Hills  (Radio FM 103.2),10.0,,,,,,,,,,,,,,,1.0,,1.0,0.5,,,37.0,2.5,0.5,,8.0,1.0,,,,
202005,Shanes Park (South Creek Road),17.4,,,,,,,,,,,,,,,0.6,0.2,,0.2,,0.4,31.0,1.0,1.4,,1.6,0.2,,0.2,0.2,
202005,Springwood (Valley Heights),8.8,,,,,,,,,,,,,,,2.2,,0.2,1.2,,0.2,22.2,1.0,2.2,,3.4,1.4,,,,
202005,St Ives (Richmond Avenue),15.6,0.2,,,3.6,,,,,,,,,,,1.2,3.8,2.0,6.4,,,17.4,2.6,,1.2,37.8,2.6,,0.2,3.4,
202005,Sydney (Observatory Hill),14.2,0.2,,,9.8,0.2,,,,,,,,,2.6,6.6,,1.2,0.6,,0.2,21.4,2.2,0.4,,47.0,6.2,,,6.0,
202005,Sydney Airport AMO,22.2,,,,5.6,0.2,,,,,,,,,2.8,7.6,0.2,0.4,0.4,,,29.0,2.6,,0.2,25.0,,,0.2,5.6,
202005,Sydney Botanic Gardens,12.2,,,,11.4,,,,,,,,,,14.0,8.0,0.6,0.1,5.0,,,22.8,3.2,0.6,0.4,53.0,7.0,,1.0,5.6,
202005,Sydney Olympic Park AWS (Archery Centre),15.0,0.2,,,0.6,,,,,,,,,,,3.4,0.2,0.4,0.6,,,41.8,2.4,0.6,0.2,14.4,0.2,0.2,,0.4,
202005,Terrey Hills AWS,,,,,2.8,,0.2,,,,,,,,2.0,2.2,0.6,0.6,0.4,0.2,,22.6,2.0,,0.2,37.8,3.0,0.2,2.8,3.2,0.2
202005,Wahroonga (Ada Avenue),17.8,,,,3.2,0.2,,,,,,,,,3.0,3.8,0.2,1.4,3.2,0.2,,18.0,3.2,0.6,,32.4,2.6,0.2,,1.0,0.2
202005,Warragamba,10.0,,,,,,,,,,,,,,,1.0,,,2.0,,1.0,35.0,1.0,3.0,,2.0,1.0,,,,
202005,Wedderburn (Booalbyn),10.0,,,,,,,,1.0,,,,,,,2.0,,1.0,2.0,,2.0,54.0,2.0,,,1.0,3.0,,,,1.0
202005,Wyong (Mount Elliot),6.0,,,,4.0,2.0,,,,,,,,,36.0,10.0,,1.0,1.0,,,7.0,2.0,,,64.0,3.0,,,,
202005,Wyong (Olney Forest),5.0,,,,,5.0,,,,,,,,,1.0,8.0,,1.0,3.0,,,5.0,,1.0,,33.0,3.0,,,1.0,
202005,Yarramalong (Lewensbrook),6.4,,,,,0.8,,,,,,,,,3.4,3.2,,1.0,,,,6.0,,1.0,,28.0,2.0,,,,
202005,"Most values are the precipitation in the 24 hoursto9 am on the day indicated.
Days marked with → are part of a longer accumulation, which is shown on the final day.Values over  100  mm have been rounded to the nearest whole millimetre.Days marked with - have a rainfall report of zero; 
days left blank have no rainfall report (which often indicates no rain fell).",,,,,,,,,,,,,,,,,,,,,,,,,,,,,,,
202005,Rainfalls colouredaccording to the amount,0,1.0,5.0,10.0,15.0,25.0,50.0,100,150,200,300,400,600,millimetres,,,,,,,,,,,,,,,,,
202006,Abbotsbury (Fairfield (City Farm)),,,,,,,,1.0,1.0,,3.0,,2.0,8.0,,,,,,,11.0,,,,,,,,,,
202006,Abbotsford (Blackwall Point Rd),,3.0,,,,,,21.0,2.0,4.0,4.0,,3.0,9.0,,,,2.4,,,→,6.0,,,,,,0.2,1.6,1.0,
202006,Audley  (Royal National Park),,3.0,,,,,,7.0,5.0,1.0,7.0,1.0,12.0,7.0,,1.0,,5.0,,1.0,8.0,1.0,,,,,,,2.0,4.0,
202006,Avalon Beach (Avalon (Palmgrove Rd)),,3.4,,,,,,,,20.0,1.2,,2.8,,6.0,,,,,,5.0,0.8,1.8,,,,0.8,4.8,,,
202006,Badgerys Creek AWS,,,,,,,,0.6,0.6,0.6,0.2,0.2,1.2,10.4,,,,2.0,0.2,,12.2,,,,,,,,,,
202006,Bankstown Airport AWS,,0.2,0.2,,,,,8.6,1.0,0.8,1.8,0.2,1.6,1.2,1.8,1.2,0.2,1.0,,0.2,10.8,0.6,,,,,,,,10.6,
202006,Baulkham Hills Eucalyptus Ct,,,,,,,,4.0,1.0,1.0,0.5,,2.0,6.5,0.5,,,2.0,,,6.5,,,,5.0,,,0.5,,0.5,
202006,Belrose (Evelyn Place),,3.4,,,,,,7.0,1.4,6.0,7.2,0.2,6.0,6.2,0.2,,,1.4,,,2.8,1.2,0.4,,,,1.2,,1.0,,
202006,Bilpin Post Office,,,,,,,,,1.6,0.8,0.6,0.4,,,,,,14.8,,,,4.8,,,,,,,,0.8,
202006,Blackheath (Wombat Street),,,,,,1.0,,1.0,2.0,3.0,1.0,,3.0,8.0,,,,8.0,1.0,,13.0,,,,,,,,2.0,1.0,
202006,Box Hill (McCall Gardens),,,,,,,,1.0,1.0,2.0,1.0,,1.0,8.0,1.0,,,,,,5.0,1.0,,,,,,1.0,,,
202006,Bringelly (Maryland),,,,,,,,,,1.0,,,2.0,10.0,,,,1.0,,,9.0,,,,,,,,,,
202006,Camden (Brownlow Hill),,,,,,,,0.8,1.0,,,1.2,1.2,7.2,,,,,,,7.2,,,,,,,,,,
202006,Camden Airport AWS,,0.4,,,,,,1.0,0.8,0.8,0.4,1.2,1.2,9.4,,,,,,,11.0,,,,,,,,,2.0,
202006,Campbelltown (Kentlyn (Georges River Roa,,1.0,,,,,,1.0,1.0,1.0,1.0,,2.0,8.0,,,,3.0,,,12.0,1.0,,,,,,,,1.0,
202006,Campbelltown (Mount Annan),,0.4,,,,,,2.6,0.8,1.0,0.6,1.8,0.6,9.0,,,,0.4,,0.2,11.0,,,0.2,,,,,,3.0,
202006,Canterbury Racecourse AWS,,3.2,,,,,,25.2,2.0,3.6,3.0,,4.2,6.6,,,,5.4,,,6.4,0.4,,,,,,,4.4,0.6,
202006,Castle Cove (Rosebridge Ave),,4.0,,,,,,12.0,2.0,9.0,7.0,,7.0,8.0,,,,2.0,,,5.0,,,,,,0.2,3.0,2.5,,
202006,Castle Hill (Kathleen Ave),,1.0,,,,→,→,2.4,4.4,2.5,1.8,,1.8,,,,,9.8,,,6.0,,,,,,,1.3,,2.2,
202006,Chatswood Bowling Club,,1.0,2.0,,,,,12.0,4.0,6.0,6.0,,4.0,8.0,,,1.0,1.0,,,5.0,,,,,,,,2.0,1.0,
202006,Collaroy (Long Reef Golf Club),,,,,,1.4,,,,15.4,2.8,2.2,7.6,6.4,,,,,,,1.6,1.4,1.0,,,,2.6,1.2,7.8,,
202006,Concord (Brays Rd),,3.0,,,,,,20.8,1.8,3.8,3.2,,1.0,6.6,0.2,,,2.2,,,5.6,,,,,,,0.4,0.8,0.4,
202006,Concord Golf Club,,2.6,,,,,,22.6,2.4,6.0,2.6,,2.8,7.2,,,,2.2,,,5.0,,,,,,,,,,
202006,Cooranbong (Avondale),,1.0,,,,1.0,,2.0,4.0,20.0,21.0,1.0,,7.0,,1.0,,4.0,1.0,,2.0,2.0,,,,,,1.0,1.0,1.0,
202006,Cooranbong (Lake Macquarie AWS),,,0.6,,0.2,,0.2,1.8,4.0,19.6,23.2,,0.2,7.6,0.2,,0.2,4.8,0.2,,1.2,3.4,,,,,,,1.8,0.2,
202006,Darkes Forest (Kintyre),,,,,,,,,,,,,,,,,,4.6,,,1.4,,,,,,,,0.2,3.6,
202006,Dover Heights (Portland St),,4.8,,0.4,,,,9.8,6.0,14.8,4.2,3.8,8.2,7.0,,,,0.4,0.2,,5.4,0.8,,,,,,,,,
202006,Erskine Park Reservoir,,,,,,,,1.0,,1.0,,,1.0,8.0,,,,,,,11.0,,,,,,,,,,
202006,Faulconbridge (Great Western Hwy),,,,,,,,,4.0,1.0,,,2.0,5.0,,,,7.0,,,5.0,1.0,,,,,,,,1.0,
202006,Faulconbridge (St Georges Crescent),,,,,,,,0.6,3.2,2.6,0.2,,0.9,5.7,,,,6.2,,0.2,5.0,0.4,,,,,,0.6,0.4,,
202006,Gears (Wyong River),,,,,,,,,1.0,8.0,6.0,,,5.0,,,,4.0,,,3.0,1.0,,,,,,1.0,1.0,,
202006,Gosford AWS,,1.2,2.2,,,,,0.6,0.6,20.6,5.4,4.4,,5.6,,,,0.2,,,0.4,2.6,,,,,0.2,2.0,9.0,1.4,
202006,Holsworthy Aerodrome AWS,,0.6,,,,,,6.0,0.6,0.4,5.4,0.2,3.4,7.6,,,,4.4,0.2,,11.2,1.0,,,,,,,0.2,1.0,
202006,Holsworthy Defence AWS,,0.4,,,,,0.2,0.6,2.4,0.6,2.8,,3.6,8.2,,,,4.8,0.2,0.4,11.2,0.6,,,,,,,0.2,1.0,
202006,Horsley Park Equestrian Centre AWS,,,,,,,,2.4,0.4,,3.0,,2.0,9.8,,,,0.2,0.2,,9.0,0.4,,,,,,0.2,,0.4,
202006,Katoomba (Farnells Rd),,,,,,,,3.2,6.4,→,3.6,0.2,3.0,8.0,,,,13.8,0.2,,9.4,0.8,1.4,,,,,0.2,→,2.4,
202006,Kurrajong Heights (Bells Line of Road),,,,,,,0.8,0.8,2.2,→,2.2,0.3,1.6,7.6,,,,4.2,→,0.6,4.0,,,,,,,,0.2,1.4,
202006,Mangrove Mountain AWS,,0.2,,,,,,0.2,1.4,8.8,2.4,0.2,0.2,7.6,,,0.2,0.6,,0.2,2.6,1.0,0.4,,,,,3.0,0.8,,
202006,Marrickville Golf Club,,3.0,,,,,,35.0,2.0,3.0,6.0,,7.0,7.0,,,1.0,3.0,,,6.0,,,,,,,,8.0,1.0,
202006,Menangle Bridge (Nepean River),,,,,,,,,,2.0,,2.0,2.0,8.0,,,,,,,8.0,,,,,,,,,1.0,
202006,Mona Vale Golf Club,,2.8,0.2,,,,0.4,4.8,2.6,17.6,4.0,,3.6,7.4,,,,0.2,0.4,0.2,3.2,1.8,3.8,,,,2.0,7.4,9.0,0.6,
202006,Mount Annan (Australian Botanic Garden),,,0.4,,,,,1.8,0.6,,1.8,3.2,1.9,8.8,,,,0.4,,,11.0,0.2,,,,,,,,3.4,
202006,Mount Boyce AWS,0.2,,,,0.2,,,1.4,2.4,2.2,1.6,,1.2,6.0,0.2,,,12.2,,0.2,10.0,,,0.2,,0.2,,,1.4,0.8,
202006,Mount Wilson (Clarine),,,,,,,,1.8,4.4,2.0,0.4,,,7.8,,,,,,,7.8,,,,,,,,1.4,,
202006,Norah Head AWS,,0.2,3.8,,,,,16.2,8.8,14.8,22.8,,0.2,7.4,,,,1.0,,,1.6,4.2,,,,,1.4,5.8,9.8,0.2,
202006,North Parramatta (Burnside Homes),,1.0,,,,,,9.5,1.0,2.0,1.5,,2.0,7.0,,,,1.5,,,5.0,,,,,,,1.0,,,
202006,North Rocks (Muirfield Golf Club),,0.5,,0.5,,,,5.5,1.5,2.0,1.0,,2.0,7.5,,,,1.0,,,4.0,1.0,0.5,0.5,,,,0.5,,0.5,
202006,North Ryde Golf Club,,2.0,1.0,,,,,12.0,5.0,5.0,5.0,,1.0,11.0,,,,2.0,,,5.0,,,,,,,,1.0,,
202006,Palm Grove (Lyrebird Lane),,,,,,,,,,1.0,,,1.0,,,,,,,,3.0,,1.0,,,,,2.0,1.0,,
202006,Parramatta North (Masons Drive),,1.2,,,,,,10.0,1.0,3.0,1.4,,3.0,7.2,,,,1.8,,,6.0,,,,,,,1.0,,0.2,
202006,Peakhurst Golf Club,,2.0,,,,,,14.0,1.0,3.0,2.0,3.0,3.0,6.0,,,1.0,1.0,,1.0,9.0,,,,,,,,,2.0,
202006,Pennant Hills (Yarrara Road),,1.6,,,,,,5.0,2.8,2.0,1.4,→,→,11.8,,,,3.0,,→,→,5.2,,,,,,→,1.0,1.0,
202006,Penrith Lakes AWS,,,,,,0.2,,0.4,1.0,0.8,0.2,,0.4,4.2,,,0.2,1.0,0.2,,6.8,0.2,0.4,,,,,,,0.2,
202006,Prospect Reservoir,,,,,,,1.0,2.0,,1.0,2.0,,4.0,7.0,1.0,,,1.0,,,9.0,,,,,,,,,,
202006,Putty (The Gibba),,,,,,,,,,3.0,,,,4.0,,,,,,,3.0,,,,,,,,,,
202006,Randwick (Randwick St),,4.8,,,,,,31.6,6.2,7.8,7.0,2.8,8.6,11.0,,,,0.2,,,6.2,0.6,,,1.0,,1.8,1.8,24.6,0.8,
202006,Richmond - UWS Hawkesbury,,,,,,,,,1.6,,0.4,,,,6.4,,,0.1,0.2,,,5.0,,0.8,,,,,0.2,,
202006,Richmond RAAF,,,,,,,,0.6,1.0,0.2,0.4,0.2,,7.2,0.4,,,,,,6.0,,1.0,,,,,0.4,,0.2,
202006,Rose Bay (Royal Sydney Golf Club),,4.1,,,,,0.1,12.6,3.6,8.8,5.6,2.6,5.4,7.8,,,,,,0.2,5.4,0.8,,,0.4,,7.0,1.0,12.0,,
202006,Rossmore (South Creek),,,,,,,,2.0,,2.0,,,1.0,5.0,,,,3.0,,,12.0,,,,,,,,,1.0,
202006,Sans Souci (Public School),,2.0,,1.0,,,,27.0,3.0,4.0,2.0,3.0,10.0,7.0,,,1.0,9.0,,,9.0,,,,,,,,2.0,6.0,
202006,Seven Hills  (Radio FM 103.2),0.5,,,,,,,2.5,,1.0,1.5,,1.0,2.0,,,,0.5,0.5,,4.5,0.5,0.5,0.5,,,,,,0.5,
202006,Shanes Park (South Creek Road),0.2,,,,,,,0.8,0.4,1.2,0.8,,0.2,8.6,,,,0.2,,0.2,9.8,,0.6,,,,,0.2,,0.2,
202006,Springwood (Valley Heights),,,,,,,,0.8,2.6,0.8,0.4,,1.4,6.0,,,,5.4,,,6.0,,0.2,,,,,,0.6,0.2,
202006,St Ives (Richmond Avenue),,3.2,,,,,,6.4,2.4,5.0,1.6,,5.2,6.6,,,,2.0,,,3.4,1.0,3.0,,,,1.0,0.4,0.6,0.2,
202006,Sydney (Observatory Hill),0.2,3.8,,,,,,17.8,4.6,5.0,5.8,,5.4,9.6,,,,2.4,,0.2,4.4,0.6,,,,,1.2,0.2,6.8,1.2,
202006,Sydney Airport AMO,,3.6,,0.6,,,,34.4,1.2,3.8,3.2,0.6,2.8,7.0,0.2,,,1.6,0.2,,5.4,0.4,,,,,,,5.8,2.4,
202006,Sydney Botanic Gardens,,4.6,0.1,,,,,20.4,5.4,4.8,8.4,1.0,5.8,9.6,0.1,,,1.6,,,5.4,0.6,,,,,0.4,0.4,9.6,2.2,
202006,Sydney Olympic Park AWS (Archery Centre),,1.8,,,,,,16.2,1.6,3.4,2.6,,1.6,7.4,0.2,,,2.2,,0.2,5.6,0.2,0.2,,,,,0.4,0.6,0.2,
202006,Terrey Hills AWS,,3.0,,,,,,4.6,1.8,7.0,7.8,0.2,5.0,4.8,,,,1.0,,0.2,2.2,1.2,1.0,,0.2,,1.0,0.2,1.2,,
202006,Wahroonga (Ada Avenue),,2.2,,,0.2,,0.2,6.4,1.6,2.6,5.0,0.2,4.0,7.4,,,,2.2,0.2,0.2,4.6,0.4,0.4,,,,0.6,0.6,0.4,1.8,
202006,Warragamba,,,,,,,,1.0,,,1.0,,,9.0,,,,4.0,,,5.0,,,,,,,,,,
202006,Wedderburn (Booalbyn),,,,,,,,,1.0,2.0,2.0,2.0,4.0,8.0,,,,1.0,,,8.0,,,,,,,,,1.0,
202006,Wyong (Mount Elliot),,2.0,3.0,,,,,,2.0,21.0,9.0,,,7.0,,,,4.0,,,2.0,2.0,,,,,,1.0,12.0,,
202006,Wyong (Olney Forest),,,,,,,,1.0,,15.0,13.0,,,6.0,,,,10.0,,,3.0,3.0,,,,,,,1.0,,
202006,"Most values are the precipitation in the 24 hoursto9 am on the day indicated.
Days marked with → are part of a longer accumulation, which is shown on the final day.Values over  100  mm have been rounded to the nearest whole millimetre.Days marked with - have a rainfall report of zero; 
days left blank have no rainfall report (which often indicates no rain fell).",,,,,,,,,,,,,,,,,,,,,,,,,,,,,,,
202006,Rainfalls colouredaccording to the amount,0,1.0,5.0,10.0,15.0,25.0,50.0,100,150,200,300,400,600,millimetres,,,,,,,,,,,,,,,,,
202007,Abbotsbury (Fairfield (City Farm)),,,,,,,,,,,5.0,2.0,1.0,6.0,,,,,,,,,,,,8.0,72.0,12.0,,,
202007,Abbotsford (Blackwall Point Rd),,,,2.0,,,,3.0,,,4.4,1.0,4.0,9.0,3.4,,,,,,,,,,,4.6,74.0,24.0,1.0,,
202007,Audley  (Royal National Park),,,,1.0,,,,1.0,,,5.0,1.0,3.0,10.0,5.0,,,,,,,,,,,8.0,108,42.0,1.0,,
202007,Avalon Beach (Avalon (Palmgrove Rd)),,,3.0,3.8,,,,5.0,,,,,,29.8,8.4,0.2,0.4,,,,,,,,,7.2,55.8,29.8,0.4,,
202007,Badgerys Creek AWS,,,,,,,,0.6,,,5.6,1.4,0.4,2.2,,,0.2,,,,,,,,,5.0,52.8,9.2,,,
202007,Bankstown Airport AWS,,,,0.6,,,,0.2,,,5.0,1.0,8.4,7.6,1.8,,,,,,,,,,0.2,6.2,71.6,20.2,0.4,,
202007,Baulkham Hills Eucalyptus Ct,,,,0.5,,,,2.0,,0.5,2.5,1.0,4.0,9.5,0.5,,,,,,,,,,,5.0,103,16.5,,,0.5
202007,Belrose (Evelyn Place),,,1.0,1.8,0.2,,,4.6,,,4.0,1.4,2.6,15.6,10.2,,,0.4,,,,,,,,6.6,61.4,42.0,2.0,,
202007,Bilpin Post Office,,,,,,,,3.6,,,7.0,,3.0,0.4,,,,,,,,,,,,,58.0,14.0,,,1.4
202007,Blackheath (Wombat Street),,,,1.0,,,,4.0,,,6.0,,9.0,5.0,1.0,,,,1.0,,,,,,,6.0,94.0,44.0,1.0,,
202007,Box Hill (McCall Gardens),1.0,,,,,,,,1.0,,3.0,1.0,1.0,7.0,1.0,,,,,,,,,,,11.0,82.0,11.0,1.0,,
202007,Bringelly (Maryland),1.0,,,,,,,1.0,,,6.0,1.0,,2.0,,,,,,,,,,,,5.0,44.0,11.0,,,
202007,Camden (Brownlow Hill),,,,,,,,1.6,,,3.8,0.2,,1.8,,,,,,,,,,,,3.4,42.4,8.0,,,
202007,Camden Airport AWS,,,,,,,,1.2,,,4.4,0.6,0.4,1.6,,,,,,,,,,,0.2,3.2,44.2,10.4,,,
202007,Campbelltown (Kentlyn (Georges River Roa,,,,1.0,,,,,,,6.0,,2.0,6.0,2.0,,,,,,,,,,,10.0,63.0,22.0,,,
202007,Campbelltown (Mount Annan),,0.2,,,,,,,,,5.2,0.2,0.4,3.0,,,,,,,,,0.2,,,5.2,51.6,17.4,,0.2,
202007,Canterbury Racecourse AWS,,,,1.6,,,,1.0,0.4,,3.8,0.8,4.4,9.8,4.8,,,,,,,,,,,6.4,79.4,23.2,0.8,,
202007,Castle Cove (Rosebridge Ave),,,,2.2,,,,7.0,,,4.0,3.0,4.0,15.0,16.0,,,1.0,,,,,,,,8.0,70.0,50.0,5.0,,
202007,Centennial Park,0.1,,,1.6,,,,11.4,,,4.0,2.0,4.2,11.4,12.0,0.5,1.0,2.0,,0.1,,,,,,6.0,52.6,,,,
202007,Chatswood Bowling Club,,,,1.0,,,,8.0,,,5.0,,3.0,,9.0,,,,,,,,,,,5.0,82.0,45.0,3.0,,
202007,Collaroy (Long Reef Golf Club),,,,2.6,,,,6.2,,,4.8,4.2,3.6,9.2,8.8,,,,,,,,,,,3.4,50.4,31.4,,,
202007,Colo Heights (Mountain Pines),,,,,,,,2.0,0.2,,6.0,1.6,2.0,5.0,,,,,,,,,,,,10.2,80.4,22.4,6.0,0.2,
202007,Concord (Brays Rd),,,,1.4,,,,1.6,,,3.6,0.6,5.2,9.0,4.8,,,,,,,,,,,9.4,82.4,22.6,1.0,,
202007,Concord Golf Club,,,,1.8,,,,1.6,,,4.2,1.2,5.0,12.4,5.2,,,,,,,,,,,4.4,83.6,21.4,,,
202007,Cooranbong (Avondale),,,,,,,,2.0,,,3.0,2.0,17.0,12.0,3.0,,,1.0,,,,,1.0,,,9.0,125,17.0,2.0,,
202007,Cooranbong (Lake Macquarie AWS),0.2,,,,,,,2.0,,0.4,2.4,1.6,19.4,11.8,2.2,,,1.2,0.2,,,,,,,8.4,116,17.0,1.4,0.2,
202007,Darkes Forest (Kintyre),,,,,,,,0.8,,,1.0,,0.8,2.0,0.8,,,,,,,,,,,2.8,32.6,11.8,,,
202007,Erskine Park Reservoir,,,,,,,,,,1.0,5.0,1.0,1.0,5.0,,,,,,,,,,,,9.0,91.0,10.0,,,
202007,Faulconbridge (Great Western Hwy),1.0,,,,,,,2.0,,,8.0,2.0,3.0,7.0,,,,,,,,,,,,11.0,65.0,10.0,,,
202007,Faulconbridge (St Georges Crescent),,,,,,,,3.0,,,8.8,2.6,2.8,7.6,,,,,,,,,,,0.2,9.8,73.4,6.2,,,
202007,Gears (Wyong River),,,,,,,,1.0,,,4.0,3.0,9.0,8.0,1.0,,,,,,,,,,,5.0,115,13.0,2.0,,
202007,Gosford AWS,,,,0.6,,,,8.6,,,3.0,3.2,10.8,14.4,6.0,,,0.6,,,,,,,,6.0,92.0,23.0,3.4,,
202007,Holsworthy Aerodrome AWS,0.2,,,0.4,,,,,,,5.4,1.0,6.0,13.0,1.4,,,,0.2,,,,,,0.2,6.4,70.6,16.6,0.4,,
202007,Holsworthy Defence AWS,0.2,,,0.6,,,,0.2,0.2,3.2,5.8,0.6,2.6,9.2,2.2,,,,,,,,,0.2,,8.0,85.6,19.6,0.6,,
202007,Horsley Park Equestrian Centre AWS,0.2,,,,,,,0.6,,0.2,5.4,1.0,0.2,7.4,,,,,,,,,,,0.2,8.2,96.8,14.8,0.4,,
202007,Katoomba (Farnells Rd),,,,→,0.4,,,4.0,0.2,0.2,,3.4,11.8,5.4,0.2,,,,,,,,,,0.2,6.0,99.0,42.0,1.2,→,0.2
202007,Kurrajong Heights (Bells Line of Road),,,,0.2,,,,4.6,→,→,→,6.2,0.6,3.2,0.2,,→,→,→,→,→,→,→,→,0.5,11.0,80.0,17.4,,,0.5
202007,Lucas Heights (ANSTO),,,,0.5,,,,0.4,,,5.6,2.0,5.8,15.0,2.6,,,,,,,,,,,7.5,95.0,28.0,,,
202007,Mangrove Mountain AWS,,,,,,,,3.8,0.2,,4.8,3.4,2.4,13.2,2.0,,,0.4,0.2,,,,,,0.2,7.8,136,38.8,1.6,0.2,
202007,Marrickville Golf Club,,,,2.0,,,,3.0,,1.0,3.0,1.0,5.0,10.0,4.0,,,1.0,,,,,,,,7.0,75.0,25.0,2.0,1.0,
202007,Menangle Bridge (Nepean River),1.0,,,,,,,,,,4.0,,,3.0,,,,,,,,,,,,4.0,47.0,18.0,1.0,,
202007,Mona Vale Golf Club,0.2,,0.2,3.8,,,,5.0,0.4,0.2,5.8,7.6,3.4,12.8,8.0,,0.2,0.4,0.4,,,,0.2,0.4,0.4,5.6,63.2,26.0,1.4,,
202007,Mount Boyce AWS,,,,0.4,,,,4.0,,0.2,4.2,1.4,6.6,5.0,0.6,,0.2,,0.2,0.2,,,,0.2,,5.6,76.2,38.0,1.0,0.4,
202007,Mount Wilson (Clarine),,,,,,,,5.8,,,8.2,2.2,13.0,2.6,,,,,,,,,,,,9.8,62.0,21.0,,,
202007,Norah Head AWS,,,,2.0,,,,6.8,,,3.0,1.8,21.2,17.8,11.6,,,10.4,0.2,,,,,,0.2,10.0,81.8,43.0,15.4,,
202007,North Parramatta (Burnside Homes),,,,0.5,,,,2.5,,,3.0,1.0,5.5,11.0,0.5,,,,,,,,,,,5.0,90.0,16.5,,,
202007,North Rocks (Muirfield Golf Club),,,,,,,,3.0,,,3.0,1.0,2.0,11.0,1.0,,,,,,,,,,,4.5,90.5,16.0,,,
202007,North Ryde Golf Club,,,,2.0,,,,3.0,1.0,,3.0,1.0,2.0,10.0,2.0,,,1.0,,,,,,,,5.0,77.0,26.0,2.0,,
202007,Palm Grove (Lyrebird Lane),,,,,,,,5.0,,,5.0,5.0,4.0,11.0,4.0,,,,1.0,,,,,,,4.0,67.0,7.0,,,
202007,Parramatta North (Masons Drive),,,,0.6,,,,3.0,,,3.2,1.2,6.0,11.0,1.6,,,,,,,,,,,5.6,97.0,18.0,,,
202007,Peakhurst Golf Club,1.0,,,,,,,2.0,,,5.0,1.0,5.0,9.0,2.0,,,,,,,,,,,5.0,74.0,26.0,,,
202007,Pennant Hills (Yarrara Road),,,,→,→,1.0,,4.2,,,4.0,1.2,→,→,→,→,→,27.6,,0.2,,,,,→,→,113,25.2,1.4,,
202007,Penrith Lakes AWS,,0.2,,0.2,,,,1.0,0.2,,5.2,1.4,0.4,8.6,,,,,,,,,,0.2,0.2,6.2,70.0,7.0,,0.2,
202007,Prospect Reservoir,,,,1.0,,,,1.0,,,4.0,1.0,12.0,11.0,,,,,,,,,,,,9.0,113,15.0,,1.0,
202007,Putty (The Gibba),,,,,,,,,,,11.0,2.0,6.0,3.0,,,,,,,,,,,,11.0,60.0,16.0,1.0,,
202007,Randwick (Randwick St),0.2,,,2.2,,,,13.0,0.2,0.1,4.8,0.6,4.2,14.4,14.6,0.4,2.2,2.8,,,,,,,,3.4,65.8,45.6,1.2,,
202007,Richmond RAAF,,,,,,,,1.4,0.2,,3.4,1.2,2.2,4.6,0.2,,,,,,,,,,,7.4,74.0,9.0,,,
202007,Rose Bay (Royal Sydney Golf Club),,,,2.0,,,,8.3,0.4,,4.0,,4.2,9.8,16.2,,2.6,6.0,,2.4,,,,,,3.6,54.5,55.3,12.0,,
202007,Rossmore (South Creek),,,,,,,,2.0,,,6.0,1.0,,,,,,,,,,,,,,8.0,50.0,13.0,,,
202007,Sans Souci (Public School),,,,1.0,,,,1.0,,,4.0,1.0,3.0,9.0,2.0,,,1.0,,,,,,,,6.0,52.0,17.0,1.0,,
202007,Seven Hills  (Radio FM 103.2),,,,,,,,1.0,0.5,,2.5,1.0,12.0,6.5,1.0,,,,,,,,,,,6.0,89.5,15.0,0.5,,
202007,Shanes Park (South Creek Road),,,,0.2,,,,1.0,,0.2,4.8,1.0,1.2,6.0,,,,,,,,,,,0.2,7.6,99.2,12.0,,,0.2
202007,Springwood (Valley Heights),,,,,,,,2.0,,,8.2,2.0,6.0,4.2,0.2,,,,,,,,,,,11.0,70.6,7.8,,,
202007,St Ives (Richmond Avenue),,,0.8,1.2,0.2,,,5.0,,,4.2,1.8,5.0,19.4,7.8,0.2,,0.6,,,,,,,,5.2,94.6,43.4,2.8,,
202007,Sydney (Observatory Hill),,0.2,,1.2,,0.2,,8.8,,,4.0,0.4,4.4,17.6,14.6,,0.2,0.8,0.2,,,,,,,5.6,75.0,46.4,3.4,,
202007,Sydney Airport AMO,,0.2,,1.6,0.2,,,3.0,,,2.6,0.6,4.2,8.8,5.8,,0.2,1.8,0.2,,,,,,,4.0,63.6,24.2,2.0,,0.2
202007,Sydney Botanic Gardens,,,,1.6,0.4,,,9.4,0.2,,4.6,0.6,4.8,18.0,9.0,,0.8,1.3,,,,,,,,4.0,73.6,50.0,2.2,,
202007,Sydney Olympic Park AWS (Archery Centre),0.2,0.2,,1.2,,,,1.4,,0.2,3.6,0.8,4.6,10.8,5.2,,,,,,,,,,,3.2,77.6,19.0,0.6,0.2,
202007,Terrey Hills AWS,0.2,,0.8,1.6,0.2,,,4.8,0.2,,4.4,2.2,4.4,18.4,11.4,,,0.2,,0.2,,,,,0.4,5.6,81.6,38.0,1.6,,
202007,Wahroonga (Ada Avenue),0.2,,,1.4,,,,5.8,0.2,0.2,4.0,1.4,6.2,13.0,3.8,0.2,,0.2,0.4,,,,,0.2,0.2,5.0,115,32.8,1.4,0.2,
202007,Warragamba,,,,,,,,1.0,,,5.0,1.0,2.0,2.0,,,,,,,,,,,,5.0,73.0,9.0,,,
202007,Wedderburn (Booalbyn),,,,,,,,,,1.0,5.0,,3.0,5.0,,,,,,,,,1.0,,,8.0,67.0,28.0,1.0,,
202007,Wyong (Mount Elliot),,,,1.0,,,,9.0,,,5.0,4.0,12.0,14.0,14.0,,,2.0,,,,,,,,6.0,104,32.0,2.0,,
202007,Wyong (Olney Forest),,,,,,,,3.0,,,5.0,2.0,10.0,7.0,1.0,,,1.0,,,,,,,,13.0,115,15.0,3.0,1.0,
202007,Yarramalong (Lewensbrook),,,,,,,,2.4,,,7.0,4.0,12.0,10.2,1.0,,,,,,,,,,,10.4,116,13.0,2.0,,
202007,"Most values are the precipitation in the 24 hoursto9 am on the day indicated.
Days marked with → are part of a longer accumulation, which is shown on the final day.Values over  100  mm have been rounded to the nearest whole millimetre.Days marked with - have a rainfall report of zero; 
days left blank have no rainfall report (which often indicates no rain fell).",,,,,,,,,,,,,,,,,,,,,,,,,,,,,,,
202007,Rainfalls colouredaccording to the amount,0,1.0,5.0,10.0,15.0,25.0,50.0,100,150,200,300,400,600,millimetres,,,,,,,,,,,,,,,,,
202008,Abbotsbury (Fairfield (City Farm)),,,,,,,,16.0,1.0,34.0,1.0,,,,6.0,,,,,1.0,,,,,,,,,,,
202008,Abbotsford (Blackwall Point Rd),,,,,,,,16.0,9.0,30.0,1.2,,0.2,,5.0,1.0,,,,0.2,,,,,,,,,,,
202008,Audley  (Royal National Park),,,,,,,1.0,27.0,,48.0,5.0,,,,4.0,1.0,,,,,,,,,,,,,,,
202008,Avalon Beach (Avalon (Palmgrove Rd)),,,,,,,,11.6,1.0,19.2,0.8,,,,1.2,,,0.2,,,,,,,,,,,,,
202008,Badgerys Creek AWS,,,,,,,,18.2,0.8,43.2,0.6,,0.2,,8.0,,,,,0.8,,,,,,,,,0.4,,
202008,Bankstown Airport AWS,0.2,,,,,,,17.0,2.6,41.6,1.4,,,0.2,5.2,1.0,,,,0.4,,,,,,,,,,,
202008,Baulkham Hills Eucalyptus Ct,,,,,,,,14.0,5.5,26.5,3.0,,,,6.0,1.0,,,2.0,,,,,,,,,,,,
202008,Belrose (Evelyn Place),,,,,,,,15.0,1.6,20.6,1.2,,1.2,,4.0,0.4,,,,1.2,,,,,,,,,,,
202008,Bilpin Post Office,,,,,,,,28.0,,30.0,1.6,,0.8,,15.0,,,,,3.6,,0.4,,,,,,,,,
202008,Blackheath (Wombat Street),,,,,,,1.0,32.0,1.0,55.0,7.0,,2.0,,14.0,,,,,4.0,1.0,3.0,2.0,,,,,,,,
202008,Box Hill (McCall Gardens),,,,,,,,11.0,3.0,23.0,1.0,,2.0,,8.0,,,,,,,,,,,,,,,,
202008,Bringelly (Maryland),,,1.0,,,,,17.0,2.0,43.0,1.0,,,,7.0,,,,,,,,,,,,,,,,
202008,Camden (Brownlow Hill),,,,,,,,16.2,1.8,34.4,0.6,,7.6,,6.4,,,,,0.8,,,,,,,,,,,
202008,Camden Airport AWS,,0.2,,,,,,21.4,1.4,43.8,1.0,,6.4,,7.0,,,,,0.6,,0.8,,,,,,,,,
202008,Campbelltown (Kentlyn (Georges River Roa,,,,,,,1.0,25.0,1.0,68.0,2.0,,2.0,,6.0,2.0,,,,,,,,,,,,,,,
202008,Campbelltown (Mount Annan),,,0.2,0.2,,,,25.0,0.4,52.6,1.4,,3.2,0.2,6.6,,,,,,,0.2,0.2,,,,,0.2,,,
202008,Canterbury Racecourse AWS,,,,,,,,24.0,3.2,34.0,6.2,,,,4.0,0.8,,,,,,0.4,,,,,,,,,
202008,Castle Cove (Rosebridge Ave),,,,,,,,19.0,1.0,28.0,3.0,,3.0,,5.0,,,,,0.5,,,,,,,,,,,
202008,Castle Hill (Kathleen Ave),,,,,,,,14.3,5.2,33.5,4.4,,2.8,,8.0,,,,,,,,,,,,,,,,
202008,Centennial Park,,,,,,,,34.0,3.2,51.4,2.0,,2.0,0.2,4.1,1.4,,,,,,,,,,,,,,,
202008,Chatswood Bowling Club,,,,,,,,21.0,2.0,35.0,4.0,,3.0,,4.0,1.0,,,,,,,,,,,,,,,
202008,Collaroy (Long Reef Golf Club),,,,,,,,16.2,2.2,18.4,0.4,,0.6,,3.2,0.4,,,,,,,,,,,,,,,
202008,Colo Heights (Mountain Pines),,,,,,,,15.2,0.4,22.2,1.4,,1.2,,11.2,,,,,1.4,,0.8,,,,,,,,,
202008,Concord (Brays Rd),,,,,,,,18.2,9.6,32.0,3.2,,,,4.8,0.8,0.2,,,,,,,,,,,,,,
202008,Concord Golf Club,,,,,,,,17.4,2.4,32.0,4.2,,,,6.4,0.8,,,,,,,,,,,,,,,
202008,Cooranbong (Avondale),,,1.0,,,,1.0,7.0,2.0,41.0,2.0,,3.0,,6.0,,,,,,,,,,,,,,,,
202008,Cooranbong (Lake Macquarie AWS),0.2,,,,0.2,,0.8,6.8,1.8,39.6,1.8,0.2,2.8,,5.8,,,,,,,,,,,,,,,,
202008,Darkes Forest (Kintyre),,,,,,,,10.0,0.4,19.4,0.8,,2.0,,4.0,4.0,,,,,,,,,,,,,,,
202008,Dover Heights (Portland St),,,,,,,,28.6,2.8,46.0,2.6,,1.2,,4.4,1.8,,,,,,,,,,,,,,,
202008,Erskine Park Reservoir,,,,,,,,14.0,1.0,34.0,1.0,,,,8.0,,,,,,,,,,,,,,,,
202008,Faulconbridge (Great Western Hwy),,,,,,,,19.0,1.0,36.0,1.0,,1.0,,11.0,,,,,3.0,,1.0,,,,,,,,,
202008,Faulconbridge (St Georges Crescent),,,,,,,0.2,22.4,1.6,28.0,1.6,0.2,1.0,,12.2,0.4,,,,3.4,0.2,1.0,,,,,,,,,
202008,Gears (Wyong River),,,,,,,1.0,9.0,,38.0,,,,,3.0,,,,,,,,,,,,,,,,
202008,Gosford AWS,,,,,,,,11.8,0.4,33.4,0.2,,1.0,0.2,4.2,,,,,,,,,,,,,,,,
202008,Holsworthy Aerodrome AWS,,,0.2,,,,,26.8,0.2,44.8,1.4,,,,4.4,1.4,,,0.2,,,,,,,,,,,,
202008,Holsworthy Defence AWS,0.2,,0.2,0.2,,,0.2,26.8,,72.0,6.0,,2.6,0.2,5.6,2.6,,,,,,0.2,,,,,,0.2,,,
202008,Horsley Park Equestrian Centre AWS,,,,,,,,19.2,0.6,40.2,0.2,,0.2,0.2,7.2,0.2,,,,0.6,,,,,,,,,,,
202008,Katoomba (Farnells Rd),,,,,,,0.4,25.5,0.4,51.2,7.4,,→,→,11.2,,,,,4.2,0.4,5.0,1.2,,,,,,,,
202008,Kurrajong Heights (Bells Line of Road),,,,,,,,21.4,1.8,29.4,2.0,,1.0,,12.0,0.2,,,,2.2,,0.2,,,,,,,,,
202008,Mangrove Mountain AWS,,,,,,,,17.2,0.8,50.2,2.2,,4.4,,7.2,,,,,,,0.8,,,,,,,,,
202008,Marrickville Golf Club,,,,,,,,20.0,2.0,31.0,2.0,,,,4.0,1.0,,,,,,,,,,,,,,,
202008,Menangle Bridge (Nepean River),,,,,,,,21.0,,50.0,1.0,,1.0,,6.0,,,,,,,,,,,,,,,,
202008,Mona Vale Golf Club,0.4,0.4,0.4,,,,,17.2,0.8,22.0,0.6,0.2,2.8,0.2,3.8,,,0.2,,,,,,,,,0.2,,,0.2,
202008,Mount Boyce AWS,,0.2,,,,,0.2,32.2,0.8,48.8,6.6,,2.6,0.2,14.2,,0.2,,,3.2,,2.0,1.8,,,,,,,,
202008,Norah Head AWS,,,0.2,,,,,12.2,2.0,32.4,3.8,0.2,0.6,,4.6,,,,,,,,,,,,,,,,
202008,North Parramatta (Burnside Homes),,,,,,,,18.0,6.5,28.0,3.0,0.5,,,5.5,1.0,,,,,,,,,,,,,,,
202008,North Rocks (Muirfield Golf Club),,,,,,,,13.0,14.0,30.0,2.5,,0.5,,5.5,1.0,,0.5,,,,,,,,,,,,,
202008,North Ryde Golf Club,,,,,,,,19.0,6.0,32.0,1.0,,3.0,,6.0,,,,,,,,,,,,,,,,
202008,Parramatta North (Masons Drive),,,,,,,,19.0,6.4,30.0,3.4,,,,6.0,1.4,,,,,,,,,,,,,,,
202008,Peakhurst Golf Club,,,,,,,,22.0,3.0,39.0,3.0,,,,4.0,1.0,,,,,,,,,,,,,,,
202008,Pennant Hills (Yarrara Road),,,,,,,,→,21.2,38.8,3.2,,3.2,,6.0,1.0,,,,0.8,,,,,,,,,,,
202008,Penrith Lakes AWS,0.2,,,,,,,12.4,0.6,36.4,0.4,,0.2,,10.2,,,,,0.8,,,,,,,,,,,
202008,Prospect Reservoir,,,,,,,,19.0,7.0,30.0,1.0,,,1.0,6.0,1.0,,,,,,,,,,,,,,,
202008,Putty (The Gibba),,,,,,,1.0,13.0,1.0,21.0,1.0,,3.0,,11.0,,,,,,,1.0,,,,,,,,,
202008,Randwick (Randwick St),,,,,,,,40.6,3.4,34.6,1.6,,1.2,,4.4,1.4,,,,,,,,,,,,,,,
202008,Richmond - UWS Hawkesbury,,,,,,,0.1,,,,,,40.4,,,,,,,,,→,→,9.0,,,,,,,
202008,Richmond RAAF,,,,,,,,11.6,2.6,21.2,0.2,,1.6,,8.0,,,,,0.4,,,,,,,,,,,
202008,Rose Bay (Royal Sydney Golf Club),,0.2,,,,,,25.0,9.0,41.0,2.6,,1.6,,3.8,1.4,,,,,,,,,,,,,,,
202008,Rossmore (South Creek),,,1.0,,,,,16.0,1.0,52.0,2.0,,,,7.0,,,,,,,,,,,,,,,,
202008,Sans Souci (Public School),,,,,,,,34.0,3.0,30.0,2.0,,,,3.0,1.0,,,,,,,,,,,,,,,
202008,Seven Hills  (Radio FM 103.2),,,,,,,,15.0,11.5,31.0,1.5,,,,6.5,1.0,0.5,,,,,,,,,,,,,,
202008,Shanes Park (South Creek Road),,0.2,,,,,,11.6,0.8,29.4,0.2,,0.6,0.2,10.0,,,,,0.4,,,,,,,,,,,
202008,Springwood (Valley Heights),,,,,,,,16.8,1.0,31.2,2.0,,0.6,,10.0,,,,,2.8,,0.2,,,,,,,,,
202008,St Ives (Richmond Avenue),,,,,,,,15.0,3.6,26.0,2.4,,,,,,,,,,,,,,,,,,,,
202008,Sydney (Observatory Hill),,,,,,,,24.6,5.2,31.4,1.4,,0.8,,3.8,1.0,,,,,,,,,,,,,,,
202008,Sydney Airport AMO,,,,,,,,26.8,0.4,28.2,0.2,,,0.2,3.0,1.0,,,,,,,,,,,,0.2,,,
202008,Sydney Botanic Gardens,,,,,,,,18.2,2.6,36.6,2.2,0.2,1.2,,4.4,1.4,,,,0.2,,,,,,,,,,,
202008,Sydney Olympic Park AWS (Archery Centre),,,,,,,,17.8,5.0,30.8,3.4,,,,5.2,0.8,0.2,,,0.2,,,,,,,,,,,
202008,Terrey Hills AWS,0.2,,0.2,,,,,13.4,2.2,25.0,0.8,,0.2,0.2,3.4,0.2,,,,,,,,,,,,,,,
202008,Wahroonga (Ada Avenue),0.2,0.2,,,,,,17.4,4.6,34.6,3.2,0.2,2.0,0.2,5.6,0.8,,,,1.0,,,,,,,,,,,
202008,Warragamba,,,,,,,,17.0,1.0,40.0,,,1.0,,8.0,,,,,3.0,,,,,,,,,,,
202008,Wedderburn (Booalbyn),,,,,,,,24.0,9.0,74.0,2.0,,2.0,,5.0,,,,,,,,,,,,,,,,
202008,Wyong (Jilliby (Jilliby Creek)),,,,,,,0.2,11.0,0.6,40.0,1.6,0.2,,,4.8,,,,,,,,,,,,,,,,
202008,Wyong (Kulnura (Jeavons)),,,,,,,,5.0,1.0,33.0,1.0,,1.0,,6.0,,,,,,,,,,,,,,,,
202008,Wyong (Mount Elliot),,,,,,,,11.0,,36.0,1.0,,3.0,,4.0,,,,,,,,,,,,,,,,
202008,Wyong (Olney Forest),,,,,,,1.0,6.0,2.0,38.0,3.0,,2.0,,5.0,,,,,,,,,,,,,,,,
202008,Yarramalong (Lewensbrook),,,,,,,2.0,12.6,,39.0,2.0,,,,7.0,,,,,,,,,,,,,,,,
202008,"Most values are the precipitation in the 24 hoursto9 am on the day indicated.
Days marked with → are part of a longer accumulation, which is shown on the final day.Values over  100  mm have been rounded to the nearest whole millimetre.Days marked with - have a rainfall report of zero; 
days left blank have no rainfall report (which often indicates no rain fell).",,,,,,,,,,,,,,,,,,,,,,,,,,,,,,,
202008,Rainfalls colouredaccording to the amount,0,1.0,5.0,10.0,15.0,25.0,50.0,100,150,200,300,400,600,millimetres,,,,,,,,,,,,,,,,,
202009,Abbotsbury (Fairfield (City Farm)),,,,,5.0,,,,,7.0,,,,,,,,,,5.0,6.0,,,,,,,,,,
202009,Abbotsford (Blackwall Point Rd),,,,,10.0,,,,0.8,8.0,,,,,,,,,3.4,→,11.0,,,,,1.4,,,,,
202009,Audley  (Royal National Park),,,,,6.0,,,,1.0,7.0,,,,,,,,,,5.0,9.0,,,,,2.0,,,,,
202009,Avalon Beach (Avalon (Palmgrove Rd)),,,,,13.2,,,,0.2,7.2,,,,,1.2,,,,3.6,4.6,,,,,,,,,,,
202009,Badgerys Creek AWS,0.6,,,,3.4,0.2,,,1.2,6.4,,,,0.2,,,,0.4,0.8,8.0,4.8,0.2,,,,2.0,,,,,
202009,Bankstown Airport AWS,,,,,7.8,,,,1.2,6.2,,,,0.2,,,,,0.4,4.8,9.0,,,,,1.4,,,,,
202009,Baulkham Hills Eucalyptus Ct,,,,,4.5,0.5,,,1.0,7.0,,,,,,,,,0.5,3.5,6.0,,,,,,,,,,
202009,Belrose (Evelyn Place),,,,,8.8,0.4,,,0.4,7.0,1.4,,,,0.6,,,,3.6,2.4,8.8,,,,,2.6,,,,,
202009,Blackheath (Wombat Street),3.0,,,,5.0,,,,4.0,14.0,1.0,1.0,,,,,,1.0,,13.0,2.0,6.0,,,,7.0,,,,,
202009,Box Hill (McCall Gardens),,,,,6.0,,,,1.0,7.0,,,,,,,,,1.0,4.0,4.0,,,,,,,,,,
202009,Bringelly (Maryland),,,,,1.0,,,,2.0,4.0,,,,,,,,,,10.0,6.0,1.0,,,,,,,,,
202009,Camden (Brownlow Hill),,,,,2.7,,,,2.9,4.0,,,,0.4,,,,,0.8,8.4,5.0,,,,,2.8,,,,,
202009,Camden Airport AWS,,,,,4.2,,,,2.2,4.4,0.2,0.2,,0.8,,,,,0.4,8.4,7.2,7.0,,,,1.4,,,,,
202009,Campbelltown (Kentlyn (Georges River Roa,,,,,4.0,,,,2.0,4.0,2.0,,,,,,,,1.0,6.0,5.0,10.0,,,,3.0,,,,,
202009,Campbelltown (Mount Annan),,,,,3.2,,,,1.6,5.2,0.2,0.2,,0.2,0.2,,,,,7.4,7.0,5.2,,,,1.0,,,,,
202009,Canterbury Racecourse AWS,,,,,10.6,,,,0.6,6.0,0.6,,,,,,,0.2,2.4,4.2,10.0,,,,0.4,0.8,,,,,
202009,Castle Cove (Rosebridge Ave),,,,,11.0,0.2,,,,8.0,2.5,,,,1.0,,,0.5,3.5,1.5,9.0,,,,,2.0,,,,,
202009,Castle Hill (Kathleen Ave),,,,,,,,,7.8,8.2,0.8,,,,,,,,2.0,8.0,1.5,,,,,,,,,,
202009,Castlereagh (Castlereagh Road),,,,2.8,,,,,11.6,,,,,,,,,,,,,,,,,,,,,,
202009,Chatswood Bowling Club,,,,,11.0,,,,,9.0,1.0,,,,,,,,3.0,6.0,3.0,,,,,2.0,,,,,
202009,Collaroy (Long Reef Golf Club),,,,,9.4,1.4,,,,3.2,1.0,,,,,,,,2.2,0.8,11.2,,,,,2.8,,,,,
202009,Colo Heights (Mountain Pines),,,,,5.0,,,,2.8,16.0,0.5,,,,,,,,,8.6,2.6,,,,,2.2,,,,,
202009,Concord (Brays Rd),,,,,10.0,,,,,8.4,,,,,,,,,3.0,3.0,7.8,,,,,1.0,,,,,
202009,Concord Golf Club,,,,,10.0,,,,,8.4,,,,,,,,,2.8,3.6,8.6,,,,,1.0,,,,,
202009,Cooranbong (Avondale),,,,,,,,,1.0,11.0,1.0,,,,1.0,,,1.0,1.0,3.0,3.0,,,,,2.0,,,,,
202009,Cooranbong (Lake Macquarie AWS),,,,,7.8,,,,,11.2,1.2,0.2,,,,0.2,,1.4,0.2,2.6,4.0,,,,,2.6,,,,,
202009,Darkes Forest (Kintyre),,,,,5.0,,,,3.0,12.0,,,,1.0,,,,2.0,1.0,4.0,5.0,1.0,,,,2.0,,,,,
202009,Dover Heights (Portland St),,,,,7.0,0.2,,,0.2,6.2,,,,,,,,,4.2,3.4,8.6,,,,,2.6,,,,,
202009,Erskine Park Reservoir,,,,,3.0,,,,2.0,6.0,,,,,,,,,1.0,7.0,4.0,,,,,,,,,,
202009,Faulconbridge (Great Western Hwy),,,,,3.0,,,,4.0,13.0,,,,,,,,,,9.0,2.0,1.0,,,,5.0,,,,,
202009,Faulconbridge (St Georges Crescent),,,,,3.4,,,,3.2,13.6,0.8,,,0.4,,,,,0.4,10.2,1.8,1.8,,,,6.4,,,,,
202009,Gears (Wyong River),,,,,8.0,,,,,7.0,5.0,,,,,,,,,3.0,3.0,,,,,2.0,,,,,
202009,Gosford AWS,0.6,,,,20.6,,,,,12.2,2.6,,0.2,,,,,0.2,2.2,2.0,7.0,,,,,2.6,,,,,
202009,Holsworthy Aerodrome AWS,,,,,4.2,0.2,,,1.2,5.0,0.8,,,,,,,,0.2,6.6,8.8,0.2,,,,2.4,,,,,
202009,Holsworthy Defence AWS,,,,,4.6,0.4,,,1.4,4.6,1.6,0.2,0.2,0.2,,,,,1.0,4.8,6.6,4.4,,,,2.6,,,,,
202009,Hornsby (Swimming Pool),,,,,,,,,,,,,,,,,,,,,,,,,,,,,,,
202009,Horsley Park Equestrian Centre AWS,,,,,4.6,0.2,,,1.2,6.8,,0.2,,0.2,,,,,0.2,5.4,6.6,,,,,0.8,,,,,
202009,Katoomba (Farnells Rd),0.4,,,,5.2,2.0,,,3.2,18.0,2.2,0.4,,0.8,,,,1.0,0.2,15.2,1.8,→,8.0,,,6.0,,,,,
202009,Kurrajong Heights (Bells Line of Road),1.0,,,,3.4,,,,6.0,14.4,1.6,,,0.4,0.8,,,,0.4,7.6,1.8,,,,,3.0,,0.2,,,
202009,Lucas Heights (ANSTO),,,,,7.0,,,,,,,,,,,,,,,,,,,,,,,,,,
202009,Macquarie Park (Willandra Village),,,1.0,,9.0,,,,0.6,10.0,1.0,,,,,,,,2.0,2.0,8.0,,,,,1.4,,,,,
202009,Mangrove Mountain AWS,,,,,,,,,,14.4,8.4,0.2,0.2,,,,0.2,0.8,2.8,3.6,6.2,0.4,0.2,,,2.6,,,,,
202009,Marrickville Golf Club,,,,,4.0,1.0,,,,1.0,,,,,,,,,,,,,,,,,,,,,
202009,Menangle Bridge (Nepean River),,,,,3.0,,,,2.0,3.0,,,,1.0,,,,1.0,,9.0,6.0,1.0,,,,,,,,,
202009,Mona Vale Golf Club,,,,,16.2,,0.2,,0.4,6.0,0.6,0.2,0.2,,0.2,0.2,,,6.8,5.8,11.4,,,,,3.0,,,,,
202009,Mount Boyce AWS,1.8,,,,3.4,0.2,,,4.2,12.6,2.4,0.4,,,0.2,,0.2,0.8,,14.0,1.0,6.0,,,,4.6,0.2,,,,
202009,Mount Wilson (Clarine),2.0,,,,3.4,,,,4.8,20.0,2.6,,,,,,,,1.0,11.0,3.4,10.4,,,,6.8,,,,,
202009,Norah Head AWS,,,,,10.4,0.2,,,,8.4,0.6,0.4,,,0.2,,0.2,4.8,2.8,3.4,4.4,,,,,2.0,,,,,
202009,North Parramatta (Burnside Homes),,,,,5.5,,,,1.0,8.0,,,,,,,,,1.0,3.0,6.5,,,,,,,,,,
202009,North Rocks (Muirfield Golf Club),,,,,3.5,,,,,8.0,1.5,,,,,,,,1.0,2.0,5.0,0.5,,,,,,,,,
202009,North Ryde Golf Club,,,,,8.0,,,,1.0,8.0,1.0,,,,,,,,2.0,2.0,7.0,,,,,1.0,,,,,
202009,Palm Grove (Lyrebird Lane),,,,,,,,,,,,,,,,,,,,,,,,,,,,,,,
202009,Parramatta North (Masons Drive),,,,,7.0,,,,1.6,8.0,0.6,,,0.2,,,,,1.6,4.0,6.2,,,,,0.4,,,,,
202009,Peakhurst Golf Club,,,,,7.0,,,,1.0,6.0,1.0,,,,,,,,2.0,4.0,9.0,,,,,2.0,,,,,
202009,Penrith Lakes AWS,0.8,,,,3.2,,,,2.2,8.0,,,,0.2,,,,,0.4,7.0,2.4,0.2,,,,2.2,,,,,
202009,Prospect Reservoir,,,,,6.0,,,,2.0,8.0,,,,,,,,,,7.0,8.0,,,,,,,,,,
202009,Putty (The Gibba),,,,,4.0,,,,2.0,19.0,1.0,,,,,,,,,7.0,1.0,,,,,2.0,,,,,
202009,Randwick (Randwick St),,,,,8.4,,,,0.2,6.8,,,,,,,,,3.8,3.6,10.2,,,,,1.8,,,,,
202009,Richmond - UWS Hawkesbury,,,,,→,→,3.6,,1.6,9.0,0.1,,,,,,,,→,→,9.0,,,,,→,→,0.8,,,
202009,Richmond RAAF,,,,,3.2,0.2,,,1.2,8.8,,,,,,,,,0.4,5.6,3.0,0.2,,,,0.2,0.2,,,,
202009,Rose Bay (Royal Sydney Golf Club),,,,,6.2,,,,0.2,6.1,0.2,,,,,,,,4.0,3.0,8.6,,,,,1.6,,,,,
202009,Rossmore (South Creek),,,,,2.0,,,,2.0,5.0,,,,1.0,,,,,,7.0,5.0,,,,,2.0,,,,,
202009,Sans Souci (Public School),,,,,8.0,,,,1.0,4.0,1.0,,,,,,,1.0,1.0,4.0,8.0,,,,,2.0,,,,,
202009,Seven Hills  (Radio FM 103.2),,,,,7.5,,,,1.0,3.5,,,,,,,,,,1.0,5.0,,,,,0.5,,,,,
202009,Shanes Park (South Creek Road),,,,,3.2,,,,2.0,8.6,,,,0.2,,,,,0.6,7.0,3.8,,,,,0.6,,,,,
202009,Springwood (Valley Heights),0.2,,,,3.0,,,,4.8,11.0,0.2,,,,0.2,,,,0.2,10.6,1.2,1.0,,,,3.0,,,,,
202009,St Ives (Richmond Avenue),,,,,7.4,,,,,,1.4,,,,0.6,,,,2.8,2.2,8.0,,,,,2.0,,,,,
202009,Sydney (Observatory Hill),,,,,6.4,0.2,0.2,,,,0.2,,,,,,,,4.4,2.4,7.8,,,,,1.4,,,,,
202009,Sydney Airport AMO,,,,,8.0,0.2,,,0.2,5.0,0.2,,,,,,,,1.4,4.0,8.6,,,,,1.4,,,,,
202009,Sydney Botanic Gardens,,,,,8.0,,,,0.4,8.0,0.4,,,,,,,,4.0,1.6,9.8,,,,,,,,,,
202009,Sydney Olympic Park AWS (Archery Centre),,,,,9.0,0.2,,,0.4,8.4,0.4,0.2,,,,,,,1.4,3.6,9.2,,,,,0.6,,,,,
202009,Terrey Hills AWS,,,,,13.0,0.6,,,0.2,9.4,1.4,0.2,,,0.6,,,,2.6,3.4,10.0,,,,,2.6,,,,,
202009,Wahroonga (Ada Avenue),,,,,9.6,0.4,,,1.0,12.4,1.6,0.2,,,,,,,2.4,2.0,7.0,,,,,2.2,,,,,
202009,Warragamba,,,,,1.0,,,,2.0,9.0,,,,1.0,,,,,1.0,9.0,3.0,1.0,,,,1.0,,,,,
202009,Wedderburn (Booalbyn),,,,,4.0,,,,1.0,4.0,,,,1.0,,,,,1.0,5.0,7.0,,,,,1.0,,,,,
202009,Wyong (Jilliby (Jilliby Creek)),,,,,3.6,,,,,6.0,1.4,0.2,,,,,,1.4,,,,,,,,2.6,,,,,
202009,Wyong (Kulnura (Jeavons)),,,,,11.0,,,,,15.0,3.0,,,,,,,,,3.0,5.0,,,,,2.0,,,,,
202009,Wyong (Mount Elliot),,,,,21.0,,,,,13.0,12.0,,,,,,,,3.0,2.0,7.0,,,,,1.0,,,,,
202009,Wyong (Olney Forest),,,,,7.0,,,,,13.0,1.0,,,,,,,2.0,,5.0,4.0,,,,,3.0,,,,,
202009,Yarramalong (Lewensbrook),,,,,10.8,,,,,10.2,5.0,,,,,,,,1.4,3.0,6.0,,,,,4.0,,,,,
202009,"Most values are the precipitation in the 24 hoursto9 am on the day indicated.
Days marked with → are part of a longer accumulation, which is shown on the final day.Values over  100  mm have been rounded to the nearest whole millimetre.Days marked with - have a rainfall report of zero; 
days left blank have no rainfall report (which often indicates no rain fell).",,,,,,,,,,,,,,,,,,,,,,,,,,,,,,,
202009,Rainfalls colouredaccording to the amount,0,1.0,5.0,10.0,15.0,25.0,50.0,100,150,200,300,400,600,millimetres,,,,,,,,,,,,,,,,,
202010,Abbotsbury (Fairfield (City Farm)),3.0,,,,,,,,,,,,14.0,1.0,,,,,3.0,,,,,6.0,15.0,29.0,5.0,,45.0,,5.0
202010,Abbotsford (Blackwall Point Rd),2.0,,,,,,,0.6,,,,,,,,,0.5,→,7.0,,0.2,,,7.0,18.0,29.0,11.6,0.4,28.0,,2.0
202010,Audley  (Royal National Park),5.0,,,,,,,1.0,,,,,,,,,,2.0,3.0,,,1.0,,2.0,18.0,26.0,21.0,,9.0,,2.0
202010,Avalon Beach (Avalon (Palmgrove Rd)),,,,,,,,1.2,,,,,,,,,,1.6,9.6,2.2,0.4,,,4.0,24.0,60.0,10.0,0.2,2.8,,3.6
202010,Badgerys Creek AWS,0.4,,,,,,,0.8,,,,,,,,,,,2.0,0.2,,,,6.6,15.8,31.4,0.6,0.2,10.2,4.2,0.4
202010,Bankstown Airport AWS,1.4,,,,,,,0.8,,,,,,,,,,1.8,3.2,,,,,4.0,22.6,15.8,11.4,,4.0,0.4,2.4
202010,Baulkham Hills Eucalyptus Ct,0.5,,0.5,,,,,,,,,,,,,,,1.0,1.5,,1.0,,,6.5,20.0,34.0,13.0,,14.5,1.0,0.5
202010,Belrose (Evelyn Place),1.4,,,,,0.6,0.6,0.6,,,,,,,,,,1.4,4.0,14.4,0.2,,,1.8,19.0,43.8,12.8,1.6,5.4,0.4,1.0
202010,Blackheath (Wombat Street),3.0,,,,,,,1.0,1.0,,,,,,,,,2.0,5.0,1.0,,2.0,,3.0,25.0,40.0,8.0,1.0,1.0,10.0,4.0
202010,Box Hill (McCall Gardens),,,,,,,,,,,,,4.0,,,21.0,,,3.0,,,,,7.0,20.0,33.0,7.0,,15.0,,
202010,Bringelly (Maryland),2.0,,,,,,,,,,,,,,,,,,2.0,,,,,7.0,17.0,35.0,1.0,,19.0,5.0,3.0
202010,Camden (Brownlow Hill),3.6,,,,,,,1.6,,,,,,,,,,,4.0,,,,,3.8,13.4,27.2,1.4,,7.4,8.4,3.0
202010,Camden Airport AWS,2.6,,,,,,,1.0,0.2,,,,,,,,,,2.8,,,,,4.0,11.8,26.8,2.0,,26.4,7.0,4.8
202010,Campbelltown (Kentlyn (Georges River Roa,5.0,,,,,,,1.0,,,,,,,,,,1.0,,,,2.0,,6.0,22.0,19.0,6.0,1.0,17.0,1.0,32.0
202010,Campbelltown (Mount Annan),3.4,0.2,,,,,,1.2,0.2,,,,,,,,,,0.2,,,,,7.6,19.0,18.0,5.8,,11.2,0.6,16.6
202010,Canterbury Racecourse AWS,1.0,,,,,,,0.4,,,,,,,,,0.2,2.8,4.2,,0.6,,,7.4,16.2,20.2,10.8,,6.8,,1.4
202010,Castle Cove (Rosebridge Ave),1.5,,,,,0.8,,1.0,,,,,,,,,,2.0,7.0,3.0,,,,3.5,19.0,47.0,15.0,,10.5,,2.0
202010,Castle Hill (Kathleen Ave),3.1,,,,,,,0.4,,,,,0.6,,,,1.0,,7.4,,,,,7.0,31.2,56.2,18.0,1.1,3.8,2.9,
202010,Chatswood Bowling Club,1.0,,,,,,,,,,,,,,,,,1.0,6.0,1.0,,,,3.0,22.0,9.0,16.0,,21.0,,2.0
202010,Collaroy (Long Reef Golf Club),2.2,,,,,,,0.4,,,,,,,,,,1.6,5.0,8.2,,,,6.4,25.4,18.8,3.0,,,3.6,5.4
202010,Colo Heights (Mountain Pines),0.6,,,,,,,0.6,,,,,,,,,,,1.6,1.6,,,,4.2,60.8,58.2,17.0,0.8,0.8,2.6,4.0
202010,Concord (Brays Rd),1.6,,,,,,,0.4,,,,,,,,,,2.8,6.4,,,,,6.6,16.4,23.6,12.0,,19.4,0.2,2.4
202010,Concord Golf Club,2.4,,,,,,,,,,,,,,,,,3.2,8.6,,,,,8.4,15.4,25.8,,,,,
202010,Cooranbong (Avondale),,,,,,,,1.0,,,,,,,,,,,,,,,,,,,,5.0,6.0,2.0,1.0
202010,Cooranbong (Lake Macquarie AWS),0.2,0.2,,,,,,0.4,,,,,,,,0.2,,2.6,23.2,2.8,5.4,,,4.6,14.6,62.8,23.8,0.2,5.4,2.8,1.6
202010,Darkes Forest (Kintyre),3.0,,,,,,,3.0,,,,,,,,,,2.0,3.0,,,2.0,,4.0,21.0,57.0,23.0,1.0,24.0,,15.0
202010,Dover Heights (Portland St),2.6,,,,,,,0.8,,,,,,,,,0.2,1.8,4.4,1.0,1.0,,,4.2,16.6,30.2,4.6,,19.8,0.8,6.6
202010,Erskine Park Reservoir,1.0,,,,,,,,,,,,13.0,,,,,,6.0,,,,,8.0,29.0,38.0,3.0,,11.0,29.0,
202010,Faulconbridge (Great Western Hwy),,,,,,,,2.0,,,,,,,,,,,2.0,1.0,,,,5.0,19.0,60.0,8.0,,10.0,1.0,6.0
202010,Faulconbridge (St Georges Crescent),0.8,,,,,,0.2,1.4,,,,,,,,,1.2,0.2,2.4,0.2,,,,5.8,18.6,52.2,7.6,0.6,11.2,1.8,5.4
202010,Gears (Wyong River),1.0,,,,,,,,,,,,,,,,,,12.0,6.0,,,,4.0,12.0,85.0,22.0,,,2.0,
202010,Gosford AWS,0.8,,,,,,0.2,0.6,,,,,,,,,,0.6,24.8,5.0,1.2,,,7.4,28.6,128,40.0,0.2,0.6,0.2,15.0
202010,Holsworthy Aerodrome AWS,1.6,0.2,,,,,,1.0,,,,,,,,,,1.6,2.0,,,2.2,,4.0,18.6,19.0,8.6,0.2,11.8,,11.2
202010,Holsworthy Defence AWS,4.0,0.2,,,,,,1.6,,,,,,,,,,1.6,,,,0.6,,5.0,24.6,24.2,7.2,0.2,19.6,,24.6
202010,Hornsby (Swimming Pool),,,,,,,,,,,,,,,,0.4,,1.6,4.2,2.8,0.2,,,5.0,32.8,87.2,26.8,0.2,2.4,2.2,1.2
202010,Horsley Park Equestrian Centre AWS,1.6,,,,,,,0.4,,,,,8.8,,,,,,11.0,,,,,6.6,30.2,37.4,6.4,,35.2,1.6,3.0
202010,Katoomba (Farnells Rd),2.0,,,,,,0.4,2.2,0.8,,,,,,,,2.6,1.2,2.6,→,1.4,1.0,,3.8,24.8,72.0,16.0,1.6,3.2,8.8,4.0
202010,Kurrajong Heights (Bells Line of Road),0.4,,,,,0.3,→,1.5,,,,,,,,,0.8,1.0,10.8,1.0,2.5,,,8.0,21.0,69.0,8.0,1.0,3.6,2.8,
202010,Lucas Heights (ANSTO),,,,,,,,,,,,,,,,,,,,,,,,2.4,20.4,,,,,,
202010,Macquarie Park (Willandra Village),1.6,,,,,,0.4,0.4,,,,,,,,,0.2,2.4,3.4,0.4,0.2,,,5.0,31.6,38.8,18.2,0.6,1.8,2.4,4.6
202010,Mangrove Mountain AWS,1.8,,,,,,,0.8,,,,,,,,1.6,,2.0,17.2,0.2,1.6,,,5.6,22.6,97.6,29.8,1.2,1.0,3.6,2.2
202010,Marrickville Golf Club,,,,,,,,,,,,,,,,,,1.0,,,,,,,,,,,,2.0,1.0
202010,Menangle Bridge (Nepean River),1.0,,,,,,,2.0,,,,,,,,,,,,,,,,3.0,31.0,15.0,6.0,,19.0,3.0,14.0
202010,Mona Vale Golf Club,2.2,0.2,0.2,0.4,0.2,,,0.6,,,,,0.2,,0.2,,,1.0,2.8,2.2,,,,4.4,25.6,51.2,8.6,,1.6,2.2,2.2
202010,Mount Boyce AWS,1.8,,,,,,,1.2,0.4,0.2,,,,,,,0.2,1.4,6.6,1.0,0.2,1.6,,2.4,19.8,37.4,7.6,0.4,0.8,9.4,2.2
202010,Mount Wilson (Clarine),1.8,,,,,,,1.0,,,,,7.0,,,,0.8,1.4,4.6,2.4,,,,12.0,27.0,50.0,16.0,1.2,5.0,11.4,2.0
202010,Norah Head AWS,5.2,0.2,0.2,0.4,,0.2,0.6,1.0,0.2,,,,0.2,,,,,,,,0.6,,0.2,6.0,16.0,80.4,32.0,,7.2,0.4,3.0
202010,North Parramatta (Burnside Homes),0.5,,,,,,,,,,,,,,,,,2.0,4.0,,,,,6.5,21.5,26.5,13.5,0.5,11.5,1.0,2.0
202010,North Rocks (Muirfield Golf Club),1.0,,,,,,,,,,,,,,,,,1.0,2.5,,,,,5.5,23.0,29.5,13.5,0.5,18.0,0.5,1.0
202010,North Ryde Golf Club,,1.0,,,,,,,,,,,,,,,,1.0,3.0,,,,,6.0,22.0,29.0,14.0,,26.0,,3.0
202010,Palm Grove (Lyrebird Lane),,,,,,,,,,,,,,,,,,2.0,16.0,2.0,,,,7.0,20.0,80.0,22.0,,1.0,1.0,4.0
202010,Parramatta North (Masons Drive),1.0,,,,,,,0.6,,,,,,,,,,2.4,4.0,,,,,6.6,20.0,26.0,13.4,0.2,12.0,0.8,2.8
202010,Peakhurst Golf Club,1.0,,,,,,,1.0,,,,,,,,,,3.0,4.0,,,,,6.0,20.0,19.0,6.0,,6.0,,4.0
202010,Pennant Hills (Yarrara Road),2.4,,,,,→,→,→,→,0.8,,,,,,0.2,→,2.4,5.6,→,1.6,,,6.2,27.4,61.0,22.6,0.4,0.4,3.2,1.0
202010,Penrith Lakes AWS,0.2,,,,,,,0.2,0.2,,,,,,,,,,8.2,,0.2,,,7.2,17.2,40.4,1.8,,7.2,1.4,0.4
202010,Prospect Reservoir,1.0,,,,,,,,,,,,2.0,,,,,1.0,4.0,,1.0,3.0,,6.0,31.0,29.0,10.0,,26.0,,1.0
202010,Putty (The Gibba),,,,,,,,,,,,,,,,,,,6.0,,,,,6.0,13.0,3.0,3.0,2.0,1.0,2.0,
202010,Randwick (Randwick St),1.6,,,,,0.4,0.2,0.8,0.4,,,,,,,,0.4,2.0,9.4,,,,,5.6,14.0,29.4,5.6,0.1,12.6,0.2,6.4
202010,Richmond RAAF,0.8,,,,,,,,,,,,,,,,,,10.0,0.2,,,0.4,8.2,18.0,34.2,3.4,,19.4,2.0,0.2
202010,Rose Bay (Royal Sydney Golf Club),1.8,,,,,,,0.5,,,,,,,,,,2.0,6.4,,0.3,,,2.8,19.0,24.6,5.0,,29.7,4.0,9.5
202010,Rossmore (South Creek),,,,,,,,1.0,,,,,,,,,,,1.0,,,,,6.0,16.0,31.0,2.0,,21.0,2.0,4.0
202010,Sans Souci (Public School),,,,,,,,1.0,,,,,,,,,,2.0,3.0,,,,,6.0,10.0,5.0,,,2.0,1.0,
202010,Seven Hills  (Radio FM 103.2),0.5,,,,,,,,,,,,0.5,,,,,1.0,4.0,0.5,,1.5,,6.0,26.0,26.5,9.5,,30.5,9.0,0.5
202010,Shanes Park (South Creek Road),0.6,,,,,,,0.4,,,,,,,,,,,4.4,,,,,8.4,22.8,38.8,4.8,,8.2,1.2,
202010,Springwood (Valley Heights),0.2,,,,,,,2.4,,,,,,,,,0.4,,3.2,0.4,0.2,,1.0,6.0,19.2,53.2,6.2,,6.0,1.0,2.2
202010,St Ives (Richmond Avenue),2.8,,,,,,1.0,0.8,,,,,,,,0.2,,1.6,3.4,8.8,,,,3.6,25.8,98.2,26.8,,1.6,0.8,1.8
202010,Sydney (Observatory Hill),2.6,0.2,,,,,,0.4,1.0,,,,,,,,,1.8,3.0,,0.4,,,3.2,19.0,43.2,12.4,0.2,18.4,,2.6
202010,Sydney Airport AMO,2.4,0.2,,,,,,0.4,,,,,,,,,0.2,1.8,4.0,0.2,1.8,,,5.2,17.8,19.6,4.8,,3.2,0.2,3.0
202010,Sydney Botanic Gardens,3.2,,,,,0.2,,0.4,0.8,,,,,,,0.1,,1.8,2.7,,0.4,,,3.8,18.8,34.0,13.6,,,,
202010,Sydney Olympic Park AWS (Archery Centre),1.4,,,,,,,,,,,,,,,,,2.6,1.6,,,,,8.2,16.6,24.8,14.0,0.2,3.2,0.2,4.8
202010,Terrey Hills AWS,2.0,0.2,,,,0.2,0.4,0.6,,,,,,,,,,0.8,3.2,7.2,,,,2.2,27.6,82.2,,,1.4,1.8,0.8
202010,Wahroonga (Ada Avenue),2.2,0.2,,,,,0.8,0.8,,,,,,,,,0.2,2.6,4.4,2.4,0.2,,,4.6,34.2,87.4,28.2,0.4,1.0,3.0,3.2
202010,Warragamba,1.0,,,,,,,1.0,,,,,,,,3.0,,,5.0,,,,,5.0,13.0,47.0,4.0,1.0,4.0,9.0,3.0
202010,Wedderburn (Booalbyn),1.0,,,,,,,2.0,,,,,,,,,,,1.0,,,,,4.0,34.0,21.0,5.0,,13.0,1.0,18.0
202010,Wyong (Jilliby (Jilliby Creek)),,0.2,,,,,,0.8,,,,,,,,,,,0.4,3.6,,,,,1.4,95.0,25.6,,,0.2,
202010,Wyong (Kulnura (Jeavons)),,,,,,,,1.0,,,,,,,,,,3.0,9.0,3.0,1.0,,,6.0,21.0,66.0,11.0,,1.0,15.0,1.0
202010,Wyong (Mount Elliot),2.0,,,,,,,1.0,,,,,,,,,,1.0,45.0,19.0,1.0,,,8.0,28.0,157,52.0,,1.0,,14.0
202010,Wyong (Olney Forest),1.0,,,,,,,1.0,,,,,,,,,,4.0,15.0,2.0,7.0,,,8.0,22.0,80.0,36.0,1.0,1.0,5.0,2.0
202010,Yarramalong (Lewensbrook),,,,,,,,,,,,,,4.0,,3.0,,,12.8,2.2,,,,5.0,21.0,93.0,22.0,,,7.0,2.0
202010,"Most values are the precipitation in the 24 hoursto9 am on the day indicated.
Days marked with → are part of a longer accumulation, which is shown on the final day.Values over  100  mm have been rounded to the nearest whole millimetre.Days marked with - have a rainfall report of zero; 
days left blank have no rainfall report (which often indicates no rain fell).",,,,,,,,,,,,,,,,,,,,,,,,,,,,,,,
202010,Rainfalls colouredaccording to the amount,0,1.0,5.0,10.0,15.0,25.0,50.0,100,150,200,300,400,600,millimetres,,,,,,,,,,,,,,,,,
202011,Abbotsbury (Fairfield (City Farm)),7.0,1.0,,,3.0,14.0,,,,,,,2.0,7.0,,,,,,,,1.0,2.0,1.0,,,,,,,
202011,Abbotsford (Blackwall Point Rd),6.0,2.6,,,4.0,19.0,,,0.6,,,,2.0,0.4,,,,,,,,0.4,3.0,1.0,1.4,,,,,0.4,
202011,Audley  (Royal National Park),25.0,7.0,,,4.0,18.0,,,1.0,10.0,,,1.0,5.0,,,,,,,,,2.0,,1.0,,,,,,
202011,Avalon Beach (Avalon (Palmgrove Rd)),13.8,6.6,,,,,,,1.0,,,,4.0,,,,,,,,,,,,,,,,,,
202011,Badgerys Creek AWS,6.8,1.4,,,4.4,19.2,0.2,,,,,,4.0,12.4,0.2,,,0.2,0.2,,,,,,,,,,,,
202011,Bankstown Airport AWS,10.8,3.8,,,3.2,16.0,,,,,,,4.2,5.4,,,,,,,,0.2,1.2,1.2,1.2,,,,,,
202011,Baulkham Hills Eucalyptus Ct,25.5,3.0,,,3.0,20.5,,,,,,,0.5,,,,,,,,5.5,1.0,4.5,1.5,,,,,,,
202011,Belrose (Evelyn Place),18.4,12.0,,,3.4,19.4,,0.2,0.6,,,,2.6,0.2,,,,0.8,,,,0.2,2.0,2.0,,,,,,0.2,
202011,Bilpin Post Office,→,4.8,,,7.8,,,,,,,,5.0,,,,,9.6,,,,→,4.8,3.2,,,,,→,4.0,
202011,Blackheath (Wombat Street),4.0,2.0,,,4.0,25.0,,,,,,,10.0,6.0,,,,10.0,,,,,2.0,4.0,2.0,,,,,6.0,
202011,Box Hill (McCall Gardens),13.0,1.0,,,3.0,25.0,,,,,,,1.0,,,,,,,,6.0,1.0,1.0,2.0,1.0,,,,,,
202011,Bringelly (Maryland),17.0,,,,8.0,22.0,,,,,,,3.0,13.0,,,,,,,,,2.0,,,,,,,,
202011,Camden (Brownlow Hill),16.8,,,,8.4,17.0,,,,,,,2.0,4.8,,,,,,,,0.6,1.6,,,0.4,,,,,
202011,Camden Airport AWS,17.8,0.6,,,7.4,17.0,,,,,,,2.2,14.0,,,,,,,,0.2,1.8,0.2,,,,,,,
202011,Campbelltown (Kentlyn (Georges River Roa,33.0,3.0,,,5.0,18.0,,,,,,,3.0,12.0,,,,,,,,,2.0,1.0,,,,,,,
202011,Campbelltown (Mount Annan),26.8,2.0,,,6.0,16.2,,,,,,,1.2,16.4,,,,,,,,,2.6,,0.2,,,,,,
202011,Canterbury Racecourse AWS,19.0,2.4,,,2.6,14.8,,,,,,,2.0,2.8,,,,,,,,,1.6,1.2,0.8,,,,,,
202011,Castle Cove (Rosebridge Ave),9.0,11.0,,,3.0,23.0,,,5.0,,,,5.0,,,,,1.0,,,0.5,,4.0,,2.0,,,,,,
202011,Castle Hill (Kathleen Ave),12.6,2.9,,,1.2,28.0,,,,,,,,,,,,,,,11.1,,6.0,,2.7,,,,,,
202011,Chatswood Bowling Club,9.0,6.0,,,5.0,24.0,,,,,,,6.0,,,,,,,,,,3.0,2.0,1.0,,,,,,
202011,Collaroy (Long Reef Golf Club),12.4,6.8,,,2.8,19.2,,0.2,2.2,,,,2.4,,,,,,,,,,1.4,1.6,,,,,,,
202011,Colo Heights (Mountain Pines),13.0,2.8,,,3.6,15.6,,,,,,,2.6,2.8,,,,4.4,,,,4.0,2.4,0.4,,,,,0.8,,
202011,Concord (Brays Rd),6.6,3.0,,,2.8,19.0,,,,0.6,,,1.2,,,,,,,,0.6,0.4,3.0,1.0,,,,,,,
202011,Concord Golf Club,10.4,3.0,,,3.6,18.8,,,,,,,1.8,,,,,,,,,,5.0,,,,,,,,
202011,Cooranbong (Avondale),,,,,,,,,1.0,,,,,,,,1.0,,,,,,,,,,,,,,
202011,Cooranbong (Lake Macquarie AWS),,3.6,,,,21.6,,0.8,1.2,0.2,,,2.6,4.6,,,7.2,3.4,,,10.8,,1.0,,,,,,,,
202011,Darkes Forest (Kintyre),13.0,8.0,,,8.0,19.0,,,1.0,,,,1.0,11.0,,,,,,,,,2.0,1.0,,1.0,,,,,
202011,Dover Heights (Portland St),13.4,10.2,,,3.4,28.8,0.8,,0.6,,,,4.6,0.2,,,,0.8,0.2,,,,2.6,1.4,,,,,,,
202011,Erskine Park Reservoir,7.0,2.0,,,3.0,17.0,,,,,,,3.0,4.0,,,,1.0,,,7.0,2.0,4.0,1.0,,,,,,,
202011,Faulconbridge (Great Western Hwy),9.0,,,,6.0,30.0,,,,,,,3.0,1.0,,,,13.0,,,,1.0,,,1.0,,,,,3.0,
202011,Faulconbridge (St Georges Crescent),9.8,,,,6.0,26.6,,,0.8,,,,2.8,0.8,,,,12.8,,,0.3,1.4,0.2,0.6,0.8,,,,,,
202011,Gears (Wyong River),,,,,2.0,13.0,,,,,,,,1.0,,,,,,,,,3.0,,,,,,,,
202011,Gosford AWS,1.8,4.8,,,,23.0,,,,0.2,,,2.2,1.4,,,,0.4,,,,0.4,1.2,0.8,,,,,,,
202011,Holsworthy Aerodrome AWS,30.6,2.4,,,3.8,23.8,,,,,,,1.0,3.8,,,,,,,,,2.6,0.8,,,,,,,
202011,Holsworthy Defence AWS,31.8,3.6,0.2,,5.0,19.4,,,,,,,3.0,10.2,,,,,,,,,2.2,0.6,,,,,,,
202011,Hornsby (Swimming Pool),7.6,7.2,,,3.4,19.4,,0.4,,,,,2.4,2.2,,,,,,,7.2,0.4,1.4,1.2,,,,,,,
202011,Horsley Park Equestrian Centre AWS,7.4,1.0,,,3.6,17.0,,,,,,,2.0,5.0,,,,0.8,,,0.6,1.0,2.8,0.8,0.6,,,,,0.2,
202011,Katoomba (Farnells Rd),2.8,3.0,,,5.6,24.0,0.2,0.3,0.6,,,→,7.0,7.0,,,,7.0,,,,8.0,2.0,3.0,→,0.8,,,,3.0,
202011,Kurrajong Heights (Bells Line of Road),15.4,1.0,,,4.0,20.5,,,,,,,3.2,3.2,,,,19.8,,,0.6,1.4,0.3,1.0,4.2,,,,0.2,1.0,
202011,Lucas Heights (ANSTO),29.0,,,,,,,,,,,,,5.2,,,,,,,,,,,,,,,,,
202011,Mangrove Mountain AWS,15.8,8.6,0.2,,0.8,24.4,,1.8,,,,,3.2,2.4,,,,0.4,,,0.6,1.2,0.8,0.6,,,,,,,
202011,Marrickville Golf Club,15.0,2.0,,,3.0,15.0,,,,,,,4.0,2.0,,,,,,,,,1.0,2.0,1.0,,,,,,
202011,Menangle Bridge (Nepean River),26.0,2.0,,,7.0,11.0,,,,,,,4.0,21.0,,,,,,,,,1.0,1.0,,,,,,,
202011,Mona Vale Golf Club,18.8,11.2,,0.2,4.6,20.6,0.6,,1.4,,,,4.0,,0.2,,,1.8,,,,,1.0,1.6,2.2,,,,0.2,,
202011,Mount Boyce AWS,2.2,2.4,,,2.6,26.2,,0.2,,0.2,,,8.0,3.6,,,,5.0,,,,1.0,0.8,2.6,1.0,,,,0.4,4.8,
202011,Mount Wilson (Clarine),1.2,,,,2.0,22.0,,1.0,,,,,4.8,7.0,,,,12.2,,,,2.4,1.0,6.8,3.0,,,,,6.0,
202011,Norah Head AWS,,12.6,,,,25.0,,,,,,,2.2,2.8,,0.4,1.6,0.2,,,,,6.8,,,,,,0.2,,
202011,North Parramatta (Burnside Homes),11.5,4.0,,,2.5,18.5,,,,,,,0.5,0.5,,,,,,,,1.0,3.5,1.0,1.0,,,,,,
202011,North Rocks (Muirfield Golf Club),15.5,3.0,,,3.0,21.0,,,,,,,1.5,,,,,,,,12.0,1.0,6.0,1.5,1.5,,,,,,
202011,North Ryde Golf Club,6.0,2.0,,,4.0,16.0,,,,,,,1.0,,,,,,,,1.0,,3.0,2.0,2.0,,,,,,
202011,Palm Grove (Lyrebird Lane),,4.0,,,2.0,18.0,,,,,,,1.0,2.0,,,,1.0,,,5.0,,4.0,,,,,,,,
202011,Parramatta North (Masons Drive),11.2,4.0,,,3.6,17.6,,,,,,,1.4,0.4,,,,0.4,,,0.6,1.4,3.4,1.6,1.0,,,,,,
202011,Peakhurst Golf Club,13.0,5.0,,,3.0,14.0,,,,,,,5.0,8.0,,,,,,,,,1.0,1.0,2.0,,,,,,
202011,Pennant Hills (Yarrara Road),14.4,5.0,,,→,25.8,,0.6,,,,,1.6,1.4,,,,,,,→,7.8,1.8,1.4,1.0,,,,,,
202011,Penrith Lakes AWS,12.0,0.2,0.2,,3.6,26.0,,,,0.2,,,2.8,1.2,0.2,,,9.4,0.2,,6.6,1.6,0.2,0.2,0.8,0.2,,,,0.2,
202011,Prospect Reservoir,9.0,4.0,,,4.0,19.0,,,,,,,2.0,5.0,,,,1.0,,,,2.0,4.0,1.0,3.0,,,,,,
202011,Putty (The Gibba),,,1.0,,,,,,,,,,,,,,,,,,,,,,,,,,,,
202011,Randwick (Randwick St),16.4,17.0,,,3.0,25.8,0.1,,0.2,,,,5.2,2.0,,,,2.0,0.4,,,,1.8,1.6,1.2,,,,,,
202011,Richmond - UWS Hawkesbury,,,13.6,,3.4,21.2,→,→,0.2,,,,1.4,→,→,2.0,,3.0,,,→,→,5.0,2.4,1.0,,,→,→,1.6,
202011,Richmond RAAF,18.0,0.2,,,3.0,18.4,,,,,,,1.0,0.6,0.2,,,2.8,0.2,,6.8,0.6,2.0,,0.4,0.2,,,0.4,,
202011,Rose Bay (Royal Sydney Golf Club),8.0,11.0,,,2.4,29.0,0.2,,0.2,,,,4.0,2.0,,,,,,,,,2.2,1.0,,,,,,,
202011,Rossmore (South Creek),15.0,1.0,,,5.0,28.0,,,,,,,7.0,8.0,,,,,,,,,1.0,,,,,,,,
202011,Sans Souci (Public School),12.0,1.0,,,,8.0,,,,,,,4.0,2.0,,,,,,,,,1.0,1.0,3.0,,,,,,
202011,Seven Hills  (Radio FM 103.2),11.5,2.0,,,3.0,19.5,,,,,,,1.0,1.0,,,,0.5,,,,1.5,3.0,1.0,2.5,,,,,,
202011,Shanes Park (South Creek Road),9.2,1.2,,,4.6,23.6,,,,,,,2.2,0.6,,,,1.4,,,9.2,2.2,1.2,0.2,,,,,,,
202011,Springwood (Valley Heights),9.8,0.2,,,4.4,30.2,,,1.0,,,,3.0,1.4,,,,9.8,,,11.8,1.8,,0.4,1.0,,,,,1.8,
202011,St Ives (Richmond Avenue),19.2,6.2,,,4.4,19.6,,0.8,0.4,,,,3.0,,,,,0.8,,,1.0,,1.8,1.0,,,,,0.8,,
202011,Sydney (Observatory Hill),14.8,19.0,0.2,,2.8,23.0,,1.2,0.2,,,,3.2,,,,,0.4,,,,,2.6,1.6,,,,,,,
202011,Sydney Airport AMO,9.2,7.2,,,2.0,12.4,0.2,,,0.2,0.2,,4.0,1.6,,,,,,,,,1.0,0.8,0.4,1.2,,,,,
202011,Sydney Botanic Gardens,10.8,23.6,,,3.0,23.4,0.9,0.6,,,,,4.0,,,,,,,,,0.1,0.8,2.4,,,,,,,
202011,Sydney Olympic Park AWS (Archery Centre),5.4,4.4,,,2.8,19.6,,,,0.2,,,1.6,,,,,,,,0.6,0.4,3.0,1.0,,0.2,,,,0.2,
202011,Terrey Hills AWS,16.0,10.6,,,3.0,17.4,,0.6,0.2,,,,1.8,0.2,,,,1.6,,,,,1.2,2.0,,,,,,,
202011,Wahroonga (Ada Avenue),11.8,8.0,0.2,,4.0,26.0,,,,,,,3.4,2.2,,,,0.2,,,5.2,0.4,1.6,1.4,2.2,,,,0.2,,
202011,Warragamba,51.0,,,,8.0,26.0,,,,,,,3.0,9.0,,,,5.0,,,,,4.0,1.0,1.0,,,,,1.0,
202011,Wedderburn (Booalbyn),26.0,5.0,,,7.0,13.0,,,,,,,2.0,11.0,,,,,,,,,3.0,,,,,,,,
202011,Wyong (Jilliby (Jilliby Creek)),,,,,,6.4,,,,,,,,,,,0.2,,,,,,13.0,,,,,,,,
202011,Wyong (Kulnura (Jeavons)),,7.0,,,,21.0,,,,,,,2.0,2.0,,,,2.0,,,,,17.0,,,,,,,,
202011,Wyong (Mount Elliot),3.0,6.0,,,1.0,28.0,,2.0,,,,,3.0,2.0,,,,,,,,,4.0,1.0,,,,,,,
202011,Wyong (Olney Forest),,7.0,,,,21.0,,1.0,,,,,2.0,6.0,,,1.0,3.0,,,,,3.0,,,,,,,,
202011,"Most values are the precipitation in the 24 hoursto9 am on the day indicated.
Days marked with → are part of a longer accumulation, which is shown on the final day.Values over  100  mm have been rounded to the nearest whole millimetre.Days marked with - have a rainfall report of zero; 
days left blank have no rainfall report (which often indicates no rain fell).",,,,,,,,,,,,,,,,,,,,,,,,,,,,,,,
202011,Rainfalls colouredaccording to the amount,0,1.0,5.0,10.0,15.0,25.0,50.0,100,150,200,300,400,600,millimetres,,,,,,,,,,,,,,,,,
202012,Abbotsbury (Fairfield (City Farm)),,2.0,1.0,,,7.0,,,,,,,,,3.0,6.0,4.0,11.0,,2.0,,26.0,,,,1.0,3.0,,19.0,5.0,2.0
202012,Abbotsford (Blackwall Point Rd),,10.0,,,,5.4,,,,,0.4,1.0,1.0,3.0,7.0,17.0,0.6,0.6,0.8,5.0,0.6,24.0,,,0.1,2.0,5.0,,12.0,6.0,
202012,Audley  (Royal National Park),,12.0,2.0,,,3.0,,,,,,,,2.0,7.0,16.0,,3.0,6.0,1.0,,23.0,,,,,1.0,,7.0,8.0,
202012,Avalon Beach (Avalon (Palmgrove Rd)),0.6,9.4,1.4,,,14.6,,,,,,1.0,,2.6,14.6,20.0,14.0,,10.2,6.0,4.2,34.6,,,2.4,4.2,1.6,,6.2,39.0,2.0
202012,Badgerys Creek AWS,,,,,,3.2,,,,,,0.6,,0.4,7.4,8.4,9.2,2.6,1.0,0.8,0.2,29.6,,,,0.4,4.4,,14.6,4.0,3.0
202012,Bankstown Airport AWS,,2.2,0.4,,,7.0,,,,,,,3.6,0.8,7.4,7.0,1.8,8.2,0.4,0.6,0.8,0.8,0.4,,,1.2,3.2,0.2,16.8,2.8,
202012,Baulkham Hills Eucalyptus Ct,,12.5,,,,7.0,,,,,,,1.0,4.0,3.5,6.0,3.0,0.5,3.5,3.5,,24.0,,,,1.5,7.0,,10.0,13.0,0.5
202012,Belrose (Evelyn Place),,9.4,2.4,,,14.2,,,,,0.2,1.2,,8.6,10.0,30.6,0.2,1.6,6.0,9.8,1.0,28.0,,,0.6,2.8,3.2,,9.6,78.0,2.0
202012,Blackheath (Wombat Street),1.0,4.0,10.0,,,12.0,,,,,2.0,2.0,1.0,10.0,12.0,35.0,10.0,1.0,8.0,2.0,,25.0,,,1.0,8.0,13.0,,14.0,22.0,5.0
202012,Box Hill (McCall Gardens),,12.0,,1.0,,6.0,,,,,,,,1.0,4.0,3.0,5.0,,3.0,2.0,,24.0,,,,5.0,12.0,,18.0,11.0,
202012,Bringelly (Maryland),,3.0,1.0,,,2.0,,,,,,,,,4.0,4.0,3.0,3.0,,,,43.0,,,,,1.0,,8.0,2.0,
202012,Camden (Brownlow Hill),,9.0,3.2,,,1.2,,,,,,,,2.4,2.0,10.4,4.8,1.4,1.4,0.8,,30.6,,,,0.6,1.4,,15.2,0.4,
202012,Camden Airport AWS,,8.8,2.4,,,1.0,,,,,,,,0.6,3.2,8.2,7.2,1.2,1.6,0.6,,30.8,,,,0.4,0.2,,12.8,0.2,0.2
202012,Campbelltown (Kentlyn (Georges River Roa,,8.0,,,,3.0,,,,,,,,2.0,2.0,13.0,2.0,12.0,1.0,,,28.0,,,,,1.0,,11.0,2.0,
202012,Campbelltown (Mount Annan),,6.8,2.0,,,1.8,,,,,,,,1.2,2.8,9.8,1.4,3.6,1.4,0.4,,25.2,,,,1.0,0.4,,11.2,0.8,
202012,Canterbury Racecourse AWS,,9.0,0.4,,,2.2,0.6,,0.2,,0.4,,3.0,3.2,5.0,11.2,,0.4,0.6,2.4,,22.6,,,,0.6,1.6,,7.8,10.4,
202012,Castle Cove (Rosebridge Ave),,9.0,0.5,,,11.5,,,,,,2.0,,4.0,,23.0,1.0,3.5,3.5,9.0,4.0,25.0,,,,2.5,5.0,,9.0,43.0,2.0
202012,Castle Hill (Kathleen Ave),,9.0,,,,,,,,,,,,11.0,5.3,4.0,3.4,,5.4,3.6,24.2,,,,,,7.9,,10.3,18.6,0.7
202012,Cawdor (Woodburn),,4.6,3.0,,,,,,,,,,,1.6,3.0,11.4,3.8,1.0,5.8,,,34.0,,,,,,,14.6,,
202012,Centennial Park,,7.0,,1.4,,7.0,,,,,,0.2,0.8,2.2,10.1,9.6,0.8,,0.8,7.0,,27.0,,,2.2,1.2,2.6,,14.0,17.4,
202012,Chatswood Bowling Club,,7.0,1.0,,,7.0,,,,,,,1.0,3.0,7.0,18.0,1.0,,1.0,9.0,1.0,23.0,,,,2.0,4.0,,12.0,31.0,
202012,Collaroy (Long Reef Golf Club),,5.8,,,,11.0,,,,,,,,1.8,7.2,9.4,,,3.2,3.4,,25.6,,,1.2,4.8,2.5,,8.0,36.8,0.4
202012,Colo Heights (Mountain Pines),,,5.0,5.4,,13.6,,,,,4.4,1.2,,3.0,8.4,12.4,33.6,4.0,14.0,9.4,0.8,25.0,,,5.0,,2.4,,22.2,14.8,4.8
202012,Concord (Brays Rd),,10.2,,,,5.4,,,,,,0.4,0.2,4.8,6.0,12.4,0.6,0.6,0.4,3.8,0.6,23.4,,,,1.6,6.0,,,5.4,0.2
202012,Concord Golf Club,,10.4,,,,6.0,,,,,,,1.8,3.0,6.2,11.6,0.8,,,5.4,0.6,25.0,,,,1.6,6.4,,11.8,,
202012,Cooranbong (Avondale),,,,,,,,,,,,,,,,,,,,,,,,,,,,,,,
202012,Cooranbong (Lake Macquarie AWS),0.6,13.0,,0.2,,17.2,,,,,7.2,1.6,,1.6,19.8,28.2,,,9.8,11.0,5.2,60.4,,,,,5.2,,14.4,4.4,20.8
202012,Darkes Forest (Kintyre),,,5.0,,,2.0,,,,,5.0,1.0,3.0,6.0,3.0,21.0,1.0,3.0,7.0,,,20.0,,,,1.0,4.0,,14.0,8.0,
202012,Dover Heights (Portland St),,5.2,0.2,,,7.4,,,,,,,2.8,3.0,7.8,4.6,0.4,,4.6,8.2,1.0,27.8,,,2.6,8.2,2.0,,10.0,30.4,
202012,Erskine Park Reservoir,,3.0,2.0,,,7.0,,,,,,,,3.0,6.0,3.0,6.0,,1.0,2.0,,26.0,,,,1.0,8.0,,15.0,8.0,3.0
202012,Faulconbridge (Great Western Hwy),,4.0,15.0,1.0,,6.0,,,,,4.0,,,4.0,8.0,47.0,33.0,,5.0,8.0,,22.0,,,1.0,3.0,4.0,,17.0,19.0,5.0
202012,Faulconbridge (St Georges Crescent),,3.8,14.6,1.0,,8.0,,,,,4.0,0.2,0.4,4.8,7.6,30.8,18.6,0.2,5.0,8.6,0.2,23.6,,,0.4,4.0,5.4,,19.4,20.4,4.8
202012,Gears (Wyong River),,,,,,,,,,,2.0,,,3.0,14.0,24.0,,,16.0,2.0,,16.0,,,,1.0,3.0,,11.0,6.0,9.0
202012,Gosford AWS,,15.4,1.4,,,19.0,,,,,5.6,,,3.4,14.4,13.4,,,7.2,10.4,1.2,45.8,,,,6.2,1.6,,9.8,32.4,10.4
202012,Holsworthy Aerodrome AWS,,4.6,0.4,,,4.6,,,,,,,,1.8,4.0,8.4,1.8,6.6,0.8,0.6,,24.8,,,,1.0,0.8,,12.2,2.2,
202012,Holsworthy Defence AWS,,7.0,0.8,,,3.4,,,,,,,0.6,1.2,2.4,13.2,2.0,4.6,5.4,0.2,,26.2,0.2,,,1.2,0.6,,18.2,1.0,
202012,Hornsby (Swimming Pool),,7.4,2.6,,,15.0,,,,,1.2,0.4,0.6,4.2,8.6,24.4,0.8,,9.2,7.0,0.6,26.4,,,0.8,5.2,6.0,0.2,8.4,42.0,1.0
202012,Horsley Park Equestrian Centre AWS,,,1.4,0.2,,8.4,0.2,,,,,,0.4,1.8,5.4,5.4,4.4,14.8,1.2,1.8,0.2,27.6,0.2,,,0.8,10.0,,20.6,7.4,1.4
202012,Katoomba (Farnells Rd),→,6.6,6.4,0.2,0.2,7.6,,,,,7.4,0.6,2.8,7.8,9.0,35.4,36.0,1.0,3.0,6.0,0.2,23.2,,,0.4,6.8,4.0,,10.8,25.8,3.6
202012,Kurrajong Heights (Bells Line of Road),,0.8,→,21.0,,5.8,,,,,6.0,0.2,1.2,3.4,9.8,31.8,23.8,2.0,10.0,8.4,1.0,28.2,,,→,6.8,1.8,,21.2,26.2,4.8
202012,Lucas Heights (ANSTO),,→,9.4,,,3.4,,,,,0.6,0.4,,1.6,3.4,→,→,→,20.0,1.2,→,23.4,,,,1.0,6.0,,,,1.0
202012,Macquarie Park (Willandra Village),,8.4,0.6,,,8.4,,,,,1.2,0.4,0.2,4.0,6.0,20.0,1.0,0.8,4.2,5.6,1.4,25.4,0.2,,,2.0,10.0,,9.8,23.4,0.2
202012,Mangrove Mountain AWS,,9.0,0.4,0.4,,23.4,0.2,,,,7.2,1.0,0.2,6.6,12.2,35.2,0.6,0.4,4.8,10.4,1.2,47.0,,,0.2,3.6,4.4,0.2,20.4,9.8,12.4
202012,Marrickville Golf Club,,10.0,,,,5.0,,,,,,,,4.0,9.0,13.0,,,1.0,3.0,,23.0,,,,,1.0,,10.0,10.0,
202012,Menangle Bridge (Nepean River),,6.0,1.0,,,1.0,,,,,,,1.0,1.0,2.0,7.0,5.0,14.0,5.0,,,26.0,,,,,3.0,,11.0,,
202012,Mona Vale Golf Club,,10.0,1.0,,,16.2,,,,,,1.6,,2.0,11.6,18.8,,,9.4,5.6,,34.8,,,3.0,4.0,4.2,,4.4,47.6,2.2
202012,Mount Annan (Australian Botanic Garden),,7.4,0.8,0.2,,1.6,,,,,,0.2,2.0,0.6,4.0,9.8,2.0,1.8,2.6,4.0,,23.8,,,,1.2,0.5,,11.6,0.9,
202012,Mount Boyce AWS,0.2,3.0,5.4,0.4,,9.8,0.2,,,,5.2,1.0,0.8,8.6,7.8,22.8,11.2,,6.8,1.6,,24.2,,,0.2,4.2,10.8,0.2,13.6,19.6,2.2
202012,Mount Wilson (Clarine),,2.0,12.8,0.2,,9.4,,,,,7.0,2.0,0.8,8.6,9.8,32.4,14.0,9.0,7.0,4.8,,26.0,3.4,,1.2,8.4,10.0,,16.0,22.0,4.4
202012,Norah Head AWS,,5.8,,,,20.6,,,,,,,,2.6,10.4,6.4,0.2,0.2,14.2,11.2,2.2,63.2,,,4.8,2.0,2.4,,14.8,3.6,8.2
202012,North Parramatta (Burnside Homes),,10.5,,,,7.5,,,,,,,0.5,5.0,6.0,11.5,2.0,,1.5,4.5,0.5,25.5,,,,1.5,6.5,,10.5,10.5,1.5
202012,North Rocks (Muirfield Golf Club),,,,,,7.0,,,,,1.0,,,3.0,4.0,8.0,2.0,2.0,3.5,4.0,0.5,21.5,0.5,,,0.5,5.0,,8.0,13.5,2.5
202012,North Ryde Golf Club,,5.0,,,,1.0,,,,,,,1.0,4.0,6.0,12.0,1.0,,1.0,7.0,1.0,23.0,,,,2.0,8.0,,11.0,17.0,
202012,Palm Grove (Lyrebird Lane),,9.0,2.0,,,20.0,,,,,5.0,,,4.0,18.0,29.0,,,3.0,12.0,1.0,49.0,,,1.0,4.0,3.0,,13.0,8.0,16.0
202012,Parramatta North (Masons Drive),,11.8,0.2,,,7.2,,,,,,,1.6,5.0,6.6,11.0,2.4,0.6,1.6,4.8,0.4,24.4,,,,1.8,7.2,,12.0,11.0,1.6
202012,Peakhurst Golf Club,,,,,,,,,,,,,,2.0,7.0,10.0,,1.0,1.0,1.0,,24.0,,,,1.0,,,5.0,6.0,
202012,Pennant Hills (Yarrara Road),,7.6,1.6,,,9.8,,,,,2.2,1.0,,6.0,7.0,17.8,1.2,→,→,→,→,38.6,,,,3.8,5.8,,9.2,27.2,1.2
202012,Penrith Lakes AWS,0.2,9.0,6.4,,0.2,5.0,,,,,,,,2.0,3.4,14.8,9.6,,1.4,3.6,0.2,20.6,,,0.2,1.4,5.4,,22.0,12.4,2.4
202012,Prospect Reservoir,,8.0,2.0,,,6.0,,,,,,,,3.0,6.0,5.0,5.0,16.0,1.0,3.0,,27.0,,,,1.0,8.0,,16.0,9.0,1.0
202012,Putty (The Gibba),,,,,,,,,,,,,,,,,32.0,22.0,8.0,4.0,,34.0,,,,,7.0,,,,
202012,Randwick (Randwick St),,6.6,0.4,,,7.2,,,,,,1.6,1.2,2.4,11.4,7.2,0.2,,1.2,9.8,0.6,28.0,,,4.2,2.0,0.8,,12.4,24.4,
202012,Richmond RAAF,,13.4,3.0,,0.2,5.0,,,,,1.0,0.2,0.2,2.8,3.8,9.6,8.0,,2.6,5.2,0.2,21.0,,,,3.4,2.2,,23.4,15.0,2.0
202012,Rose Bay (Royal Sydney Golf Club),,5.0,0.4,,,6.8,,,,,,1.4,,2.4,8.2,6.4,,,3.0,8.0,0.8,26.8,,,1.8,3.0,2.0,,5.6,20.4,
202012,Rossmore (South Creek),,4.0,2.0,,,1.0,1.0,,,,,,1.0,1.0,1.0,1.0,,,,,,,,,,,,,,,
202012,Sans Souci (Public School),,1.0,1.0,,,5.0,,,,,,,,,4.0,4.0,1.0,,1.0,,,21.0,,,,2.0,,,6.0,5.0,
202012,Seven Hills  (Radio FM 103.2),,8.5,,0.5,,6.5,,,,,,,0.5,3.5,5.5,3.0,4.0,3.5,2.0,2.5,,23.0,,,,0.5,8.0,,13.5,7.5,
202012,Shanes Park (South Creek Road),,,,,,1.2,,,,,,,0.2,1.2,3.6,11.2,6.6,,1.8,3.0,0.2,23.6,,,,2.4,14.8,,18.8,8.8,2.0
202012,Springwood (Valley Heights),,6.6,12.6,0.8,,6.0,,,,,5.2,,0.8,5.0,6.8,39.4,40.4,,4.6,7.0,0.2,21.4,,,0.2,3.6,6.0,,20.0,19.0,5.2
202012,St Ives (Richmond Avenue),,9.4,3.6,,,14.8,,,,,0.2,1.8,1.6,11.4,9.6,34.8,1.2,,7.2,8.6,1.0,28.6,,,3.0,5.6,4.8,,8.2,73.0,2.0
202012,Sydney (Observatory Hill),,6.8,0.6,,,6.2,,,,,,1.6,1.6,3.6,11.6,12.2,0.2,,1.4,7.0,1.6,26.2,,,0.6,0.8,3.6,,14.0,19.2,0.2
202012,Sydney Airport AMO,,8.8,0.2,,,5.2,,,,,,,,1.0,4.8,6.8,0.4,0.2,1.8,1.6,0.4,20.4,,,0.6,0.8,0.2,,7.8,10.8,0.2
202012,Sydney Botanic Gardens,,6.4,0.6,,,6.5,,,,,1.6,,3.2,3.6,12.2,12.4,0.2,,1.6,6.0,2.2,25.6,,,0.6,1.8,,,14.0,20.0,5.0
202012,Sydney Olympic Park AWS (Archery Centre),,11.4,0.2,,,6.2,,,,0.2,0.8,0.4,0.2,6.2,5.8,9.6,0.8,0.6,0.6,3.6,0.6,23.4,,,,1.4,6.4,,12.8,4.6,0.4
202012,Terrey Hills AWS,,5.0,4.2,,0.2,12.6,,,,,0.2,0.8,0.4,6.8,11.2,28.0,0.2,,7.6,7.8,0.8,31.6,,,1.6,5.6,5.4,,5.2,105,2.8
202012,Wahroonga (Ada Avenue),,,,,,,,,,,0.8,0.8,0.4,9.8,7.8,41.6,1.2,0.2,7.0,11.2,1.2,27.6,,,1.0,9.8,5.2,,9.4,37.8,2.0
202012,Warragamba,,6.0,10.0,,,3.0,,,,,,,,1.0,7.0,38.0,9.0,19.0,2.0,3.0,,39.0,,,,2.0,20.0,,23.0,10.0,2.0
202012,Wedderburn (Booalbyn),,2.0,,,,2.0,,,,,,,1.0,2.0,3.0,9.0,3.0,7.0,5.0,,,22.0,,,,,3.0,,14.0,,
202012,Wyong (Jilliby (Jilliby Creek)),,4.2,,,,,,,,,3.6,1.2,,,,,,,,,,,,,,,,,,,
202012,Wyong (Kulnura (Jeavons)),,14.0,,,,15.0,,,,,2.0,1.0,,8.0,12.0,19.0,,,16.0,10.0,1.0,51.0,1.0,,,,4.0,,15.0,10.0,9.0
202012,Wyong (Mount Elliot),,8.0,4.0,,,22.0,,,,,3.0,,,7.0,19.0,16.0,,,5.0,14.0,4.0,60.0,,,1.0,18.0,2.0,,12.0,39.0,21.0
202012,Wyong (Olney Forest),,9.0,1.0,1.0,,13.0,,,,,11.0,,,7.0,23.0,41.0,3.0,,11.0,11.0,3.0,52.0,,,,2.0,5.0,,11.0,7.0,22.0
202012,Yarramalong (Lewensbrook),,11.4,,1.0,,16.4,,,,,4.4,1.0,,8.0,14.0,32.6,0.2,,20.0,8.0,2.0,49.0,,,1.0,4.0,4.0,,13.0,6.0,9.0
202012,"Most values are the precipitation in the 24 hoursto9 am on the day indicated.
Days marked with → are part of a longer accumulation, which is shown on the final day.Values over  100  mm have been rounded to the nearest whole millimetre.Days marked with - have a rainfall report of zero; 
days left blank have no rainfall report (which often indicates no rain fell).",,,,,,,,,,,,,,,,,,,,,,,,,,,,,,,
202012,Rainfalls colouredaccording to the amount,0,1.0,5.0,10.0,15.0,25.0,50.0,100,150,200,300,400,600,millimetres,,,,,,,,,,,,,,,,,
202101,Abbotsbury (Fairfield (City Farm)),,1.0,3.0,1.0,17.0,4.0,1.0,3.0,,,,,,,,,,,,1.0,,,,,,,,2.0,7.0,13.0,
202101,Abbotsford (Blackwall Point Rd),7.0,0.4,4.0,1.0,10.0,,3.0,6.0,0.4,,,,,,,,,,,0.4,,,,,,,,16.0,4.0,12.0,1.0
202101,Audley  (Royal National Park),1.0,3.0,14.0,3.0,6.0,2.0,1.0,8.0,,,,,,,,,,,,,,,,,,,,20.0,12.0,19.0,
202101,Avalon Beach (Avalon (Palmgrove Rd)),→,7.0,→,5.6,,,,,,,,,,,,,,,,,,,,,,,,,,,
202101,Badgerys Creek AWS,,2.6,2.2,1.8,11.8,12.8,0.2,4.2,,,,,,,,,,,,0.4,,,,,,,0.2,2.6,8.0,18.6,1.6
202101,Bankstown Airport AWS,,0.2,2.6,0.4,6.0,7.0,,3.6,0.2,,,,,,,,,,,0.6,,,,,,,,5.6,5.6,8.0,0.8
202101,Baulkham Hills Eucalyptus Ct,2.5,,2.0,,17.0,18.5,8.5,10.5,1.0,,,,,,,,,,,0.5,,,,,,,,7.0,9.5,4.5,2.0
202101,Belrose (Evelyn Place),1.8,1.6,6.2,0.4,17.6,41.2,1.4,3.4,,,,,,,3.8,,,,0.8,3.0,,,,,,,,7.0,16.2,48.2,1.4
202101,Blackheath (Wombat Street),8.0,18.0,5.0,3.0,13.0,,4.0,8.0,,,,,,,,,,,,5.0,,,,,12.0,,,10.0,17.0,16.0,3.0
202101,Box Hill (McCall Gardens),1.0,,1.0,,13.0,,4.0,5.0,,,,,,,,,,,,,,,,,,,,1.0,4.0,5.0,3.0
202101,Bringelly (Maryland),,2.0,3.0,1.0,4.0,5.0,,2.0,,,,,,,,,,,,,,,,,,,,5.0,5.0,15.0,5.0
202101,Camden (Brownlow Hill),,2.2,5.6,1.4,5.2,4.4,,1.8,,,,,,,,,,,,2.0,,,,,0.2,,0.4,5.2,2.0,24.0,6.4
202101,Camden Airport AWS,,1.8,6.4,1.2,5.6,3.0,,0.2,,,,,,,,,,,,1.4,,,,,,,0.2,7.0,3.6,25.6,7.6
202101,Campbelltown (Kentlyn (Georges River Roa,,3.0,7.0,,6.0,,,2.0,,,,,,,,,,,,,,,,,,,,11.0,4.0,15.0,3.0
202101,Campbelltown (Mount Annan),,1.8,12.6,0.2,6.6,1.6,,0.6,0.2,,,,,,,,,,,0.8,,,,,,,0.2,7.0,3.4,17.8,15.4
202101,Canterbury Racecourse AWS,2.0,0.2,3.8,2.4,6.8,3.2,1.4,4.0,0.2,,,,,,,,,,,,,,,,,,,,5.2,11.8,0.4
202101,Castle Cove (Rosebridge Ave),2.2,3.5,7.0,1.0,24.0,44.0,3.0,8.0,0.5,,,,,,0.5,,,,3.0,3.5,,,,,,,,11.0,19.0,43.0,2.0
202101,Castle Hill (Kathleen Ave),,,,0.9,15.7,6.8,3.0,6.7,1.2,,,,,,,,,,,1.4,,,,,,,,2.2,7.0,3.9,2.0
202101,Chatswood Bowling Club,5.0,5.0,6.0,,24.0,17.0,3.0,4.0,,,,,,,,,,,1.0,1.0,,,,,,,,11.0,11.0,25.0,1.0
202101,Collaroy (Long Reef Golf Club),,0.8,5.8,1.2,8.2,42.6,,,,,,,,,2.0,,,,,2.0,,,,,,,,8.4,8.6,19.4,0.6
202101,Colo Heights (Mountain Pines),6.4,5.2,3.6,0.2,7.6,,11.8,4.8,0.8,,,,,0.4,,,,,,4.2,,,,,,,5.8,6.6,29.4,3.8,6.4
202101,Concord (Brays Rd),5.2,,3.0,2.0,16.6,1.6,0.8,3.6,0.2,,,,,,,,,,,0.2,,,,,,,,13.8,6.0,9.4,0.8
202101,Concord Golf Club,3.0,,3.4,,19.2,2.2,1.6,3.6,0.6,,,,,,,,,,,,,,,,,,,12.4,5.8,8.4,
202101,Cooranbong (Lake Macquarie AWS),4.8,2.8,1.4,5.8,14.6,,0.4,0.2,7.6,2.0,,,,,2.6,,,,,3.6,,,,,,,,16.4,27.6,14.0,1.0
202101,Darkes Forest (Kintyre),,3.0,16.0,1.0,7.0,12.0,2.0,9.0,,,,,,,,,,,,3.0,,,,,2.0,,4.0,20.0,10.0,29.0,4.0
202101,Dover Heights (Portland St),0.6,3.0,11.8,0.2,15.8,4.2,1.4,5.2,,,,,,,1.6,,,,0.6,0.6,,,,,,,0.4,14.0,5.8,17.8,0.8
202101,Erskine Park Reservoir,,1.0,1.0,,21.0,,1.0,6.0,,,,,,,,,,,,,,,,,,,,4.0,9.0,9.0,1.0
202101,Faulconbridge (Great Western Hwy),7.0,9.0,4.0,16.0,8.0,1.0,2.0,2.0,,,,,,,,,,,,4.0,1.0,,,5.0,,,1.0,13.0,22.0,19.0,5.0
202101,Faulconbridge (St Georges Crescent),6.8,7.8,4.8,16.0,8.6,1.0,2.2,3.4,0.2,,,,,,,,,,,5.4,,,,1.2,,,1.0,14.2,23.6,23.2,9.8
202101,Gears (Wyong River),1.0,,,,,,,1.0,1.0,,,,,,,,,,,,,,,,,,,9.0,7.0,,
202101,Gosford AWS,1.8,,0.6,0.2,21.0,0.6,,3.8,0.8,,,,,,,,,,,4.0,0.2,,4.4,,,,0.2,23.4,29.4,29.2,
202101,Holsworthy Aerodrome AWS,,2.2,5.4,1.0,9.8,2.6,,1.6,,,,,,,,,,,0.4,0.6,,,,,,,,4.2,7.4,12.2,1.0
202101,Holsworthy Defence AWS,,3.6,7.6,0.6,7.0,0.2,,2.4,,,,,,,,,,,,0.6,,,,,,,,12.4,6.0,17.6,1.6
202101,Hornsby (Swimming Pool),2.8,0.6,2.2,,12.6,18.0,2.2,2.0,,,,,,,1.0,,,,,1.0,,,12.8,,,,0.4,10.2,9.6,15.6,8.2
202101,Horsley Park Equestrian Centre AWS,0.2,0.8,1.4,0.4,12.0,12.0,0.4,2.8,,,,,,,1.2,,,,,1.4,,,,,,,,6.6,9.8,15.6,0.6
202101,Katoomba (Farnells Rd),8.8,→,16.6,3.0,11.2,,12.2,13.8,0.4,0.2,,,,,,,,,→,9.6,0.2,,,,5.0,,0.8,22.6,25.2,12.6,6.2
202101,Kurrajong Heights (Bells Line of Road),5.6,4.4,4.4,7.6,9.0,1.8,17.2,6.4,1.0,,,,,,,,,,,4.0,,,,,→,→,→,13.6,27.8,47.2,6.0
202101,Lucas Heights (ANSTO),,,8.0,1.0,6.2,,0.6,,,,,,,,,,,,,,,,,,,,0.1,12.8,7.0,21.6,
202101,Mangrove Mountain AWS,3.2,2.0,2.6,0.2,11.8,0.4,1.8,3.2,2.8,3.2,,,,,2.0,,,,,8.2,0.2,,,,,,,16.2,25.4,14.2,
202101,Marrickville Golf Club,3.0,1.0,6.0,5.0,9.0,3.0,1.0,4.0,1.0,,,,,,,,,,,,,,,,,,,15.0,8.0,15.0,
202101,Menangle Bridge (Nepean River),,3.0,12.0,1.0,8.0,,,,,,,,,,,,,,,1.0,,,,,,,,16.0,1.0,13.0,3.0
202101,Mona Vale Golf Club,,3.6,8.4,0.2,9.8,2.4,0.2,2.8,,,0.2,,0.2,,17.8,,,,0.2,1.6,0.2,,0.8,,,0.2,,9.4,10.2,32.4,0.8
202101,Mount Boyce AWS,8.2,16.2,4.8,2.6,11.6,0.2,3.8,6.4,0.2,0.4,,0.2,,,,,,,,4.6,0.4,,,,8.4,0.2,,8.8,16.4,10.4,1.8
202101,Mount Wilson (Clarine),7.8,5.6,6.6,9.6,24.4,0.8,10.8,7.6,1.0,,,,,,,,,,,5.0,,,,,,,0.4,11.4,18.4,15.8,16.6
202101,Norah Head AWS,3.2,4.2,1.2,0.4,21.8,,,4.4,0.8,2.2,,,0.2,,1.0,,,,,4.2,,,,,,0.2,,24.2,6.6,13.2,0.6
202101,North Parramatta (Burnside Homes),2.0,0.5,1.0,,8.0,7.5,4.0,7.0,1.5,,,,,,,,,,,1.0,,,,,,,,3.0,7.0,7.5,1.0
202101,North Rocks (Muirfield Golf Club),3.0,,1.0,0.5,16.0,15.5,1.5,6.0,0.5,,,,,,,,,,,0.5,,,,,,,,7.0,5.5,5.0,1.0
202101,North Ryde Golf Club,7.0,,,,,4.0,,,,,,,,,,,,,,1.0,,,,,,,,8.0,7.0,11.0,
202101,Palm Grove (Lyrebird Lane),7.0,,2.0,,16.0,1.0,2.0,5.0,10.0,,,,,,,,,,,5.0,,,,,,,,7.0,24.0,30.0,
202101,Parramatta North (Masons Drive),3.0,0.4,1.4,0.2,9.0,8.0,4.2,7.2,1.6,,,,,,,,,,,1.4,,,,,,,,3.4,7.0,8.4,0.6
202101,Peakhurst Golf Club,1.0,,5.0,2.0,6.0,3.0,2.0,6.0,,,,,,,1.0,,,,,1.0,,,,,,,,16.0,7.0,11.0,
202101,Penrith Lakes AWS,0.6,0.8,1.6,2.8,11.0,,1.0,3.0,0.2,,,,,,,,,,,0.4,,,,0.4,,,,0.8,10.6,15.8,10.4
202101,Prospect Reservoir,2.0,,2.0,,17.0,6.0,1.0,5.0,,,,,,,,,,,,1.0,,,,,,,,5.0,7.0,11.0,1.0
202101,Putty (The Gibba),,,,,,,,,,,,,,,,,,,,,3.0,,,,,,,4.0,10.0,8.0,
202101,Randwick (Randwick St),9.4,3.2,15.2,0.1,8.2,1.0,0.8,6.4,0.1,,,,,,0.4,,,,,1.0,,,,,,,,16.6,6.8,28.6,0.2
202101,Richmond - UWS Hawkesbury,1.0,→,→,5.8,5.0,,1.4,1.4,→,→,0.4,,,,,,,,,0.1,,,→,→,4.6,,,2.0,6.6,→,17.0
202101,Richmond RAAF,0.8,2.0,1.8,5.0,12.4,0.2,1.8,2.6,0.2,0.2,,,,,,,,,,0.2,,,,1.2,,,,2.6,5.2,9.0,1.2
202101,Rose Bay (Royal Sydney Golf Club),1.4,2.1,14.4,0.2,12.2,1.0,2.0,5.2,,,,,,,1.6,,,,,2.4,,,,,,,,16.6,5.4,25.6,0.6
202101,Sans Souci (Public School),,1.0,4.0,7.0,16.0,3.0,,2.0,3.0,,,,,,,,,,,,,,,,,,,12.0,4.0,11.0,
202101,Seven Hills  (Radio FM 103.2),1.0,,1.0,,18.5,14.5,1.0,4.0,,,,,,,,,,,,1.0,,,,,,,,2.0,6.5,5.5,1.0
202101,Shanes Park (South Creek Road),0.8,0.2,1.4,1.2,33.6,,1.0,4.2,,,,,,,,,,,,,0.2,,0.4,17.2,,,,4.2,9.6,11.4,10.6
202101,Springwood (Valley Heights),6.6,8.0,4.6,7.2,8.4,0.8,2.6,3.4,,,,,,,,,,,,4.4,,,,4.4,,,0.6,9.2,18.6,23.6,4.6
202101,St Ives (Richmond Avenue),3.0,1.2,4.4,,8.8,32.0,5.2,2.0,,,,,,,6.8,,,,,2.0,,,,,,,,7.0,21.0,30.2,
202101,Sydney (Observatory Hill),4.2,5.2,7.8,0.6,13.0,1.6,1.8,5.4,,,,,,,,,,,,1.2,0.2,,,,,,,19.0,7.8,29.6,0.4
202101,Sydney Airport AMO,5.8,1.0,5.6,0.8,6.6,0.6,0.2,5.6,0.4,,,,,,1.0,,,,,,0.2,,,,,,,9.0,6.2,19.6,0.2
202101,Sydney Botanic Gardens,4.1,4.6,9.8,0.4,10.8,2.2,0.8,5.0,,,,,,,1.8,,,,,1.2,,,,,,,,16.8,9.6,32.6,0.8
202101,Sydney Olympic Park AWS (Archery Centre),3.0,0.2,3.2,0.4,18.6,3.2,2.8,2.8,0.2,,,,,,,0.2,,,,0.4,,,,,,,,7.8,4.4,5.8,0.8
202101,Terrey Hills AWS,1.4,1.6,6.2,,14.2,11.4,4.6,2.0,0.2,,,,,,15.8,,,,0.4,1.8,,0.2,0.2,,,,,13.2,19.8,46.0,0.8
202101,Wahroonga (Ada Avenue),3.4,1.2,3.4,0.2,13.4,22.8,2.4,4.2,,0.2,,,,,5.0,,,,,2.0,,,4.8,,,,0.4,11.4,13.8,19.6,1.8
202101,Warragamba,1.0,4.0,7.0,,9.0,1.0,2.0,3.0,,,,,,,,,,,,3.0,,,,,,,,2.0,10.0,38.0,
202101,Wedderburn (Booalbyn),,2.0,12.0,,9.0,,,1.0,,,,,,,,,,,,1.0,,,,,,,,11.0,3.0,10.0,6.0
202101,Wyong (Kulnura (Jeavons)),8.0,4.0,3.0,,43.0,,3.0,1.0,6.0,3.0,,,,,,,,,,2.0,,,,,,,,6.0,26.0,6.0,
202101,Wyong (Mount Elliot),3.0,1.0,1.0,,21.0,1.0,,3.0,1.0,,,,,,8.0,,,,,5.0,,,1.0,,,,,32.0,39.0,44.0,
202101,Wyong (Olney Forest),12.0,7.0,3.0,2.0,11.0,,6.0,1.0,5.0,9.0,,,,,,,,,,9.0,1.0,,,,,,,26.0,62.0,34.0,1.0
202101,Yarramalong (Lewensbrook),4.0,4.0,1.0,,22.0,,4.0,2.0,1.0,2.8,,,,,2.0,,,,,,2.0,,,,,,,8.0,40.0,16.0,
202101,"Most values are the precipitation in the 24 hoursto9 am on the day indicated.
Days marked with → are part of a longer accumulation, which is shown on the final day.Values over  100  mm have been rounded to the nearest whole millimetre.Days marked with - have a rainfall report of zero; 
days left blank have no rainfall report (which often indicates no rain fell).",,,,,,,,,,,,,,,,,,,,,,,,,,,,,,,
202101,Rainfalls colouredaccording to the amount,0,1.0,5.0,10.0,15.0,25.0,50.0,100,150,200,300,400,600,millimetres,,,,,,,,,,,,,,,,,
202102,Abbotsbury (Fairfield (City Farm)),,35.0,,,,,2.0,,,,,,16.0,8.0,1.0,1.0,5.0,,18.0,,,,,1.0,1.0,2.0,,,,,
202102,Abbotsford (Blackwall Point Rd),0.6,16.0,1.4,,,,1.4,,,1.6,,,15.0,9.6,0.4,8.0,7.0,1.0,3.4,,0.4,,,7.0,4.2,3.4,,0.8,,,
202102,Audley  (Royal National Park),,36.0,2.0,,,,1.0,1.0,,,,,14.0,5.0,,10.0,3.0,2.0,6.0,,,,,22.0,4.0,1.0,,,,,
202102,Avalon Beach (Avalon (Palmgrove Rd)),3.8,8.2,4.2,,,,2.8,,,1.4,,,32.8,13.4,,3.8,4.0,0.2,2.6,1.8,1.2,,1.6,→,6.6,,,,,,
202102,Badgerys Creek AWS,,34.6,0.2,,,,2.6,0.6,0.2,,,,18.2,9.0,,1.4,9.8,0.6,10.6,0.2,,,,0.4,4.0,7.0,0.2,0.2,,,
202102,Bankstown Airport AWS,,28.2,,,,,1.4,,,,,,16.4,12.6,,6.0,4.0,0.6,3.0,0.4,,,,4.4,3.0,1.8,,0.2,,,
202102,Baulkham Hills Eucalyptus Ct,,35.5,0.5,,,,0.5,,,,,,15.0,20.5,,8.0,7.5,1.5,14.0,,,,0.5,2.5,2.5,9.5,0.5,1.5,,,
202102,Belrose (Evelyn Place),2.0,14.6,3.4,,,,3.0,0.6,2.8,0.4,,,13.0,11.6,0.2,4.6,2.2,0.8,18.0,0.2,,,0.4,8.2,0.8,4.4,0.2,0.6,,,
202102,Bilpin Post Office,46.0,38.0,,,,3.0,→,7.0,1.0,,,,8.2,→,18.2,12.8,10.0,9.0,,,→,14.4,9.8,2.6,16.0,6.0,1.6,,,,
202102,Blackheath (Wombat Street),6.0,47.0,1.0,,1.0,,4.0,2.0,4.0,,,,11.0,8.0,1.0,4.0,24.0,6.0,20.0,,,2.0,2.0,5.0,7.0,13.0,,1.0,,,
202102,Box Hill (McCall Gardens),1.0,29.0,1.0,,,,1.0,1.0,,,,,18.0,16.0,,2.0,4.0,1.0,9.0,,,,,,3.0,4.0,,,,,
202102,Bringelly (Maryland),1.0,35.0,,,,1.0,2.0,,,,,,22.0,6.0,,3.0,3.0,2.0,2.0,2.0,,,,,5.0,19.0,,,,,
202102,Camden (Brownlow Hill),0.2,33.4,,,,1.0,3.6,,,,,,24.4,4.2,,0.4,2.2,2.4,7.8,1.4,,,1.0,,2.0,15.2,0.2,,,,
202102,Camden Airport AWS,0.2,38.0,,,,0.6,4.4,,,,,,26.0,2.2,,1.0,2.8,1.2,4.0,1.6,,,1.0,,1.8,,,,,,
202102,Campbelltown (Kentlyn (Georges River Roa,,45.0,,,,,3.0,,,,,,28.0,2.0,,6.0,5.0,2.0,5.0,,,,,1.0,,16.0,,,,,
202102,Campbelltown (Mount Annan),0.4,37.4,,,,,3.8,0.2,,,,,27.0,3.0,,0.6,4.6,0.8,5.0,1.0,,,,,0.8,13.8,0.2,,,,
202102,Canterbury Racecourse AWS,,23.6,0.8,,,,0.4,0.2,,1.0,0.2,,8.0,10.4,0.6,3.4,17.6,1.8,5.2,,,,,7.8,2.0,5.6,0.2,,,,
202102,Castle Cove (Rosebridge Ave),2.0,18.0,5.0,,,,2.0,,1.5,2.0,,,15.0,12.0,,6.0,7.5,3.0,12.0,,0.5,,0.5,20.0,2.5,2.0,,1.0,,,
202102,Castle Hill (Kathleen Ave),0.4,32.9,,,,,0.5,1.0,1.0,,,,13.9,17.3,,5.9,7.6,1.8,12.1,0.3,,,,,3.0,,5.9,1.3,,,
202102,Centennial Park,4.7,15.6,2.8,,,,2.4,,,,,,,,,,,,,,,,,,,,,,,,
202102,Chatswood Bowling Club,2.0,18.0,2.0,,,,1.0,1.0,,1.0,,,13.0,12.0,1.0,7.0,8.0,1.0,8.0,,,1.0,,17.0,2.0,3.0,,,,,
202102,Collaroy (Long Reef Golf Club),0.8,8.4,4.2,,,→,2.2,,,5.2,,,9.8,13.6,,4.8,,4.8,14.6,0.8,0.4,,0.4,34.0,,,,,,,
202102,Colo Heights (Mountain Pines),4.4,27.0,0.4,,,0.4,,2.6,,,,,5.0,25.4,0.4,4.2,13.4,2.6,10.0,1.0,,,8.0,0.6,5.0,0.2,1.0,0.8,,,
202102,Concord (Brays Rd),,21.4,1.2,,,,1.0,,,,,,11.0,10.8,0.2,9.4,6.0,1.2,3.8,,,,,7.0,4.2,4.0,0.2,0.8,,,
202102,Concord Golf Club,,23.0,2.4,,,,1.2,,,,,,8.8,14.6,,7.6,10.6,,,,,,,,,,,,,,
202102,Cooranbong (Avondale),,,,,,,,,,,,,,,,,,,,,,,,,,,,,,,
202102,Cooranbong (Lake Macquarie AWS),5.6,12.0,,,,,3.0,1.6,,0.6,4.0,,2.8,43.8,,26.0,6.6,,33.8,0.2,4.8,0.8,0.4,2.0,4.2,,3.6,,,,
202102,Darkes Forest (Kintyre),1.0,29.0,,,,,3.0,,3.0,,,,22.0,7.0,1.0,11.0,3.0,5.0,27.0,,,,1.0,6.0,,4.0,,,,,
202102,Dover Heights (Portland St),2.8,11.6,4.6,,,,2.4,,,,,,8.4,12.4,,7.8,6.2,0.6,3.8,1.0,0.6,,,42.0,6.4,1.0,,,,,
202102,Erskine Park Reservoir,,35.0,,,,1.0,2.0,1.0,,,,,15.0,8.0,,2.0,9.0,1.0,13.0,,,,,1.0,1.0,4.0,,,,,
202102,Faulconbridge (Great Western Hwy),2.0,44.0,1.0,,,1.0,1.0,3.0,2.0,,,,7.0,21.0,,5.0,17.0,2.0,11.0,,,,2.0,1.0,4.0,3.0,1.0,,,,
202102,Faulconbridge (St Georges Crescent),3.2,33.0,0.4,,,1.0,1.4,4.0,1.4,,,,13.2,14.6,0.2,6.4,18.8,5.0,15.6,0.2,,,4.0,2.0,4.0,,,,,,
202102,Gears (Wyong River),,5.0,,,,,,,,,,,,11.0,,9.0,,,2.0,,,,,,,,,,,,
202102,Gosford AWS,3.8,8.2,3.2,,,,2.4,,,,,,16.0,13.4,,14.0,6.2,1.4,12.2,1.0,3.6,,0.8,4.0,0.8,,0.4,,,,
202102,Holsworthy Aerodrome AWS,,29.0,,,,,2.4,,,,,,16.0,6.8,,3.8,10.4,1.2,6.2,,,,,6.8,2.8,3.4,0.2,,,,
202102,Holsworthy Defence AWS,,42.0,0.4,,,,3.2,,,,,,27.2,5.0,0.2,3.8,6.6,1.6,10.2,,,0.2,,1.6,0.2,18.2,,,,,
202102,Hornsby (Swimming Pool),2.8,21.6,0.8,,,,2.2,0.8,,0.6,,,11.4,16.8,0.2,13.6,7.0,1.8,16.2,,0.2,0.2,2.8,3.0,3.0,3.2,,0.2,,,
202102,Horsley Park Equestrian Centre AWS,,35.6,0.2,,,,2.8,0.6,0.2,,,,15.4,11.2,0.4,2.8,6.6,0.2,15.8,,,,0.2,2.0,0.2,2.6,0.2,0.2,,,
202102,Katoomba (Farnells Rd),10.8,34.2,0.8,0.2,1.6,1.6,4.8,2.2,3.0,→,→,0.4,12.6,22.0,→,14.6,31.6,6.0,→,16.2,0.2,8.6,→,14.0,4.0,8.4,0.6,,,,
202102,Kurrajong Heights (Bells Line of Road),5.0,42.0,→,→,→,0.4,0.8,4.2,,,,,→,28.2,,6.6,13.2,2.4,14.4,0.4,,,13.0,1.2,→,7.2,3.6,0.5,,,
202102,Lucas Heights (ANSTO),,29.8,0.1,,,,2.1,,,,,,18.0,7.6,,10.0,12.6,1.8,4.2,,,,,3.4,3.0,,,,,,
202102,Mangrove Mountain AWS,6.8,11.8,0.8,,,,4.0,,0.4,0.2,0.6,,9.4,29.4,0.2,37.4,6.8,1.6,19.2,1.4,23.6,1.2,1.6,0.8,1.6,,1.4,0.4,,,
202102,Marrickville Golf Club,1.0,21.0,,,,,1.0,,,1.0,,,8.0,12.0,,7.0,22.0,2.0,4.0,,,,,18.0,3.0,7.0,,1.0,,,
202102,Menangle Bridge (Nepean River),,30.0,,,,,3.0,,,,,,21.0,3.0,,,,,6.0,,,,,,5.0,12.0,,,,,
202102,Mona Vale Golf Club,1.2,9.0,4.2,,,,5.2,,,2.0,,,36.6,14.0,,7.2,,,5.4,4.4,4.0,0.6,0.8,18.6,0.4,1.8,0.6,0.2,,,
202102,Mount Boyce AWS,4.8,40.0,0.4,0.2,2.0,,2.4,1.0,3.8,0.4,,,9.0,10.2,,4.0,21.8,5.8,13.6,0.4,0.4,2.2,1.0,3.4,6.0,10.8,0.2,0.2,,,
202102,Norah Head AWS,3.0,10.2,1.0,0.2,,,5.4,,,,,,12.4,21.2,,13.4,4.2,0.2,13.6,11.4,0.4,0.6,7.4,21.0,2.8,,0.4,,,,
202102,North Parramatta (Burnside Homes),0.5,26.5,,,,,0.5,,,,,,14.0,11.5,,8.0,9.0,1.5,11.0,0.5,,,1.0,2.5,7.5,9.0,0.5,1.5,,,
202102,North Rocks (Muirfield Golf Club),1.0,27.5,0.5,,,,0.5,,,1.0,,,15.5,17.0,,6.0,6.5,1.5,15.5,,,,1.0,2.0,2.5,5.5,0.5,0.5,,,
202102,North Ryde Golf Club,2.0,20.0,1.0,,,,1.0,,,1.0,,,14.0,12.0,,6.0,7.0,,8.0,,1.0,,1.0,3.0,7.0,,,,,,
202102,Palm Grove (Lyrebird Lane),4.0,10.0,3.0,,,,3.0,,,,,,8.0,23.0,,36.0,5.0,1.0,21.0,1.0,8.0,,1.0,1.0,3.0,,2.0,,,,
202102,Parramatta North (Masons Drive),1.0,28.0,0.4,,,0.4,0.6,,0.2,,,,12.0,14.4,,10.4,9.2,2.0,11.4,0.2,,,1.4,3.0,7.6,9.8,0.2,1.6,,,
202102,Peakhurst Golf Club,,30.0,2.0,,,,,,,,,,12.0,15.0,,5.0,4.0,2.0,9.0,1.0,,,,9.0,3.0,9.0,,,,,
202102,Penrith Lakes AWS,,46.0,,,0.2,1.2,2.2,1.4,0.2,,,,14.4,13.2,,1.4,12.2,1.0,9.2,1.6,,,1.8,0.2,1.2,1.4,0.6,,,,
202102,Prospect Reservoir,,50.0,,,,,1.0,1.0,,,,,19.0,12.0,1.0,7.0,18.0,2.0,22.0,,,,1.0,2.0,8.0,3.0,,1.0,,,
202102,Putty (The Gibba),1.0,23.0,,,9.0,,2.0,,,,,,8.0,15.0,,4.0,5.0,2.0,7.0,1.0,,,10.0,1.0,1.0,1.0,2.0,,,,
202102,Randwick (Randwick St),5.4,15.8,2.8,,,,2.0,0.4,,3.0,,,7.0,14.4,0.1,6.4,3.8,0.2,4.6,0.4,0.4,,,43.6,6.0,3.4,0.2,0.2,,,
202102,Richmond RAAF,0.2,34.6,0.2,,,,1.2,0.8,,,0.2,,18.2,20.4,,2.4,2.6,0.8,13.2,0.2,,,0.4,0.2,1.6,2.6,,0.2,,,
202102,Rose Bay (Royal Sydney Golf Club),2.8,11.4,3.8,,,,1.6,1.6,,,,,10.0,9.5,,8.0,5.4,0.4,2.4,,1.0,,,41.0,3.4,1.2,,1.0,,,
202102,Rossmore (South Creek),,,1.0,,,,,,,,,,,,,,,,,,,,,,,,,,,,
202102,Sans Souci (Public School),,30.0,1.0,,,,,,,2.0,,,11.0,8.0,,2.0,7.0,,2.0,,,,,13.0,3.0,2.0,,,,,
202102,Seven Hills  (Radio FM 103.2),,33.5,0.5,,,,1.5,0.5,,,0.5,,14.5,14.0,,7.0,7.0,0.5,11.0,,,,,1.0,2.0,2.0,,0.5,,,
202102,Shanes Park (South Creek Road),0.2,46.8,,,,0.4,2.6,4.2,,,,,18.8,10.2,,5.6,11.6,0.8,11.8,0.2,8.4,,0.2,0.2,1.8,5.0,0.4,,,,
202102,Springwood (Valley Heights),0.8,48.0,0.2,,,1.2,1.0,2.8,0.8,,,,12.4,22.0,,5.8,17.6,2.8,17.6,→,4.0,→,1.0,1.0,3.2,1.2,1.6,,,,
202102,St Ives (Richmond Avenue),4.8,15.2,,,,,3.2,0.6,1.4,0.2,,,16.0,12.4,,8.6,,,,,,,,,,,,,,,
202102,Sydney (Observatory Hill),0.8,17.4,5.0,,,,1.4,0.2,,2.4,0.2,,15.4,14.4,,7.8,9.2,,7.0,,,,,30.2,4.6,4.2,0.2,0.2,,,
202102,Sydney Airport AMO,,17.6,0.8,0.2,,,0.2,0.2,,0.6,,,6.2,12.2,0.2,3.8,17.6,1.2,6.6,0.2,,,,40.2,3.8,4.4,0.2,0.2,,,
202102,Sydney Botanic Gardens,1.2,16.4,5.0,,,,1.8,0.4,,1.6,,,4.8,22.8,,7.0,7.8,0.4,7.8,0.5,,,,37.6,3.8,4.9,0.1,0.2,,,
202102,Sydney Olympic Park AWS (Archery Centre),0.2,25.6,0.2,,,,0.6,0.2,,,,,11.0,11.0,0.2,7.8,5.6,0.2,7.0,0.2,,,0.2,3.0,4.2,8.2,0.2,0.8,,,
202102,Terrey Hills AWS,6.2,13.2,2.0,,,,0.8,0.4,1.8,2.4,,,16.6,12.8,,4.4,2.4,0.4,7.2,0.2,3.2,0.2,2.2,3.2,0.4,1.0,0.2,0.4,,,
202102,Wahroonga (Ada Avenue),5.4,21.0,0.4,,,,2.4,1.4,,0.6,,,12.0,20.6,,12.6,6.2,1.2,16.8,0.2,,0.2,2.4,7.2,3.0,7.0,0.2,1.4,,,
202102,Warragamba,1.0,47.0,,,,1.0,3.0,3.0,2.0,,,,20.0,5.0,,3.0,7.0,,17.0,,,,6.0,,1.0,30.0,,1.0,,,
202102,Wedderburn (Booalbyn),,29.0,,,,,4.0,,,,,,16.0,2.0,,3.0,2.0,1.0,4.0,,,,,,,7.0,,1.0,,,
202102,Wyong (Jilliby (Jilliby Creek)),,,,,,,,,,,,,,,,,,,,,,,,,,,,,,,
202102,Wyong (Kulnura (Jeavons)),4.0,11.0,1.0,,,,5.0,,,,1.0,,3.0,29.0,,29.0,6.0,1.0,43.0,2.0,8.0,1.0,1.0,,1.0,,3.0,1.0,,,
202102,Wyong (Mount Elliot),5.0,8.0,2.0,,,,3.0,1.0,,1.0,,,36.0,17.0,,33.0,2.0,,18.0,1.0,6.0,,2.0,5.0,2.0,,1.0,1.0,,,
202102,Wyong (Olney Forest),6.0,13.0,,,,,2.0,3.0,,,1.0,,3.0,39.0,,29.0,14.0,,55.0,2.0,10.0,,7.0,2.0,1.0,,5.0,,,,
202102,Yarramalong (Lewensbrook),3.0,9.0,1.0,,,,4.6,,,,1.0,,5.0,26.4,,26.0,6.0,1.0,18.0,2.0,7.0,,0.5,0.5,1.0,,1.4,,,,
202102,"Most values are the precipitation in the 24 hoursto9 am on the day indicated.
Days marked with → are part of a longer accumulation, which is shown on the final day.Values over  100  mm have been rounded to the nearest whole millimetre.Days marked with - have a rainfall report of zero; 
days left blank have no rainfall report (which often indicates no rain fell).",,,,,,,,,,,,,,,,,,,,,,,,,,,,,,,
202102,Rainfalls colouredaccording to the amount,0,1.0,5.0,10.0,15.0,25.0,50.0,100,150,200,300,400,600,millimetres,,,,,,,,,,,,,,,,,
202103,Abbotsbury (Fairfield (City Farm)),1.0,,,,,,,,3.0,,,2.0,3.0,11.0,8.0,,8.0,12.0,55.0,34.0,110,55.0,41.0,23.0,,,,,,,
202103,Abbotsford (Blackwall Point Rd),,,,,,,,,0.4,,,1.2,2.6,16.5,15.0,,8.0,7.0,52.0,45.0,114,37.0,44.0,16.0,,1.0,,,,,2.4
202103,Audley  (Royal National Park),,1.0,4.0,,,,,,,,3.0,5.0,31.0,6.0,5.0,,2.0,12.0,48.0,31.0,71.0,41.0,44.0,47.0,,,,,,,
202103,Avalon Beach (Avalon (Palmgrove Rd)),,,5.4,0.2,,,1.6,,,,3.4,,0.8,27.0,23.6,3.6,6.0,,67.0,39.0,70.2,31.0,45.8,15.2,,,,,,,
202103,Badgerys Creek AWS,,,,,,,,,,,2.0,6.0,3.4,17.4,9.0,,4.2,11.4,51.2,28.0,109,60.2,48.0,21.6,0.2,,,,,,
202103,Bankstown Airport AWS,,,,,,,,,1.0,,,1.0,2.0,15.8,9.4,,7.0,7.4,52.8,34.6,92.0,41.6,47.8,26.2,,0.2,0.2,,,,
202103,Baulkham Hills Eucalyptus Ct,,,,,,,,,5.0,,,3.5,0.5,16.0,15.5,,8.0,11.5,58.0,57.5,54.0,43.0,33.5,13.0,,,,,,,
202103,Belrose (Evelyn Place),,,0.6,0.4,,,,,0.8,,0.8,1.2,0.2,16.6,19.2,,,17.4,61.4,50.0,104,52.4,48.0,14.4,,1.4,,,,5.4,3.2
202103,Blackheath (Wombat Street),,,,,,1.0,,,,,4.0,24.0,2.0,11.0,14.0,,24.0,44.0,91.0,57.0,140,109,60.0,11.0,,,,,,,
202103,Box Hill (McCall Gardens),,,,,,,,,,,,4.0,,18.0,15.0,,4.0,13.0,55.0,50.0,66.0,47.0,40.0,11.0,,,,,,,
202103,Bringelly (Maryland),,,,,,,,,,,,3.0,3.0,12.0,5.0,,6.0,4.0,69.0,21.0,97.0,57.0,47.0,29.0,,,,,,,
202103,Camden (Brownlow Hill),,,,,,,,,,,,3.0,0.4,22.0,6.4,,2.8,4.4,38.2,21.0,100,67.6,53.0,28.4,,0.6,,,,,
202103,Camden Airport AWS,,,,,,,,,,,,2.6,0.6,21.0,6.2,,3.6,4.2,37.6,27.4,91.2,52.2,48.6,32.2,,,,,,,
202103,Campbelltown (Kentlyn (Georges River Roa,,,,,,,,,,,,6.0,5.0,6.0,4.0,,6.0,6.0,44.0,26.0,97.0,47.0,50.0,35.0,,,,,,,
202103,Campbelltown (Mount Annan),,,,,,,,,,,,2.2,1.6,11.0,5.8,,5.4,3.0,29.4,28.2,85.4,29.8,47.0,28.6,,,,,,,
202103,Canterbury Racecourse AWS,,,,,,,,,0.2,,1.4,1.0,35.2,17.8,12.8,,5.4,9.6,65.0,56.8,100,25.0,44.8,26.2,0.2,,,,,,1.4
202103,Castle Cove (Rosebridge Ave),,,,0.5,,,,,,,2.0,6.0,,17.0,20.0,,4.5,17.0,64.0,48.0,114,52.0,56.0,19.0,,9.0,,,,4.0,4.0
202103,Castle Hill (Kathleen Ave),,,,,,,,,2.0,,,3.3,,4.2,38.2,,7.3,13.0,59.4,15.0,166,48.6,33.6,12.0,,,,,,0.9,
202103,Centennial Park,,,0.4,,,,,,,,0.5,2.0,12.2,20.0,24.2,,15.6,5.6,54.0,34.0,118,28.5,,,,,,,,,
202103,Chatswood Bowling Club,,,,,,,,,,,,1.0,,24.0,22.0,,6.0,8.0,54.0,64.0,105,40.0,46.0,14.0,,2.0,,,,1.0,3.0
202103,Collaroy (Long Reef Golf Club),,,15.2,,,,,,,1.8,13.6,0.8,5.2,4.2,26.8,,5.8,6.8,51.0,32.0,152,31.4,41.8,12.6,,1.0,,,,1.2,7.6
202103,Concord (Brays Rd),,,,,,,,,0.6,,,1.2,1.2,11.4,15.6,,8.4,6.8,53.2,40.0,127,38.4,44.8,18.8,,0.2,,,,,1.2
202103,Concord Golf Club,,,,,,,,,1.0,,,,,13.6,17.4,,7.6,6.2,58.8,40.6,141,39.6,39.6,24.0,,1.2,,,,,
202103,Cooranbong (Avondale),,,,,,,,,,,,,,,,,,,,,,,,,,,,,,,
202103,Cooranbong (Lake Macquarie AWS),,,,4.8,,,,,0.4,0.2,,1.4,,10.0,46.8,,7.0,21.0,105,51.6,82.2,48.0,27.8,6.8,,1.6,0.2,,0.2,5.6,1.2
202103,Darkes Forest (Kintyre),,,,,,,,,,,2.0,10.0,1.0,15.0,8.0,1.0,14.0,27.0,50.0,26.0,122,48.0,37.0,34.0,,2.0,,,,,
202103,Dover Heights (Portland St),,,1.6,3.4,,,,,,,0.6,0.8,4.2,22.4,24.8,,2.6,,50.6,42.0,87.8,24.0,43.6,16.4,,9.2,,,,3.8,5.2
202103,Erskine Park Reservoir,,,,,,,,,23.0,,,5.0,3.0,17.0,8.0,,4.0,8.0,58.0,35.0,79.0,56.0,41.0,16.0,,,,,,,
202103,Faulconbridge (Great Western Hwy),,,,,,,,,4.0,,1.0,15.0,20.0,11.0,5.0,,6.0,15.0,23.0,34.0,65.0,72.0,46.0,10.0,,,,,,,
202103,Faulconbridge (St Georges Crescent),,,,,,,,,7.6,0.4,1.2,18.6,29.2,15.8,13.8,0.2,14.6,29.4,31.8,63.2,145,117,29.6,19.2,0.2,,,,,,
202103,Gears (Wyong River),,,,,,,,,,,,,,,,,,,63.0,4.0,30.0,4.0,,,,,,,,,
202103,Gosford AWS,,,,0.8,,1.2,,,1.4,,,,,26.2,44.0,,2.6,15.6,87.4,58.2,120,52.0,36.0,6.8,,0.2,,,,4.8,10.2
202103,Holsworthy Aerodrome AWS,,,,,,,,,,0.2,0.2,2.2,6.0,7.4,4.6,,4.0,6.4,41.2,36.4,96.4,36.6,49.0,29.6,,,,,,,
202103,Holsworthy Defence AWS,,,,,,,,,,,0.2,6.6,5.8,6.0,4.0,,9.4,7.2,33.2,39.6,83.0,36.4,45.6,38.6,,,,,,,
202103,Hornsby (Swimming Pool),,,,,,,,,0.2,,,1.6,,17.0,23.4,,6.8,28.4,65.2,60.4,120,80.0,33.6,11.4,,1.4,,,,,3.2
202103,Horsley Park Equestrian Centre AWS,,,,0.8,,,,,5.2,,,2.6,2.2,11.6,8.4,,6.0,8.2,42.0,30.6,93.8,49.0,37.2,20.0,,,,,,,
202103,Katoomba (Farnells Rd),,,,,,0.2,→,→,0.4,→,1.0,32.2,3.0,→,30.0,0.2,24.6,42.0,67.6,55.4,168,76.0,66.0,18.2,,0.4,,,,,
202103,Kurrajong Heights (Bells Line of Road),0.5,,,,,,,,,9.5,0.4,14.0,,19.8,17.0,,7.4,20.5,52.4,65.0,72.8,147,61.2,11.2,,,,,8.2,,
202103,Lucas Heights (ANSTO),,,,,,,,,,,1.3,12.0,24.0,8.8,4.4,,4.4,10.0,42.6,32.4,73.0,42.0,46.6,36.7,,,,,,,
202103,Mangrove Mountain AWS,0.2,,,,,,,,2.2,5.6,0.2,,0.2,46.2,31.8,,5.6,25.8,109,81.8,130,113,47.2,6.0,,7.8,0.2,,,3.6,2.6
202103,Marrickville Golf Club,,,,,,,,,,,,,42.0,19.0,15.0,1.0,5.0,14.0,53.0,55.0,107,24.0,42.0,25.0,,,,,,1.0,4.0
202103,Menangle Bridge (Nepean River),,,,,,,,,,,,1.0,,16.0,5.0,,1.0,3.0,28.0,13.0,86.0,36.0,41.0,32.0,,,,,,,
202103,Mona Vale Golf Club,,,3.4,0.6,,0.6,,,,2.6,3.0,0.6,2.6,19.0,35.0,,3.4,13.0,61.6,42.0,105,44.4,60.6,21.4,,0.2,,,,2.2,5.2
202103,Mount Boyce AWS,0.2,,,,,0.6,,0.2,0.2,,3.4,21.2,2.4,7.6,13.2,0.2,25.6,39.0,87.8,53.8,111,88.0,54.8,9.0,0.2,0.2,,,,,
202103,Mount Wilson (Clarine),,,,,,,,,,,2.0,35.0,2.0,8.4,15.6,,21.0,41.0,54.4,69.9,117,123,58.0,12.4,,,,,,,
202103,Norah Head AWS,0.2,,2.6,7.6,,0.4,0.2,,1.8,0.6,,,1.4,41.4,40.4,0.2,2.4,15.8,79.0,44.4,108,49.2,27.8,10.0,,3.0,,,2.4,2.4,4.2
202103,North Parramatta (Burnside Homes),,,,,,,,,4.0,0.5,,2.5,1.0,15.5,16.5,,10.0,10.5,57.0,45.0,50.5,33.0,34.0,14.0,,,,,,,
202103,North Rocks (Muirfield Golf Club),,,,,,,,,7.0,,,2.5,,30.5,13.5,,8.5,8.5,55.0,47.5,73.0,21.0,33.5,12.0,,1.0,,,,,
202103,North Ryde Golf Club,,,,,,,,,,,,1.0,,,,,,,,,,,,,,,,,,,
202103,Palm Grove (Lyrebird Lane),,,,1.0,,,,,1.0,4.0,,,,26.0,25.0,,6.0,22.0,84.0,85.0,177,105,48.0,8.0,,8.0,,,,7.0,2.0
202103,Parramatta North (Masons Drive),,,,,,,,,4.6,0.8,,3.0,0.4,17.0,15.0,,10.4,11.4,59.0,57.0,91.0,45.0,37.0,13.4,,0.6,,,,,
202103,Peakhurst Golf Club,,,,,,,,,,,,2.0,2.0,13.0,8.0,,5.0,6.0,51.0,46.0,110,43.0,47.0,36.0,,2.0,,,,,
202103,Penrith Lakes AWS,,,,,,,,,18.2,1.6,0.4,6.4,3.2,15.0,8.4,0.2,2.6,14.6,50.0,33.6,105,88.0,52.8,15.0,,,,,,,
202103,Prospect Reservoir,,,,,,,,,8.0,,,3.0,1.0,11.0,20.0,,1.0,9.0,54.0,41.0,67.0,57.0,44.0,22.0,,1.0,,,,,
202103,Putty (The Gibba),,,,,,,,,,,,4.0,1.0,28.0,13.0,,3.0,11.0,23.0,48.0,32.0,79.0,46.0,8.0,,,,,,,
202103,Randwick (Randwick St),,,,,,,,,0.4,1.4,0.1,5.0,15.0,17.0,19.8,,14.6,6.0,41.0,43.6,118,28.8,44.2,24.8,,2.8,,,,4.2,10.0
202103,Richmond - UWS Hawkesbury,,,,,,,,,,0.4,,4.4,→,→,32.0,,2.8,15.2,62.2,,→,→,→,240,,,,,,,
202103,Richmond RAAF,,,,,,,,,,1.6,,3.8,0.2,18.4,12.8,,3.6,12.2,65.8,49.4,64.8,66.8,41.0,9.0,0.2,,,,,,
202103,Rose Bay (Royal Sydney Golf Club),,,1.4,3.0,,,,,0.2,,,1.2,9.0,29.0,13.0,3.8,6.4,4.4,53.0,30.0,108,28.0,51.0,22.2,,6.6,,,,5.6,6.6
202103,Rossmore (South Creek),,,,,,,,,,,,,,,,,,,,,,,,,,,,,,,
202103,Sans Souci (Public School),,2.0,3.0,,,,,,,,,6.0,5.0,6.0,4.0,,2.0,4.0,45.0,29.0,40.0,25.0,34.0,21.0,,2.0,,,,,2.0
202103,Seven Hills  (Radio FM 103.2),,,,,,,,,16.5,,,3.0,2.0,13.0,12.0,,3.0,8.0,40.0,22.5,,,,,,,,,,,
202103,Shanes Park (South Creek Road),,,,,,,,,5.2,0.2,,6.8,3.4,17.8,17.2,,5.2,16.4,61.6,44.6,102,89.6,48.8,14.4,,,,,,,
202103,Springwood (Valley Heights),,,,,,,,,11.0,0.2,0.6,16.8,15.0,16.0,10.8,,9.2,23.4,40.8,56.2,145,116,63.4,13.6,,,,,,,
202103,Sydney (Observatory Hill),0.2,,0.6,0.4,0.2,,,,,,0.2,1.8,25.6,22.8,21.6,,13.6,9.8,54.4,47.6,110,28.4,46.8,19.4,,2.0,0.2,,,4.2,7.2
202103,Sydney Airport AMO,,,5.2,,,,,,,,,4.6,9.2,15.8,12.8,0.4,4.8,9.0,39.2,38.4,109,29.0,34.6,26.6,0.2,,,,,4.6,6.8
202103,Sydney Botanic Gardens,,2.0,,,,,,,0.2,,0.4,2.4,29.2,18.8,21.2,,13.4,8.0,62.9,52.1,126,29.8,49.2,26.0,,3.4,,,,4.0,8.4
202103,Sydney Olympic Park AWS (Archery Centre),,,,,,,,,1.6,,,1.4,3.2,14.4,15.0,,7.2,6.4,46.8,37.2,114,44.2,46.6,16.4,0.2,0.2,,,,,0.2
202103,Terrey Hills AWS,,,0.2,0.4,,,,,0.6,0.2,2.0,2.0,0.2,16.6,27.8,,10.0,23.0,56.8,55.8,113,64.8,44.6,16.2,,0.6,,,,5.4,2.2
202103,Wahroonga (Ada Avenue),,,,,,,,,5.6,0.4,5.6,2.0,0.2,19.4,25.6,,4.6,26.0,10.2,46.4,70.4,62.6,36.6,15.2,,2.2,,,,,4.0
202103,Warragamba,,,,,,,,,,,,8.0,3.0,14.0,9.0,,6.0,13.0,57.0,27.0,157,93.0,48.0,21.0,,,,,,,
202103,Wedderburn (Booalbyn),,,,,,,,,,,1.0,7.0,,22.0,6.0,,5.0,9.0,36.0,22.0,101,38.0,39.0,35.0,,,,,,,
202103,Wyong (Jilliby (Jilliby Creek)),,,,0.2,,,,,,0.4,,,,,,,,,,,,,,,,,,,,,
202103,Wyong (Kulnura (Jeavons)),,,,,,,,,2.0,,,1.0,,47.0,31.0,,5.0,19.0,83.0,97.0,64.0,64.0,36.0,6.0,,,,,,3.0,2.0
202103,Wyong (Mount Elliot),,,,,,1.0,,,1.0,,1.0,,,32.0,53.0,,2.0,21.0,95.0,63.0,133,69.0,45.0,9.0,,1.0,,,,10.0,8.0
202103,Wyong (Olney Forest),,,,,,,,,2.0,,,1.0,,8.0,46.0,1.0,9.0,31.0,93.0,85.0,107,112,41.0,8.0,,6.0,,,,2.0,2.0
202103,Yarramalong (Lewensbrook),,,,,,,,,,,,,,,,,,,,,,,,,,2.0,,,,4.4,2.0
202103,"Most values are the precipitation in the 24 hoursto9 am on the day indicated.
Days marked with → are part of a longer accumulation, which is shown on the final day.Values over  100  mm have been rounded to the nearest whole millimetre.Days marked with - have a rainfall report of zero; 
days left blank have no rainfall report (which often indicates no rain fell).",,,,,,,,,,,,,,,,,,,,,,,,,,,,,,,
202103,Rainfalls colouredaccording to the amount,0,1.0,5.0,10.0,15.0,25.0,50.0,100,150,200,300,400,600,millimetres,,,,,,,,,,,,,,,,,
202104,Abbotsbury (Fairfield (City Farm)),,,,,,,,17.0,,,,,,,,,,,,,,,,,,,,,,,
202104,Abbotsford (Blackwall Point Rd),8.4,,,,,4.6,1.4,6.0,,0.4,,,,,,,,,,,,,,,,,,,,,
202104,Audley  (Royal National Park),,,,,,2.0,4.0,3.0,,,,,,,,,,,,,,,,,,,,,,,
202104,Avalon Beach (Avalon (Palmgrove Rd)),7.8,,,,,,0.6,16.5,,0.6,,,,,,,0.2,,,,,,,,,,,,,,
202104,Badgerys Creek AWS,,,,,,,1.2,3.0,,,0.2,,,,,,,,,,,,,,0.4,,0.2,,,,
202104,Bankstown Airport AWS,,,,,,2.2,,1.6,,0.2,,,,,,,,,0.2,,,,,,,,,,,,
202104,Baulkham Hills Eucalyptus Ct,,,,,,,,2.0,,,,,,,,,,,,,,,,,,,,1.0,,,
202104,Belrose (Evelyn Place),7.2,,,,,0.2,11.0,27.4,,0.4,,,,,,,,,,,,,,,,,,,,,
202104,Blackheath (Wombat Street),,,,,,,58.0,2.0,,,,,,,,,,,,,,,,,,,1.0,,,,
202104,Box Hill (McCall Gardens),,,,,,,1.0,3.0,1.0,,,,,,,,,,,,,,,,,,,,,,
202104,Bringelly (Maryland),,,,,,,1.0,,,,,,,,,,,,,,,,,,,,,,,,
202104,Camden (Brownlow Hill),,,,,,,4.4,2.2,,,,,,,,,,,,,,,,,,,,,,,
202104,Camden Airport AWS,,,,0.2,,,6.6,7.2,0.2,,,,,,,,,,,,,,,,,,,,,,
202104,Campbelltown (Kentlyn (Georges River Roa,,,,,,1.0,,3.0,,1.0,,,,,,,,,,,,,,,,,,,,,
202104,Campbelltown (Mount Annan),,,,,,,,0.2,0.2,,,,,,,,,,,,,,,,,,,,,,
202104,Canterbury Racecourse AWS,5.6,,,,,1.2,2.4,7.2,,0.2,,,,,,,,,,,,,,,,,,,,,
202104,Castle Cove (Rosebridge Ave),8.5,,,,,2.0,19.0,17.0,,0.5,,,,,,,,,,,,,,,,,,,,,
202104,Castle Hill (Kathleen Ave),,,,,,,,,11.0,,,,,,,,,,,,,,,,,,,,,,
202104,Castlereagh (Castlereagh Road),,,,,,8.0,16.4,,,,,,,,,,,,,,,,,,,,,,,,
202104,Centennial Park,6.7,,,,,6.2,2.4,20.0,,,,,,,,,,,,,,,,,,,,,,,
202104,Chatswood Bowling Club,8.0,,,,,1.0,1.0,13.0,,,,,,,,,,,,,,,,,,,,,,,
202104,Collaroy (Long Reef Golf Club),4.4,,,,,1.2,7.0,13.6,,1.0,,,,,,,,,,,,,,,,,,,,,
202104,Colo Heights (Mountain Pines),,,,,,,5.0,5.2,,0.6,,,,,,,0.4,4.2,,,,,,,,2.0,,,,,
202104,Concord (Brays Rd),7.0,,,,,0.2,2.4,6.4,0.2,0.2,,,,,,,,,,,,,,,,,,,,,
202104,Concord Golf Club,6.2,,,,,1.2,2.0,14.8,,,,,,,,,,,,,,,,,,,,,,,
202104,Cooranbong (Lake Macquarie AWS),2.4,,,,,,29.2,3.2,12.4,0.4,,,,,,,1.8,6.8,,,,,,,,,,,0.2,,
202104,Darkes Forest (Kintyre),,,,,,1.0,3.0,15.0,,,,,,,,,,,,,,,,,,,,,,,
202104,Dover Heights (Portland St),6.2,,,,,6.4,0.4,11.0,,,,,,,,,,,,,,,,,,,,,,,
202104,Erskine Park Reservoir,,,,,,,,3.0,,1.0,,,,,,,,,,,,,,,,,,,,,
202104,Faulconbridge (Great Western Hwy),,,,,,,23.0,5.0,,,,,,,,,,,,,,,,,,,,,,,
202104,Faulconbridge (St Georges Crescent),,,,,,,30.2,14.6,,,,,,,,,,,,,,,,,,,,,,,
202104,Gears (Wyong River),,,,,,,,,,,,,,,,,,,,,,,,,,,,,,,
202104,Gosford AWS,4.8,0.2,,,,,,34.6,0.2,0.2,,,,,,,0.2,1.2,,,,,,,,,,,,,
202104,Holsworthy Aerodrome AWS,,,,,,0.2,5.4,11.2,0.2,0.2,,,,,,,,,,,,,,,,,,,,,
202104,Holsworthy Defence AWS,,,,,0.2,0.4,0.4,1.6,0.2,,,,,,,,,,,,0.2,,,,,,,,,,
202104,Hornsby (Swimming Pool),8.0,,0.2,,,,6.4,8.4,,0.6,,,,,,,,,,,,,,,,,,,,,
202104,Horsley Park Equestrian Centre AWS,,,,,,,,7.4,,,,,,,,,,,,,,,,,,,,,,,
202104,Katoomba (Farnells Rd),,0.2,,,,→,44.0,3.0,,,,,,,,,,,,,,,,,,,,,0.2,0.2,
202104,Kurrajong Heights (Bells Line of Road),,,,,,,0.8,6.8,0.2,0.2,,,,,,,,,,,,,,,,,,,,,
202104,Lower Portland (Hawkesbury River),,,,,,,,,,,,,,,,,,,,,,,,,,,,,,,
202104,Lucas Heights (ANSTO),,,,,,,3.4,,,,,,,,,,,,,,,,,,,,,,,,
202104,Mangrove Mountain AWS,1.0,,0.2,,,,7.0,6.6,5.6,1.2,0.2,,,,,,,2.2,,,,,,,,,,,,,
202104,Marrickville Golf Club,8.0,,,,,2.0,9.0,7.0,1.0,,,,,,,,,,,,,,,,,,,,,,
202104,Menangle Bridge (Nepean River),,,,,,,,,,,,,,,,,3.0,,,,,,,,,,,,,,
202104,Mona Vale Golf Club,5.2,0.2,0.4,0.2,0.2,0.2,0.2,6.8,0.2,0.4,,,,,,,,,0.2,0.2,0.2,,,,,0.2,0.2,,0.4,0.6,
202104,Mount Boyce AWS,,0.2,0.2,0.2,,,46.6,0.8,0.4,,,,,,,,,0.2,0.2,0.2,,,,,,,0.2,0.2,0.2,0.2,
202104,Mount Wilson (Clarine),,,,,,,5.8,1.8,,,,,,,,,,3.4,,,,,,,,,,,,,
202104,Norah Head AWS,3.4,0.6,,0.2,,0.2,13.8,15.6,0.2,0.6,0.2,,,,,,,1.2,,,,,,,,,,,,,
202104,North Parramatta (Burnside Homes),0.5,0.5,,,,,,5.0,,,,,,,,,,,,,,,,,,,,,,,
202104,North Rocks (Muirfield Golf Club),1.0,,,,,,,2.0,,,,,,,,,,,,,,,,,,,0.5,,,,
202104,North Ryde Golf Club,,,,,,,,,,,,,,,,,,,,,,,,,,,,,,,
202104,Palm Grove (Lyrebird Lane),1.0,,,,,,20.0,6.0,2.0,1.0,,,,,,,2.0,2.0,,,,,,,,,,,,,
202104,Parramatta North (Masons Drive),1.2,,,,,,0.2,5.0,,0.6,,,,,,,,,,,,,,,,,,,,,
202104,Peakhurst Golf Club,,,,,,2.0,4.0,7.0,,,,,,,,,,,,,,,,,,,,,,,
202104,Penrith Lakes AWS,,,,,,,11.6,30.4,,0.2,,,,,,,,,,,,,,,,,,,,,
202104,Prospect Reservoir,,,,,,,2.0,15.0,3.0,1.0,,,,,,,,,,,,,,,,,,,,,
202104,Putty (The Gibba),,,,,,,6.0,18.0,,,,,,,,,,4.0,,,,,,,,,,,,,
202104,Randwick (Randwick St),7.0,,,,,14.8,4.4,34.6,0.2,0.4,,,,,,,,,,,0.1,,,,,,,,,,
202104,Randwick Racecourse,8.0,,,,,8.2,11.6,24.0,,0.6,,,,,,,,,,,,,,,,,,,,,
202104,Richmond - UWS Hawkesbury,,,,,,,14.0,40.0,0.8,,,,,,,,,,,,,,,,,,,,,,
202104,Richmond RAAF,,,,0.2,,,1.0,19.6,0.8,,0.2,,,,,,,,,,,,,,,,,,,0.2,
202104,Rose Bay (Royal Sydney Golf Club),7.8,,,,,15.0,1.0,9.0,,0.4,,,,,,,,,,,0.2,,,,,,,,,,
202104,Sans Souci (Public School),4.0,,,,,,11.0,8.0,,,,,,,,,,,,,,,,,,,,,,,
202104,Seven Hills  (Radio FM 103.2),,,,,,,,,,,,,,,,,,,,,,,,,,,,,,,
202104,Shanes Park (South Creek Road),,,,,,,1.6,1.8,4.8,0.2,,,,,,,,,,0.2,,,,,,,,,,,
202104,Springwood (Valley Heights),,,,,,,32.8,5.2,,,,,,,,,,,,,,,,,,,,,,,
202104,Sydney (Observatory Hill),6.6,,,,,0.6,1.2,6.8,,0.2,,,,,,,,,,,,,,,,,,,,,
202104,Sydney Airport AMO,13.2,0.2,,,,0.4,0.2,2.2,0.2,,,,,,,,,,,,,0.2,,,,,,,,,
202104,Sydney Botanic Gardens,7.0,0.2,,,,1.4,1.0,5.2,,,,,,,,,,,,,,,,,,,,,,,
202104,Sydney Olympic Park AWS (Archery Centre),4.8,0.2,,,,,,4.0,0.2,,,,0.2,,,,,,,,,,,,,,,,,,
202104,Terrey Hills AWS,3.6,0.2,0.2,,,,11.8,28.6,0.4,0.4,,,,,,0.2,,,,0.2,,,,,,,,,,0.2,
202104,Wahroonga (Ada Avenue),9.0,0.2,0.2,0.2,,,6.4,29.4,0.2,0.6,,,,,,,,,0.2,,0.2,,,,,0.2,0.2,,0.2,,
202104,Warragamba,,,,,,,5.0,,,,,,,,,,,,,,,,,,,,,,,,
202104,Wedderburn (Booalbyn),,,,,,1.0,,1.0,1.0,,,,,,,,,,,,,,,,,,,,1.0,,
202104,Wyong (Kulnura (Jeavons)),,,,,,,5.0,12.0,4.0,,,,,,,,,4.0,,,,,,,,,,,,,
202104,Wyong (Mount Elliot),1.0,,,,,,3.0,1.0,,,,,,,,,,1.0,,,,,,,,,,,,,
202104,Wyong (Olney Forest),3.0,,,,,,25.0,5.0,6.0,,,,,,,,2.0,2.0,,,,,,,,,,,,,
202104,"Most values are the precipitation in the 24 hoursto9 am on the day indicated.
Days marked with → are part of a longer accumulation, which is shown on the final day.Values over  100  mm have been rounded to the nearest whole millimetre.Days marked with - have a rainfall report of zero; 
days left blank have no rainfall report (which often indicates no rain fell).",,,,,,,,,,,,,,,,,,,,,,,,,,,,,,,
202104,Rainfalls colouredaccording to the amount,0,1.0,5.0,10.0,15.0,25.0,50.0,100,150,200,300,400,600,millimetres,,,,,,,,,,,,,,,,,
202105,Abbotsbury (Fairfield (City Farm)),,,,,12.0,18.0,15.0,1.0,,,,4.0,,,,,,,,,,,,1.0,,,,,,,
202105,Abbotsford (Blackwall Point Rd),,,,,16.0,25.0,17.0,3.0,,,,2.0,1.0,,,,,,,,1.0,0.6,,3.0,3.0,,,,,,
202105,Audley  (Royal National Park),,1.0,,,27.0,37.0,29.0,,1.0,,,5.0,1.0,,,,,,,,1.0,1.0,,23.0,,,,,,,
202105,Avalon Beach (Avalon (Palmgrove Rd)),,,,,14.0,21.8,8.8,,,,,,,,,,,,,,,,,,,,,,,,
202105,Badgerys Creek AWS,0.2,0.2,0.2,0.2,15.0,14.8,28.0,0.4,0.2,,0.2,7.2,,,,,,,,,,0.2,,2.0,0.2,,,,,,
202105,Bankstown Airport AWS,,,,0.2,16.0,21.4,10.2,0.6,0.2,,,1.8,0.2,,,,,,,,0.2,0.8,0.2,3.4,0.2,,,,,,
202105,Baulkham Hills Eucalyptus Ct,0.5,,,,12.0,21.5,21.0,0.5,,,,,,,,,,,,,,0.5,,0.5,,,,,,,
202105,Belrose (Evelyn Place),,,,,11.0,18.6,16.2,0.4,,0.4,,,3.4,,,,,,,,,2.2,,2.2,1.8,,,,,,
202105,Blackheath (Wombat Street),,1.0,3.0,1.0,9.0,18.0,52.0,4.0,,,1.0,1.0,,,,,,,,,,2.0,,3.0,2.0,,,,,,
202105,Box Hill (McCall Gardens),,1.0,,,6.0,24.0,33.0,4.0,,,,,,,,,,,,,,1.0,,,,,,,,,
202105,Bringelly (Maryland),,,,,22.0,12.0,15.0,1.0,,,,3.0,,,,,,,,,,,,2.0,,,,,,,
202105,Camden (Brownlow Hill),,,,0.2,14.2,11.8,43.0,1.0,,,0.2,3.2,,,,,,,,,,0.4,,2.6,,,,,,,
202105,Camden Airport AWS,,,,,17.0,11.4,44.0,0.6,,,0.6,0.6,4.0,,,,,,,,,,,2.8,,,0.6,,,,
202105,Campbelltown (Kentlyn (Georges River Roa,,,,,18.0,22.0,19.0,3.0,,,1.0,1.0,5.0,,,,,,,,,,,6.0,1.0,,,,,,
202105,Campbelltown (Mount Annan),,,,0.2,17.2,20.0,33.0,1.6,,,1.4,0.4,4.8,,,,,,,,,0.2,0.2,3.0,,,,,,,
202105,Canterbury Racecourse AWS,2.0,,,,22.6,25.2,38.6,0.4,0.2,,,,1.8,,,,,,,,0.8,0.2,,1.8,7.4,,,,,,
202105,Castle Cove (Rosebridge Ave),,,,,12.0,18.0,10.0,4.0,,,,,5.0,,,,,,,,,4.5,,2.5,6.0,,,,,,
202105,Castle Hill (Kathleen Ave),,,,,10.0,23.0,36.0,2.4,,,,,,,,,,,,,,,,1.4,,,,,,,
202105,Chatswood Bowling Club,,,,1.0,12.0,12.0,17.0,1.0,,,,,1.0,,,,,,,,,,,3.0,7.0,,,,,,
202105,Collaroy (Long Reef Golf Club),,,,,12.6,11.6,6.2,,,,,,1.8,,,,,,,,8.6,1.4,0.2,9.8,,,,,,,
202105,Colo Heights (Mountain Pines),,,0.4,0.4,5.4,13.8,23.0,,,0.4,,,2.0,,,,,,,,,1.0,,,0.6,,,,,,
202105,Concord (Brays Rd),,0.2,,,16.0,26.6,17.2,4.4,,,,0.6,,,,,,,,,0.4,,,1.8,1.2,,,,,,
202105,Concord Golf Club,,,,,16.0,29.0,35.8,2.6,,,,,,,,,,,,,,,,2.8,1.2,,,,,,
202105,Cooranbong (Lake Macquarie AWS),,,,,4.8,3.8,7.2,2.6,,0.4,,,,,,,,,,,,6.0,,1.2,,,,,,,
202105,Darkes Forest (Kintyre),,1.0,,,16.0,56.0,76.0,5.0,,1.0,,3.0,1.0,,,,,,,,1.0,1.0,1.0,4.0,,1.0,,,,,
202105,Dover Heights (Portland St),,,,,19.2,18.0,13.4,0.2,,,0.2,,1.2,,,,,,,,,,,5.4,5.0,,,,,0.2,0.2
202105,Erskine Park Reservoir,,,,1.0,10.0,17.0,16.0,,,,1.0,,2.0,,,,,,,,,,,1.0,,,,,,,
202105,Faulconbridge (Great Western Hwy),,,,1.0,8.0,6.0,14.0,1.0,,,,,2.0,,,,,,,,,,,1.0,1.0,,,,,,
202105,Faulconbridge (St Georges Crescent),,0.4,,0.2,15.4,10.0,27.8,0.8,,,,0.6,3.2,,,,,,,,,0.8,,,4.4,,,,,,
202105,Gears (Wyong River),,,,,1.0,6.0,,,,,,,1.0,,,,,,,,,2.0,,,,,,,,,
202105,Gosford AWS,0.2,,,,4.4,32.4,5.2,0.2,,0.2,0.4,,26.0,0.2,,,,,,,,10.4,0.2,1.4,0.2,,,,,,
202105,Holsworthy Aerodrome AWS,,,,,18.4,,17.6,0.6,,,0.4,11.6,13.4,,,,,,,,,0.2,,1.0,,,,,,,
202105,Holsworthy Defence AWS,0.2,,0.2,,18.8,28.2,28.8,1.0,,0.2,0.8,1.0,0.8,,,,,,,0.2,,0.2,0.2,5.2,0.4,,,,,,
202105,Horsley Park Equestrian Centre AWS,,,,,11.4,18.0,14.4,0.4,,,0.4,0.2,,,,,,,,,,1.0,,0.8,,,,,,,
202105,Katoomba (Farnells Rd),,,1.6,1.7,9.2,26.0,81.0,8.4,→,0.6,1.2,,0.2,0.2,,0.2,,,,,,1.2,→,3.2,1.4,,,,,,0.2
202105,Kurrajong Heights (Bells Line of Road),,,,→,8.4,9.4,40.6,0.4,,,,,86.0,,,,,,,,→,→,→,2.6,1.8,,,,,,
202105,Lower Portland (Hawkesbury River),,,,,,,,,,,,,,,,,,,,,,,,,,,,,,,
202105,Lucas Heights (ANSTO),,,,,25.0,35.8,17.0,0.8,,,0.2,3.8,4.6,,,,,,,,,0.6,,11.0,3.2,,,,,,
202105,Mangrove Mountain AWS,0.2,,0.2,,3.4,36.8,20.4,4.2,,0.8,2.0,,1.4,,,,,,,,,2.4,,1.6,,,,,,,
202105,Marrickville Golf Club,1.0,,,,28.0,21.0,38.0,1.0,,,,,1.0,,,,,,,,1.0,2.0,,4.0,2.0,,,,,,
202105,Menangle Bridge (Nepean River),,,,,14.0,17.0,45.0,,,,1.0,9.0,1.0,,,,,,,,,,,5.0,2.0,,,,,,
202105,Mona Vale Golf Club,0.2,0.2,0.4,0.2,13.4,16.2,11.0,,,0.2,0.2,,4.2,,,,,,0.2,0.2,0.8,1.0,0.2,11.2,0.4,,,,,,
202105,Mount Boyce AWS,0.4,0.2,5.0,0.8,8.6,16.2,46.6,2.4,0.4,0.2,0.6,0.2,0.2,,,,,,,,,1.2,0.2,2.4,1.0,,,,,,0.2
202105,Mount Wilson (Clarine),,,,,11.4,14.6,47.6,3.4,,,,,,,,,,,,,,,3.0,1.8,1.0,,,,,,
202105,Norah Head AWS,,0.2,,0.2,6.2,7.2,2.0,1.0,,0.2,,,,,,,,,,,,19.0,,7.0,,0.2,,,,4.4,
202105,North Parramatta (Burnside Homes),,,,0.5,10.5,25.5,22.0,2.0,,,,,,,,,,,,,,,,0.5,,0.5,,,,,
202105,North Rocks (Muirfield Golf Club),,,,0.5,10.0,20.0,23.0,1.0,,,0.5,,,,,,,,,,,,,0.5,,,,,,,
202105,North Ryde Golf Club,,1.0,,,13.0,21.0,21.0,1.0,,,,,1.0,,,,,,,,,1.0,,1.0,,,,,,,
202105,Palm Grove (Lyrebird Lane),,1.0,,,3.0,31.0,12.0,2.0,,,,,8.0,,,,,,,,,3.0,,,1.0,,,,,,
202105,Parramatta North (Masons Drive),,,,0.4,12.6,26.0,23.0,3.2,,,0.2,0.2,,,,,,,,,,0.6,,1.2,,,,,,,
202105,Peakhurst Golf Club,1.0,,,,25.0,21.0,11.0,1.0,,,,5.0,8.0,,,,,,,,,,,5.0,2.0,,,,,,
202105,Penrith Lakes AWS,,,,0.2,10.0,8.2,16.2,,0.2,,,0.2,2.4,0.2,,,,,,,,0.2,,0.6,,,,,,,
202105,Prospect Reservoir,,,1.0,1.0,12.0,27.0,23.0,2.0,,,,,,,,,,,,,1.0,1.0,,2.0,,,,,,,
202105,Putty (The Gibba),,,,1.0,3.0,8.0,20.0,1.0,,,,1.0,,,,,,,,,,2.0,,,,,,,,,
202105,Randwick (Randwick St),,,,,24.8,19.8,17.6,0.2,,,0.4,1.0,0.8,,,,,,,,0.2,1.0,,4.2,5.2,,,,,0.2,
202105,Richmond - UWS Hawkesbury,,,,2.4,6.3,30.0,4.4,,,,,1.4,3.0,,,,,,,,,,,1.6,0.2,,,,,,
202105,Richmond RAAF,,0.2,0.2,0.6,5.6,14.0,29.2,1.8,,,,,,0.2,,,,0.2,,,,0.2,0.2,1.0,,0.2,,,,,
202105,Rose Bay (Royal Sydney Golf Club),,,,,17.2,18.0,11.6,0.4,,,,,3.4,,,,,,,,,1.2,6.0,4.0,0.2,,,,,,0.2
202105,Sans Souci (Public School),,,,,29.0,10.0,11.0,,,,,9.0,4.0,,,,,,,,,,,3.0,3.0,,,,,,
202105,Seven Hills  (Radio FM 103.2),,,,,10.5,22.5,22.0,1.5,,,,,,,,,,,,,0.5,0.5,,0.5,0.5,,,,,,
202105,Shanes Park (South Creek Road),,0.2,0.2,0.8,7.2,12.0,18.0,0.2,,,,,0.6,,,,,,,,,0.8,,0.6,,0.2,,,,,
202105,Springwood (Valley Heights),,,0.4,0.4,9.8,11.8,27.6,0.4,,,,0.6,13.8,,,,,,,,,0.6,,2.0,,,,,,,
202105,Sydney (Observatory Hill),,,,,18.0,25.4,16.4,0.4,,,,0.4,0.8,,,,,,,,,1.4,0.2,1.0,2.6,,,,,,
202105,Sydney Airport AMO,,,,,36.0,19.0,20.0,0.6,,,,,6.4,0.2,,,,,,,0.6,2.2,,1.8,0.8,,,0.2,,,
202105,Sydney Botanic Gardens,,,,,17.0,23.4,16.6,,,,0.1,0.5,0.8,,,,,,,,,1.6,1.4,1.0,1.8,0.1,,,,,
202105,Sydney Olympic Park AWS (Archery Centre),,,,,13.6,23.4,31.0,1.4,,,,,,,,,,,,,,,,2.0,,,,,,,
202105,Terrey Hills AWS,0.2,,,,9.2,33.2,5.4,1.2,0.2,0.2,,0.6,3.8,0.2,,,,,,,,2.4,0.2,5.0,0.4,,,,,,
202105,Wahroonga (Ada Avenue),0.2,0.2,0.2,0.2,12.0,40.4,24.4,2.6,,,0.2,0.6,1.4,,,,,,,0.2,0.4,1.6,,1.4,0.2,,,,,,
202105,Warragamba,,,,,12.0,17.0,37.0,1.0,,,,4.0,2.0,,,,,,,,,,,5.0,,,,,,,
202105,Wedderburn (Booalbyn),,,,,14.0,33.0,60.0,2.0,,,1.0,4.0,1.0,,,,,,,,,,1.0,1.0,2.0,,,,,,
202105,Wyong (Kulnura (Jeavons)),,,,,1.0,15.0,14.0,7.0,,,,,1.0,,,,,,,,,3.0,,1.0,,,,,,,
202105,Wyong (Mount Elliot),,,,,6.0,30.0,7.0,,,1.0,1.0,,7.0,,,,,,,,,5.0,,4.0,,,,,,,
202105,Wyong (Olney Forest),,1.0,,,4.0,10.0,17.0,1.0,,1.0,,,,,,,,,,,,5.0,,,,,,,,,
202105,Yarramalong (Lewensbrook),,,,,1.0,10.6,18.0,1.0,,1.4,,,3.0,,,,,,,,,2.4,,1.0,,,,,,,
202105,"Most values are the precipitation in the 24 hoursto9 am on the day indicated.
Days marked with → are part of a longer accumulation, which is shown on the final day.Values over  100  mm have been rounded to the nearest whole millimetre.Days marked with - have a rainfall report of zero; 
days left blank have no rainfall report (which often indicates no rain fell).",,,,,,,,,,,,,,,,,,,,,,,,,,,,,,,
202105,Rainfalls colouredaccording to the amount,0,1.0,5.0,10.0,15.0,25.0,50.0,100,150,200,300,400,600,millimetres,,,,,,,,,,,,,,,,,
202106,Abbotsbury (Fairfield (City Farm)),,,1.0,11.0,,,,,3.0,,8.0,,,,,,5.0,,2.0,,4.0,,,,2.0,,,,,2.0,
202106,Abbotsford (Blackwall Point Rd),,,,8.0,,,,,8.0,,6.0,,,,,,6.0,,2.4,2.6,2.0,0.6,,,0.2,,,2.0,3.0,17.0,
202106,Audley  (Royal National Park),,,,11.0,,,,,10.0,,6.0,1.0,,,,,6.0,,3.0,5.0,7.0,1.0,,1.0,,,,,,8.0,
202106,Avalon Beach (Avalon (Palmgrove Rd)),,,,8.2,,,,,8.4,,4.4,,,,,,4.9,,1.2,8.8,29.6,4.4,,,,,,1.8,→,23.0,
202106,Badgerys Creek AWS,,,2.0,7.4,,,,,4.6,0.2,8.6,,,,,0.2,10.8,,2.2,,0.8,,,,2.2,,,,,2.8,
202106,Bankstown Airport AWS,,,,9.6,,,0.2,,6.2,,8.6,0.2,,,,0.2,5.8,,2.6,0.8,3.0,,0.2,,1.4,0.2,,,,9.0,
202106,Baulkham Hills Eucalyptus Ct,,,,8.0,0.5,,,,8.5,,6.0,,,,,,7.0,,3.0,1.0,0.5,,0.5,4.0,0.5,,,,,4.0,
202106,Belrose (Evelyn Place),,,,5.8,,,,,8.0,4.0,6.2,,,,,,4.6,,3.2,9.2,11.2,1.8,,,,,,0.6,4.4,19.6,
202106,Bilpin Post Office,,,,6.6,,,,,8.0,3.0,11.6,,,,,,6.6,,,,2.0,0.4,,0.2,0.2,,,,0.2,5.0,
202106,Blackheath (Wombat Street),,,5.0,5.0,,,9.0,,4.0,,10.0,2.0,,,,,11.0,,,,1.0,3.0,,,5.0,,,,1.0,6.0,
202106,Box Hill (McCall Gardens),,,,9.0,,,1.0,,8.0,2.0,6.0,,,,,,6.0,,2.0,,2.0,,1.0,,,,,,,2.0,
202106,Bringelly (Maryland),,,1.0,6.0,,,5.0,,3.0,1.0,8.0,,,,,,10.0,,2.0,,,,,,2.0,,,,,7.0,
202106,Camden (Brownlow Hill),,,,10.0,,,,,5.2,,8.2,,,,,,7.2,,0.2,,,0.2,,,1.0,,,,,11.2,
202106,Camden Airport AWS,,,,9.2,,,,,7.6,,7.8,,,,,,8.0,,0.4,,,0.2,,,1.0,,,,,10.4,
202106,Campbelltown (Kentlyn (Georges River Roa,,,2.0,7.0,,,8.0,,3.0,1.0,7.0,,,,,,10.0,,4.0,1.0,2.0,,,,1.0,,,,,11.0,
202106,Campbelltown (Mount Annan),,,,11.8,,,,,4.6,0.2,6.4,,,,,,9.6,,2.2,0.4,0.4,,,0.2,0.8,,0.2,,0.2,9.2,
202106,Canterbury Racecourse AWS,,,,7.4,,,,,8.8,,8.0,,,,,,7.8,0.2,2.4,3.0,1.6,1.0,0.4,,0.8,0.2,,,7.2,14.2,
202106,Castle Cove (Rosebridge Ave),,,,5.0,,,,,7.5,5.5,6.0,,,,,,4.5,,1.5,8.0,12.0,2.0,,,,,,,4.0,21.0,
202106,Castle Hill (Kathleen Ave),,,0.1,8.2,,,,,10.7,2.0,5.6,,,,,,7.8,,,,5.6,,,,0.8,,,,,,
202106,Centennial Park,,,,7.6,,,,,7.2,,5.4,,,,,,8.1,,1.5,14.0,11.2,2.8,0.4,0.2,,,,1.2,4.0,24.2,
202106,Chatswood Bowling Club,,,,6.0,,,,,,,6.0,,,,,,,,1.0,5.0,3.0,,,,,,,,4.0,3.0,
202106,Collaroy (Long Reef Golf Club),,,,8.4,5.4,,,,8.8,,6.6,,,,,,4.8,,2.2,8.6,22.4,3.8,,0.2,,→,→,3.6,7.4,16.2,
202106,Colo Heights (Mountain Pines),,,,12.4,,,,,10.2,4.0,7.0,,,,,,6.4,,0.8,,0.6,,,,,,,,0.4,2.4,
202106,Concord (Brays Rd),,,,9.2,,,,,8.0,,6.4,,,,,,7.2,,2.6,2.6,0.8,0.8,1.0,,0.6,,,1.6,5.6,12.6,
202106,Concord Golf Club,,,,8.4,,,,,8.0,,6.4,,,,,,7.6,,2.8,,,,,0.8,0.4,,,,1.8,,
202106,Cooranbong (Lake Macquarie AWS),,,,13.2,,,,,12.4,0.2,2.4,,,,,,0.4,,0.6,2.8,2.0,0.2,2.2,0.2,,0.2,,,2.2,3.8,
202106,Darkes Forest (Kintyre),,,,7.0,,,6.0,,4.0,,4.0,,,,,,8.0,,6.0,3.0,6.0,,1.0,,2.0,,,,,17.0,
202106,Dover Heights (Portland St),,,,6.2,2.4,,,,7.8,0.2,5.2,,,,,2.0,5.2,,2.6,24.2,17.8,4.8,,,,,,0.4,2.2,32.0,
202106,Erskine Park Reservoir,,,,10.0,,,,,4.0,1.0,7.0,,,,,,6.0,,2.0,,3.0,,,,1.0,,,,,2.0,
202106,Faulconbridge (Great Western Hwy),,,,4.0,,,,,2.0,2.0,6.0,,,,,,5.0,,,,,1.0,,,,,,,,2.0,
202106,Faulconbridge (St Georges Crescent),,,1.0,5.2,,,,,2.4,1.4,10.4,,,,,,8.2,,0.6,,1.0,0.8,,,,,,,,5.2,
202106,Gears (Wyong River),,,,3.0,,,,,1.0,1.0,2.0,,,,,,,,,,3.0,,,,,,,,2.0,6.0,
202106,Gosford AWS,,,,7.4,0.2,,,,11.2,0.6,2.6,,,,,,2.2,,0.2,5.0,14.4,1.6,0.6,,,,,,4.6,17.0,
202106,Holsworthy Aerodrome AWS,,,,10.4,,,,,5.0,,6.8,,,,,,6.0,,3.0,1.0,5.0,,0.2,0.2,0.8,,,,,9.4,
202106,Holsworthy Defence AWS,,,,12.2,,,,0.2,4.0,0.2,5.8,,,,,0.2,10.0,,4.6,1.0,2.4,0.2,0.4,,1.4,,,,,5.6,
202106,Horsley Park Equestrian Centre AWS,,,,12.0,,,,,3.8,0.2,8.0,,,,,,6.4,,2.4,,4.2,1.0,,,1.2,,,,,2.2,
202106,Katoomba (Farnells Rd),,,4.2,5.6,,,,,3.2,1.6,11.0,,0.2,,,,10.0,,0.4,,1.6,2.2,,,6.2,,,→,0.4,7.2,
202106,Kurrajong Heights (Bells Line of Road),,,,11.4,,,,,6.6,4.3,12.7,,,,,,4.2,,,,2.1,→,→,0.5,,,,,,,
202106,Lower Portland (Hawkesbury River),,,,,,,,,,,,,,,,,,,,,,,,,,,,,,,
202106,Lucas Heights (ANSTO),,,,10.7,,,,,6.0,0.1,6.2,,,,,0.1,6.2,,3.6,2.0,8.8,0.2,0.3,0.2,,,,,,,
202106,Mangrove Mountain AWS,,,,13.6,,,,,15.6,1.4,4.4,,,,,,3.2,,2.4,1.4,10.2,0.4,0.4,,,0.2,,,3.4,5.2,
202106,Marrickville Golf Club,,,,9.0,,,8.0,,7.0,1.0,6.0,,,,,,7.0,,2.0,4.0,2.0,2.0,,,1.0,,,2.0,10.0,9.0,
202106,Menangle Bridge (Nepean River),,,,7.0,,,,,7.0,,6.0,,,,,,7.0,,1.0,,,,,,1.0,,,,,10.0,
202106,Mona Vale Golf Club,0.2,,0.4,10.4,,,,,10.8,0.6,6.4,,,,,0.4,5.4,,1.4,9.0,32.8,7.0,0.4,,,,,2.2,18.8,8.4,
202106,Mount Boyce AWS,,,3.6,5.2,0.2,,,,3.4,0.6,11.6,0.2,,,,0.2,8.8,0.2,,0.2,0.4,3.0,,,4.2,,,,,5.0,
202106,Mount Wilson (Clarine),,,,10.0,,,,,8.0,,18.0,,,,,,13.4,,,,1.6,,1.0,,1.8,,,,,8.0,
202106,Norah Head AWS,,,,11.8,2.0,,,,11.4,0.4,1.2,,,0.2,0.6,,0.4,,,25.4,6.8,5.6,0.2,0.4,0.2,,,0.2,8.6,5.8,
202106,North Parramatta (Burnside Homes),,,,8.5,,,,,9.0,0.5,4.5,,,,,,7.5,,3.0,0.5,0.5,,,,0.5,,,,0.5,5.0,
202106,North Rocks (Muirfield Golf Club),,,0.5,6.5,,,1.5,,9.0,0.5,5.0,,,,,,7.5,,3.0,0.5,,,,0.5,0.5,,,,0.5,4.0,
202106,North Ryde Golf Club,,,1.0,6.0,,,6.0,,7.0,,5.0,,,,,,7.0,,3.0,1.0,2.0,,1.0,,,,,,2.0,9.0,
202106,Palm Grove (Lyrebird Lane),,,,12.0,,,,,10.0,2.0,3.0,,,,,,2.0,,1.0,2.0,6.0,,,,,,,,6.0,9.0,
202106,Parramatta North (Masons Drive),,,,8.4,,,,,10.0,0.6,5.4,,,,,,8.2,,3.4,1.6,0.8,0.4,,0.4,0.2,,,,1.0,5.6,
202106,Peakhurst Golf Club,,,,8.0,,,7.0,,9.0,,7.0,,,,,,7.0,,2.0,2.0,2.0,1.0,,,2.0,,,,,12.0,
202106,Penrith Lakes AWS,,0.2,1.0,6.2,,,0.2,,3.6,0.8,9.2,,,,,0.2,7.2,,1.6,,0.6,,,,0.8,,,,,1.2,
202106,Prospect Reservoir,,,1.0,9.0,,,9.0,,7.0,1.0,6.0,,,,,,6.0,,3.0,,5.0,,1.0,,1.0,,,,1.0,4.0,
202106,Putty (The Gibba),,,1.0,7.0,,,7.0,,11.0,3.0,3.0,,,,,,4.0,,,,,,,,1.0,,,,,3.0,
202106,Randwick (Randwick St),,,,8.6,0.2,,,,7.2,,5.6,,,,,,8.2,,1.6,17.0,12.6,3.0,0.1,,0.2,,,7.6,5.6,16.6,
202106,Richmond - UWS Hawkesbury,,,0.2,8.2,,,,,5.8,2.4,6.2,,,,,,6.4,,,,3.6,,,,0.2,,,,,1.8,
202106,Richmond RAAF,,,,8.0,,,,,5.6,2.0,6.4,,,,,,6.2,,1.8,0.2,1.0,,,,,,,,,1.8,
202106,Rose Bay (Royal Sydney Golf Club),,,,6.8,,,,,7.0,0.2,4.8,,,,,0.2,6.4,,1.6,26.7,35.0,4.0,0.2,,,,,,1.0,29.0,
202106,Sans Souci (Public School),,,,9.0,,,,,8.0,1.0,6.0,,,,,,6.0,,2.0,1.0,2.0,2.0,,,1.0,,,,2.0,5.0,
202106,Seven Hills  (Radio FM 103.2),,,0.5,6.5,,,,,7.0,0.5,6.0,,,,,,6.0,,2.0,0.5,3.0,,,,1.0,,,,,3.5,
202106,Shanes Park (South Creek Road),,,0.2,13.0,0.2,,,,5.0,1.6,8.0,,,,,,6.8,,2.6,,2.8,,0.2,,0.6,,,,,3.8,
202106,Springwood (Valley Heights),,,1.2,5.0,,,,,3.6,1.6,10.8,,,,,,9.6,,0.8,,1.4,0.6,,,0.2,,,,,2.6,
202106,Sydney (Observatory Hill),,,,7.8,0.2,,,,7.4,,6.0,,,,,,6.2,,1.8,10.8,9.4,1.4,,,,,,0.6,3.2,25.6,
202106,Sydney Airport AMO,,,,8.6,0.2,,,,7.4,,6.0,,,,,,6.2,,1.6,6.0,4.2,2.2,,0.2,0.4,0.2,,3.0,21.0,26.2,
202106,Sydney Botanic Gardens,,,,7.2,0.2,,,,7.0,0.4,6.8,,0.1,,,,6.6,,1.8,12.0,10.4,0.8,,,0.1,,,2.4,3.4,28.4,
202106,Sydney Olympic Park AWS (Archery Centre),,,,7.0,,,,,7.4,,6.8,,,,,,8.2,0.2,2.4,0.6,0.2,0.2,0.2,,,0.2,,,1.6,10.8,
202106,Terrey Hills AWS,,,,8.0,,,,,8.8,2.0,6.2,,,,,,5.0,,3.0,8.6,10.6,1.2,0.2,0.2,,,,0.4,5.6,15.6,
202106,Wahroonga (Ada Avenue),0.2,,,6.6,,,,,9.2,1.8,6.8,,,,,0.2,5.4,,3.4,3.8,5.2,0.6,,0.4,,,,,2.6,8.2,
202106,Warragamba,,,3.0,7.0,,,7.0,,5.0,1.0,16.0,,,,,,6.0,,,,,3.0,,,1.0,,,,,4.0,
202106,Wedderburn (Booalbyn),,,,8.0,,,7.0,,4.0,,4.0,,,,,,8.0,,5.0,,1.0,,2.0,,1.0,,,,,5.0,
202106,Wyong (Kulnura (Jeavons)),,,,11.0,,,,,13.0,1.0,3.0,,,,,,,,2.0,,2.0,2.0,,,,,,,5.0,4.0,
202106,Wyong (Mount Elliot),,,,9.0,,,,,11.0,2.0,3.0,,,,,,1.0,,,10.0,9.0,2.0,,,,,,,10.0,12.0,
202106,Wyong (Olney Forest),,,,11.0,,,,,12.0,1.0,6.0,,,,,,,,,1.0,,1.0,,,,,,,7.0,11.0,
202106,Yarramalong (Lewensbrook),,,,13.0,,,,,13.0,,2.0,,,,,,1.0,,2.0,2.0,3.0,2.0,,,,,,,5.0,7.0,
202106,"Most values are the precipitation in the 24 hoursto9 am on the day indicated.
Days marked with → are part of a longer accumulation, which is shown on the final day.Values over  100  mm have been rounded to the nearest whole millimetre.Days marked with - have a rainfall report of zero; 
days left blank have no rainfall report (which often indicates no rain fell).",,,,,,,,,,,,,,,,,,,,,,,,,,,,,,,
202106,Rainfalls colouredaccording to the amount,0,1.0,5.0,10.0,15.0,25.0,50.0,100,150,200,300,400,600,millimetres,,,,,,,,,,,,,,,,,
202107,Abbotsbury (Fairfield (City Farm)),,5.0,,,,,,,,4.0,,,,,,1.0,,,,,,,,,,,,,,,
202107,Abbotsford (Blackwall Point Rd),2.6,2.8,,,,,,,,4.0,11.0,0.4,0.2,,1.8,0.4,0.6,,,,,,0.6,0.6,,,,,,,
202107,Audley  (Royal National Park),1.0,3.0,,,,,,,,7.0,20.0,4.0,,,2.0,3.0,4.0,,,,,,1.0,1.0,,,,,,,
202107,Avalon Beach (Avalon (Palmgrove Rd)),3.2,2.4,,,,,,,1.8,4.4,15.6,3.4,,,,,,,,,,,,,,,,,,,
202107,Badgerys Creek AWS,1.0,3.6,0.2,,,,,,,6.6,,0.4,,,,2.4,2.4,,,,,,0.6,0.4,,,,,,,
202107,Bankstown Airport AWS,1.4,3.8,0.2,0.2,,,,,,4.8,2.4,0.2,,0.2,0.4,3.2,0.4,0.2,,,,,0.2,0.6,0.2,,,,,,
202107,Baulkham Hills Eucalyptus Ct,,5.0,,,,,,,,6.5,3.0,1.5,,,,0.5,0.5,,,,,,,,,,,,,,
202107,Belrose (Evelyn Place),2.0,3.0,,,,,,,,6.0,14.0,1.4,,,1.0,,1.0,,,,,,0.8,,,,,,,,
202107,Bilpin Post Office,0.4,8.0,0.2,,,,,,5.2,3.8,→,0.4,,,,0.2,4.0,,,1.0,,2.0,,,→,1.3,,,,2.4,
202107,Blackheath (Wombat Street),,6.0,1.0,,,,,1.0,,2.0,1.0,1.0,,,,6.0,5.0,1.0,,1.0,,,1.0,1.0,2.0,1.0,,,2.0,,
202107,Box Hill (McCall Gardens),1.0,7.0,,,,,,,1.0,5.0,1.0,1.0,,,,,,,,,,,,,,,,,,,
202107,Bringelly (Maryland),1.0,3.0,1.0,,,,,,,9.0,,,,,,3.0,,,,,,,,1.0,,,,,,,
202107,Camden (Brownlow Hill),,3.2,,,,,,,,4.8,,,,,,1.2,1.2,,,,,,0.8,1.4,,,,,,,
202107,Camden Airport AWS,0.2,3.6,0.2,0.2,,,,,,6.2,0.2,,0.2,,,1.6,0.6,,,,,,1.0,1.4,0.2,,,,,,
202107,Campbelltown (Kentlyn (Georges River Roa,2.0,3.0,,,,,,1.0,,7.0,4.0,,,,,4.0,1.0,,,,,,1.0,2.0,,,,,,,
202107,Campbelltown (Mount Annan),1.0,3.2,,0.2,,,,0.2,,5.8,0.6,0.2,0.2,,,2.2,0.4,,,,,0.2,1.0,1.0,,,,,,,
202107,Canterbury Racecourse AWS,0.6,3.2,,0.2,,,,,,5.4,16.4,0.8,0.2,,2.2,1.6,1.0,,,,,,0.4,0.8,,,,,,,
202107,Castle Cove (Rosebridge Ave),5.5,5.0,,,,,,,,6.5,16.5,2.0,,,1.8,,,,,,,,1.5,,,,,,,,
202107,Castle Hill (Kathleen Ave),4.0,4.2,,,,,,,,,,,,,,,,,,,,,,,,,,,,,
202107,Chatswood Bowling Club,5.0,,,,,,,,,1.0,13.0,1.0,,,2.0,,,,,,,,,,,,,,,,
202107,Collaroy (Long Reef Golf Club),4.0,2.2,,,,,,,,2.8,15.2,4.8,,,1.2,,2.0,,,,,,,,,,,,,,
202107,Colo Heights (Mountain Pines),0.8,9.0,,,,,,,7.2,3.2,0.6,0.6,,,0.5,0.8,0.8,,,,,,0.6,,,,,,0.5,,
202107,Concord (Brays Rd),1.6,3.2,,,,,,,,4.2,10.6,0.2,0.2,,1.6,0.4,0.6,,,,,,0.4,0.4,,,,,,,
202107,Concord Golf Club,1.4,3.4,,,,,,,,5.0,11.4,,0.4,,1.2,0.4,0.4,,,,,,,1.0,,,,,,,
202107,Cooranbong (Lake Macquarie AWS),0.6,2.6,,0.2,,0.2,,,5.8,1.6,11.6,,5.6,0.2,0.2,0.2,,,,,,,,,,,,,0.2,0.2,
202107,Darkes Forest (Kintyre),,3.0,,,,,,,,7.0,4.0,,,,1.0,2.0,3.0,,,,,,1.0,1.0,,,,,,,
202107,Dover Heights (Portland St),2.0,3.2,,,,,,,,9.0,31.2,3.2,,,1.4,→,1.8,,,,,,0.8,0.2,,,,,,,
202107,Erskine Park Reservoir,3.0,5.0,,,,,,,,6.0,,,,,,1.0,,,,,,,,1.0,,,,,,,
202107,Faulconbridge (Great Western Hwy),,4.0,,,,,,,1.0,2.0,,,,,,1.0,2.0,,,,,,,,1.0,,,,,,
202107,Faulconbridge (St Georges Crescent),0.3,5.8,,,,,,,1.2,2.2,,0.6,,,,3.8,2.0,0.4,,,,,,,1.0,,,,1.0,,
202107,Gears (Wyong River),4.0,1.0,,,,,,,3.0,2.0,7.0,1.0,,,,,,,,,,,,,,,,,,,
202107,Gosford AWS,0.6,1.6,,,,,,,4.4,3.2,27.4,2.0,,,0.6,0.2,4.8,,,,,,,,,,,,,,
202107,Holsworthy Aerodrome AWS,0.6,3.6,0.4,,,,,,,5.6,3.0,0.4,,,0.6,2.0,1.4,,,,,,0.6,0.8,,,,,,,
202107,Holsworthy Defence AWS,0.4,3.2,0.2,,,,,0.2,0.2,7.2,3.4,0.2,0.2,,0.6,3.4,0.6,,,,0.2,,0.4,2.0,,,,,,,
202107,Horsley Park Equestrian Centre AWS,1.0,4.4,0.2,,,,,,,5.4,0.2,,,0.2,,1.0,,,,,,,0.2,0.4,,,,,,,
202107,Katoomba (Farnells Rd),,→,5.8,,0.2,,,0.2,,4.6,1.8,0.8,,,,5.8,5.4,2.0,→,→,0.6,,→,5.0,2.8,0.2,,,2.4,,
202107,Kurrajong Heights (Bells Line of Road),4.7,10.0,,,,,,,4.4,2.6,0.4,1.2,,,,0.4,1.4,0.2,,,,,0.2,,,,,,0.6,,
202107,Lower Portland (Hawkesbury River),,,,,,,,,,,,,,,,,,,,,,,,,,,,,,,
202107,Lucas Heights (ANSTO),1.8,4.0,,,,,,,,5.6,5.4,0.9,,,,4.0,,,,,,,1.0,,,,,,,,
202107,Mangrove Mountain AWS,4.2,2.4,,,,0.2,,,5.0,5.8,6.0,0.2,,,0.2,,5.0,,,,,,,,,,,,0.6,,
202107,Marrickville Golf Club,2.0,2.0,1.0,,,,,,,5.0,15.0,1.0,1.0,,2.0,1.0,1.0,,,,,,,1.0,,,,,,,
202107,Menangle Bridge (Nepean River),1.0,3.0,,,1.0,,,,,6.0,,,,,,2.0,,,,,,,1.0,1.0,1.0,,,,,,
202107,Mona Vale Golf Club,5.0,2.8,,,,,,0.2,0.8,3.2,16.6,4.4,,,1.2,,4.4,,,,,,0.4,,,,,,,,
202107,Mount Boyce AWS,0.2,5.8,0.2,0.2,,0.2,,0.4,0.8,1.2,0.8,,0.2,,,4.8,2.8,0.8,,0.2,0.4,,0.2,1.2,2.0,0.2,,,1.6,,
202107,Mount Wilson (Clarine),0.6,7.6,,,,,,,4.0,3.0,,1.4,,,,4.0,3.8,2.8,,,,,1.4,0.4,3.8,,,,2.5,,
202107,Norah Head AWS,3.6,2.0,,,,,,,3.6,3.4,42.6,1.0,0.2,,0.2,,2.6,,,,,,0.2,,,,,,,,
202107,North Parramatta (Burnside Homes),0.5,4.0,,,,,,,,4.0,5.0,0.5,,,0.5,,0.5,,,,,,,0.5,,,,,,,
202107,North Rocks (Muirfield Golf Club),0.5,3.5,,,,,,,,5.0,4.5,3.0,,,0.5,,0.5,,,,,,,0.5,,,,,,,
202107,North Ryde Golf Club,1.0,3.0,,,,,,,,3.0,10.0,,,,1.0,,2.0,,,,,,,,,,,,,,
202107,Palm Grove (Lyrebird Lane),3.0,1.0,,,,,,,5.0,4.0,11.0,8.0,,,,,4.0,,,,,,,,,,,,,,
202107,Parramatta North (Masons Drive),0.6,4.2,,,,,,,0.2,5.2,5.0,0.6,0.6,,0.6,0.6,0.4,,,,,,0.4,0.6,,,,,,,
202107,Peakhurst Golf Club,1.0,5.0,,,,,,,1.0,4.0,10.0,1.0,2.0,,2.0,6.0,1.0,,,,,,,1.0,,,,,,,
202107,Penrith Lakes AWS,1.2,5.2,,0.2,,,,,0.6,2.0,,,,,,0.2,0.6,,,,,,,0.4,,,,,0.2,,
202107,Prospect Reservoir,1.0,5.0,1.0,,,,,,,6.0,1.0,1.0,,,,,1.0,,,,,,,1.0,,,,,,,
202107,Putty (The Gibba),,14.0,,,,,,,4.0,3.0,,,1.0,,1.0,,1.0,,,,,,,,,,,,1.0,,
202107,Randwick (Randwick St),5.0,3.4,0.2,,,,,,,8.0,20.6,0.2,,,1.8,1.0,0.4,,,,,,0.6,0.2,,,,,,,
202107,Richmond - UWS Hawkesbury,,,,,12.8,,,,,,,,,,,,,,,,,,,,,,,,,,
202107,Richmond RAAF,1.2,9.8,0.2,,,,,,3.0,2.4,0.2,3.8,,,,,0.2,,,,,,,,,,,,,,
202107,Rose Bay (Royal Sydney Golf Club),3.4,3.4,,,,,,,,7.2,24.5,1.4,0.2,,2.0,2.0,0.8,,,,0.1,,0.6,,,,,,,,
202107,Sans Souci (Public School),1.0,5.0,,,,,,,,4.0,20.0,3.0,,,2.0,3.0,1.0,,,,,,,1.0,,,,,,,
202107,Seven Hills  (Radio FM 103.2),1.5,6.5,0.5,0.5,,,,,,5.0,2.0,,0.5,,,,1.0,,,,,,,0.5,,,,,,,
202107,Shanes Park (South Creek Road),0.8,6.8,0.2,0.2,,,0.2,,2.2,3.8,,0.4,,0.2,,0.2,1.0,,,,,,0.2,0.4,,,,,,,
202107,Sydney (Observatory Hill),3.4,3.0,0.2,,,,,,,5.2,21.8,0.2,0.2,,1.8,0.2,2.0,,,,,,0.4,,,,,,,,
202107,Sydney Airport AMO,2.8,2.4,0.2,,,,,,,5.8,14.2,0.6,,,1.4,4.2,1.0,,,,,,,0.6,0.2,,,,,,
202107,Sydney Botanic Gardens,2.6,3.2,,,,,,,,5.5,23.8,0.2,,,2.0,0.2,1.3,,,,,,0.6,0.2,,,,,,,
202107,Sydney Olympic Park AWS (Archery Centre),1.0,2.6,,,,,,,,4.6,9.2,,0.4,,1.0,0.2,0.4,,,,,,,0.6,,,,,,,
202107,Terrey Hills AWS,0.6,3.8,,,,,,,0.2,5.6,13.2,7.4,,,0.8,,2.2,,,,,,0.4,,,,,,,,
202107,Wahroonga (Ada Avenue),1.8,3.2,0.2,,,,,,0.4,4.4,13.6,0.4,0.2,,0.6,0.2,0.2,,,,,,0.2,,,,,,,,
202107,Warragamba,,3.0,1.0,,,,,,,3.0,,,,,,1.0,2.0,,,,,,,2.0,,,,,,,
202107,Wedderburn (Booalbyn),1.0,3.0,,,,,,,1.0,5.0,1.0,,1.0,,,1.0,2.0,,,,,,1.0,1.0,,,,,,,
202107,Wyong (Kulnura (Jeavons)),1.0,2.0,,,,,,,5.0,3.0,4.0,2.0,,,,,,,,,,,,,,,,,,,
202107,Wyong (Mount Elliot),1.0,1.0,,,,,,,3.0,4.0,29.0,2.0,,,,,2.0,,,,,,,,,,,,,,
202107,Wyong (Olney Forest),1.0,1.0,,,,,,,4.0,3.0,6.0,,8.0,,,,,,,,,,,,,,,,1.0,,
202107,Yarramalong (Lewensbrook),5.0,2.0,,,,,,,4.0,7.0,10.0,1.0,,0.4,,,1.0,,,,,,,,,,,,,,
202107,"Most values are the precipitation in the 24 hoursto9 am on the day indicated.
Days marked with → are part of a longer accumulation, which is shown on the final day.Values over  100  mm have been rounded to the nearest whole millimetre.Days marked with - have a rainfall report of zero; 
days left blank have no rainfall report (which often indicates no rain fell).",,,,,,,,,,,,,,,,,,,,,,,,,,,,,,,
202107,Rainfalls colouredaccording to the amount,0,1.0,5.0,10.0,15.0,25.0,50.0,100,150,200,300,400,600,millimetres,,,,,,,,,,,,,,,,,
202108,Abbotsbury (Fairfield (City Farm)),,,1.0,,,,,,,,,,,,,,,,,,,,,29.0,27.0,,,,,,
202108,Abbotsford (Blackwall Point Rd),,,4.0,,,,,0.8,0.6,,,,,,,,,,,,,,,35.0,34.0,,,,,,
202108,Audley  (Royal National Park),,,1.0,,,,,5.0,1.0,,,,,,,,,,,,,,,21.0,42.0,,,,,,
202108,Avalon Beach (Avalon (Palmgrove Rd)),,,2.0,,,,,,6.0,,,,,,,,,,,,0.4,,,29.2,16.0,,,,,,
202108,Badgerys Creek AWS,,,1.4,,,,,,0.8,,,,,,,,,,,,,,,26.0,21.6,,,,,,
202108,Bankstown Airport AWS,,,1.8,0.2,,,,,0.8,0.2,,,,,,,,,,,,,,29.0,33.4,0.2,,,,,
202108,Baulkham Hills Eucalyptus Ct,,,3.5,0.5,,,,,1.0,,,,,,,,,,,,,,,30.0,27.5,,,,,,
202108,Belrose (Evelyn Place),,,3.2,,,,,1.4,,,,,,,,,,,,,0.6,,,34.6,32.6,,,,,0.2,
202108,Bilpin Post Office,→,0.2,6.8,,,,,→,6.6,,,,,,,,,,,,,,,32.0,19.0,,,,→,0.2,
202108,Blackheath (Wombat Street),,1.0,6.0,1.0,,,,,10.0,,,9.0,,,,,,,,,,,,37.0,21.0,11.0,,,,,
202108,Box Hill (McCall Gardens),,,4.0,,,,,,1.0,,,,,,,,,,,,,,,26.0,21.0,,,,,,
202108,Bringelly (Maryland),,,1.0,,,,,,,,,,,,,,,,,,,,,25.0,21.0,,,,,,
202108,Camden (Brownlow Hill),,,1.6,,,,,,0.2,,,,,,,,,,,,,,,21.0,13.4,,,,,,
202108,Camden Airport AWS,,,1.2,,,,,,,,,,,,,,,,,,,,,23.0,17.8,,,,,,
202108,Campbelltown (Kentlyn (Georges River Roa,,,1.0,,,,,,,,,,,,,,,,,,,,,25.0,37.0,,,,,,
202108,Campbelltown (Mount Annan),0.2,,1.0,0.2,,,,,,,,,,,,,,,,,,,,23.8,22.0,,,,,0.2,
202108,Canterbury Racecourse AWS,,,3.6,,,,,0.8,0.8,,,,,,,,,,,,,,,36.8,47.4,,,,,,0.2
202108,Castle Cove (Rosebridge Ave),,,5.0,,,,,6.0,3.6,,,,,,,,,,,,0.5,,,30.0,48.0,,,,,,
202108,Chatswood Bowling Club,,,,1.0,,,,,1.0,,,,,,,,,,,,,,,1.0,14.0,,,,,,
202108,Collaroy (Long Reef Golf Club),,,3.2,,,,,,3.0,,,,,,,,,,,,0.4,,,25.2,22.8,,,,,,
202108,Colo Heights (Mountain Pines),,,2.4,,,,,,4.6,0.2,,,,,,,,,,,,,,32.0,28.0,,,,,,
202108,Concord (Brays Rd),,,3.6,,,,,0.8,1.0,,,,,,,,,,,,,,,35.6,36.0,,,,,,
202108,Concord Golf Club,,,3.6,,,,,,1.4,,,,,,,,,,,,,,,35.0,,,,,,,
202108,Cooranbong (Lake Macquarie AWS),,,1.6,,,,,,1.4,,,,,,,,,,,,1.4,0.2,,37.8,22.0,,,,,0.4,
202108,Darkes Forest (Kintyre),,,2.0,,,,,2.0,1.0,,,,,,,,,,,,,,,24.0,35.0,,,,,,
202108,Dover Heights (Portland St),,,4.0,,,,,1.6,0.4,,,,,,,,,,,,0.2,,,29.2,48.8,,,,,0.2,
202108,Erskine Park Reservoir,,,2.0,,,,,,,,,,,,,,,,,,,,,28.0,20.0,,,,,,
202108,Faulconbridge (Great Western Hwy),,,3.0,,,,,,5.0,,,,,,,,,,,,,,,24.0,13.0,,,,,,
202108,Faulconbridge (St Georges Crescent),,0.2,3.2,,,,,,6.8,,,0.2,,,,,,,,,,,,25.8,14.8,0.2,,,,,
202108,Gears (Wyong River),,,,,,,,,1.0,,,,,,,,,,,,,,,1.0,,,,,,,
202108,Gosford AWS,,,0.8,,,,,,4.4,,,,,,,,,,,,0.4,,,43.6,23.0,,,,,,
202108,Holsworthy Aerodrome AWS,,,1.0,0.2,,,,,0.4,,0.2,,,,,,,,,,,,,26.6,37.4,,,,,0.2,
202108,Holsworthy Defence AWS,,,1.4,,,,,0.2,0.4,,,,,,,,,,,,,,,26.0,42.0,,,,0.2,,
202108,Horsley Park Equestrian Centre AWS,,,1.8,,,,,,0.2,,,,,,,,,,,,,,,29.2,28.8,,,,,,
202108,Katoomba (Farnells Rd),,1.6,3.2,0.6,,,,,,,,→,9.2,,,,,,,,,,→,32.4,23.0,0.4,,,,0.2,
202108,Kurrajong Heights (Bells Line of Road),,,5.2,,,,,,6.2,,,,,,,,,,,,,,,34.0,19.0,,,,,,
202108,Lower Portland (Hawkesbury River),,,,,,,,,,,,,,,,,,,,,,,,,,,,,,,
202108,Lucas Heights (ANSTO),,,1.4,,,,,1.0,1.0,,,,,,,,,,,,,,,,41.0,,,,,,
202108,Mangrove Mountain AWS,,,2.6,,,,,,6.0,,,,,,,,,,,,2.4,0.2,,35.0,48.8,,,,,0.2,
202108,Marrickville Golf Club,,,3.0,,,,,1.0,,,,,,,,,,,,,,,,32.0,43.0,,,,,1.0,
202108,Menangle Bridge (Nepean River),,,1.0,,,,,,,,,,,,,,,,,,,,,21.0,24.0,,,,,,
202108,Mona Vale Golf Club,,,2.6,,,,,1.8,5.0,0.2,,,,,0.2,,,,0.2,,0.6,,,33.8,22.2,,,,0.2,,
202108,Mount Boyce AWS,,0.8,5.4,0.4,,,0.2,,9.2,,0.2,5.8,,0.2,,0.2,,,,,,,,31.0,13.2,5.6,,,,,0.2
202108,Mount Wilson (Clarine),,1.0,5.8,0.6,,,,,12.6,,,2.6,,,,,,,,,,,,24.6,24.0,,,,,,
202108,Norah Head AWS,,,1.4,,,,,1.4,3.6,,,,,,,,,,,,0.8,,,40.4,18.4,,,,,,
202108,North Parramatta (Burnside Homes),,,3.0,,,,,,0.5,,,,,,,,,,,,,,,33.0,28.0,,,,,,
202108,North Rocks (Muirfield Golf Club),,,3.5,,,,,0.5,0.5,,,,,,,,,,,,,,,28.5,24.5,,,,,,
202108,North Ryde Golf Club,,,3.0,,,,,,1.0,,,,,,,,,,,,,,,35.0,30.0,,,,,,
202108,Palm Grove (Lyrebird Lane),,,2.0,,,,,,5.0,,,,,,,,,,,,1.0,,,29.0,39.0,,,,,,
202108,Parramatta North (Masons Drive),,,4.0,,,,,0.4,1.0,,,,,,,,,,,,,,,34.0,37.0,,,,,0.4,
202108,Peakhurst Golf Club,,,1.0,,,,,2.0,1.0,,,,,,,,,,,,,,,29.0,49.0,,,,,,
202108,Penrith Lakes AWS,,,3.2,,,,,,0.4,0.2,,,,,,,,,,,,,,24.2,17.4,,0.2,,,,
202108,Prospect Reservoir,,,3.0,,,,,,,,,,,,,,,,,,,,,35.0,23.0,,,,,,
202108,Putty (The Gibba),,,4.0,,,,,,2.0,,,,,,,,,,,,,,,34.0,24.0,,,,,,
202108,Randwick (Randwick St),,,3.6,,,,,1.2,2.2,,,,,,,,,,,,0.2,,,36.6,54.2,,,,,0.2,
202108,Richmond RAAF,,,4.2,,,,,,0.4,,,,,,,,,,,,,,,27.2,19.6,,,,,,
202108,Rose Bay (Royal Sydney Golf Club),,,3.6,,,,,1.8,,,,,,,,,,,,,0.2,,,33.0,45.8,0.1,,,,0.2,
202108,Sans Souci (Public School),,,1.0,,,,,3.0,,,,,,,,,,,,,,,,22.0,56.0,,,,,,
202108,Seven Hills  (Radio FM 103.2),,,3.0,,,,,,,,,,,,,,,,,,,,,31.0,25.5,,,,,,
202108,Shanes Park (South Creek Road),,,4.0,,,,,,1.4,,0.2,,,,,,,,,,,,,31.2,23.0,,,0.2,,,
202108,Sydney (Observatory Hill),,,3.4,,,,,0.8,4.6,,0.2,,,,,,,,,,,,,32.6,39.8,,,,,,
202108,Sydney Airport AMO,,,2.8,,,,,1.6,1.0,0.2,,,,,,,,,,,,0.2,,27.0,52.6,,,,,,
202108,Sydney Botanic Gardens,,,4.0,,,,,1.0,4.8,,,,,,,,,,,,,,,32.4,45.5,0.1,,,,,
202108,Sydney Olympic Park AWS (Archery Centre),,,3.2,,,,,,0.6,,,,,,,,,,,,,,,35.0,29.8,,,,,,
202108,Terrey Hills AWS,,,3.0,,,,,1.4,1.4,,,,,,,,,,,,0.4,,,31.0,30.0,,,,,,
202108,Wahroonga (Ada Avenue),,,4.8,,,,,0.4,2.2,,,0.2,,,,,,,,,0.6,,,40.0,35.0,,,,,0.4,
202108,Warragamba,,,1.0,1.0,,,,,1.0,,,,,,,,,,,,,,,26.0,15.0,,,,,,
202108,Wedderburn (Booalbyn),,,2.0,,,,,,,,,,,,,,,,,,,,,23.0,25.0,,,,,,
202108,Wyong (Kulnura (Jeavons)),,,2.0,,,,,,4.0,,,,,,,,,,,,4.0,,,37.0,40.0,,,,,,
202108,Wyong (Mount Elliot),,,1.0,,,,,1.0,11.0,,,,,,,,,,,,,,,46.0,18.0,,,,,,
202108,Wyong (Olney Forest),,,3.0,,,,,,5.0,,,,,,,,,,,,3.0,,,33.0,31.0,,,,,,
202108,Yarramalong (Lewensbrook),,0.6,2.0,,,,,,3.4,,,,,,,,,,,,4.0,,,37.0,34.0,,,,,,
202108,"Most values are the precipitation in the 24 hoursto9 am on the day indicated.
Days marked with → are part of a longer accumulation, which is shown on the final day.Values over  100  mm have been rounded to the nearest whole millimetre.Days marked with - have a rainfall report of zero; 
days left blank have no rainfall report (which often indicates no rain fell).",,,,,,,,,,,,,,,,,,,,,,,,,,,,,,,
202108,Rainfalls colouredaccording to the amount,0,1.0,5.0,10.0,15.0,25.0,50.0,100,150,200,300,400,600,millimetres,,,,,,,,,,,,,,,,,
202109,Abbotsbury (Fairfield (City Farm)),,,,,9.0,,,,,,,,,6.0,,,,,,,,,,,,,,,,1.0,
202109,Abbotsford (Blackwall Point Rd),,,,,11.0,1.0,,,,,,,,24.0,2.0,,,,0.8,,,,,,,1.0,0.4,,,5.5,
202109,Audley  (Royal National Park),,,,,13.0,1.0,,,,,,,,5.0,4.0,,,1.0,,,,,,,,2.0,,,,3.0,
202109,Avalon Beach (Avalon (Palmgrove Rd)),,,,,9.0,1.0,,,,,,,,31.4,,1.6,,,,,,1.2,,,,11.8,2.0,,,3.6,
202109,Badgerys Creek AWS,,,,,9.6,0.2,,,,,,,,4.8,,,,,,,,,,,,0.2,,,,3.4,
202109,Bankstown Airport AWS,,,,,10.2,,,,,,,,,7.0,0.2,,,,,,,,,,,0.2,0.2,,,3.0,
202109,Baulkham Hills Eucalyptus Ct,,,,,12.0,,,,,,,,,15.5,,,,,,,,,,,,,,,1.5,4.0,
202109,Belrose (Evelyn Place),,,,,9.6,1.0,,,,,,,,14.0,1.0,0.2,,0.2,2.8,,0.4,0.4,,,,2.2,8.6,,,,
202109,Bilpin Post Office,,,,,,1.4,,,,,,,,3.0,0.4,,,,,3.6,,,,,,,5.4,,0.2,7.4,
202109,Blackheath (Wombat Street),,,,,8.0,,,,,,,,,2.0,,,,,5.0,,1.0,,,,,3.0,,,1.0,14.0,
202109,Box Hill (McCall Gardens),,,,,9.0,,,,,,,,,9.0,,,,,,,,,,,,1.0,,,,5.0,
202109,Bringelly (Maryland),,,,,9.0,,,,,,,,,10.0,,,,,,,,,,,,1.0,,,,5.0,
202109,Camden (Brownlow Hill),,,,,8.0,,,,,,,,,4.2,,,,,0.2,,,,,,,4.0,,,0.6,7.0,
202109,Camden Airport AWS,,,,,10.0,,,,,,,,,4.4,,,,,,,,,,,,3.2,0.8,,0.6,4.0,
202109,Campbelltown (Kentlyn (Georges River Roa,,,,,16.0,,1.0,,,,,,,8.0,,,,1.0,,,,,,,,2.0,1.0,,,4.0,
202109,Campbelltown (Mount Annan),,,,,12.2,,,,,0.2,,,,2.8,,0.2,,,0.2,,,,,,,2.6,0.4,,0.6,5.2,
202109,Canterbury Racecourse AWS,,,,,14.8,0.8,,,,,,,,30.4,2.0,0.2,,,1.2,,,,,,,3.8,,,,3.8,
202109,Castle Cove (Rosebridge Ave),,,,,12.5,,,,,,,,,22.0,2.0,,,,5.0,,,1.0,,,,3.0,6.5,,,3.0,
202109,Centennial Park,,,,,14.0,1.0,,,,,,,,15.0,4.2,1.2,,,3.0,,,,,,,2.6,0.4,,,3.2,
202109,Chatswood Bowling Club,,,,,1.0,,,,,,,,,,,,,,5.0,,,,,,,,,,,2.0,
202109,Collaroy (Long Reef Golf Club),,,,,10.0,1.6,,,,,,,,20.8,3.2,1.6,,,,,,0.6,,,,1.8,8.4,,,3.4,
202109,Colo Heights (Mountain Pines),,,,,3.4,,,,,,,,,2.0,,,,,,,,,,,,4.4,,,,4.8,
202109,Concord (Brays Rd),,,,,11.2,0.4,,,,,,,,22.6,0.4,,,,0.2,,,,,,,0.6,0.4,,,4.6,
202109,Concord Golf Club,,,,,11.6,,,,,,,,,19.4,0.8,,,,,,,,,,→,0.4,,,,,
202109,Cooranbong (Lake Macquarie AWS),,,,,2.4,,,,,,,,,10.0,6.2,,0.6,,,,,,,,,8.4,2.0,,,3.0,
202109,Darkes Forest (Kintyre),,,,,18.0,,,,,,,,,12.0,1.0,,,,1.0,,,,,,,2.0,1.0,,,3.0,
202109,Dover Heights (Portland St),,,,,13.4,,,,,,,,,12.6,6.4,9.0,,,3.6,,,3.0,,,,1.6,1.0,,,3.4,
202109,Erskine Park Reservoir,,,,,9.0,,,,,,,,,4.0,,,,,,,,,,,,,,,,3.0,
202109,Faulconbridge (Great Western Hwy),,,,,2.0,,,,,,,,,2.0,1.0,,,,,,,,,,,,,,,7.0,
202109,Faulconbridge (St Georges Crescent),,,0.4,,3.8,0.2,,,,,,,,4.2,0.8,,,,1.0,,,,,,0.4,0.2,,,,7.8,
202109,Gears (Wyong River),,,,,2.0,,,,,,,,,2.0,,,,,,,,,,,,,2.0,,,4.0,
202109,Gosford AWS,,,,,5.0,,,,,,,,,16.2,1.4,0.4,1.0,0.2,,,,,,,,8.0,10.6,,,3.4,
202109,Holsworthy Aerodrome AWS,,,,,13.6,,,0.2,,,,,,7.0,0.2,,,0.2,0.2,,,,,,,0.2,0.8,,,1.8,
202109,Holsworthy Defence AWS,,,,,20.0,0.2,,,,,,,,9.4,,,,1.0,0.4,,,,,,,2.8,0.4,,,2.8,
202109,Horsley Park Equestrian Centre AWS,,,,,10.8,,,,,,,,,6.4,,,,,,,,,,,,0.2,,,,2.0,
202109,Katoomba (Farnells Rd),,,,,7.6,,,,,,,,,4.8,0.4,,,,3.2,,0.4,,,,,5.2,0.8,,0.6,18.0,
202109,Kurrajong Heights (Bells Line of Road),,,,,1.8,,,,,,,,,2.2,,,,,1.0,,,,,,,2.6,0.4,,,3.2,
202109,Lower Portland (Hawkesbury River),,,,,,,,,,,,,,,,,,,,,,,,,,,,,,,
202109,Lucas Heights (ANSTO),,,,,,1.0,,,,,,,,6.0,,,,0.4,,,,,,,,1.6,0.6,,0.6,2.2,
202109,Mangrove Mountain AWS,,,,,5.8,,,,,,,,,7.8,1.0,0.2,,,,,,,,,,4.4,7.4,,,6.2,
202109,Marrickville Golf Club,,,,,12.0,1.0,,,,,,,,27.0,3.0,,,,1.0,,,,,,,5.0,,,,3.0,
202109,Menangle Bridge (Nepean River),,,,,11.0,,,,,,,,,6.0,,,,,,,,,,,,2.0,,,,5.0,
202109,Mona Vale Golf Club,,0.4,,,13.2,,,,,,0.2,,,41.2,0.8,0.2,2.8,0.2,,,,0.8,0.2,,,5.6,7.2,,0.2,5.0,
202109,Mount Boyce AWS,,,,0.2,5.8,0.2,,,,,,,,1.4,0.4,,0.2,,3.8,,,0.2,,,,3.2,0.2,0.2,0.6,14.4,
202109,Mount Wilson (Clarine),,,,,5.0,,,,,,,,,1.8,,,,,5.0,,,,,,3.1,,0.6,,,10.0,
202109,Norah Head AWS,,,,,7.2,,,,,0.2,,,,16.4,24.2,2.4,,,0.4,,,5.4,,,0.2,9.4,1.2,,,3.2,
202109,North Parramatta (Burnside Homes),,,,,12.5,,,,,,,,,15.0,,,,,,,,,,,,,0.5,,0.5,4.5,
202109,North Rocks (Muirfield Golf Club),,,,,11.5,,,,,,,,,,,,,,,,,,,,,,,,1.0,4.0,
202109,North Ryde Golf Club,,,,,9.0,1.0,,,,,,,,15.0,,,,,3.0,,,,,,,1.0,,,,4.0,
202109,Palm Grove (Lyrebird Lane),,,,,2.0,,,,,,,,,6.0,1.0,,1.0,,,,,,,,,3.0,8.0,,,5.0,
202109,Parramatta North (Masons Drive),,,,,12.4,0.2,,,,,,,,16.0,0.2,,,,,,,,,,,0.4,0.4,,1.6,4.0,
202109,Peakhurst Golf Club,,,,,12.0,,,,,,,,,,,,,,,,,,,,,,,,,3.0,
202109,Penrith Lakes AWS,0.2,,,,4.4,,,0.2,,,,,,2.4,,0.2,,,,,,,,,,,,,,4.6,
202109,Prospect Reservoir,,,,,11.0,,,,,,,,,7.0,,,,,,,,,,,,,,,3.0,3.0,
202109,Putty (The Gibba),,,,,3.0,,,,,,,,,2.0,,,,,,,,,,,,,1.0,,,6.0,
202109,Randwick (Randwick St),,,,,13.8,0.8,,,,,,,,15.2,5.8,3.8,0.1,,3.6,,,2.4,,,,1.4,0.4,,,3.6,
202109,Richmond RAAF,,,,,4.2,,,,,,,,,5.4,,,,,,,,,,,,2.2,,,,1.8,
202109,Rose Bay (Royal Sydney Golf Club),,,,,13.7,1.4,,,,,,,,10.0,6.0,6.8,0.1,,6.0,,,3.2,,,,3.0,0.4,,,3.2,
202109,Sans Souci (Public School),,,,,10.0,1.0,,,,,,,,13.0,2.0,,,,,,,1.0,,,,,2.0,,,2.0,
202109,Seven Hills  (Radio FM 103.2),,,,,11.5,,,,,,,,,,,,,,,,,,,,,0.5,,,1.0,2.5,
202109,Shanes Park (South Creek Road),,,,,10.2,,,,,,,,,3.8,,,,,,,,,,,,1.8,,,,4.4,
202109,Sydney (Observatory Hill),,,,,11.6,0.8,0.2,,,,,,,18.4,4.8,0.4,0.2,,2.4,,,3.2,,,,3.0,0.4,,,2.4,
202109,Sydney Airport AMO,,,,,10.2,1.0,,,,,,,,20.8,4.2,,,,2.4,,,3.0,,,,,0.4,0.2,,2.8,
202109,Sydney Botanic Gardens,,,,,12.2,1.6,,,,,,,,18.6,5.0,0.2,,,3.0,,4.0,,,,,2.8,0.6,,,2.8,
202109,Sydney Olympic Park AWS (Archery Centre),,,,,10.4,0.2,,,,,,,,16.6,,0.2,,,,,,,,,,,,0.2,,4.2,
202109,Terrey Hills AWS,,,,,9.6,1.0,,,,,,,,17.8,1.0,,0.2,0.2,,,,,,,,5.4,17.4,,,2.8,
202109,Wahroonga (Ada Avenue),,,,,12.8,,,,,,,,,,,,,0.2,1.4,,,,,,,1.6,3.8,,,4.2,
202109,Warragamba,,,,,5.0,,,,,,,,,3.0,,,,,,,,,,,,,,,,7.0,
202109,Wedderburn (Booalbyn),,,,,15.0,,,,,,,,,4.0,,,,,,,,,,,,2.0,,,,6.0,
202109,Wyong (Kulnura (Jeavons)),,,,,3.0,,,,,,,,,2.0,1.0,,,,1.0,,,,,,,7.0,3.0,,,4.0,
202109,Wyong (Mount Elliot),,,,,4.0,,,,,,,,,10.0,5.0,,1.0,1.0,,,,,,,,4.0,7.0,,,3.0,
202109,Wyong (Olney Forest),,,,,4.0,,,,,,,,,2.0,2.0,,,,1.0,,,,,,,6.0,2.0,,,5.0,
202109,Yarramalong (Lewensbrook),,,,,4.0,,,,,,,,,4.0,2.0,,,,0.2,,,,,,,4.5,2.5,,,5.4,
202109,"Most values are the precipitation in the 24 hoursto9 am on the day indicated.
Days marked with → are part of a longer accumulation, which is shown on the final day.Values over  100  mm have been rounded to the nearest whole millimetre.Days marked with - have a rainfall report of zero; 
days left blank have no rainfall report (which often indicates no rain fell).",,,,,,,,,,,,,,,,,,,,,,,,,,,,,,,
202109,Rainfalls colouredaccording to the amount,0,1.0,5.0,10.0,15.0,25.0,50.0,100,150,200,300,400,600,millimetres,,,,,,,,,,,,,,,,,
202110,Abbotsbury (Fairfield (City Farm)),,7.0,3.0,,,,,,,,12.0,1.0,4.0,5.0,7.0,1.0,,,,,,,,1.0,2.0,,,,,,
202110,Abbotsford (Blackwall Point Rd),6.0,13.0,12.0,0.2,,,,,,,14.0,1.4,4.0,4.0,8.0,0.2,,,,,,,,6.0,3.0,,,,,,
202110,Audley  (Royal National Park),1.0,5.0,4.0,,,,,,,,3.0,2.0,4.0,15.0,4.0,1.0,,,,,,,,16.0,,,,,,,
202110,Avalon Beach (Avalon (Palmgrove Rd)),,,,,,,,,,,11.0,3.4,11.0,,7.8,2.4,,,,1.2,,,,,,,,,,,
202110,Badgerys Creek AWS,0.6,10.6,14.2,,,,,0.6,,,9.0,,4.4,12.2,14.6,1.0,,,,1.0,1.2,,,10.0,2.8,0.2,,,,,
202110,Bankstown Airport AWS,2.0,5.2,10.8,,,,,,,,12.2,0.8,1.8,6.4,4.4,0.4,0.2,,,0.8,,,,2.4,3.2,,,,,,
202110,Baulkham Hills Eucalyptus Ct,5.0,10.0,7.0,,,,,,,,17.5,2.5,6.0,3.0,5.0,1.5,,,,2.0,,,,,,,1.5,,,,
202110,Belrose (Evelyn Place),3.6,,9.0,,,,,,,,11.0,4.2,11.4,13.2,10.8,1.0,,,,,,,,1.6,,,,,,,
202110,Bilpin Post Office,0.2,,,0.4,,,,,,,8.8,7.8,16.8,9.4,6.8,1.4,,,,0.4,0.4,,,,1.4,,,,,,
202110,Blackheath (Wombat Street),8.0,13.0,1.0,,,,,,,,9.0,11.0,17.0,7.0,1.0,2.0,,,,2.0,,,,9.0,,,,,,,
202110,Box Hill (McCall Gardens),3.0,,2.0,,,,,,,,7.0,2.0,9.0,5.0,3.0,2.0,,,,,,,,,,,,,,,
202110,Bringelly (Maryland),,6.0,3.0,,,,,,,,5.0,1.0,4.0,8.0,2.0,,,,,2.0,1.0,,,23.0,,,,,,,
202110,Camden (Brownlow Hill),3.8,26.2,3.0,,,,,,,,15.4,0.6,6.6,10.0,1.2,3.8,,,,0.6,15.0,,,12.6,,,,,,,
202110,Camden Airport AWS,3.0,22.8,4.8,0.2,,,,,,,13.6,0.6,7.4,12.4,0.4,1.0,,,0.2,2.0,11.6,,,18.8,,,,,,,
202110,Campbelltown (Kentlyn (Georges River Roa,1.0,37.0,2.0,,,,,,,,4.0,1.0,2.0,14.0,6.0,2.0,,,,2.0,1.0,,,23.0,,,,,,,
202110,Campbelltown (Mount Annan),1.0,31.0,3.2,,,,,,,,8.8,1.6,4.6,10.6,0.6,0.8,,,,1.0,10.8,,,30.2,,,,,,,
202110,Canterbury Racecourse AWS,3.0,6.8,11.0,,,,,,,,11.0,4.4,4.6,6.0,33.4,,,,,,,,,0.4,0.4,,,,,,
202110,Castle Cove (Rosebridge Ave),,,17.0,,,,,,,,12.0,7.5,13.0,10.5,8.0,0.2,,,,,,,,,,,,,,,
202110,Chatswood Bowling Club,,,7.0,,,,,,,,13.0,1.0,,,9.0,,,,,,,,,1.0,,,,,,,
202110,Collaroy (Long Reef Golf Club),,,7.0,,,,,,,,5.6,2.2,4.4,10.8,,0.4,,,,,,,,,,,,,,,
202110,Colo Heights (Mountain Pines),0.4,,0.6,,,,,,,,8.4,10.6,15.0,3.0,1.6,,,,,0.4,,,,1.6,,,,,,,
202110,Concord (Brays Rd),3.4,18.6,10.2,,,,,,,,11.8,1.2,4.2,1.0,9.2,0.2,,,,,,,,2.8,2.4,,,,,,
202110,Concord Golf Club,3.2,17.6,12.0,,,,,,,,13.4,3.8,3.4,6.8,10.8,0.2,,,,,,,,1.4,4.8,,,,,,
202110,Cooranbong (Lake Macquarie AWS),0.2,19.6,,,,,,,,,8.0,3.6,28.2,3.2,0.6,1.6,,,,0.2,0.2,,,4.2,,,,,,,0.4
202110,Darkes Forest (Kintyre),3.0,15.0,8.0,,,,,,,,9.0,3.0,9.0,13.0,,,,,1.0,2.0,7.0,7.0,,15.0,,,,,,,
202110,Dover Heights (Portland St),3.6,,5.2,,,,,,,,10.0,4.4,3.0,7.4,7.2,,,,,,,2.2,,2.2,2.2,,,,,,
202110,Erskine Park Reservoir,1.0,9.0,,,,,,,,,10.0,2.0,5.0,10.0,14.0,1.0,,,,,,,,1.0,,,,,,,
202110,Faulconbridge (Great Western Hwy),,,,,,,,,,,11.0,6.0,12.0,11.0,9.0,3.0,,,,,,,,2.0,,,,,,,
202110,Faulconbridge (St Georges Crescent),0.4,,1.0,,,,,,,,11.2,5.6,12.0,13.8,4.2,2.0,,,,1.2,0.4,,,4.0,,,,,,,
202110,Gears (Wyong River),,,,,,,,,,,5.0,4.0,22.0,1.0,,,,,,,,,,,,,,,,,
202110,Gosford AWS,,0.4,3.4,,,,,,,,7.0,4.8,22.2,2.8,13.0,1.2,,,,0.8,,,,,,,,,,,
202110,Holsworthy Aerodrome AWS,0.6,22.2,2.8,,,,,,,,3.4,0.2,1.4,7.6,1.6,0.6,,,,0.8,0.4,,,14.0,,,,,,,
202110,Holsworthy Defence AWS,1.0,47.2,3.4,,,,,,,,4.4,2.0,4.2,21.2,7.2,1.0,,,,2.2,4.6,0.2,,37.2,,,,,,,
202110,Horsley Park Equestrian Centre AWS,0.2,13.8,4.0,,,,,,,,11.8,0.8,3.4,11.4,5.4,0.4,,,,0.2,,0.2,,1.6,0.4,,,,,,
202110,Katoomba (Farnells Rd),8.8,4.4,4.4,,,,,,,,9.8,14.2,14.8,6.4,3.2,4.6,,,,4.0,2.0,,→,16.0,,,,,,,
202110,Kurrajong Heights (Bells Line of Road),1.0,0.2,,,,,,,,,13.6,8.0,11.8,8.4,10.4,0.5,,,,0.2,,,,0.6,,,,,,,
202110,Lower Portland (Hawkesbury River),,,,,,,,,,,,,,,,,,,,,,,,,,,,,,,
202110,Lucas Heights (ANSTO),,22.0,4.7,,,,,,,,2.2,,2.8,,3.6,2.0,,,,1.5,,,,22.6,,,,,,,
202110,Mangrove Mountain AWS,,3.8,3.6,,,,,,,,9.2,8.6,23.4,2.6,3.2,0.8,,,,1.2,,,,,,,,,,,
202110,Marrickville Golf Club,1.0,12.0,6.0,,,,,,,,8.0,1.0,3.0,4.0,24.0,,,,,,,,,,2.0,,,,,,
202110,Menangle Bridge (Nepean River),4.0,15.0,2.0,,,,,,,,10.0,2.0,9.0,13.0,,,,,,1.0,7.0,,,12.0,,,,,,,
202110,Mona Vale Golf Club,,,8.6,,,,,,,,10.4,4.0,12.0,13.4,12.2,1.8,,,,,0.2,0.2,0.2,0.6,,,,0.2,,,
202110,Mount Boyce AWS,7.4,9.0,0.4,,,,,,,,7.4,11.4,14.4,4.6,2.0,1.8,,,,0.8,0.6,0.2,,8.6,,,,,,,
202110,Mount Wilson (Clarine),3.6,,,,,,,,,,8.0,12.6,16.8,15.0,8.8,3.0,,,,,,,16.4,,,,,,,,
202110,Norah Head AWS,0.2,4.2,1.0,,,,,,,,18.2,7.2,18.6,0.4,4.8,0.8,0.2,,,0.8,,4.4,0.2,1.0,,,,,,,2.4
202110,North Parramatta (Burnside Homes),3.0,11.0,4.0,,,,,,,,19.0,4.0,5.5,5.5,8.0,,,,,0.5,,,,0.5,0.5,,,,,,
202110,North Rocks (Muirfield Golf Club),3.0,11.5,5.5,,,,,,,,12.5,3.0,5.5,2.5,5.0,1.0,,,,1.0,,,,1.5,,1.5,,,,,
202110,North Ryde Golf Club,3.0,3.0,8.0,,,,,,,,15.0,2.0,5.0,7.0,7.0,1.0,,,,,,,,3.0,,,,,,,
202110,Palm Grove (Lyrebird Lane),,14.0,2.0,,,,,,,,6.0,5.0,26.0,1.0,1.0,1.0,,,,1.0,,,,,,,,,,,
202110,Parramatta North (Masons Drive),3.2,12.0,3.0,,,,,,,,19.0,4.2,6.0,5.4,8.2,,,,,1.0,0.2,,,1.2,0.8,,,,,,
202110,Peakhurst Golf Club,5.0,10.0,3.0,,1.0,,,,,,5.0,2.0,5.0,9.0,11.0,,,,,,,,,3.0,,,,,,,
202110,Penrith Lakes AWS,0.8,3.4,3.2,,0.2,,,,,,12.4,1.4,11.4,8.2,25.0,0.6,,,,0.2,0.2,,,0.4,,,,,,,
202110,Prospect Reservoir,,13.0,3.0,,,,,,,,12.0,2.0,5.0,7.0,25.0,1.0,,,,,,,,1.0,1.0,,,,,,
202110,Putty (The Gibba),1.0,,1.0,,,,,,,,3.0,5.0,17.0,3.0,4.0,,,,,,,,,,,,,,,,
202110,Randwick (Randwick St),0.8,3.2,5.2,,,,,,,,10.8,5.8,3.4,8.6,12.6,1.4,,,,,,6.6,,2.8,1.2,,,,,,
202110,Richmond - UWS Hawkesbury,1.8,,,,,,,,,,11.2,,12.0,20.6,,,,,,,,,,,,,,,,,
202110,Richmond RAAF,0.6,7.8,0.2,0.2,,,,,,,9.4,1.8,6.2,3.6,2.6,,0.2,,,,,,,,,,,,,,
202110,Rose Bay (Royal Sydney Golf Club),0.8,,6.0,,,,,,,,11.8,4.6,9.0,2.4,5.2,0.4,,,,,,2.2,,2.0,2.0,,,,,,
202110,Sans Souci (Public School),,3.0,3.0,,,,,,,,4.0,1.0,2.0,3.0,14.0,,,,,,,,,2.0,,,,,,,
202110,Seven Hills  (Radio FM 103.2),1.0,11.0,1.5,,,,,,,,14.0,1.0,4.5,6.5,15.5,0.5,,,,,,,,0.5,0.5,,,,,,
202110,Shanes Park (South Creek Road),1.4,11.6,,0.4,,,,,,,4.0,2.4,0.8,0.4,23.8,1.2,,,,,,,,1.0,,,,,,,
202110,Sydney (Observatory Hill),,3.2,7.0,,,,,,,,14.4,2.0,3.2,8.2,10.0,0.8,,,,,,,,3.6,2.2,,,,,,
202110,Sydney Airport AMO,0.2,22.8,2.4,,,,,,,,8.6,1.6,1.0,4.2,25.2,0.2,,,,0.2,,,0.2,,0.2,,,,,,0.2
202110,Sydney Botanic Gardens,0.2,2.2,9.8,,,,,,,,13.2,3.0,3.4,9.2,11.4,1.2,,,,,,,,5.2,2.0,,,,,,
202110,Sydney Olympic Park AWS (Archery Centre),3.2,8.6,11.8,,,,,,,,11.6,5.8,6.8,7.2,16.8,0.2,,,,,,,,0.4,1.4,,,,,,
202110,Terrey Hills AWS,,,5.2,,,,,,,,12.0,4.4,14.2,14.0,4.8,0.4,,,,,,,,1.2,,,,,,,
202110,Wahroonga (Ada Avenue),0.8,,2.6,,,,,,,,11.4,3.0,8.8,6.0,11.4,0.2,,,,,,,,0.8,,,,,,,
202110,Warragamba,,22.0,5.0,,,,,,,,10.0,1.0,7.0,11.0,3.0,,,,,1.0,3.0,,,10.0,4.0,,,,,,
202110,Wedderburn (Booalbyn),5.0,16.0,2.0,,,,,,,,10.0,1.0,3.0,10.0,1.0,,,,1.0,2.0,3.0,,,11.0,,,,,,,
202110,Wyong (Kulnura (Jeavons)),,2.0,,,,,,,,,2.0,,,,1.0,,,,,,,,,,,,,,,,
202110,Wyong (Mount Elliot),,1.0,1.0,,,,,,,,10.0,10.0,31.0,4.0,2.0,1.0,,,,1.0,,,,,,,,,,,
202110,Wyong (Olney Forest),,4.0,,,,,,,,,6.0,7.0,28.0,1.0,5.0,2.0,,,,,,,,4.0,,,,,,,1.0
202110,Yarramalong (Lewensbrook),,0.2,1.0,,,,,,,,9.0,7.0,26.0,2.0,1.0,,,,,1.0,,,,2.0,,,,,,,
202110,"Most values are the precipitation in the 24 hoursto9 am on the day indicated.
Days marked with → are part of a longer accumulation, which is shown on the final day.Values over  100  mm have been rounded to the nearest whole millimetre.Days marked with - have a rainfall report of zero; 
days left blank have no rainfall report (which often indicates no rain fell).",,,,,,,,,,,,,,,,,,,,,,,,,,,,,,,
202110,Rainfalls colouredaccording to the amount,0,1.0,5.0,10.0,15.0,25.0,50.0,100,150,200,300,400,600,millimetres,,,,,,,,,,,,,,,,,
202111,Abbotsbury (Fairfield (City Farm)),,,,,35.0,,,16.0,,,10.0,22.0,,,,,,,,,13.0,19.0,,1.0,3.0,38.0,18.0,1.0,,,
202111,Abbotsford (Blackwall Point Rd),,,,,14.0,,1.0,15.0,0.4,,22.0,23.0,,0.6,0.6,,,,1.0,,10.4,23.0,2.0,4.4,7.4,31.0,12.0,2.0,,,
202111,Audley  (Royal National Park),,,,,20.0,5.0,,7.0,,1.0,13.0,25.0,,,2.0,,,,,,14.0,9.0,1.0,,8.0,44.0,8.0,,,,
202111,Avalon Beach (Avalon (Palmgrove Rd)),,,,,7.8,,,19.0,,,,22.0,,,,,,,,,,33.0,7.0,,→,32.0,20.0,,,,
202111,Badgerys Creek AWS,,,,,41.0,4.8,0.2,0.4,3.2,0.6,0.2,,,,,,,,0.4,,11.4,10.4,1.2,0.2,28.4,27.4,14.2,0.8,0.2,,
202111,Bankstown Airport AWS,,,,,17.6,0.2,0.4,14.8,0.6,,13.0,24.8,0.2,,,,,,,,14.4,14.8,1.8,,4.2,29.4,14.6,0.4,,,
202111,Baulkham Hills Eucalyptus Ct,,,,,15.5,,1.0,14.5,,,16.0,22.0,,,,,,,,,10.5,21.0,4.0,0.5,5.5,38.5,22.0,2.5,,,
202111,Belrose (Evelyn Place),,0.2,,,16.4,,,11.8,2.0,,36.0,14.0,2.2,0.8,1.2,,,,1.2,,10.2,15.6,2.8,1.4,8.6,13.6,15.4,2.0,,,
202111,Bilpin Post Office,,,,5.4,24.0,4.6,,43.0,6.2,4.0,17.0,40.0,4.0,,30.0,,,,,,,,56.0,,6.0,35.6,22.2,,5.4,0.2,
202111,Blackheath (Wombat Street),,,,7.0,35.0,13.0,7.0,55.0,1.0,,27.0,52.0,4.0,,4.0,,,,,,2.0,12.0,6.0,2.0,7.0,39.0,21.0,5.0,2.0,,
202111,Box Hill (McCall Gardens),,,,,12.0,1.0,1.0,25.0,2.0,,29.0,21.0,,,,,,,,,9.0,19.0,1.0,2.0,8.0,21.0,18.0,1.0,,,
202111,Bringelly (Maryland),,,,,32.0,,1.0,13.0,,,18.0,31.0,,,,,,,,,13.0,7.0,1.0,,42.0,20.0,16.0,,,,
202111,Camden (Brownlow Hill),,,,,27.0,2.6,1.8,19.2,5.2,,,31.8,0.8,,0.8,,,,,,12.2,6.0,1.2,0.8,17.6,15.4,11.8,0.4,,,
202111,Camden Airport AWS,,,,,31.0,0.2,1.6,18.2,4.0,,17.0,32.0,1.6,,1.0,,,,,,12.4,6.6,1.0,1.0,32.4,17.8,15.4,0.4,,,
202111,Campbelltown (Kentlyn (Georges River Roa,,,,,30.0,,,9.0,,1.0,13.0,28.0,1.0,1.0,,,,,,,15.0,5.0,1.0,,20.0,18.0,11.0,1.0,,,
202111,Campbelltown (Mount Annan),,,,0.6,38.4,0.2,0.2,16.4,1.0,1.6,15.2,28.4,3.6,0.6,1.4,0.4,,,,,13.0,5.2,1.2,1.2,26.0,17.0,13.6,0.4,,,
202111,Canterbury Racecourse AWS,,,,,,,,,,,12.4,19.8,0.2,,0.2,,,,,,12.8,15.2,2.8,0.4,4.0,43.8,14.0,1.0,,,
202111,Castle Cove (Rosebridge Ave),,,,,16.0,,,12.5,3.0,,25.0,22.0,2.5,1.0,3.5,,,,2.0,,12.0,15.0,5.0,2.9,8.0,31.0,20.0,8.0,,,
202111,Chatswood Bowling Club,,,,,11.0,,,12.0,1.0,,24.0,1.0,,,1.0,,,,,1.0,12.0,6.0,5.0,1.0,7.0,28.0,22.0,3.0,,,
202111,Collaroy (Long Reef Golf Club),,,,,11.2,,,7.6,1.2,,24.8,10.2,,1.0,1.8,,,,,,9.4,12.6,2.4,2.6,10.6,15.8,5.6,4.8,,,
202111,Colo Heights (Mountain Pines),,,,,15.6,8.8,1.8,34.2,1.8,,26.2,30.0,,,2.0,,,,,,12.0,26.0,3.0,2.0,30.5,25.2,25.0,1.8,,,
202111,Concord (Brays Rd),,,,,14.8,0.6,,12.2,0.2,,17.4,20.2,,0.2,0.8,,,,,,11.2,18.4,1.6,4.0,5.0,36.8,15.4,2.0,,,
202111,Concord Golf Club,,,,,13.6,,,15.0,0.4,,16.4,21.8,,0.4,1.4,,,,,,13.4,18.8,2.0,3.4,,,,,,,
202111,Cooranbong (Avondale),,,,,,,,,,,29.0,61.0,,,,,,,,4.0,12.0,44.0,4.0,3.0,8.0,29.0,26.0,5.0,,,
202111,Cooranbong (Lake Macquarie AWS),,,,,2.4,0.2,,7.4,,,30.0,57.0,,,0.2,,,,,4.6,11.8,43.8,4.2,3.4,8.4,28.6,26.2,5.4,0.6,0.4,
202111,Darkes Forest (Kintyre),,,,,29.0,12.0,,10.0,2.0,2.0,22.0,25.0,,,2.0,,,,,2.0,16.0,20.0,1.0,,13.0,11.0,28.0,3.0,,,
202111,Dover Heights (Portland St),,,,,15.6,,0.2,9.0,,,20.4,12.4,,1.2,0.8,0.2,,,1.0,0.2,12.6,12.2,1.4,0.4,5.2,29.8,15.0,2.0,,,
202111,Erskine Park Reservoir,,,,,22.0,,,17.0,1.0,1.0,12.0,23.0,,,,,,,,,12.0,20.0,1.0,1.0,5.0,29.0,19.0,,,,
202111,Faulconbridge (Great Western Hwy),,,,2.0,31.0,3.0,3.0,44.0,6.0,1.0,13.0,43.0,,,,,,,,,16.0,19.0,4.0,2.0,12.0,34.0,22.0,,1.0,,
202111,Faulconbridge (St Georges Crescent),,,,2.2,30.6,2.8,3.4,32.4,5.4,,14.6,31.2,0.8,,0.4,,,,,,15.4,16.6,4.4,2.0,20.8,29.0,22.8,1.2,0.6,,
202111,Gears (Wyong River),,,,,,,,,,,1.0,30.0,,,,,,,,,,15.0,2.0,,1.0,16.0,13.0,4.0,,,
202111,Gosford AWS,,,,,3.8,,,14.0,0.4,,20.0,37.8,,,,,,,,0.8,15.4,33.6,2.8,3.2,6.8,18.4,29.0,2.4,1.8,,
202111,Holsworthy Aerodrome AWS,,,,,24.4,3.0,0.2,7.6,,0.4,10.4,24.6,0.4,,0.6,0.2,,,0.8,,14.8,5.2,1.2,0.2,6.6,27.8,6.2,0.2,0.2,,
202111,Holsworthy Defence AWS,,,,,39.4,1.2,0.2,13.0,,0.2,13.2,28.6,1.2,0.6,1.4,,,,,0.2,15.8,4.8,0.8,0.2,21.8,19.4,11.2,0.8,,,
202111,Horsley Park Equestrian Centre AWS,,,,,43.4,,0.8,14.6,0.8,,10.2,3.4,3.8,2.6,1.0,0.2,,,,,12.6,25.2,1.2,0.8,2.8,31.4,20.6,1.2,,0.2,
202111,Katoomba (Farnells Rd),→,→,→,1.8,28.0,9.4,7.6,35.2,,,25.4,43.2,3.0,,0.6,,,,,,15.4,28.2,5.8,1.8,→,27.6,36.0,12.2,→,2.8,
202111,Kurrajong Heights (Bells Line of Road),,,,3.2,17.0,8.4,20.4,49.4,6.4,,24.6,42.4,,0.4,1.2,,,,,,13.4,25.4,→,7.8,8.4,28.0,17.0,2.0,→,0.6,
202111,Lower Portland (Hawkesbury River),,,,,,,,,,,,,,,,,,,,,,,,,,,,,,,
202111,Lucas Heights (ANSTO),,,,,,,,8.0,,1.0,11.4,25.4,2.4,,,,,,,,,,,,,24.0,9.0,0.4,,,
202111,Macquarie Park (Willandra Village),,,,,14.4,0.2,0.6,8.8,1.4,,23.4,19.0,0.2,3.0,0.6,,,,,,,,,,,,,,,,
202111,Mangrove Mountain AWS,,,,,5.0,2.2,0.2,25.6,1.2,,26.2,40.8,,,,,,,,3.4,10.8,30.0,7.4,3.0,5.4,24.4,30.6,5.6,1.4,0.2,
202111,Marrickville Golf Club,,,,,11.0,,,13.0,3.0,,13.0,22.0,,,,,,,,,15.0,17.0,3.0,,4.0,46.0,12.0,1.0,,,
202111,Menangle Bridge (Nepean River),,,,,47.0,,2.0,20.0,,2.0,18.0,29.0,,,3.0,,,,,,10.0,4.0,,1.0,18.0,20.0,10.0,,,,
202111,Mona Vale Golf Club,,0.6,,,16.6,0.2,0.2,32.0,0.4,0.4,32.0,17.6,,,1.0,,,,0.2,,14.6,24.0,3.4,1.2,15.8,25.4,16.0,1.6,0.2,,
202111,Mount Boyce AWS,,,0.2,6.2,30.0,9.6,6.0,50.6,0.2,,25.2,47.2,2.0,,2.8,,,,,,12.0,12.2,5.6,1.2,3.6,39.2,20.4,4.8,1.0,0.2,
202111,Norah Head AWS,0.2,,,,2.6,0.2,,27.4,,,28.8,35.6,0.2,,,,,,,,10.0,18.8,10.8,1.6,7.2,25.6,30.6,6.6,0.4,1.2,
202111,North Parramatta (Burnside Homes),,,,,17.5,,,12.0,0.5,,16.5,24.0,,,,,,,,,12.0,25.5,2.5,1.0,6.0,32.5,20.5,1.5,,,
202111,North Rocks (Muirfield Golf Club),,,,,20.5,,0.5,10.5,,,17.5,19.0,1.0,,0.5,,,,,,10.0,31.0,4.0,1.0,6.5,28.5,20.5,1.5,,,
202111,North Ryde Golf Club,,,,,14.0,,1.0,7.0,1.0,,19.0,17.0,,,,,,,,,12.0,14.0,3.0,1.0,7.0,28.0,19.0,1.0,,,
202111,Palm Grove (Lyrebird Lane),,,,,3.0,,,20.0,,1.0,25.0,38.0,,,,,,,,1.0,8.0,21.0,5.0,3.0,7.0,19.0,18.0,4.0,1.0,1.0,
202111,Parramatta North (Masons Drive),,,,,18.2,,0.6,16.0,0.4,,16.0,24.0,0.2,0.4,,0.2,,,,,12.2,19.0,1.6,2.0,6.6,34.0,21.2,1.4,0.4,,
202111,Peakhurst Golf Club,,,,,16.0,,,10.0,,,12.0,27.0,,,,,,,,,13.0,12.0,4.0,,2.0,36.0,5.0,1.0,,,
202111,Penrith Lakes AWS,,,,1.0,19.8,6.6,1.0,42.2,10.0,,13.2,28.8,,,,,,,,,10.6,22.6,2.0,2.4,17.6,42.8,12.4,0.4,,,
202111,Prospect Reservoir,,,,,31.0,,,14.0,1.0,,9.0,19.0,,,,,,,,,12.0,23.0,2.0,,4.0,24.0,23.0,2.0,,,
202111,Putty (The Gibba),,,,,5.0,,1.0,23.0,,,32.0,23.0,,,,,,,,,5.0,16.0,4.0,2.0,14.0,31.0,19.0,3.0,,,
202111,Randwick (Randwick St),,,,,13.2,0.2,0.2,9.2,2.2,,16.2,17.2,0.6,1.2,2.0,,,,1.0,,14.8,18.4,1.6,0.4,7.0,19.0,15.8,2.4,,,
202111,Randwick Racecourse,,,,,12.8,,,9.2,1.6,,16.0,16.4,0.2,0.6,1.6,,,,1.0,,,18.2,1.6,0.6,,,,,,,
202111,Richmond - UWS Hawkesbury,,,,19.0,,,,53.8,,15.8,14.8,30.2,,,,,,,,,,31.6,,,,40.8,,,16.4,,
202111,Richmond RAAF,,,,0.6,19.0,20.6,0.6,37.2,23.2,0.2,20.2,26.8,0.2,,,,,,,,7.2,23.0,1.6,2.4,6.0,49.4,15.8,0.6,,,
202111,Rose Bay (Royal Sydney Golf Club),,,,,12.8,0.2,,9.4,1.0,,17.6,13.0,0.1,1.2,0.8,0.1,,,1.0,0.1,12.4,13.1,1.4,0.4,5.0,28.6,14.4,2.0,,0.2,
202111,Sans Souci (Public School),,,,,16.0,1.0,,9.0,,,13.0,20.0,,,,,,,,,13.0,5.0,2.0,,2.0,38.0,,,,,
202111,Seven Hills  (Radio FM 103.2),,,,0.5,24.5,0.5,,14.5,0.5,,14.5,21.5,1.0,,,,,,,,10.5,12.0,1.5,1.0,5.5,29.0,19.5,,,,
202111,Shanes Park (South Creek Road),,,,0.8,17.8,10.2,4.0,33.6,2.6,,18.8,25.8,1.0,,,,,,,,11.4,20.4,1.4,3.4,9.8,27.0,16.0,0.4,,,
202111,Sydney (Observatory Hill),,,,,7.6,,0.4,9.6,1.4,,17.6,16.8,0.2,0.4,0.8,,,,1.0,0.2,13.0,18.4,2.8,0.4,6.0,21.4,17.0,2.0,,,
202111,Sydney Airport AMO,,,,,12.4,0.2,,11.0,0.8,,11.8,18.8,0.2,0.2,,,,,,0.2,12.0,14.4,2.6,0.2,4.0,35.6,8.0,1.0,,0.2,
202111,Sydney Botanic Gardens,,,,,9.8,,0.7,9.0,0.8,,17.4,15.8,0.2,,2.8,,,,1.1,,11.9,17.6,3.8,0.8,6.2,22.4,,,,,
202111,Sydney Olympic Park AWS (Archery Centre),,,,,12.0,0.4,,12.2,0.2,,16.2,21.2,,,,,,,,,10.8,18.4,0.6,0.8,5.8,30.2,16.2,1.6,,,
202111,Terrey Hills AWS,,,,,16.8,,,16.2,1.6,,29.0,21.6,0.2,0.2,1.2,,,,0.6,0.2,11.0,28.0,6.6,1.6,12.8,17.6,22.4,3.0,,,
202111,Wahroonga (Ada Avenue),,,,,14.0,,0.4,12.6,1.4,,38.8,22.6,,0.4,0.8,,,,0.4,,15.8,26.4,4.4,0.8,9.0,37.8,35.0,3.2,,,
202111,Warragamba,,,,,30.0,4.0,3.0,23.0,2.0,,24.0,41.0,2.0,,,,,,,,15.0,13.0,3.0,1.0,96.0,24.0,18.0,1.0,,,
202111,Wedderburn (Booalbyn),,,,,29.0,,1.0,19.0,1.0,2.0,19.0,25.0,,,2.0,,,,,,12.0,4.0,,1.0,17.0,11.0,9.0,,,,
202111,Wyong (Kulnura (Jeavons)),,,,,,,,,,,21.0,36.0,,,,,,,,3.0,7.0,21.0,9.0,3.0,6.0,21.0,26.0,2.0,,1.0,
202111,Wyong (Mount Elliot),,,,,5.0,,,21.0,,,20.0,49.0,,,,,,,,,10.0,39.0,7.0,4.0,6.0,25.0,35.0,6.0,1.0,,
202111,Wyong (Olney Forest),,,,,1.0,4.0,,5.0,1.0,,23.0,42.0,,,,,,,,1.0,12.0,56.0,9.0,3.0,8.0,34.0,33.0,11.0,,1.0,
202111,"Most values are the precipitation in the 24 hoursto9 am on the day indicated.
Days marked with → are part of a longer accumulation, which is shown on the final day.Values over  100  mm have been rounded to the nearest whole millimetre.Days marked with - have a rainfall report of zero; 
days left blank have no rainfall report (which often indicates no rain fell).",,,,,,,,,,,,,,,,,,,,,,,,,,,,,,,
202111,Rainfalls colouredaccording to the amount,0,1.0,5.0,10.0,15.0,25.0,50.0,100,150,200,300,400,600,millimetres,,,,,,,,,,,,,,,,,
202112,Abbotsbury (Fairfield (City Farm)),,,,,,,,1.0,4.0,41.0,9.0,,,,,3.0,,,6.0,,,,7.0,,1.0,,,9.0,,,
202112,Abbotsford (Blackwall Point Rd),0.2,,,0.4,3.0,0.4,,17.0,6.0,15.0,30.0,,,,,4.0,,,7.0,0.4,,,2.0,0.4,,,1.1,13.8,1.0,1.0,
202112,Audley  (Royal National Park),1.0,,,1.0,2.0,,,,4.0,8.0,47.0,,,,,5.0,,,8.0,,,,1.0,16.0,,,,16.0,,,
202112,Badgerys Creek AWS,0.2,,,,1.0,,0.4,4.0,4.6,43.4,6.0,0.2,,,,2.2,0.2,,12.0,,0.2,,,,,7.8,0.4,13.8,0.2,,
202112,Bankstown Airport AWS,0.2,0.2,,,,,,,5.8,20.6,13.2,,,,,3.6,,,9.6,,,,1.4,0.2,,,,13.6,0.4,0.2,
202112,Baulkham Hills Eucalyptus Ct,,,,0.5,1.0,0.5,,1.0,9.0,23.0,6.0,,,,,3.0,,,3.5,0.5,,,1.5,2.0,,,,18.0,,,
202112,Belrose (Evelyn Place),1.6,,,,2.0,1.2,,2.6,11.8,29.2,9.0,0.4,,,,1.6,,,1.2,7.6,,,10.0,5.8,,,3.6,29.0,27.8,2.0,
202112,Bilpin Post Office,1.0,,,3.0,,12.0,1.6,8.6,17.2,,12.2,,,,,,10.2,,,2.2,,,11.2,7.8,,,2.2,,28.8,,
202112,Blackheath (Wombat Street),1.0,,3.0,,8.0,10.0,2.0,3.0,21.0,32.0,7.0,,,,,1.0,2.0,,13.0,3.0,,,3.0,2.0,,11.0,5.0,13.0,,,
202112,Box Hill (McCall Gardens),,,,1.0,1.0,2.0,,2.0,12.0,21.0,3.0,,,,,1.0,,,10.0,1.0,,,,5.0,,,,8.0,,,
202112,Bringelly (Maryland),1.0,,,1.0,,,,2.0,3.0,43.0,11.0,,,,,1.0,,,9.0,,,,,,,,,5.0,,,
202112,Camden (Brownlow Hill),1.2,,,1.2,,,,0.8,4.2,13.0,2.0,,,,,2.6,,,1.6,2.2,,,,,,11.0,1.7,5.8,,,
202112,Camden Airport AWS,1.0,,,5.0,,,,0.2,4.2,30.4,14.4,,,,,4.0,,,2.4,2.2,,,,,,0.6,1.4,9.0,,,
202112,Campbelltown (Kentlyn (Georges River Roa,,,,2.0,,,,,3.0,29.0,71.0,,,,,7.0,,,3.0,,,,6.0,,,,,9.0,,,
202112,Campbelltown (Mount Annan),0.4,0.2,,4.2,0.2,,0.4,,3.6,21.2,24.4,,,,,6.2,0.2,,5.0,0.8,,,1.4,,,,1.0,7.4,,,
202112,Canterbury Racecourse AWS,1.4,0.2,,,0.4,0.2,,0.6,5.4,18.8,21.0,0.2,,,,4.4,,,11.2,,,,1.6,0.4,,,1.0,17.4,2.6,2.4,
202112,Castle Cove (Rosebridge Ave),1.8,,,0.5,1.2,1.0,,4.0,8.0,23.0,9.0,,,,,2.5,,,5.0,5.0,,,8.5,3.5,,,2.5,21.0,33.0,8.5,
202112,Centennial Park,1.6,,,0.4,1.0,,,12.0,8.0,26.2,18.0,1.8,4.6,,,0.6,,,2.4,0.2,,,24.4,11.6,,,6.0,11.2,14.0,,
202112,Chatswood Bowling Club,1.0,,,,1.0,1.0,,1.0,10.0,18.0,8.0,1.0,,,,,,,3.0,,,,6.0,,,,3.0,17.0,9.0,3.0,
202112,Collaroy (Long Reef Golf Club),2.4,,,,1.4,1.6,,1.8,8.4,8.8,5.4,,,,,0.4,1.2,,4.8,5.2,,,20.2,6.8,,,0.8,7.2,9.6,1.2,
202112,Colo Heights (Mountain Pines),0.4,2.6,,,8.2,6.4,1.4,26.4,30.0,32.2,2.4,0.4,,,,5.6,2.4,,,2.0,,,0.2,10.0,,,1.0,19.8,6.0,,
202112,Concord (Brays Rd),,,,0.2,3.6,0.4,,7.0,6.8,18.2,22.6,,,,,2.8,0.2,,8.2,0.2,,,1.8,0.4,→,→,1.0,13.8,0.8,0.8,
202112,Concord Golf Club,,,,,2.8,,,7.2,4.0,22.0,17.2,,,,,4.2,,,20.6,,,,1.0,,,,1.0,14.4,,0.6,
202112,Cooranbong (Avondale),,1.0,,,1.0,,,5.0,10.0,21.0,,,,,,,,,,2.0,,,3.0,7.0,,,18.0,28.0,4.0,,
202112,Cooranbong (Lake Macquarie AWS),,0.8,0.2,,1.2,0.4,,5.4,10.0,21.8,,,,,,0.2,0.8,,,2.0,,,3.0,7.0,,,18.2,29.0,5.0,,
202112,Darkes Forest (Kintyre),1.0,,,2.0,8.0,1.0,,,5.0,19.0,20.0,,,,,6.0,,,2.0,,,,5.0,,,6.0,1.0,59.0,,,
202112,Dover Heights (Portland St),3.1,,,,2.8,0.2,,9.6,9.4,28.6,19.6,2.6,,,,3.4,,,3.4,,,,14.4,18.4,,,3.4,13.4,7.0,,
202112,Erskine Park Reservoir,,,,,1.0,,,4.0,6.0,33.0,6.0,,,,,,,,10.0,,,,,1.0,,,,15.0,,,
202112,Faulconbridge (Great Western Hwy),1.0,,,17.0,3.0,5.0,,5.0,10.0,34.0,1.0,,,,,2.0,1.0,,3.0,1.0,,,2.0,2.0,,,2.0,26.0,,,
202112,Faulconbridge (St Georges Crescent),1.4,,,8.2,2.6,3.6,0.8,6.0,9.2,19.2,1.2,,,,,3.0,1.8,,3.0,0.6,,,2.2,2.6,,,2.4,20.4,,,
202112,Gears (Wyong River),,,,,1.0,,,4.0,7.0,,,,,,,,,,,,,,,,,,3.0,13.0,5.0,,
202112,Gosford AWS,0.8,,,,0.4,,,12.0,5.6,52.6,0.2,0.4,,,,2.8,,,0.6,,,,9.4,16.4,,,13.8,22.6,13.0,,
202112,Holsworthy Aerodrome AWS,,,,0.8,,,,,2.0,19.8,26.6,,,,,1.6,,,1.6,,,,2.4,,,,,4.8,,0.8,
202112,Holsworthy Defence AWS,,0.2,,8.0,,,0.2,,3.2,28.2,38.0,,,,,3.4,0.2,,4.6,,0.2,,11.2,,,,,9.8,0.2,0.2,
202112,Hornsby (Swimming Pool),1.4,,,0.2,1.2,0.2,0.2,3.2,15.2,25.4,6.0,,,,,1.6,,,2.6,2.0,,,2.6,14.4,,,5.8,16.2,2.4,0.4,
202112,Horsley Park Equestrian Centre AWS,0.4,,,,0.2,,,0.6,4.8,28.0,8.2,,,,,4.0,,,9.4,,,,6.4,1.2,,,,15.6,,,
202112,Katoomba (Farnells Rd),,,,6.0,17.2,11.0,1.0,1.4,10.2,→,6.4,0.9,,,,,13.8,,8.4,1.0,,,0.4,10.4,,7.4,10.4,37.4,0.4,,
202112,Kurrajong Heights (Bells Line of Road),3.0,,,7.4,3.6,8.8,,→,23.0,18.6,1.6,0.3,,,→,→,3.2,,1.2,0.5,,,22.0,0.7,,,1.0,27.4,0.2,,
202112,Lucas Heights (ANSTO),,,,2.0,,,,,,,30.8,0.4,,,,3.5,,,,,,,,,,,4.0,14.0,,,
202112,Mangrove Mountain AWS,4.2,,,1.0,,,,,,13.8,0.2,,,,,2.4,0.2,,17.6,0.6,,,,,,,8.8,12.4,11.8,,
202112,Marrickville Golf Club,,,,,1.0,,,1.0,5.0,17.0,13.0,,,,,5.0,,,12.0,,,,7.0,,,,1.0,25.0,4.0,,
202112,Menangle Bridge (Nepean River),1.0,,,14.0,,,,,7.0,25.0,17.0,,,,,8.0,,,2.0,,,,,,,,2.0,6.0,,,
202112,Mona Vale Golf Club,2.0,,,,1.0,2.0,,2.4,10.8,11.0,1.6,0.6,,,0.2,1.4,0.2,,0.4,1.6,0.2,,28.6,4.2,0.2,,5.4,17.6,8.4,,
202112,Mount Boyce AWS,0.2,0.8,3.0,,7.0,9.6,1.8,2.4,18.2,34.0,5.0,,0.2,,,1.6,0.8,0.2,10.6,1.4,,,3.2,0.8,0.2,11.6,4.4,11.8,0.2,0.2,0.2
202112,Mount Wilson (Clarine),,,,2.4,9.0,10.8,2.8,4.8,12.2,18.0,1.2,,,,,,3.8,,3.0,,,,8.6,22.0,,24.0,7.0,22.0,,,
202112,Norah Head AWS,0.2,,0.2,0.2,0.4,,,33.6,11.2,15.4,0.2,2.4,1.2,,,1.8,0.2,,2.8,0.2,0.2,,,,,,15.8,6.8,4.0,,
202112,North Parramatta (Burnside Homes),,,,0.5,1.5,0.5,,1.0,9.0,19.5,10.5,,,,,2.5,,,2.5,,,,0.5,1.0,,,0.5,17.0,,,
202112,North Rocks (Muirfield Golf Club),1.0,,,1.5,2.5,,0.5,1.0,8.0,25.5,8.5,,,,,1.5,,,7.0,,,,0.5,1.0,,,0.5,11.5,0.5,,
202112,North Ryde Golf Club,1.0,,,,1.0,,1.0,1.0,11.0,18.0,13.0,,,,,2.0,,,7.0,,,,4.0,1.0,,,1.0,11.0,2.0,,
202112,Palm Grove (Lyrebird Lane),2.0,,,4.0,2.0,2.0,,9.0,22.0,10.0,1.0,,,,,2.0,,,,1.0,,,9.0,2.0,,,4.0,20.0,15.0,1.0,
202112,Parramatta North (Masons Drive),0.4,,,0.2,1.6,0.6,,1.0,9.2,20.6,11.0,,,,,2.8,,,3.6,0.4,,,0.8,1.2,,,0.6,12.2,0.6,,
202112,Peakhurst Golf Club,,,,,,,,,4.0,12.0,13.0,,,,,1.0,,,2.0,,,,1.0,4.0,,,,23.0,1.0,1.0,
202112,Penrith Lakes AWS,,,,13.2,1.2,0.4,,15.6,11.4,35.8,8.4,,,,,2.0,,,12.4,,,,,1.8,,,,12.0,,,
202112,Prospect Reservoir,,,,,,,,1.0,7.0,45.0,7.0,,,,,4.0,,,8.0,1.0,,,5.0,1.0,,,,17.0,,,
202112,Putty (The Gibba),,,,2.0,4.0,4.0,1.0,3.0,14.0,3.0,,,,,,1.0,1.0,,,1.0,,,1.0,1.0,,,1.0,18.0,3.0,,
202112,Randwick (Randwick St),3.0,,,0.6,1.8,,,9.0,11.6,28.0,14.6,2.4,,,,5.6,,,2.0,0.6,,,21.0,25.8,,,5.4,14.2,11.2,2.6,
202112,Richmond RAAF,,,,8.8,0.4,2.0,0.2,1.2,12.2,13.4,3.4,,,,,1.8,,,7.8,1.2,,,6.2,7.0,,,,9.8,,,
202112,Rose Bay (Royal Sydney Golf Club),3.1,,,,3.0,0.1,,8.2,13.8,25.1,16.8,3.0,,,,4.2,0.2,,4.2,,,,14.2,10.3,,,3.4,14.8,7.2,2.0,
202112,Rossmore (South Creek),,,,,,,,1.0,3.0,40.0,32.0,,,,,3.0,,,8.0,,,,5.0,,,,,13.0,,,
202112,Sans Souci (Public School),1.0,,,,,,,,2.0,16.0,8.0,,,,,,,,3.0,,,,2.0,30.0,,,,,,,
202112,Seven Hills  (Radio FM 103.2),,,,,,,,1.0,8.0,26.5,6.0,,,,,0.5,0.5,,4.5,,,,1.5,1.5,,,,13.5,,,
202112,Shanes Park (South Creek Road),,,,5.2,1.4,,0.2,14.2,10.6,16.8,10.0,,,,,0.6,,,12.0,,,,1.6,1.8,,,,12.0,,,
202112,Sydney (Observatory Hill),1.0,,0.4,0.2,0.4,1.0,,15.4,14.2,18.4,10.0,0.4,,,,6.2,,,3.4,0.2,,,18.0,10.6,,,5.0,18.0,5.4,4.6,
202112,Sydney Airport AMO,1.2,0.2,,,0.8,0.6,,1.4,2.6,17.2,10.8,,,,,4.0,0.6,,3.4,0.2,0.2,,5.0,3.2,0.2,,2.6,15.4,7.6,4.0,
202112,Sydney Botanic Gardens,1.8,0.4,0.2,0.2,1.2,,14.8,14.4,14.8,23.0,10.8,1.0,,,,5.8,,,4.3,0.4,,,18.1,7.8,,,5.3,22.0,7.8,9.2,
202112,Sydney Olympic Park AWS (Archery Centre),0.2,0.2,,,0.8,0.2,,,5.8,19.8,8.8,,,,,3.0,,,8.0,,,,1.4,1.0,,,0.2,13.8,0.4,0.2,
202112,Terrey Hills AWS,1.4,,,,2.4,3.0,,1.6,10.6,29.4,6.0,0.4,,,,1.2,,,0.6,3.4,,,8.0,2.0,0.2,,6.8,27.8,16.0,0.6,
202112,Wahroonga (Ada Avenue),1.4,0.2,,0.8,1.4,,0.4,2.8,15.6,29.2,9.6,,,,,0.8,,,2.4,2.0,,,3.6,13.0,,,4.2,18.2,4.4,1.2,
202112,Warragamba,,,,3.0,1.0,2.0,,5.0,5.0,14.0,2.0,,,,,1.0,,,4.0,,,,,2.0,,,3.0,8.0,,,
202112,Wedderburn (Booalbyn),2.0,,,1.0,,,,,7.0,29.0,30.0,,,,,4.0,,,2.0,,1.0,,,1.0,,1.0,,11.0,,,
202112,Wyong (Kulnura (Jeavons)),2.0,1.0,,,1.0,2.0,1.0,5.0,11.0,14.0,,,,,,1.0,,,5.0,,,,,,,,8.0,14.0,13.0,,
202112,Wyong (Mount Elliot),1.0,,,1.0,1.0,1.0,,6.0,8.0,52.0,,,,,,2.0,,,1.0,,,,17.0,24.0,,,11.0,40.0,16.0,,
202112,Wyong (Olney Forest),4.0,1.0,,,5.0,4.0,1.0,2.0,12.0,26.0,,,,,,,1.0,,,1.0,,,,6.0,,,3.0,29.0,9.0,,
202112,Yarramalong (Lewensbrook),3.0,,,,1.0,0.4,1.0,6.0,7.0,15.0,,,,,,0.4,,,1.0,,,,,1.0,,,5.4,19.0,11.6,,
202112,"Most values are the precipitation in the 24 hoursto9 am on the day indicated.
Days marked with → are part of a longer accumulation, which is shown on the final day.Values over  100  mm have been rounded to the nearest whole millimetre.Days marked with - have a rainfall report of zero; 
days left blank have no rainfall report (which often indicates no rain fell).",,,,,,,,,,,,,,,,,,,,,,,,,,,,,,,
202112,Rainfalls colouredaccording to the amount,0,1.0,5.0,10.0,15.0,25.0,50.0,100,150,200,300,400,600,millimetres,,,,,,,,,,,,,,,,,
202201,Abbotsbury (Fairfield (City Farm)),,,,2.0,3.0,52.0,4.0,23.0,15.0,1.0,,,28.0,10.0,,1.0,,,11.0,4.0,1.0,3.0,1.0,1.0,,,,,,,
202201,Abbotsford (Blackwall Point Rd),,,,0.6,3.0,29.0,1.6,18.0,1.0,0.5,,,37.0,28.0,2.0,,,,10.0,4.0,2.0,2.0,3.0,1.0,,,,,,,
202201,Audley  (Royal National Park),,,,,4.0,29.0,3.0,30.0,,1.0,,,45.0,27.0,,,,,11.0,1.0,3.0,3.0,,2.0,,,,,,,
202201,Badgerys Creek AWS,,,,,0.2,57.8,13.6,26.2,9.2,1.4,0.2,,14.4,24.4,0.6,5.2,,,11.4,2.6,1.0,0.8,0.2,0.6,0.2,,,,,,
202201,Bankstown Airport AWS,,,,1.0,3.4,54.8,0.2,29.0,3.0,0.4,,,20.2,23.4,0.4,,,,8.2,4.2,0.4,2.0,4.4,0.4,,,,,,,
202201,Baulkham Hills Eucalyptus Ct,,,,,5.5,40.5,1.0,23.0,11.0,1.0,,,28.5,9.0,,0.5,,,18.5,4.0,1.5,0.5,1.0,3.0,,,,,,,
202201,Belrose (Evelyn Place),,,,,5.6,23.8,3.0,31.0,2.8,1.2,,,14.4,8.8,0.4,,,,10.8,3.2,4.0,2.0,1.4,2.0,,,,,,,
202201,Blackheath (Wombat Street),,,4.0,,1.0,27.0,43.0,37.0,2.0,2.0,1.0,1.0,12.0,20.0,3.0,1.0,,3.0,39.0,8.0,9.0,16.0,3.0,5.0,1.0,1.0,,,,5.0,
202201,Box Hill (McCall Gardens),,,,,2.0,18.0,,21.0,,1.0,,,36.0,,1.0,,,,18.0,3.0,2.0,2.0,1.0,1.0,,,,,,,
202201,Bringelly (Maryland),,,,,1.0,45.0,9.0,24.0,10.0,,,,20.0,15.0,2.0,,,,7.0,3.0,2.0,,,1.0,,,,,,,
202201,Camden (Brownlow Hill),,,,,,32.4,14.8,16.6,0.5,0.8,,,7.6,16.8,0.5,4.0,,,8.6,,2.2,2.6,,0.2,,,,,,,
202201,Camden Airport AWS,,,,,,44.0,19.0,22.2,0.4,3.2,,,9.2,14.0,0.4,1.4,,,7.8,1.6,,4.8,,0.6,0.4,,,,,,
202201,Campbelltown (Kentlyn (Georges River Roa,,,,,1.0,62.0,12.0,18.0,,,,,31.0,9.0,1.0,,,,3.0,6.0,3.0,1.0,1.0,,,,,,,,
202201,Campbelltown (Mount Annan),,,,,,43.4,13.0,18.8,,1.6,,,17.4,26.4,0.8,,,,4.2,1.8,2.6,1.6,0.2,0.2,0.2,,,,,,
202201,Canterbury Racecourse AWS,,,,,2.8,18.6,0.2,15.8,0.8,0.2,0.6,,13.8,7.8,0.4,0.2,,,7.2,2.0,0.6,3.0,4.8,1.6,0.2,,,,,,
202201,Castle Cove (Rosebridge Ave),,,,2.0,3.0,28.0,5.0,27.0,2.0,1.0,,,36.0,35.0,,,,,19.0,3.0,2.0,3.0,3.0,6.0,,,,,,,
202201,Castlereagh (Castlereagh Road),,,,,31.6,,,,,,,,,,,,,,,,,,,,,,,,,,
202201,Centennial Park,,,,0.8,4.0,16.0,4.6,25.2,0.8,1.1,1.0,,33.2,3.6,,,,,,,,,,,,,,,,,
202201,Chatswood Bowling Club,,,,,4.0,29.0,3.0,31.0,1.0,4.0,,,35.0,40.0,,,,,19.0,5.0,2.0,3.0,2.0,2.0,,,,,,,
202201,Collaroy (Long Reef Golf Club),,,,,6.4,13.0,1.4,18.8,0.8,1.8,,,0.8,,,,,,7.8,1.6,1.2,,1.8,1.8,,,,,,,
202201,Colo Heights (Mountain Pines),,,,1.0,3.2,24.4,3.4,21.2,21.0,1.4,0.2,,16.0,11.8,10.4,,,0.8,41.8,9.0,8.2,1.4,2.0,4.2,,,,0.4,,,
202201,Concord (Brays Rd),,,,0.2,1.4,27.4,0.8,24.8,0.8,0.8,0.2,,28.4,6.4,1.2,0.4,,,7.6,3.4,2.4,1.2,2.4,0.4,,,,,,,
202201,Concord Golf Club,,,,,4.6,25.4,1.0,26.4,1.0,0.6,,,19.6,22.6,1.2,,,,10.4,3.0,2.0,2.6,2.8,0.4,,,,,,,
202201,Cooranbong (Avondale),,,,1.0,6.0,14.0,,20.0,14.0,,,,,16.0,,12.0,,,44.0,13.0,,,,7.0,,,,,,,
202201,Cooranbong (Lake Macquarie AWS),,,,0.8,6.6,14.2,0.2,20.6,14.8,,,,,16.2,,12.6,,0.4,45.0,12.6,0.6,,0.2,7.2,0.2,,,,,,
202201,Darkes Forest (Kintyre),,,,,1.0,22.0,20.0,23.0,,1.0,,,54.0,19.0,,,,,16.0,3.0,1.0,2.0,2.0,2.0,,,,,,,
202201,Dover Heights (Portland St),,,,,3.0,17.0,2.2,30.2,,,,,42.2,2.4,,,,,8.8,2.8,1.8,3.4,6.4,1.6,,,,,,,
202201,Erskine Park Reservoir,,,,,3.0,30.0,4.0,29.0,5.0,,,,21.0,3.0,,4.0,,,11.0,4.0,1.0,1.0,1.0,2.0,,,,,,,
202201,Faulconbridge (Great Western Hwy),,,,,2.0,56.0,31.0,27.0,6.0,3.0,,,16.0,7.0,11.0,1.0,,1.0,49.0,8.0,6.0,11.0,3.0,5.0,,,,,,,
202201,Faulconbridge (St Georges Crescent),,,,,4.2,36.2,25.2,22.4,2.8,2.6,0.6,0.2,13.2,8.2,10.8,0.4,,0.4,31.4,8.0,5.2,3.2,2.0,4.2,0.4,,0.2,,,,
202201,Gears (Wyong River),,,,,7.0,,,,,,,,,,,,,,22.0,6.0,,,,,,,,,,,
202201,Gosford AWS,,,,,3.0,26.6,0.2,18.4,5.8,0.6,0.2,,,,,16.8,,,21.2,12.8,1.2,2.6,4.4,2.0,0.2,,,,,,
202201,Holsworthy Aerodrome AWS,,,,0.8,2.2,40.2,2.6,24.2,0.4,0.2,,,28.6,39.8,0.4,0.2,,,4.2,5.2,3.8,0.6,0.8,3.2,0.2,,,,,,
202201,Holsworthy Defence AWS,,,,1.2,1.2,55.0,15.0,23.0,,,,,34.2,9.4,1.0,,,,3.4,7.2,3.2,1.8,1.6,0.6,0.6,,,,,,
202201,Hornsby (Swimming Pool),,,,0.6,5.8,25.6,1.6,21.0,12.8,2.4,,,26.0,8.6,0.2,5.4,,0.2,25.6,6.4,3.2,3.0,1.0,1.0,,,,,,,
202201,Horsley Park Equestrian Centre AWS,,,,,,,,22.2,11.6,2.6,0.2,,32.2,1.4,0.2,0.8,0.2,,13.4,4.0,1.6,1.2,2.8,2.8,,,,,,,
202201,Katoomba (Farnells Rd),,,7.4,0.2,2.2,32.0,34.6,39.6,1.6,2.8,1.8,1.8,27.6,→,14.8,1.0,,1.8,32.6,13.8,9.8,9.8,5.6,8.2,2.0,0.5,,0.4,,3.8,0.6
202201,Kurrajong Heights (Bells Line of Road),,,,0.5,4.0,33.4,17.4,29.4,3.0,15.4,1.4,→,23.8,9.8,29.4,→,→,2.6,49.2,4.8,2.4,6.4,3.6,7.8,0.2,,,,,,
202201,Lower Portland (Hawkesbury River),,,,,,,,,0.2,,,,,,,,,,,,,,,,,,,,,,
202201,Lucas Heights (ANSTO),,,,1.0,2.4,31.6,28.0,26.0,,,,,44.0,29.0,,,,,4.2,3.4,1.8,3.0,0.8,1.4,,,,,,,
202201,Macquarie Park (Willandra Village),,,,0.2,6.4,33.6,3.0,22.2,3.6,1.8,,,51.6,12.8,0.8,,,,17.2,4.0,1.6,2.6,2.8,3.0,,,,,,,
202201,Mangrove Mountain AWS,,,,,6.0,30.6,2.0,15.8,12.2,2.2,,,,1.0,,3.2,0.6,0.2,0.2,0.2,0.2,,0.4,,0.2,,,,,,
202201,Marrickville Golf Club,,,,,2.0,13.0,,24.0,,,,,14.0,17.0,1.0,,,,8.0,3.0,,3.0,4.0,2.0,,,,,,,
202201,Menangle Bridge (Nepean River),,,,,,30.0,16.0,18.0,,,1.0,,4.0,1.0,,,,,4.0,,,1.0,,,,,,,,,
202201,Mona Vale Golf Club,,,,,3.6,14.8,1.4,23.6,11.8,4.4,,,,0.4,,0.8,,,13.4,1.2,1.0,3.6,7.2,3.4,,,,,,,
202201,Mount Boyce AWS,,,3.0,,0.8,22.8,34.4,37.4,1.4,1.8,0.6,1.2,10.4,15.4,2.0,1.4,0.2,2.2,39.6,9.4,7.6,15.8,1.6,6.0,1.4,,0.2,,,5.2,0.4
202201,Norah Head AWS,,,,,6.2,7.0,,20.8,2.4,,0.2,,,0.4,0.2,0.4,,,10.4,11.2,,0.6,,8.8,,,,,,,0.8
202201,North Parramatta (Burnside Homes),,,,,3.5,46.0,0.5,28.0,4.5,1.5,,,,,,,,,,,,,,,,,,,,,
202201,North Rocks (Muirfield Golf Club),,,,,9.0,41.5,0.5,22.0,7.5,1.5,,,27.5,1.5,0.5,,,,16.5,4.0,1.0,1.5,2.0,2.0,,,,,,,
202201,North Ryde Golf Club,,,,,3.0,25.0,3.0,24.0,2.0,1.0,,,45.0,15.0,1.0,,,,12.0,3.0,2.0,3.0,4.0,2.0,,,,,,,
202201,Palm Grove (Lyrebird Lane),,,,,8.0,43.0,2.0,11.0,10.0,,,,,4.0,,4.0,,,25.0,13.0,4.0,4.0,1.0,4.0,,,,,,,
202201,Parramatta North (Masons Drive),,,,,1.6,42.0,1.0,28.0,4.6,1.8,0.2,,22.0,23.0,0.2,,,,10.4,8.0,1.2,1.6,1.0,1.2,,,,,,,
202201,Peakhurst Golf Club,,,,,5.0,51.0,,21.0,1.0,,,,28.0,21.0,,,,,8.0,4.0,1.0,,4.0,3.0,1.0,,,,,,
202201,Penrith Lakes AWS,,,,,1.2,41.4,9.8,22.8,1.8,0.8,,,12.8,0.2,1.4,0.4,0.2,,41.0,5.2,0.8,2.4,1.0,3.4,,,,,,,
202201,Prospect Reservoir,,,,,8.0,45.0,3.0,28.0,,2.0,,,19.0,,,,,,,,,,,,,,,,,,
202201,Putty (The Gibba),,,,,2.0,10.0,2.0,27.0,6.0,,,,5.0,1.0,,,,3.0,20.0,10.0,,2.0,,1.0,,,,,,,
202201,Randwick (Randwick St),,,,1.0,4.6,19.0,3.4,23.2,0.4,1.2,,,39.8,4.2,0.8,,,,9.2,3.8,1.2,1.2,5.8,3.0,,,,,,,
202201,Richmond RAAF,,,,,1.0,22.6,2.4,26.4,0.6,6.0,0.2,,23.2,,2.0,2.4,,,26.2,3.2,1.8,2.4,1.8,1.8,0.4,0.2,,,,,
202201,Rose Bay (Royal Sydney Golf Club),,,,,3.6,18.8,2.8,28.0,0.2,0.4,,,41.6,4.2,0.2,,,,9.0,3.0,2.4,3.8,6.4,1.6,,,,,,,
202201,Rossmore (South Creek),,,,,1.0,41.0,8.0,27.0,9.0,1.0,,,18.0,31.0,1.0,1.0,,,15.0,2.0,4.0,,,,,,,,,,
202201,Sans Souci (Public School),,,,,,,,,,,,,,,,,,,,,,,,,,,,,,,
202201,Seven Hills  (Radio FM 103.2),,,,,5.5,29.5,1.5,28.5,,1.0,0.5,,25.0,0.5,,0.5,,,12.0,4.5,1.0,1.5,1.5,2.5,,,,,,,
202201,Shanes Park (South Creek Road),,,,,3.0,26.0,4.0,25.4,1.0,0.8,,,18.4,0.8,0.4,0.2,,,24.6,2.6,0.8,,1.8,1.8,,0.2,,,,,
202201,Sydney (Observatory Hill),,,,,3.8,12.0,1.0,29.6,0.2,1.8,,,43.6,47.0,0.4,,,,12.6,5.0,1.6,3.8,2.6,1.2,,,,,,,
202201,Sydney Airport AMO,,,,,2.6,13.2,1.4,24.4,0.2,0.2,,,13.4,36.0,0.6,0.2,,,6.6,2.2,0.6,1.6,3.2,0.4,0.2,,,,,,
202201,Sydney Botanic Gardens,,,,0.2,2.8,15.4,1.8,28.2,0.8,3.6,,,42.6,27.2,,0.2,,,11.4,6.0,2.2,5.4,4.0,4.0,,,,,,,
202201,Sydney Olympic Park AWS (Archery Centre),,,,0.4,1.0,33.6,1.0,18.2,1.0,1.0,,,23.0,22.6,0.2,,,,7.8,2.8,1.0,1.2,1.2,0.2,,,,,,,
202201,Terrey Hills AWS,,,,,11.0,20.2,2.0,28.4,9.6,3.6,0.2,,6.8,16.8,0.2,1.8,,,17.4,2.6,2.2,7.0,2.2,4.2,,,,,,,
202201,Wahroonga (Ada Avenue),,,,0.4,10.6,35.0,3.0,28.6,4.6,3.0,,,50.2,11.0,0.4,0.4,,,23.4,7.2,5.8,2.2,1.8,3.4,,,,,,,
202201,Warragamba,,,,,1.0,56.0,29.0,19.0,3.0,1.0,1.0,1.0,15.0,10.0,1.0,,,,18.0,2.0,2.0,2.0,,2.0,1.0,,,,,,
202201,Wedderburn (Booalbyn),,,,,,31.0,19.0,23.0,,,,,10.0,,,1.0,,,2.0,1.0,2.0,1.0,,,,,,,,,
202201,Wyong (Kulnura (Jeavons)),,,,,7.0,20.0,4.0,9.0,8.0,,,,,41.0,,,,1.0,24.0,10.0,1.0,7.0,,1.0,,,,,,,
202201,Wyong (Mount Elliot),,,,,6.0,30.0,,22.0,11.0,2.0,,,,,,9.0,,,34.0,12.0,,7.0,3.0,2.0,,,,,,,
202201,Wyong (Olney Forest),,,,,11.0,22.0,9.0,28.0,15.0,,,1.0,,,,,,1.0,47.0,15.0,1.0,5.0,,2.0,,,,,,,
202201,"Most values are the precipitation in the 24 hoursto9 am on the day indicated.
Days marked with → are part of a longer accumulation, which is shown on the final day.Values over  100  mm have been rounded to the nearest whole millimetre.Days marked with - have a rainfall report of zero; 
days left blank have no rainfall report (which often indicates no rain fell).",,,,,,,,,,,,,,,,,,,,,,,,,,,,,,,
202201,Rainfalls colouredaccording to the amount,0,1.0,5.0,10.0,15.0,25.0,50.0,100,150,200,300,400,600,millimetres,,,,,,,,,,,,,,,,,
202202,Abbotsbury (Fairfield (City Farm)),,27.0,1.0,,,2.0,6.0,4.0,,,6.0,3.0,13.0,,,,,18.0,2.0,,,4.0,38.0,22.0,26.0,30.0,8.0,2.0,,,
202202,Abbotsford (Blackwall Point Rd),,11.0,4.0,,28.0,,14.0,11.0,2.0,,10.0,10.0,12.0,,,,,2.0,0.2,,,6.6,128,22.0,33.0,44.0,22.0,3.0,,,
202202,Audley  (Royal National Park),,7.0,1.0,,3.0,4.0,15.0,25.0,,,9.0,18.0,32.0,,,,,1.0,13.0,,,13.0,87.0,34.0,18.0,25.0,27.0,6.0,,,
202202,Badgerys Creek AWS,,12.0,0.2,,1.6,3.4,8.4,0.6,,,0.6,2.0,10.2,,,,,14.6,3.0,,0.2,2.4,18.6,25.8,28.4,41.2,14.4,6.8,,,
202202,Bankstown Airport AWS,,26.2,1.6,,2.0,4.4,3.6,15.2,,,5.4,2.6,11.2,,,,,3.8,3.2,,,3.0,104,20.8,14.4,29.6,26.8,7.8,,,
202202,Baulkham Hills Eucalyptus Ct,,9.0,4.5,,4.5,0.5,10.5,7.5,2.5,,5.5,3.0,13.0,0.5,,,,15.5,4.5,,,8.0,91.0,24.5,34.5,37.0,5.5,0.5,,,
202202,Belrose (Evelyn Place),,9.0,4.6,3.4,6.4,1.0,12.4,8.2,3.4,,19.2,10.4,11.4,,,,,15.4,0.6,,,10.4,74.4,18.2,25.6,90.0,20.4,8.2,,,
202202,Bilpin Post Office,6.0,15.0,11.4,0.2,8.0,,10.4,3.8,,,6.6,6.0,,18.0,,,,1.8,10.6,,14.0,12.6,28.6,2.6,22.6,26.0,,17.8,,,
202202,Blackheath (Wombat Street),13.0,8.0,5.0,,5.0,6.0,19.0,3.0,,,11.0,5.0,17.0,,,,,,10.0,2.0,12.0,24.0,13.0,5.0,31.0,17.0,15.0,9.0,,,
202202,Box Hill (McCall Gardens),,11.0,2.0,,2.0,2.0,16.0,4.0,,,5.0,2.0,7.0,,,,,32.0,1.0,,1.0,37.0,66.0,12.0,12.0,20.0,11.0,8.0,,,
202202,Bringelly (Maryland),1.0,1.0,,,2.0,4.0,6.0,,,,3.0,1.0,4.0,,,,,10.0,2.0,,,8.0,35.0,19.0,58.0,36.0,35.0,8.0,,,
202202,Camden (Brownlow Hill),10.0,3.0,,,2.4,5.2,,0.8,,,13.2,1.6,5.8,,,,,3.4,1.8,0.5,,1.2,20.0,9.6,111,49.2,16.6,3.8,,,
202202,Camden Airport AWS,8.2,2.8,,,3.0,5.8,4.8,,,,7.8,3.6,7.6,,,,,3.6,0.2,0.2,,2.0,33.6,10.0,58.0,51.6,19.0,0.6,,,
202202,Campbelltown (Kentlyn (Georges River Roa,,4.0,,,2.0,2.0,9.0,3.0,,,12.0,2.0,4.0,,,,,10.0,2.0,,,,28.0,22.0,15.0,36.0,18.0,26.0,,,
202202,Campbelltown (Mount Annan),0.2,6.0,,,4.4,4.6,6.4,0.6,,,4.0,2.4,3.6,0.2,,,,14.2,1.0,0.4,,2.0,10.2,13.4,23.2,34.6,19.8,10.0,,,
202202,Canterbury Racecourse AWS,,9.6,3.0,,9.6,1.2,8.0,10.2,1.8,,6.2,1.2,18.0,,,,,1.2,1.6,0.2,,5.0,119,34.4,14.2,49.8,36.2,4.6,,,
202202,Castle Cove (Rosebridge Ave),,18.0,7.8,2.0,9.0,0.5,23.0,11.0,3.5,,9.5,10.0,15.0,,,,,6.0,,,,15.0,102,24.0,29.0,103,14.0,3.8,,,
202202,Centennial Park,,8.0,1.0,4.6,14.2,0.6,14.8,16.8,4.0,,4.8,2.6,4.0,,,,,1.8,0.4,,,3.0,142,52.0,27.5,53.4,36.2,7.0,,,
202202,Chatswood Bowling Club,,13.0,6.0,3.0,23.0,1.0,19.0,13.0,1.0,,8.0,9.0,20.0,,,,,1.0,1.0,,,6.0,99.0,24.0,31.0,66.0,12.0,3.0,,,
202202,Collaroy (Long Reef Golf Club),,11.2,5.4,9.8,21.6,,5.2,6.8,1.4,,9.0,22.2,1.2,,,,,11.6,0.4,,,2.8,88.6,27.8,55.2,88.4,48.0,2.4,,,
202202,Colo Heights (Mountain Pines),,13.2,13.4,,2.8,6.0,12.0,,6.6,,6.4,1.6,13.2,,,,,0.8,9.8,0.8,11.0,9.0,3.0,3.4,5.2,13.4,19.2,3.6,,,
202202,Concord (Brays Rd),,16.6,3.2,,2.8,0.2,8.8,10.0,1.0,,10.8,10.6,15.0,,,,,3.0,0.4,1.0,0.2,3.6,118,31.0,27.2,34.4,15.8,6.8,,,
202202,Concord Golf Club,,7.0,14.2,,5.6,0.6,8.4,9.6,2.0,,9.0,10.8,15.4,,,,,,,,,3.6,,,,,,,,,
202202,Cooranbong (Avondale),,2.0,18.0,12.0,9.0,17.0,12.0,3.0,,,,53.0,,,,,,12.0,2.0,,,1.0,54.0,17.0,4.0,8.0,9.0,9.0,,,
202202,Cooranbong (Lake Macquarie AWS),,1.8,19.2,13.0,8.6,16.8,12.8,2.6,,,,54.4,0.2,,,,,12.2,2.0,,,0.6,55.2,17.2,5.0,8.4,8.4,9.2,,,
202202,Darkes Forest (Kintyre),,7.0,1.0,1.0,10.0,9.0,35.0,9.0,,,8.0,13.0,12.0,,,,,7.0,36.0,,2.0,3.0,31.0,30.0,21.0,32.0,35.0,10.0,,,
202202,Dover Heights (Portland St),,9.0,4.2,4.4,10.2,1.8,14.0,17.6,9.4,,4.2,12.2,4.0,,,,,1.2,0.2,0.2,,3.4,123,56.8,23.2,40.4,31.0,3.6,,,
202202,Erskine Park Reservoir,,24.0,2.0,,,2.0,9.0,2.0,,,2.0,3.0,7.0,,,,,27.0,1.0,,,15.0,18.0,26.0,23.0,22.0,7.0,13.0,,,
202202,Faulconbridge (Great Western Hwy),19.0,32.0,6.0,,2.0,9.0,8.0,4.0,,,21.0,2.0,27.0,,,,,,7.0,1.0,2.0,14.0,12.0,6.0,13.0,28.0,20.0,4.0,,,
202202,Faulconbridge (St Georges Crescent),24.8,22.2,6.4,,3.0,10.0,10.2,4.2,,,16.0,8.0,14.6,,,,,0.4,5.8,2.6,2.8,22.0,14.4,9.0,21.4,23.2,19.0,5.0,,,
202202,Gears (Wyong River),,,1.0,23.0,10.0,14.0,12.0,4.0,,,,13.0,2.0,,,,,,,,,19.0,30.0,,,5.0,7.0,10.0,,,
202202,Gosford AWS,,24.0,11.8,56.2,15.2,4.0,3.2,2.0,0.4,,1.2,32.2,1.4,,,,,16.0,,,0.2,,,22.8,138,38.6,13.0,10.6,,,
202202,Holsworthy Aerodrome AWS,,10.8,,0.2,0.8,1.2,9.0,7.2,,,17.4,4.6,8.6,,,,,1.8,3.8,,,0.8,52.6,12.4,13.8,21.8,28.0,6.2,,,
202202,Holsworthy Defence AWS,,2.4,0.2,,3.6,5.8,14.0,5.2,,,13.2,5.2,4.6,0.2,,,,4.8,4.6,,0.2,0.6,36.4,18.2,10.8,26.2,21.2,8.0,,,
202202,Hornsby (Swimming Pool),,11.2,9.4,0.4,10.8,1.6,23.8,10.0,0.2,,9.0,11.6,12.0,0.2,,,,20.4,5.8,,,40.6,91.0,13.6,27.8,49.6,13.2,2.8,,,
202202,Horsley Park Equestrian Centre AWS,,30.4,1.6,,0.2,0.8,7.4,5.6,0.4,,4.0,3.0,12.0,,0.2,,,23.4,1.4,0.2,0.4,6.0,35.6,42.4,40.2,41.6,14.8,1.0,,,
202202,Katoomba (Farnells Rd),0.6,12.4,8.4,→,8.0,10.0,25.2,2.2,,,→,18.8,26.5,,,,,,27.4,4.4,6.2,7.2,21.0,3.8,19.4,23.0,19.0,3.4,,,
202202,Kurrajong Heights (Bells Line of Road),0.1,→,27.4,,7.0,,13.8,→,→,→,→,→,→,→,→,→,→,→,→,58.0,11.2,21.4,36.8,1.8,,→,56.8,4.4,,,
202202,Lucas Heights (ANSTO),0.2,3.4,,,2.6,2.1,4.6,4.4,,,10.0,12.0,13.5,,,,,0.6,12.0,,0.6,2.0,81.0,32.2,11.0,22.0,23.5,6.0,,,
202202,Macquarie Park (Willandra Village),,6.4,5.0,,7.6,2.4,13.6,9.4,0.6,17.4,9.8,11.8,,,,,,,,,,,,,,,,,,,
202202,Mangrove Mountain AWS,,0.6,0.4,,,0.2,,0.2,,,0.2,,,0.2,,,,,,,,,0.2,0.6,2.2,11.0,11.0,12.0,,,
202202,Marrickville Golf Club,,10.0,3.0,,8.0,2.0,7.0,11.0,1.0,,7.0,5.0,17.0,,,,,1.0,2.0,,,6.0,170,36.0,20.0,47.0,36.0,5.0,,,
202202,Menangle Bridge (Nepean River),1.0,2.0,,,6.0,6.0,12.0,,,,3.0,2.0,4.0,,,,,7.0,,,4.0,2.0,10.0,9.0,16.0,28.0,17.0,8.0,,,
202202,Mona Vale Golf Club,0.2,6.2,5.6,23.6,8.4,2.2,7.4,7.8,0.8,,9.2,13.2,3.6,,,,,2.2,0.2,,,1.6,75.8,21.6,34.4,64.6,23.2,9.0,,,
202202,Mount Boyce AWS,17.0,6.4,4.2,,5.6,6.0,18.6,3.0,,,8.0,4.8,15.8,,0.2,,,,12.0,2.6,12.4,18.8,13.8,5.2,30.0,13.6,11.2,4.8,,,
202202,Norah Head AWS,,,12.0,5.0,4.6,10.0,6.8,5.2,0.2,,3.8,61.4,0.2,1.6,,,,6.6,,,,1.4,56.8,2.2,15.6,7.0,21.2,8.0,,,
202202,North Parramatta (Burnside Homes),,,,,,,,,,,,,,,,,,5.0,6.5,0.5,,7.0,81.0,15.5,19.0,48.0,6.5,,,,
202202,North Rocks (Muirfield Golf Club),,9.0,5.5,0.5,4.5,1.5,17.0,12.5,1.0,,5.0,1.0,14.0,0.5,,,,9.5,6.0,,,7.5,76.5,14.5,29.0,47.5,6.5,0.5,,,
202202,North Ryde Golf Club,,13.0,4.0,,7.0,,15.0,10.0,1.0,,9.0,11.0,12.0,,,,,4.0,,,,18.0,102,23.0,19.0,54.0,12.0,5.0,,,
202202,Palm Grove (Lyrebird Lane),,3.0,8.0,23.0,16.0,10.0,17.0,7.0,,,3.0,10.0,4.0,,,,,19.0,6.0,,1.0,26.0,74.0,3.0,2.0,14.0,19.0,12.0,,,
202202,Parramatta North (Masons Drive),,15.0,5.0,,3.0,0.4,1.2,16.6,0.4,,6.4,2.8,10.4,0.6,,,,8.8,4.2,,,5.8,74.0,24.0,20.0,44.0,10.0,0.4,,,
202202,Peakhurst Golf Club,,15.0,1.0,1.0,6.0,6.0,9.0,20.0,,,8.0,6.0,25.0,,,,,1.0,6.0,,,3.0,76.0,21.0,21.0,28.0,31.0,2.0,,,
202202,Penrith Lakes AWS,,16.0,1.0,,1.2,3.8,4.4,0.4,,,,2.4,6.0,0.2,,,,,1.0,0.2,1.0,23.2,,,9.0,28.6,13.4,6.8,,,
202202,Prospect Reservoir,,,,,,,,,,,,,,,,3.0,,10.0,,,,8.0,93.0,36.0,24.0,34.0,10.0,2.0,,,
202202,Putty (The Gibba),,7.0,5.0,,2.0,7.0,11.0,2.0,,,4.0,1.0,7.0,,,,,1.0,13.0,,9.0,2.0,2.0,4.0,6.0,3.0,3.0,2.0,,,
202202,Randwick (Randwick St),,8.0,5.6,9.2,14.6,1.0,22.8,17.6,8.0,,4.4,3.8,3.2,,0.1,,,1.2,0.6,,,2.8,141,64.4,23.2,45.2,36.4,8.8,,,
202202,Richmond - UWS Hawkesbury,,,,22.6,,,,4.0,,,,,,15.0,,,,0.2,,,,14.6,15.6,,12.2,,,28.0,,,
202202,Richmond RAAF,,13.8,3.0,,0.2,2.4,10.6,2.8,,,7.0,0.6,11.4,0.2,,,,2.6,0.4,0.2,6.0,5.0,17.6,5.8,6.8,11.8,13.6,3.0,,,
202202,Rose Bay (Royal Sydney Golf Club),,9.2,5.0,5.6,13.0,1.8,17.6,17.8,9.4,,4.1,10.8,4.0,,,,,1.0,0.4,0.2,,3.4,138,64.8,25.2,39.9,33.0,5.0,,,
202202,Rossmore (South Creek),,5.0,,,1.0,2.0,8.0,,,,6.0,2.0,7.0,,,,,11.0,2.0,,,3.0,53.0,25.0,41.0,38.0,32.0,8.0,,,
202202,Sans Souci (Public School),,,,,,,,,,,,,,,,,,,,,,,5.0,27.0,,,,,,,
202202,Seven Hills  (Radio FM 103.2),,12.0,2.5,,4.5,6.5,6.0,11.0,,0.5,4.0,4.0,7.5,,,,,7.5,2.0,,,5.0,79.5,20.0,23.5,28.0,5.5,0.5,,,
202202,Shanes Park (South Creek Road),,14.6,2.2,0.2,0.6,0.6,4.4,6.2,,,5.4,2.0,6.0,,,,,9.6,1.2,0.2,4.4,18.0,23.6,22.4,7.2,28.6,10.8,11.6,,,
202202,Sydney (Observatory Hill),,7.8,7.0,4.4,15.4,0.4,15.6,12.8,1.8,,5.0,5.8,12.0,,,,,0.6,0.2,,,8.2,105,44.4,24.4,49.8,22.0,13.2,,,
202202,Sydney Airport AMO,,17.0,3.0,0.6,8.6,1.4,2.4,11.8,4.8,,4.6,5.2,15.6,,,0.2,,1.0,0.2,,,3.0,137,53.4,22.6,44.8,23.0,7.8,,,
202202,Sydney Botanic Gardens,,2.2,4.6,3.2,13.4,12.0,18.0,17.8,1.6,,5.0,9.0,7.8,,,,,1.2,,,,5.6,127,48.0,28.4,28.0,20.0,11.2,,,
202202,Sydney Olympic Park AWS (Archery Centre),,19.0,3.6,0.2,4.2,0.4,9.6,6.2,1.4,,9.0,1.2,17.8,0.2,,,,4.0,5.2,0.2,,5.2,90.4,17.4,14.2,61.0,13.2,4.0,,,
202202,Terrey Hills AWS,,5.8,9.2,1.4,27.2,2.0,13.8,7.8,2.0,,32.8,15.8,11.0,,,,,3.2,4.0,,,21.2,66.8,18.2,21.8,76.6,21.2,25.2,,,
202202,Wahroonga (Ada Avenue),,12.4,10.6,,14.2,0.6,23.8,12.2,0.8,,14.4,16.6,15.6,,,,,24.2,1.2,0.2,,12.6,86.8,21.8,24.8,55.6,12.4,2.0,,,
202202,Warragamba,,16.0,1.0,,,6.0,9.0,,,,11.0,7.0,16.0,,,,,3.0,2.0,,1.0,15.0,8.0,11.0,14.0,48.0,15.0,6.0,,,
202202,Wedderburn (Booalbyn),,2.0,,,12.0,7.0,20.0,1.0,,,13.0,4.0,3.0,,,,,9.0,3.0,,4.0,3.0,26.0,27.0,12.0,45.0,18.0,8.0,,,
202202,Wyong (Kulnura (Jeavons)),,1.0,13.0,3.0,15.0,15.0,13.0,5.0,,,3.0,7.0,3.0,,,,,10.0,17.0,,,24.0,64.0,3.0,3.0,11.0,20.0,12.0,,,
202202,Wyong (Mount Elliot),,18.0,18.0,48.0,14.0,7.0,25.0,4.0,,,1.0,13.0,3.0,,,,,8.0,,,,16.0,78.0,14.0,116,43.0,11.0,9.0,,,
202202,Wyong (Olney Forest),,1.0,34.0,24.0,12.0,34.0,15.0,7.0,,,4.0,68.0,1.0,,,,,9.0,22.0,,,1.0,160,1.0,7.0,4.0,20.0,4.0,,,
202202,Yarramalong (Lewensbrook),,2.0,2.0,25.0,12.0,16.0,12.0,7.0,,,,14.0,4.0,,,,,14.0,17.0,,,46.0,101,,1.0,8.0,12.0,9.0,,,
202202,"Most values are the precipitation in the 24 hoursto9 am on the day indicated.
Days marked with → are part of a longer accumulation, which is shown on the final day.Values over  100  mm have been rounded to the nearest whole millimetre.Days marked with - have a rainfall report of zero; 
days left blank have no rainfall report (which often indicates no rain fell).",,,,,,,,,,,,,,,,,,,,,,,,,,,,,,,
202202,Rainfalls colouredaccording to the amount,0,1.0,5.0,10.0,15.0,25.0,50.0,100,150,200,300,400,600,millimetres,,,,,,,,,,,,,,,,,
202203,Abbotsbury (Fairfield (City Farm)),22.0,50.0,135,21.0,2.0,77.0,41.0,51.0,40.0,,,,,,,6.0,2.0,,10.0,1.0,,,,,9.0,8.0,13.0,23.0,6.0,16.0,2.0
202203,Abbotsford (Blackwall Point Rd),28.0,19.0,60.0,30.0,11.0,22.0,28.0,88.0,66.0,,,,0.6,,5.0,9.0,3.0,,66.0,1.0,,,,1.6,7.0,4.0,6.0,11.0,40.0,19.0,23.0
202203,Audley  (Royal National Park),19.0,42.0,29.0,33.0,14.0,23.0,27.0,75.0,30.0,,,,1.0,,,19.0,2.0,,34.0,3.0,,,,1.0,10.0,99.0,46.0,3.0,15.0,28.0,16.0
202203,Badgerys Creek AWS,31.4,40.0,146,12.6,1.8,79.4,36.2,40.8,30.8,,,0.6,0.2,,,3.8,3.4,0.2,8.0,1.8,,,,,9.8,14.0,10.6,21.8,49.6,18.4,0.6
202203,Bankstown Airport AWS,33.6,35.8,116,21.8,5.4,39.2,31.0,126,67.2,0.2,,,,2.2,,14.0,4.4,,24.2,0.4,,,,1.8,13.4,17.0,29.2,19.2,9.4,21.0,7.6
202203,Baulkham Hills Eucalyptus Ct,23.0,37.0,76.5,27.5,10.5,41.0,52.5,43.5,61.0,,,,,,2.0,3.5,10.5,,31.0,2.0,,,,2.0,7.5,4.0,26.0,26.5,14.5,22.0,13.0
202203,Belrose (Evelyn Place),27.2,43.0,60.8,31.0,6.6,63.4,42.0,76.6,128,,,,0.4,0.4,2.4,7.6,0.6,,24.6,1.2,,,,2.8,11.8,6.8,14.6,12.0,48.4,14.8,9.0
202203,Bilpin Post Office,24.0,71.2,83.0,34.0,21.0,,106,47.0,34.2,,,,,0.2,5.0,1.4,2.0,,37.0,,10.4,,0.2,10.0,14.4,13.6,,24.0,15.0,19.0,2.0
202203,Blackheath (Wombat Street),20.0,57.0,112,33.0,4.0,75.0,51.0,31.0,25.0,,,1.0,,,6.0,2.0,,2.0,7.0,5.0,,,,7.0,7.0,16.0,9.0,10.0,12.0,12.0,6.0
202203,Box Hill (McCall Gardens),8.0,43.0,116,23.0,5.0,112,42.0,39.0,41.0,,,,,,1.0,3.0,1.0,,17.0,1.0,,,,1.0,5.0,16.0,6.0,24.0,6.0,15.0,4.0
202203,Bringelly (Maryland),20.0,67.0,102,14.0,3.0,51.0,60.0,69.0,21.0,,,,,,3.0,5.0,,,8.0,,,,,1.0,6.0,19.0,10.0,9.0,24.0,12.0,
202203,Camden (Brownlow Hill),12.2,58.8,120,12.0,1.4,39.0,74.6,103,17.4,,,,,,8.6,4.0,2.6,,7.4,0.4,,,,1.2,4.4,12.4,8.2,9.4,34.0,11.4,
202203,Camden Airport AWS,17.6,52.6,120,13.4,2.0,49.8,79.4,91.8,20.0,,,,,,4.6,6.0,1.8,,10.0,0.4,,,,1.0,4.4,26.8,8.6,15.2,25.4,14.2,
202203,Campbelltown (Kentlyn (Georges River Roa,21.0,42.0,69.0,17.0,1.0,46.0,40.0,156,25.0,,,2.0,,3.0,1.0,9.0,7.0,,11.0,1.0,,,,1.0,6.0,36.0,14.0,8.0,8.0,20.0,2.0
202203,Campbelltown (Mount Annan),14.2,44.0,73.0,10.2,0.6,56.2,46.0,109,21.4,,,,0.8,,,6.6,3.4,,7.8,0.4,,,,1.4,4.8,13.6,5.4,7.2,10.0,16.0,0.2
202203,Canterbury Racecourse AWS,23.0,30.8,70.8,32.2,8.2,27.0,50.8,125,52.2,,,0.4,,7.6,0.6,13.4,6.6,,33.8,1.2,,,,2.6,11.6,25.8,21.2,12.6,22.4,29.2,17.4
202203,Castle Cove (Rosebridge Ave),24.0,23.0,62.0,33.0,16.0,38.0,52.0,82.0,181,0.2,,,2.0,1.0,3.0,5.0,3.5,,27.0,1.0,,,,1.0,23.0,11.0,12.0,14.5,70.0,21.0,12.0
202203,Castlereagh (Castlereagh Road),46.6,138,,,,,,,,,,,,,,,,,,,,,,,,,,,,,
202203,Centennial Park,28.4,17.6,47.6,9.6,8.0,20.0,31.0,142,30.4,,,,0.4,28.6,15.4,14.7,7.0,,27.0,0.4,,,,4.5,13.0,18.0,1.4,21.0,69.8,15.0,11.1
202203,Chatswood Bowling Club,30.0,22.0,51.0,28.0,10.0,25.0,41.0,81.0,113,1.0,,,1.0,1.0,2.0,10.0,1.0,,41.0,1.0,,,,1.0,17.0,12.0,16.0,15.0,49.0,17.0,14.0
202203,Collaroy (Long Reef Golf Club),21.8,27.4,30.2,10.4,28.8,33.6,48.2,120,195,1.8,0.4,,2.8,,,7.2,,,17.2,0.4,,,,3.2,13.4,9.8,4.6,8.2,58.6,22.8,19.8
202203,Colo Heights (Mountain Pines),20.6,47.2,86.0,55.0,13.0,73.6,84.4,63.2,21.2,,,,,,2.0,1.4,2.2,,5.2,8.4,,,,9.0,15.2,26.2,10.4,9.0,21.2,27.0,7.0
202203,Concord (Brays Rd),25.6,17.0,62.0,28.4,12.8,20.6,27.2,76.2,65.2,,,,0.6,0.2,4.2,14.2,5.4,,44.0,0.4,,,,1.2,4.2,2.0,5.2,16.0,27.0,20.2,25.0
202203,Concord Golf Club,29.0,18.8,63.6,32.0,14.4,21.4,38.4,71.2,74.4,,,,1.6,,4.8,16.4,6.4,,50.8,0.6,,,,,6.6,3.0,11.6,15.0,20.4,,
202203,Cooranbong (Avondale),26.0,21.0,76.0,24.0,15.0,30.0,9.0,51.0,26.0,,,,,,,3.0,,,5.0,12.0,,,,13.0,18.0,2.0,8.0,12.0,31.0,30.0,27.0
202203,Cooranbong (Lake Macquarie AWS),23.8,20.6,73.0,22.4,15.0,30.2,9.0,49.4,25.4,,,,,,0.2,2.4,0.2,,5.0,12.8,,,,13.0,18.2,2.0,7.6,12.2,29.4,29.0,25.0
202203,Darkes Forest (Kintyre),18.0,113,155,52.0,20.0,23.0,69.0,98.0,23.0,,,,1.0,,15.0,12.0,5.0,,37.0,5.0,,,,2.0,7.0,46.0,26.0,14.0,9.0,28.0,16.0
202203,Dover Heights (Portland St),29.4,19.6,42.2,11.4,6.6,20.2,22.4,133,41.0,0.4,1.4,0.4,0.4,2.4,6.6,8.8,4.0,,32.4,,,,,1.4,15.6,13.0,1.4,24.0,65.2,7.8,10.4
202203,Erskine Park Reservoir,11.0,45.0,119,19.0,6.0,97.0,44.0,41.0,32.0,,,,,,1.0,2.0,2.0,,8.0,1.0,,,,1.0,9.0,7.0,13.0,25.0,11.0,11.0,2.0
202203,Faulconbridge (Great Western Hwy),15.0,86.0,145,27.0,14.0,79.0,74.0,46.0,39.0,,,,,,11.0,7.0,3.0,,9.0,5.0,,,,3.0,15.0,13.0,15.0,24.0,7.0,12.0,1.0
202203,Faulconbridge (St Georges Crescent),15.2,88.8,129,20.2,11.0,71.8,75.6,44.8,39.0,,,,,,11.8,5.0,7.8,0.8,12.0,4.6,,,,3.4,14.4,11.8,15.6,22.4,5.2,13.0,1.4
202203,Gears (Wyong River),20.0,50.0,86.0,42.0,5.0,20.0,17.0,17.0,24.0,,,,,,1.0,9.0,,,17.0,5.0,,,,2.0,10.0,20.0,6.0,9.0,5.0,19.0,39.0
202203,Gosford AWS,21.2,37.4,72.6,49.2,11.0,12.2,56.2,74.8,42.4,,0.6,0.2,,,0.2,29.0,0.8,,48.0,2.4,,,,13.8,16.0,34.0,11.4,11.2,8.4,19.2,6.8
202203,Holsworthy Aerodrome AWS,16.4,66.8,53.8,22.0,2.0,29.8,37.8,98.0,30.2,,,,,,,13.2,3.0,,21.2,0.4,,,,2.2,7.2,27.2,37.0,11.6,4.2,27.6,5.0
202203,Holsworthy Defence AWS,18.2,56.6,69.0,23.4,3.0,43.4,39.4,126,21.4,,,,,0.8,0.4,10.0,0.8,0.2,13.4,0.8,,,,1.0,5.8,43.0,16.4,4.0,5.8,16.4,2.8
202203,Hornsby (Swimming Pool),14.0,53.0,108,41.8,9.4,34.6,60.4,87.8,116,,,,,1.0,1.6,11.2,0.2,0.2,28.4,4.2,,,,2.4,7.2,,,0.2,,1.6,
202203,Horsley Park Equestrian Centre AWS,22.6,,,23.6,2.8,80.0,,,30.0,0.2,,,,0.2,,0.4,3.6,0.2,8.2,1.0,,,,1.4,12.4,11.2,11.2,25.8,6.4,27.0,4.0
202203,Katoomba (Farnells Rd),11.4,82.0,92.0,48.6,11.6,75.0,101,51.0,36.2,,,,,,3.0,2.0,1.2,3.6,23.0,9.0,1.0,,,4.8,3.6,→,67.2,12.6,10.0,26.2,9.8
202203,Kurrajong Heights (Bells Line of Road),24.6,79.4,97.0,48.4,,94.0,53.0,36.2,41.8,→,→,→,→,→,→,→,→,→,→,45.7,,,,5.2,12.0,17.2,12.0,,13.6,18.6,2.2
202203,Lucas Heights (ANSTO),26.4,56.8,42.8,26.6,7.4,18.4,32.8,137,24.0,,→,0.1,,5.4,,13.4,,,33.0,1.0,,0.1,,0.4,9.2,67.2,21.6,4.6,8.8,18.7,11.1
202203,Macquarie Park (Willandra Village),34.2,36.6,64.6,24.4,20.0,28.2,28.2,67.0,69.8,0.2,,,0.2,,4.8,11.8,1.6,,33.6,0.3,,,,0.6,6.8,14.4,37.6,19.6,54.6,16.2,19.6
202203,Mangrove Mountain AWS,27.0,28.8,113,72.0,16.0,61.4,30.6,20.6,,,,,,,,,,,,,,,,,14.2,6.8,9.2,9.6,6.2,21.4,6.2
202203,Marrickville Golf Club,23.0,28.0,65.0,28.0,14.0,23.0,50.0,147,52.0,,,,,5.0,1.0,16.0,10.0,,28.0,1.0,,,,3.0,10.0,30.0,7.0,11.0,29.0,22.0,23.0
202203,Menangle Bridge (Nepean River),9.0,37.0,59.0,11.0,1.0,72.0,57.0,123,18.0,,,,,,,7.0,9.0,,10.0,,,,,2.0,2.0,23.0,17.0,2.0,9.0,15.0,
202203,Mona Vale Golf Club,13.4,19.6,62.2,21.2,14.6,39.6,27.4,95.2,136,,0.2,,,0.2,1.6,17.8,0.2,,28.8,0.8,,0.2,,1.6,27.0,5.4,6.0,17.8,22.8,5.2,12.0
202203,Mount Boyce AWS,18.2,47.8,88.4,30.4,3.6,70.0,46.0,24.6,21.8,,,0.4,,0.2,5.4,1.4,0.4,5.0,7.4,3.0,,,0.2,4.6,6.2,15.0,8.8,7.8,12.6,11.8,5.0
202203,Norah Head AWS,18.2,4.4,33.4,10.2,2.8,25.2,3.0,32.0,20.0,,,,1.8,6.8,3.4,6.8,2.4,,12.0,0.8,,,,2.4,30.2,0.2,17.0,7.0,56.2,36.8,22.0
202203,North Parramatta (Burnside Homes),24.0,31.5,80.0,25.0,9.5,22.0,44.0,49.0,61.0,,,,,,,4.5,21.0,,28.5,1.0,,,,1.5,5.5,3.5,33.5,29.0,17.5,50.0,12.0
202203,North Rocks (Muirfield Golf Club),24.5,33.5,62.5,26.0,6.5,25.0,45.5,49.5,63.5,,,,,,1.5,4.5,6.5,,34.5,1.5,,,,1.5,5.0,1.0,12.5,25.5,,27.5,0.5
202203,North Ryde Golf Club,27.0,32.0,54.0,22.0,18.0,30.0,27.0,74.0,62.0,,,,,,1.0,10.0,3.0,,46.0,,,,,1.0,8.0,8.0,37.0,25.0,46.0,21.0,20.0
202203,Palm Grove (Lyrebird Lane),39.0,50.0,85.0,44.0,10.0,33.0,23.0,28.0,28.0,,,,,,3.0,8.0,,,19.0,5.0,,,,5.0,16.0,10.0,5.0,6.0,7.0,24.0,11.0
202203,Parramatta North (Masons Drive),12.2,40.0,82.0,27.0,6.4,26.6,46.0,56.0,61.0,,,,,,0.8,8.2,17.0,,12.4,1.2,,,,2.0,6.0,2.6,35.2,20.6,14.0,64.0,13.0
202203,Peakhurst Golf Club,15.0,35.0,83.0,32.0,8.0,19.0,43.0,157,53.0,,,1.0,,2.0,,28.0,5.0,,39.0,,,,,2.0,10.0,,,,,,
202203,Penrith Lakes AWS,10.6,70.0,131,15.4,3.6,79.4,61.4,76.6,28.6,,,,,,8.2,5.4,3.2,0.2,4.8,3.6,,,,1.0,9.4,2.4,3.0,14.4,52.2,8.4,0.4
202203,Prospect Reservoir,15.0,31.0,94.0,19.0,3.0,81.0,45.0,40.0,48.0,,,,,1.0,2.0,5.0,7.0,,15.0,,,,,2.0,12.0,15.0,22.0,18.0,8.0,24.0,6.0
202203,Putty (The Gibba),7.0,20.0,22.0,7.0,2.0,,,,5.0,,,,,,,1.0,1.0,,,5.0,,,,7.0,18.0,17.0,9.0,8.0,14.0,8.0,2.0
202203,Randwick (Randwick St),24.0,16.0,43.2,16.2,7.0,22.6,34.0,109,57.6,,0.4,0.2,1.6,10.8,23.2,10.6,8.0,,24.6,0.2,,0.2,0.2,2.8,15.2,8.0,1.4,12.6,78.6,24.6,10.0
202203,Randwick Racecourse,23.1,18.0,41.2,15.4,6.0,17.4,28.0,,,,,,,,,,,,,,,,,,,,,,,,
202203,Richmond RAAF,6.0,39.8,126,25.8,4.0,116,44.2,40.2,28.8,,,,,,1.2,3.0,0.4,,16.4,1.2,,,,1.2,10.2,10.0,3.6,17.0,82.2,11.0,2.2
202203,Rose Bay (Royal Sydney Golf Club),32.4,24.0,44.2,16.0,7.2,22.0,24.4,133,37.8,,1.4,0.4,0.8,1.8,6.2,13.8,4.8,0.2,55.2,0.4,,,0.2,2.0,16.2,13.2,2.0,24.4,80.8,10.6,11.8
202203,Rossmore (South Creek),15.0,41.0,155,13.0,3.0,63.0,36.0,94.0,32.0,,,,,,,7.0,,,9.0,1.0,,,,1.0,12.0,19.0,31.0,26.0,14.0,12.0,
202203,Seven Hills  (Radio FM 103.2),16.5,26.0,83.0,24.5,11.0,71.5,41.0,46.0,45.0,,,,,,,1.0,5.0,,12.5,,,,,1.0,8.5,14.0,4.0,11.0,,24.0,
202203,Shanes Park (South Creek Road),14.8,51.6,145,26.4,4.2,112,43.2,55.8,35.8,,,,,,0.2,4.0,3.8,0.2,9.2,1.8,,,,1.6,7.2,3.8,6.0,17.0,21.2,5.6,2.0
202203,Sydney (Observatory Hill),34.6,25.2,50.8,19.6,8.6,33.8,31.4,95.4,50.8,0.2,,0.2,1.8,0.2,2.4,11.6,5.4,,37.0,0.4,,,,1.6,16.6,8.4,1.8,14.2,57.4,27.6,17.0
202203,Sydney Airport AMO,11.2,18.4,52.4,23.2,9.4,11.2,40.6,80.2,44.8,,,,,6.6,,20.4,7.4,,22.0,0.2,,0.8,,1.4,9.6,31.8,7.6,6.2,26.0,18.2,24.0
202203,Sydney Botanic Gardens,40.1,,81.7,14.8,9.6,26.0,31.4,106,45.0,,,0.4,,,4.1,10.5,2.8,,38.0,0.3,,,,1.2,18.0,10.7,2.4,18.2,57.6,21.2,11.6
202203,Sydney Olympic Park AWS (Archery Centre),28.6,24.4,80.6,26.8,5.8,26.8,40.0,74.6,70.8,,,,1.2,0.2,4.4,9.4,4.2,,35.6,3.2,,,,1.4,20.0,2.4,14.6,28.0,17.4,17.2,13.0
202203,Terrey Hills AWS,17.4,45.0,70.6,32.4,10.6,36.4,55.6,96.2,125,,,,,,0.4,10.8,0.4,0.2,18.0,0.4,,,,5.6,22.6,17.0,5.2,,14.4,18.6,8.8
202203,Wahroonga (Ada Avenue),14.8,56.4,91.2,44.2,14.6,34.2,62.6,78.4,137,,,,,1.4,1.0,9.0,2.0,,39.2,3.2,,,,2.6,7.4,25.4,20.8,19.4,51.0,10.4,11.4
202203,Warragamba,29.0,63.0,174,16.0,3.0,98.0,46.0,45.0,22.0,,,,,,1.0,4.0,,,11.0,1.0,,,,1.0,8.0,35.0,23.0,23.0,12.0,13.0,
202203,Wedderburn (Booalbyn),6.0,43.0,81.0,26.0,2.0,65.0,53.0,150,16.0,,,,,,,11.0,9.0,,14.0,,,,,1.0,2.0,19.0,28.0,3.0,5.0,18.0,2.0
202203,Wyong (Kulnura (Jeavons)),18.0,66.0,91.0,55.0,20.0,31.0,28.0,35.0,37.0,,,,,,2.0,7.0,,,12.0,12.0,,,,15.0,15.0,17.0,13.0,9.0,10.0,30.0,12.0
202203,Wyong (Mount Elliot),18.0,33.0,75.0,37.0,8.0,17.0,24.0,36.0,44.0,,,,1.0,,1.0,21.0,14.0,,30.0,6.0,,,,24.0,20.0,,1.0,,4.0,,5.0
202203,Wyong (Olney Forest),30.0,54.0,74.0,56.0,31.0,30.0,26.0,75.0,21.0,1.0,,,,,,3.0,,,10.0,7.0,,,,12.0,22.0,8.0,8.0,13.0,20.0,34.0,55.0
202203,"Most values are the precipitation in the 24 hoursto9 am on the day indicated.
Days marked with → are part of a longer accumulation, which is shown on the final day.Values over  100  mm have been rounded to the nearest whole millimetre.Days marked with - have a rainfall report of zero; 
days left blank have no rainfall report (which often indicates no rain fell).",,,,,,,,,,,,,,,,,,,,,,,,,,,,,,,
202203,Rainfalls colouredaccording to the amount,0,1.0,5.0,10.0,15.0,25.0,50.0,100,150,200,300,400,600,millimetres,,,,,,,,,,,,,,,,,
202204,Abbotsbury (Fairfield (City Farm)),4.0,,,,,1.0,29.0,35.0,10.0,4.0,,,,4.0,,,,,,8.0,,,5.0,,,1.0,3.0,2.0,6.0,6.0,
202204,Abbotsford (Blackwall Point Rd),13.0,1.0,,,,10.0,86.0,32.0,9.0,4.0,,2.0,,4.0,1.0,,,,,10.0,,3.4,3.0,0.8,0.2,0.6,2.0,3.6,5.0,2.6,
202204,Audley  (Royal National Park),12.0,,,,,10.0,106,61.0,25.0,1.0,,3.0,,11.0,,,1.0,,,10.0,,5.0,10.0,,13.0,2.0,1.0,11.0,4.0,4.0,
202204,Badgerys Creek AWS,1.4,,,,,2.0,32.0,18.6,8.6,17.2,,0.2,,2.4,0.2,,,,,9.4,0.2,,3.4,,,,0.8,3.2,7.0,11.8,
202204,Bankstown Airport AWS,5.6,,,,,1.8,60.2,32.2,9.0,4.8,,,,5.8,,,,0.2,,10.0,,0.4,4.6,0.4,1.6,2.4,0.8,1.8,8.4,6.4,
202204,Baulkham Hills Eucalyptus Ct,9.0,,,,,4.5,25.5,53.5,13.0,2.5,,,,1.5,,,,,,12.0,,2.0,4.0,,,1.0,0.5,2.0,5.0,2.5,
202204,Belrose (Evelyn Place),15.8,3.4,,,,2.0,119,67.0,16.0,4.0,0.6,1.2,1.0,17.8,,,,,,11.0,,9.0,8.0,1.8,3.8,3.2,4.0,3.0,8.6,0.2,
202204,Bilpin Post Office,4.2,,,,,0.2,26.6,60.2,17.0,,3.8,4.6,,3.2,,,,,,,11.0,2.0,10.0,,,1.6,3.2,1.6,1.8,3.0,
202204,Blackheath (Wombat Street),8.0,,1.0,,,1.0,10.0,66.0,37.0,7.0,2.0,,1.0,6.0,,,,,,13.0,,3.0,10.0,2.0,,2.0,4.0,14.0,1.0,10.0,
202204,Box Hill (McCall Gardens),8.0,,,,,,14.0,34.0,8.0,3.0,,,,2.0,,,,,,10.0,,2.0,2.0,,1.0,,,3.0,8.0,5.0,
202204,Bringelly (Maryland),2.0,,,,,,33.0,20.0,10.0,5.0,,1.0,,1.0,,,,,,10.0,,,,,,,1.0,7.0,4.0,10.0,
202204,Camden (Brownlow Hill),,,,,,0.8,40.4,34.4,12.0,11.4,,,,1.4,,,,,,8.6,,,2.8,,0.4,,,4.4,6.0,6.0,
202204,Camden Airport AWS,0.2,,,,,0.2,62.8,31.6,7.8,3.6,,,,1.6,,,,0.2,,8.6,,,5.4,,0.8,1.6,0.4,7.6,5.2,10.2,
202204,Campbelltown (Kentlyn (Georges River Roa,3.0,,,1.0,,2.0,69.0,28.0,17.0,15.0,,,,1.0,,,,,,10.0,,,2.0,1.0,6.0,,1.0,3.0,12.0,6.0,
202204,Campbelltown (Mount Annan),2.4,,0.2,,,2.4,77.4,26.2,9.4,3.8,0.2,0.2,0.2,2.0,,,,,,8.0,,,3.8,0.2,2.2,2.0,,3.0,5.8,8.6,
202204,Canterbury Racecourse AWS,8.8,0.4,,,,12.4,85.4,33.0,11.8,5.0,0.2,0.2,,7.6,0.2,,,,,9.0,,6.4,5.8,0.2,2.6,0.4,1.4,4.0,5.8,2.2,
202204,Castle Cove (Rosebridge Ave),15.0,7.5,,,,2.0,96.0,61.0,7.0,6.0,,,3.0,19.0,,,,,,11.0,,12.0,14.0,0.5,1.0,2.5,1.8,6.0,8.0,,
202204,Centennial Park,21.4,4.0,,,,19.5,163,33.0,11.0,2.0,,1.0,2.6,13.5,0.4,,0.1,,,10.8,,5.0,21.0,1.2,1.2,0.2,3.8,21.8,7.2,,
202204,Chatswood Bowling Club,11.0,,,,,9.0,98.0,50.0,15.0,4.0,,1.0,,17.0,,,,,,10.0,,7.0,7.0,,1.0,2.0,1.0,4.0,8.0,5.0,
202204,Collaroy (Long Reef Golf Club),21.8,3.0,,,,8.2,83.2,65.6,4.2,4.6,,1.4,3.6,46.8,1.6,,,,,10.2,,7.2,11.2,1.0,3.2,6.4,6.4,7.6,5.2,,
202204,Colo Heights (Mountain Pines),1.0,4.2,0.8,,,,3.2,73.4,3.4,1.4,,4.0,,2.4,0.2,,,,,10.0,,2.0,4.0,1.8,0.4,,1.0,12.8,,3.2,
202204,Concord (Brays Rd),6.8,2.0,,,,7.0,84.6,35.6,12.0,6.0,0.4,,,4.8,,,,,,10.4,,2.8,2.4,1.6,,2.8,1.8,2.0,5.4,1.6,
202204,Concord Golf Club,9.4,0.4,,,,7.0,85.2,34.2,11.8,6.8,,,,2.4,,,,,,9.6,,6.0,3.6,2.8,,3.2,1.8,,,,
202204,Cooranbong (Avondale),5.0,,,,,,1.0,66.0,7.0,3.0,,,9.0,6.0,,,,,,2.0,,7.0,4.0,5.0,1.0,1.0,,1.0,3.0,,
202204,Cooranbong (Lake Macquarie AWS),5.6,,,,,,0.8,62.8,7.4,3.0,0.2,,8.6,6.0,0.2,,,,,1.4,,6.6,4.4,4.6,2.0,0.2,0.4,1.4,2.0,,
202204,Darkes Forest (Kintyre),24.0,,,,,17.0,207,72.0,52.0,4.0,,,,4.0,1.0,,,,,9.0,,2.0,21.0,1.0,15.0,3.0,5.0,15.0,7.0,6.0,
202204,Dover Heights (Portland St),31.2,2.2,,,,17.2,190,42.6,7.0,5.2,,0.4,26.2,18.6,,,,,,10.4,,13.2,13.2,1.6,1.6,1.0,3.8,16.2,8.8,,
202204,Erskine Park Reservoir,1.0,,,,,1.0,16.0,26.0,7.0,6.0,,1.0,,,,,,,,11.0,,,3.0,,,,3.0,3.0,6.0,7.0,
202204,Faulconbridge (Great Western Hwy),2.0,,,,,5.0,25.0,52.0,20.0,4.0,,1.0,,2.0,,,,,,9.0,,,11.0,2.0,,,1.0,9.0,2.0,2.0,
202204,Faulconbridge (St Georges Crescent),2.6,,,,,0.4,24.8,49.8,21.0,2.5,0.2,1.4,2.6,,,,,,,8.8,,0.6,11.4,2.2,0.4,0.4,,9.4,1.6,,
202204,Gears (Wyong River),3.0,,,,,,,56.0,4.0,2.0,,,4.0,13.0,,,,,,2.0,,3.0,1.0,,,2.0,,2.0,4.0,1.0,
202204,Gosford AWS,11.8,3.0,,,,0.6,1.0,82.4,6.8,2.8,,0.2,36.0,9.0,,,,,,5.8,,25.2,12.4,3.6,1.4,6.6,0.4,3.6,12.4,0.2,
202204,Holsworthy Aerodrome AWS,4.6,,,,,1.8,44.8,19.4,10.2,7.6,,,,4.2,0.2,,0.2,,,11.0,,,3.2,,4.4,0.2,1.2,2.4,7.2,4.4,
202204,Holsworthy Defence AWS,6.4,,,,,2.4,68.8,34.4,25.0,8.2,,0.6,,,0.2,,0.2,0.2,,11.2,,,5.2,0.8,9.8,0.6,1.2,3.4,10.4,5.6,
202204,Hornsby (Swimming Pool),0.4,,,,,,22.8,66.8,13.2,5.0,,1.8,,8.4,0.2,,,,,9.0,,2.8,2.2,,0.6,0.6,,2.6,8.8,7.2,
202204,Horsley Park Equestrian Centre AWS,4.2,,0.4,,,2.2,21.0,38.0,9.8,18.2,0.2,,0.2,2.4,,,,,0.2,9.4,,,5.2,0.8,0.6,,1.0,3.4,6.6,0.2,
202204,Katoomba (Farnells Rd),10.2,,0.4,,,0.4,0.4,93.8,29.0,7.2,0.4,2.2,→,15.4,,,,,,12.4,,2.0,12.8,2.0,0.8,1.6,2.0,12.2,→,10.4,
202204,Kurrajong Heights (Bells Line of Road),3.8,,,,,1.8,39.0,60.4,→,27.2,0.5,2.8,0.3,1.0,,,0.8,,,10.6,,,9.4,0.6,→,→,1.4,→,15.6,1.0,
202204,Lucas Heights (ANSTO),9.0,,,,,2.7,96.0,47.0,17.2,5.4,,0.6,,3.8,,,0.1,,,11.2,,1.4,2.0,0.3,9.0,1.2,1.4,5.0,6.6,,
202204,Mangrove Mountain AWS,7.6,1.0,0.2,,,0.2,11.0,67.4,9.2,3.0,,1.2,3.2,6.0,,0.2,,,,5.4,,7.2,9.2,0.6,0.4,3.0,0.4,5.2,4.4,,
202204,Marrickville Golf Club,11.0,,,,,12.0,111,29.0,7.0,,1.0,,,9.0,,,,,,9.0,,6.0,7.0,1.0,3.0,,1.0,7.0,5.0,2.0,
202204,Menangle Bridge (Nepean River),1.0,,,,,1.0,75.0,29.0,18.0,8.0,,1.0,,1.0,,,,1.0,,9.0,,,5.0,1.0,13.0,2.0,,2.0,7.0,7.0,
202204,Mona Vale Golf Club,8.0,5.4,,,0.2,,48.8,74.0,9.4,2.0,0.4,3.8,10.2,37.6,0.6,,0.4,0.2,0.4,11.8,,6.4,20.2,0.2,,10.8,2.0,3.6,4.6,0.6,
202204,Mount Boyce AWS,6.8,,0.4,0.2,,,9.4,68.0,23.2,5.4,2.4,0.2,0.2,5.4,0.2,0.2,,,0.2,9.8,,2.6,7.8,2.2,,1.6,3.2,14.4,0.2,8.8,
202204,Norah Head AWS,4.6,4.4,8.8,,,,2.4,11.2,11.2,15.4,2.0,0.8,1.6,0.6,0.6,0.2,,0.2,0.2,,0.4,,0.2,,0.2,0.2,0.2,,,0.2,
202204,North Parramatta (Burnside Homes),7.0,0.5,,,,1.5,54.0,51.0,10.5,4.5,,1.0,,1.5,,,,,,8.5,0.5,2.5,4.5,0.5,,1.5,0.5,2.0,5.0,2.5,
202204,North Rocks (Muirfield Golf Club),,,,,,0.5,40.0,58.0,13.0,6.5,,0.5,,1.5,,,,,,10.0,,2.5,3.0,0.5,0.5,1.0,0.5,2.0,5.5,2.0,
202204,North Ryde Golf Club,11.0,,,,,3.0,84.0,48.0,9.0,4.0,,1.0,,6.0,,,,,,9.0,,2.0,6.0,,,4.0,,2.0,7.0,3.0,
202204,Palm Grove (Lyrebird Lane),9.0,1.0,,,,,7.0,19.0,,,,,,,,,,,,,,,,,,,,,,,
202204,Parramatta North (Masons Drive),8.0,1.0,,,,2.0,55.0,32.0,10.4,6.4,,1.6,,2.0,0.2,,,,,8.4,,5.2,2.2,0.4,0.4,1.8,1.2,1.6,6.8,1.0,
202204,Peakhurst Golf Club,,,,,,,63.0,26.0,9.0,,,,,11.0,,1.0,,,,11.0,,5.0,6.0,,5.0,1.0,,4.0,7.0,5.0,
202204,Penrith Lakes AWS,3.2,,,,,1.6,11.6,39.6,11.8,2.0,,,0.2,0.4,,,,,,10.2,,1.2,4.2,1.0,,0.2,0.6,5.0,8.2,2.4,
202204,Prospect Reservoir,5.0,,,,,2.0,29.0,41.0,7.0,10.0,,,,3.0,,,,,,10.0,,2.0,4.0,,1.0,,2.0,3.0,6.0,7.0,
202204,Putty (The Gibba),6.0,,,,,,1.0,32.0,2.0,1.0,,1.0,,5.0,,,,,,7.0,,,1.0,1.0,,1.0,,11.0,3.0,3.0,
202204,Randwick (Randwick St),25.2,3.2,,,,16.8,155,30.8,6.6,2.2,,1.2,6.8,16.0,0.8,,,,,11.0,,6.4,15.0,1.0,1.6,0.2,2.6,13.6,6.8,3.0,
202204,Richmond RAAF,4.2,,,,,,21.8,31.6,10.0,1.8,0.2,0.8,,0.2,,0.2,,,0.2,9.8,0.2,2.4,3.8,,0.2,,0.2,5.0,10.0,4.4,
202204,Rose Bay (Royal Sydney Golf Club),29.4,1.8,,,,18.0,167,37.4,9.6,3.0,,1.0,32.0,13.0,,,,,,10.2,,11.6,11.2,2.0,1.0,2.2,3.8,14.8,7.4,2.2,
202204,Rossmore (South Creek),1.0,,,,,1.0,36.0,30.0,10.0,9.0,,1.0,,2.0,,,,,,12.0,,,4.0,,,,1.0,4.0,12.0,10.0,
202204,Seven Hills  (Radio FM 103.2),2.5,,,,,2.5,21.0,38.5,10.0,3.0,,,,1.0,,,,,0.5,9.0,,3.5,4.0,,0.5,,0.5,2.0,4.0,6.5,
202204,Shanes Park (South Creek Road),1.2,0.6,0.4,1.0,,,1.4,0.6,55.0,0.6,0.2,0.2,0.4,,,,,,,0.4,0.4,0.4,0.2,0.2,0.2,0.2,0.2,0.2,,0.4,
202204,Sydney (Observatory Hill),20.0,3.8,,,,12.0,115,37.2,9.2,2.4,0.2,0.8,,15.4,0.2,,,,,11.6,,6.0,14.6,1.2,0.6,1.0,1.6,4.2,6.6,3.8,
202204,Sydney Airport AMO,15.4,1.2,,,,8.2,125,24.4,4.4,1.2,0.2,0.8,0.2,15.6,,,,,,9.2,0.2,7.6,9.4,0.4,3.6,0.8,0.6,11.8,4.4,2.4,
202204,Sydney Olympic Park AWS (Archery Centre),7.8,0.4,,,,3.6,69.8,38.6,11.4,4.4,0.2,,,1.4,,,,,,6.4,,8.6,2.0,1.2,0.2,2.6,0.6,1.4,5.2,1.4,
202204,Terrey Hills AWS,17.8,2.6,,,,2.0,39.6,83.8,15.2,5.6,0.2,1.0,1.2,12.0,,,,,,12.0,,8.0,16.4,0.4,0.8,4.8,1.2,3.2,6.6,0.2,
202204,Wahroonga (Ada Avenue),7.0,1.6,,,,1.4,79.0,65.2,19.4,5.0,0.4,5.0,,12.2,0.4,,0.2,0.2,0.2,9.8,,5.4,4.6,0.4,2.8,1.2,0.4,2.6,9.2,9.0,
202204,Warragamba,1.0,,,,,6.0,21.0,29.0,16.0,7.0,,,,4.0,,,,,,8.0,,,5.0,1.0,,,1.0,6.0,1.0,3.0,
202204,Wedderburn (Booalbyn),6.0,,,,,4.0,101,35.0,20.0,5.0,,,,,,1.0,,,,11.0,,,10.0,1.0,16.0,1.0,1.0,4.0,8.0,7.0,
202204,Wyong (Kulnura (Jeavons)),3.0,,,,,,,43.0,11.0,1.0,,4.0,4.0,10.0,,,,,,5.0,,5.0,4.0,,1.0,1.0,,4.0,6.0,2.0,
202204,Wyong (Mount Elliot),16.0,4.0,,,,,3.0,92.0,6.0,3.0,,,18.0,13.0,,,,,,4.0,,26.0,18.0,7.0,,,,,,,
202204,Wyong (Olney Forest),5.0,,,,,,,91.0,9.0,1.0,,,7.0,5.0,,,,,,4.0,,12.0,4.0,7.0,1.0,,1.0,3.0,4.0,,
202204,Yarramalong (Lewensbrook),7.0,,,,,,1.0,63.0,9.0,5.0,,,,17.0,,,,,,5.0,,5.0,2.0,,1.0,1.4,,4.0,5.0,2.0,
202204,"Most values are the precipitation in the 24 hoursto9 am on the day indicated.
Days marked with → are part of a longer accumulation, which is shown on the final day.Values over  100  mm have been rounded to the nearest whole millimetre.Days marked with - have a rainfall report of zero; 
days left blank have no rainfall report (which often indicates no rain fell).",,,,,,,,,,,,,,,,,,,,,,,,,,,,,,,
202204,Rainfalls colouredaccording to the amount,0,1.0,5.0,10.0,15.0,25.0,50.0,100,150,200,300,400,600,millimetres,,,,,,,,,,,,,,,,,
202205,Abbotsbury (Fairfield (City Farm)),1.0,,,,,,,,,1.0,20.0,16.0,8.0,,1.0,,,,,,12.0,11.0,3.0,8.0,,,,,,,3.0
202205,Abbotsford (Blackwall Point Rd),2.0,,,,0.5,,,,,6.0,25.0,25.0,4.0,0.6,,0.4,,,,1.4,18.0,27.0,10.0,14.0,5.0,,,,0.2,,5.0
202205,Audley  (Royal National Park),1.0,,,,,1.0,,,2.0,22.0,7.0,24.0,18.0,,,1.0,,,,,35.0,7.0,27.0,16.0,8.0,,,,,,6.0
202205,Badgerys Creek AWS,0.2,0.2,,,0.8,,0.4,,,1.0,12.4,13.0,7.0,,0.2,,,,,,9.0,3.4,,1.2,,0.2,,,,,3.0
202205,Bankstown Airport AWS,1.4,,,,1.0,,,,,5.0,18.8,28.0,7.6,0.4,,0.2,0.2,,,0.2,19.8,3.8,9.2,10.4,1.0,,0.2,0.2,,,4.4
202205,Baulkham Hills Eucalyptus Ct,3.0,,,,1.0,0.5,,,,5.5,19.0,13.5,5.5,,,,,,,0.5,11.5,3.5,5.0,,0.5,,,0.5,0.5,,5.0
202205,Belrose (Evelyn Place),6.2,,,,0.8,,,,1.6,6.2,21.4,30.4,7.2,1.6,,0.2,,,,2.0,4.6,4.8,25.2,24.6,4.6,0.2,,0.2,0.6,,4.0
202205,Blackheath (Wombat Street),1.0,1.0,,,6.0,,,,,8.0,14.0,26.0,9.0,,1.0,,,,,,15.0,8.0,8.0,7.0,1.0,1.0,,2.0,,,7.0
202205,Box Hill (McCall Gardens),2.0,,,1.0,1.0,,,,,2.0,3.0,9.0,8.0,1.0,,,,,,,4.0,4.0,5.0,1.0,,,1.0,,,,4.0
202205,Bringelly (Maryland),,,,,1.0,3.0,,,,1.0,11.0,21.0,8.0,,,,,,,,6.0,5.0,,5.0,1.0,,,,,,5.0
202205,Camden (Brownlow Hill),0.4,,,,2.2,,,,,5.2,11.2,23.4,8.2,→,0.2,0.4,,,,,5.4,3.0,1.0,4.4,,,,,,,
202205,Camden Airport AWS,0.2,,,0.2,2.0,,,,,5.6,7.8,24.0,9.2,,,0.4,,,,,7.8,3.6,,8.8,1.4,,0.2,0.2,,,5.8
202205,Campbelltown (Kentlyn (Georges River Roa,,1.0,,,,4.0,,,2.0,3.0,1.0,32.0,12.0,,,,,,,,12.0,8.0,2.0,6.0,,,1.0,,,,4.0
202205,Campbelltown (Mount Annan),0.4,,,,0.8,6.4,,,0.4,5.6,1.8,29.0,6.4,0.2,,,,,,,10.2,4.2,0.2,11.0,0.6,,,0.2,,,5.8
202205,Canterbury Racecourse AWS,1.8,,,,0.6,,,,0.6,10.8,12.0,24.8,4.4,0.4,0.2,,,,,,11.2,5.0,2.8,20.8,1.0,,0.2,,,0.2,6.0
202205,Castle Cove (Rosebridge Ave),7.5,,,,0.5,,,,2.0,4.5,24.0,28.0,7.5,1.5,,0.2,,,,2.0,16.0,10.0,35.0,23.0,3.8,,,,,,6.5
202205,Centennial Park,6.4,0.2,,,0.2,,,,4.8,9.0,2.8,28.0,9.8,0.4,0.2,,,,,6.2,27.0,19.7,19.6,58.8,12.7,1.0,,,,,4.6
202205,Chatswood Bowling Club,3.0,,,,,,,,2.0,2.0,29.0,22.0,4.0,1.0,,,,,,4.0,6.0,11.0,7.0,22.0,1.0,,,,,,5.0
202205,Collaroy (Long Reef Golf Club),3.4,,,,,,,,2.2,17.2,16.2,19.4,7.2,,,,,,,4.2,2.2,1.2,45.0,59.2,10.8,0.4,,,,,3.4
202205,Colo Heights (Mountain Pines),0.8,0.2,0.2,0.2,2.4,1.0,,,,1.2,7.4,13.2,8.4,0.2,0.2,0.2,,,,,0.6,0.8,20.4,0.2,2.0,,,0.6,,,5.2
202205,Concord (Brays Rd),2.6,,,,0.4,,,,,9.6,29.0,29.4,3.2,0.6,,0.2,,,,0.4,18.2,19.6,8.6,13.2,5.4,,,,,,4.4
202205,Concord Golf Club,3.2,,,,1.0,,,,,14.0,26.0,27.0,4.8,0.2,,,,,,,18.2,12.6,7.0,16.8,,,,,,,
202205,Cooranbong (Avondale),3.0,,,,2.0,9.0,,1.0,,5.0,14.0,15.0,5.0,5.0,,1.0,,,,2.0,2.0,2.0,24.0,6.0,5.0,,1.0,,,,5.0
202205,Cooranbong (Lake Macquarie AWS),3.4,,0.2,,0.8,9.8,0.2,,,5.0,15.2,13.8,4.2,5.2,0.2,,0.4,,,2.2,2.2,1.0,22.8,6.0,5.6,,0.2,,0.2,0.2,4.6
202205,Darkes Forest (Kintyre),,,,,1.0,3.0,,,1.0,11.0,32.0,29.0,13.0,,,1.0,,,,,18.0,19.0,6.0,32.0,13.0,,,,,,7.0
202205,Dover Heights (Portland St),2.6,,,,,1.0,,,2.0,19.4,3.4,31.6,12.4,1.0,,,,,,4.6,24.6,8.8,14.8,36.4,,,,,,,
202205,Erskine Park Reservoir,,,,,1.0,,,,,,8.0,14.0,7.0,,,1.0,,,,,10.0,13.0,3.0,3.0,,,,,,,5.0
202205,Faulconbridge (Great Western Hwy),1.0,,,,1.0,,,,,3.0,8.0,18.0,9.0,,,,,,,,11.0,5.0,7.0,3.0,1.0,,,,,,4.0
202205,Faulconbridge (St Georges Crescent),0.2,,,,1.6,,,,0.2,3.2,8.6,18.8,9.8,,0.2,,,,,,8.0,6.2,5.4,3.0,0.4,,,0.4,,,5.0
202205,Gears (Wyong River),1.0,,,,,4.0,,,,,29.0,10.0,8.0,5.0,,,,,,,,16.0,25.0,4.0,,,,,8.0,,
202205,Gosford AWS,2.0,,,0.2,,1.4,,,,15.6,24.6,14.0,6.8,4.0,0.2,0.2,,,,,0.2,9.2,24.2,22.2,1.0,0.2,0.2,,0.4,,3.2
202205,Holsworthy Aerodrome AWS,1.2,,0.2,,0.4,0.2,,,0.8,4.6,5.6,29.8,7.4,,0.2,0.2,0.2,,,,14.4,3.0,9.0,4.8,0.8,0.2,,,0.2,,3.6
202205,Holsworthy Defence AWS,0.6,0.2,,0.2,0.4,2.0,,,1.0,7.6,2.8,31.0,11.0,0.2,,0.4,,,,,19.4,9.4,3.0,5.0,1.0,,0.4,0.2,,,4.6
202205,Hornsby (Swimming Pool),3.6,,,,0.2,,,,,3.4,11.8,15.8,3.4,0.6,,0.2,,,,0.2,1.8,7.4,22.8,2.2,5.2,0.2,0.2,,,,3.4
202205,Horsley Park Equestrian Centre AWS,0.4,,0.2,,0.8,,,,,1.6,17.4,16.6,9.4,0.2,,0.4,,,,,20.4,7.0,3.6,5.4,0.2,0.2,,0.2,,,4.0
202205,Katoomba (Farnells Rd),0.4,0.2,,,4.4,,,,0.4,11.0,18.4,26.8,10.2,0.2,1.2,0.2,,,,,17.8,→,→,→,12.8,0.2,0.2,0.6,,,4.2
202205,Kurrajong Heights (Bells Line of Road),1.8,,,,,,,,,4.6,→,→,→,→,→,37.4,,,,,4.2,10.0,9.4,3.2,3.6,,,0.6,,,
202205,Lucas Heights (ANSTO),1.2,,,,0.6,1.4,,,3.0,7.9,2.8,31.0,11.2,0.1,,0.4,,,,,22.0,7.8,17.2,10.8,3.8,0.7,,0.1,,,
202205,Mangrove Mountain AWS,5.8,,,0.2,,0.8,0.2,,,4.4,21.0,12.6,10.4,2.6,,0.2,,,0.2,,0.8,4.4,17.2,4.0,0.6,,,0.2,3.2,,
202205,Marrickville Golf Club,2.0,,,,1.0,,,,1.0,11.0,15.0,30.0,13.0,,,,,,,3.0,31.0,9.0,5.0,50.0,2.0,,,,,,5.0
202205,Menangle Bridge (Nepean River),,,,,2.0,,,,,2.0,1.0,31.0,8.0,,,1.0,,,,,5.0,1.0,,2.0,1.0,4.0,,,,,9.0
202205,Mona Vale Golf Club,2.6,0.2,0.4,0.4,0.2,0.2,,,0.6,18.8,26.6,30.6,13.0,2.4,0.4,0.4,,,,0.4,1.8,4.4,31.8,16.6,14.8,0.4,0.4,0.4,0.2,,4.2
202205,Mount Boyce AWS,1.0,0.2,,0.2,5.2,,0.2,,0.2,7.4,14.6,21.6,9.6,,0.6,0.2,,,,,17.6,7.2,8.0,7.8,1.2,,0.2,2.2,0.4,,6.4
202205,Norah Head AWS,0.2,,,0.2,0.2,,,0.2,,0.2,,,0.2,,0.8,0.4,,,,2.0,12.8,,36.2,29.0,1.4,6.2,0.2,0.2,6.0,,3.6
202205,North Parramatta (Burnside Homes),3.0,,,,1.0,,,,,6.5,25.0,18.5,4.5,,3.5,,,,,1.0,11.5,6.5,2.0,1.0,0.5,,,0.5,,,3.5
202205,North Rocks (Muirfield Golf Club),3.5,,,,1.0,,,,,3.0,22.5,18.5,4.5,0.5,,,,,,0.5,10.5,6.0,3.0,1.0,,,,0.5,,,6.0
202205,North Ryde Golf Club,2.0,,,,1.0,,,,,1.0,19.0,24.0,3.0,,,1.0,,,,2.0,17.0,15.0,7.0,13.0,2.0,,1.0,,,,6.0
202205,Palm Grove (Lyrebird Lane),,,,,,,,,,,,,,,,,,,,,,,,,,,,,,,
202205,Parramatta North (Masons Drive),1.8,,,,0.6,,,,0.2,6.8,18.0,23.0,6.8,0.2,,0.4,,,,0.2,14.2,5.4,4.8,3.4,0.8,,,,0.6,,4.2
202205,Peakhurst Golf Club,2.0,,,,1.0,,,,1.0,19.0,4.0,30.0,6.0,1.0,,,,,,1.0,23.0,8.0,20.0,33.0,3.0,,1.0,,,,5.0
202205,Penrith Lakes AWS,0.2,,0.2,,1.2,,,,,3.2,4.2,11.6,7.2,0.2,0.2,0.4,,,,,5.2,4.4,2.2,0.2,0.2,,,0.4,,,3.8
202205,Prospect Reservoir,1.0,,,1.0,1.0,,,,,2.0,18.0,17.0,7.0,,,1.0,,,,,5.0,5.0,3.0,2.0,1.0,,,,,,5.0
202205,Putty (The Gibba),1.0,,,,2.0,,,,,3.0,12.0,7.0,8.0,,,,,1.0,,,,1.0,2.0,,2.0,,,,1.0,,4.0
202205,Randwick (Randwick St),3.6,,,,0.4,,,,3.4,11.2,1.4,31.0,12.2,0.8,0.2,0.4,,,,7.6,25.2,10.4,23.6,71.8,20.8,0.4,0.2,,,,5.4
202205,Richmond - UWS Hawkesbury,,,,,,,,,,,8.8,20.0,,,,,,,,,,→,10.0,,,,,,→,5.8,
202205,Richmond RAAF,1.8,0.2,,0.2,1.0,0.2,,,,1.0,7.0,12.4,10.0,,0.2,0.2,,,,,2.4,4.0,9.8,0.6,0.4,0.2,,0.2,0.6,0.2,2.4
202205,Rose Bay (Royal Sydney Golf Club),2.6,,,,0.4,,,,3.6,17.2,4.6,32.0,14.0,1.0,0.2,,,,,5.0,27.0,9.8,17.4,39.0,11.4,,0.2,,,,4.2
202205,Rossmore (South Creek),,,,,1.0,,,,,2.0,12.0,19.0,8.0,1.0,,,,,,,8.0,2.0,1.0,1.0,1.0,,,,,,
202205,Sans Souci (Public School),,,,,,,,,,24.0,,26.0,11.0,,,,,,,2.0,20.0,8.0,31.0,29.0,5.0,,,,,,5.0
202205,Seven Hills  (Radio FM 103.2),1.0,0.5,,,1.0,,,,,3.5,19.5,12.5,7.5,,,0.5,,,,,4.0,1.5,6.0,1.0,,0.5,,0.5,,,5.0
202205,Shanes Park (South Creek Road),,0.2,0.2,0.2,0.2,0.2,,0.2,,,0.2,,0.4,0.2,0.2,,,0.2,,0.2,,,0.4,,,0.2,,,,,
202205,Sydney (Observatory Hill),3.0,,,,,,,,0.4,6.4,26.4,31.4,9.0,0.4,0.2,0.2,,,,4.4,28.2,22.8,15.0,30.8,5.0,,,,,,3.6
202205,Sydney Airport AMO,1.8,,,,0.4,,,,2.0,15.0,3.4,24.4,9.4,0.4,,,,,,5.8,43.6,5.4,8.2,59.0,4.2,0.4,,,,,5.2
202205,Sydney Botanic Gardens,7.1,,,,,0.2,,,1.0,8.6,19.4,42.0,10.1,7.0,0.2,0.2,,,,4.8,27.2,35.7,23.6,33.4,8.4,,,,0.2,,4.4
202205,Sydney Olympic Park AWS (Archery Centre),3.0,,,,0.4,,,,,12.8,21.0,22.4,3.4,0.2,,,,,,,14.2,10.0,4.2,11.6,1.0,,,,,,3.4
202205,Terrey Hills AWS,4.4,,0.2,,0.6,0.2,,,0.2,9.4,20.4,19.6,4.4,1.4,0.2,0.2,,,,,4.6,7.2,30.2,17.2,6.2,0.2,,0.4,0.2,,2.4
202205,Wahroonga (Ada Avenue),4.2,0.2,0.2,0.2,0.4,,,,1.2,5.6,20.4,23.8,4.8,0.8,0.2,0.4,,,,0.6,5.2,12.6,16.2,4.4,1.8,0.2,0.2,0.2,0.2,0.2,4.0
202205,Warragamba,,,,,3.0,,,,,4.0,13.0,19.0,9.0,,,1.0,,,,,11.0,5.0,,1.0,1.0,,,1.0,,,3.0
202205,Wedderburn (Booalbyn),,1.0,,,1.0,2.0,,,1.0,1.0,5.0,24.0,10.0,1.0,,,,,,,8.0,3.0,1.0,6.0,1.0,3.0,,,,,7.0
202205,Wyong (Kulnura (Jeavons)),5.0,,,,,6.0,,,,3.0,10.0,14.0,11.0,3.0,,,,,,,,2.0,13.0,4.0,1.0,,,,,,4.0
202205,Wyong (Olney Forest),6.0,,,,4.0,3.0,,,,2.0,19.0,21.0,7.0,7.0,,1.0,,,,1.0,4.0,4.0,11.0,2.0,1.0,,,,2.0,,5.0
202205,Yarramalong (Lewensbrook),4.0,,,,,6.6,,,,3.6,32.0,13.2,10.0,5.0,,,,,,,,16.0,21.0,7.4,2.0,,,,5.0,,
202205,"Most values are the precipitation in the 24 hoursto9 am on the day indicated.
Days marked with → are part of a longer accumulation, which is shown on the final day.Values over  100  mm have been rounded to the nearest whole millimetre.Days marked with - have a rainfall report of zero; 
days left blank have no rainfall report (which often indicates no rain fell).",,,,,,,,,,,,,,,,,,,,,,,,,,,,,,,
202205,Rainfalls colouredaccording to the amount,0,1.0,5.0,10.0,15.0,25.0,50.0,100,150,200,300,400,600,millimetres,,,,,,,,,,,,,,,,,
202206,Abbotsbury (Fairfield (City Farm)),,,,,,,,,,,,,,,,,,,,2.0,,,,,,,,,,,
202206,Abbotsford (Blackwall Point Rd),,,,0.1,,1.0,,,,,,,,,,,,,0.5,3.0,,,,,,,,0.4,,,
202206,Audley  (Royal National Park),,,,,,1.0,,,,,,,,,,,,,,22.0,,1.0,,,,,,1.0,1.0,,
202206,Badgerys Creek AWS,2.0,,,0.6,,,,,,,,,,,,,,,,1.6,,,,,,,,,,,
202206,Bankstown Airport AWS,0.4,,,0.2,0.2,,,,,,,,,,,,,,,3.4,,0.2,,0.2,,,,,,,
202206,Baulkham Hills Eucalyptus Ct,,,,,,,,,,,,,,,0.5,,,,,1.5,,1.0,,,,,,,,,
202206,Belrose (Evelyn Place),0.2,,,0.6,,0.4,,,,,,,,,,,,,0.6,5.0,0.4,0.8,,,,,,2.8,1.0,,
202206,Berambing,,,,,,5.2,,,,,,,,,,,,,,,,,,,,,,,,,
202206,Bilpin Post Office,2.0,,,,,1.4,,1.0,,,,,,,,,,,,6.4,,,2.0,0.2,,,,,,,
202206,Blackheath (Wombat Street),2.0,1.0,,,,2.0,,1.0,,,,,,,,,,1.0,,1.0,2.0,1.0,,,,,,,1.0,,
202206,Box Hill (McCall Gardens),,,,,,,,,,,,,,,,,,,,,,1.0,1.0,,,,,,,,
202206,Bringelly (Maryland),,,,1.0,,,,,,,,,,,,,,,,3.0,1.0,4.0,,,,,,,,,
202206,Camden (Brownlow Hill),,,,,,,,,,,,,,,,,,,0.1,,1.4,,,,,,,,,,
202206,Camden Airport AWS,0.2,,,0.2,,0.2,,,,,,,,,,,,,,1.8,0.2,1.6,,,,,,,,,
202206,Campbelltown (Kentlyn (Georges River Roa,,,,1.0,,,,,,,,,,,,,,,,2.0,,1.0,1.0,,,,,,,,
202206,Campbelltown (Mount Annan),0.2,,,0.4,,0.4,,,,,,,,,0.2,,,,,2.4,,1.6,0.2,,,,,,,,
202206,Canterbury Racecourse AWS,0.2,,,,0.2,0.2,,,,,,,,,,,,,,2.2,0.6,,,,,,,0.4,0.2,,
202206,Castle Cove (Rosebridge Ave),,,,,,0.2,,,,,,,,,,,,,0.5,9.0,,1.5,,,,,,3.0,1.0,,
202206,Castlereagh (Castlereagh Road),0.3,,0.9,,,,,,,,,,,,,,,,,,,,,,,,,,,,
202206,Centennial Park,,,,,,0.5,,,,,,,,,,,,,1.6,13.9,0.8,,,,,,,4.6,1.4,,
202206,Chatswood Bowling Club,,,,,,,,,,,,,,,,,,,,7.0,1.0,4.0,,,,,,,1.0,,
202206,Collaroy (Long Reef Golf Club),,,,,,,,,,,,,,,,,,,1.8,26.4,1.0,0.8,,,,,,2.2,3.8,,
202206,Colo Heights (Mountain Pines),0.8,,,1.0,,1.4,,0.3,,,,,,,,,,,,0.8,,2.0,,,,,,0.2,,,
202206,Concord (Brays Rd),0.2,,,0.2,,1.0,,,,,,,,,,,,,,4.0,,0.4,,,,,,,0.2,,
202206,Concord Golf Club,,,,0.6,,1.0,,,,,,,,,,,,,,3.0,,0.4,,,,,,,,,
202206,Cooranbong (Avondale),,,,,,,,,,,,,,,,,,,,4.0,,,,,,,,,2.0,,
202206,Cooranbong (Lake Macquarie AWS),,,,3.8,,,,,,,,,,,,,,,0.6,3.4,0.2,,,0.2,,,0.2,,2.4,0.2,
202206,Darkes Forest (Kintyre),,,,,,1.0,,,,,,,,,,,,,,23.0,1.0,,,,,,,,,,
202206,Dover Heights (Portland St),,,,,,,,,,,,,,,,,,,5.2,21.6,0.6,,,,,,,4.2,2.0,,
202206,Erskine Park Reservoir,,,,,,,,,,,,,,,,,,,,1.0,,1.0,,,,,,,,,
202206,Faulconbridge (Great Western Hwy),1.0,,,,,,,1.0,,,,,,,,,,,,,1.0,,,,,,,,,,
202206,Faulconbridge (St Georges Crescent),1.4,,,0.4,,0.4,,0.6,,,,,,,,,,,,0.8,,0.6,,,,,,,,,
202206,Gears (Wyong River),,,,1.0,,,,,,,,,,,,,,,,1.0,,,,,,,,,,,
202206,Gosford AWS,0.2,,,0.6,,1.0,,,,,,,,,,,,,4.2,2.2,0.2,0.8,0.2,,,,,0.2,4.4,,
202206,Holsworthy Aerodrome AWS,0.2,,,0.4,,1.0,,,,,,,,,0.2,,,,,8.0,,7.4,,,,0.2,,,,,
202206,Holsworthy Defence AWS,0.2,,,0.6,,0.2,,,,,,,,,0.2,,,,,2.8,0.4,1.0,0.2,,,,,,0.2,,
202206,Hornsby (Swimming Pool),,,,,,0.2,,,,,,,,,,,,,,2.8,0.2,1.4,,,,,,0.2,0.4,,
202206,Horsley Park Equestrian Centre AWS,0.4,,,0.2,,,0.2,,,,,,,,,,,,,0.4,1.6,,,,,,,,,,
202206,Katoomba (Farnells Rd),3.4,,,,,2.0,,1.0,,,,,,,,,,,0.2,2.2,1.0,0.4,,,,,,,0.2,,
202206,Kurrajong Heights (Bells Line of Road),→,8.2,,0.4,,1.0,,,,,,,,,,,,,,2.2,,1.4,,,,,,,,,
202206,Lucas Heights (ANSTO),,,→,0.2,,0.6,,,,,,,,,,,,,,8.0,0.2,1.0,,,,,,,,,
202206,Macquarie Park (Willandra Village),0.2,,0.4,,,0.4,,,,,,,,,,,,,0.4,2.6,0.2,0.6,,,,,,0.2,,0.4,
202206,Mangrove Mountain AWS,0.2,,,2.4,,1.4,,,,,,,,,,,,,1.4,0.2,0.4,,,,,,,,1.2,0.4,
202206,Marrickville Golf Club,,,,,,1.0,,,,,,,,,,,,,,2.0,,,,,,,,,1.0,,
202206,Menangle Bridge (Nepean River),1.0,,,,,,,,,,,,,,,,,,1.0,1.0,,1.0,,,,,,,,,
202206,Mona Vale Golf Club,0.2,,,0.8,,0.4,,,,,,,,0.2,0.2,,,,1.8,21.0,0.8,1.6,,,,,,1.0,1.0,,
202206,Mount Annan (Australian Botanic Garden),0.3,,,0.6,,0.4,,,,,,,,,,,,,,3.2,0.2,1.4,1.0,,,,,,,1.0,
202206,Mount Boyce AWS,1.8,,,,0.2,1.2,,0.8,,,,,,,0.2,,0.2,0.2,0.2,1.6,1.0,1.0,0.4,,,,0.2,,0.4,,
202206,Norah Head AWS,0.2,,,2.6,,,,,,,,,,,,,,1.0,15.4,9.2,0.2,,,,,,,8.6,4.6,,
202206,North Parramatta (Burnside Homes),,,,,0.5,,,,,,,,,,,,,,,3.0,,1.0,,,,,,,3.5,,
202206,North Rocks (Muirfield Golf Club),0.5,,,,,,,,,,,,,,0.5,,,,,3.0,,0.5,,,,,,0.5,,,
202206,North Ryde Golf Club,,,,,,1.0,,,,,,,,,,,,,,2.0,,2.0,,,,,,,1.0,,
202206,Palm Grove (Lyrebird Lane),,,,,,,,,,,,,,,,,,,1.0,1.0,,,,,,,,,,,
202206,Parramatta North (Masons Drive),0.2,,,0.4,,0.2,,,,,,,,,,,,,,1.4,,,,,,,,,0.4,0.2,
202206,Peakhurst Golf Club,,,,,,1.0,,,,,,,,,,,,,,2.0,,2.0,1.0,,,,,,,,
202206,Penrith Lakes AWS,0.2,,,0.4,,0.2,,,,,0.2,,,,0.2,,,,,,0.2,0.4,0.2,,,,,,,,
202206,Prospect Reservoir,,,,,,,,,,,,,,,,,,,,1.0,,,,,,,,,,,
202206,Putty (The Gibba),,,,1.0,,1.0,,,,,,,,,,,,,,,,1.0,,,,,,,,,
202206,Randwick (Randwick St),0.1,,,0.4,,0.4,,,,,,,,,,,,,1.8,13.8,0.4,0.1,,,,,,5.2,2.0,,
202206,Richmond RAAF,0.2,,,0.2,0.2,,,,,,,,,,,,,,,1.0,0.2,0.6,,,,,,,,,
202206,Rose Bay (Royal Sydney Golf Club),,,,0.4,,0.2,,,,,,,,,,,,0.2,6.2,23.4,0.6,0.2,,,,,,5.8,1.6,,
202206,Rossmore (South Creek),,,,1.0,,,,,,,,,,,,,,,,4.0,,,,,,,,,,,
202206,Sans Souci (Public School),,,,,,,,,,,,,,,,,,,,3.0,,2.0,,,,,,1.0,,,
202206,Seven Hills  (Radio FM 103.2),,,,,,,,,,,,,,,0.5,,,,,2.0,,0.5,,,,,,,,,
202206,Shanes Park (South Creek Road),0.2,,,,,0.2,,2.0,0.8,0.2,,,,,,,,,,,,0.2,,,,,,,,,
202206,Sydney (Observatory Hill),,,,0.4,,0.8,,,,,,,,,,,,,0.4,11.6,,,,,,,,2.6,1.0,,
202206,Sydney Airport AMO,0.2,,,,,0.4,0.2,,,,,,,,,,,,,6.2,0.4,0.2,,,,,,0.8,1.2,,
202206,Sydney Botanic Gardens,,,,0.5,,0.5,,,,,,,,,,,,,0.3,16.0,0.2,,,,,,,3.8,1.2,,
202206,Sydney Olympic Park AWS (Archery Centre),,,,,,0.2,,,,,,,,,,,,,,1.0,,,,,,0.2,,,,0.2,
202206,Terrey Hills AWS,0.2,,,0.2,,0.4,,,,,,,,,,,,,0.2,10.6,0.2,1.2,,,,,,1.0,1.4,,
202206,Wahroonga (Ada Avenue),,,,0.4,,0.4,,,,,,,,,,,,,0.2,5.8,0.2,1.6,,,,,,0.4,0.4,,
202206,Warragamba,4.0,,,,,1.0,,,,,,,,,,,,,,2.0,,,,,,,,,,1.0,
202206,Wedderburn (Booalbyn),,,1.0,,,,,,,,,,,,,,,,,5.0,1.0,1.0,,,,,,,,,
202206,Wyong (Kulnura (Jeavons)),,,,3.0,,1.0,,,,,,,,,,,,,,1.0,,,,,,,,,1.0,,
202206,Wyong (Mount Elliot),,,,,,,,6.0,,,,,,,,,,,8.0,6.0,,1.0,,,,,,1.0,4.0,,
202206,Wyong (Olney Forest),,,,5.0,,1.0,,,,,,,,,,,,,,1.0,,,,,,,,,2.0,,
202206,Yarramalong (Lewensbrook),,,,4.0,,4.0,,,,,,,,,,,,,,4.6,1.0,,,,,,,,1.0,,
202206,"Most values are the precipitation in the 24 hoursto9 am on the day indicated.
Days marked with → are part of a longer accumulation, which is shown on the final day.Values over  100  mm have been rounded to the nearest whole millimetre.Days marked with - have a rainfall report of zero; 
days left blank have no rainfall report (which often indicates no rain fell).",,,,,,,,,,,,,,,,,,,,,,,,,,,,,,,
202206,Rainfalls colouredaccording to the amount,0,1.0,5.0,10.0,15.0,25.0,50.0,100,150,200,300,400,600,millimetres,,,,,,,,,,,,,,,,,
202207,Abbotsbury (Fairfield (City Farm)),3.0,5.0,107,30.0,151,1.0,,,,15.0,7.0,,,,,,,,,3.0,1.0,9.0,5.0,1.0,,5.0,,,,,
202207,Abbotsford (Blackwall Point Rd),8.0,10.0,96.0,25.0,94.0,6.0,14.0,,,21.0,22.0,4.0,,5.0,1.4,,,,,10.0,4.0,7.0,17.0,4.0,,3.0,,,,,
202207,Audley  (Royal National Park),4.0,26.0,234,50.0,147,5.0,9.0,,,28.0,10.0,,,2.0,,,,,,26.0,14.0,32.0,5.0,5.0,1.0,2.0,,,,,
202207,Badgerys Creek AWS,,5.2,122,29.6,75.2,0.6,2.2,0.2,,5.8,2.8,,,,,,,,,2.2,2.2,16.6,8.4,1.4,,5.6,0.2,,,,
202207,Bankstown Airport AWS,5.0,5.8,131,40.0,75.4,2.2,2.4,,0.2,16.0,8.2,1.0,,,,0.2,,,,6.8,3.4,22.0,7.2,4.4,0.2,4.0,,,,,
202207,Baulkham Hills Eucalyptus Ct,3.0,6.5,97.5,34.5,84.5,12.0,10.0,,,15.5,12.5,1.5,,,,,,,,3.5,3.5,24.0,9.0,1.0,,4.5,,,,,
202207,Belrose (Evelyn Place),5.0,15.2,67.8,8.6,28.0,10.0,32.4,,,28.0,17.6,3.0,,10.0,2.4,,,,0.2,23.4,7.4,24.0,7.8,3.8,,3.4,0.4,,,,
202207,Bilpin Post Office,0.4,50.0,,207,110,40.0,18.6,,,,15.6,,4.0,,2.2,,,,,9.4,,26.0,10.6,,2.8,2.6,,,,,
202207,Blackheath (Wombat Street),1.0,7.0,129,100,65.0,22.0,7.0,,,4.0,6.0,,1.0,,,,,,,8.0,11.0,31.0,18.0,4.0,1.0,3.0,,,1.0,,
202207,Bringelly (Maryland),,8.0,163,31.0,50.0,,,,,7.0,3.0,,,,,,,,,4.0,7.0,9.0,4.0,,,5.0,,,,,
202207,Camden (Brownlow Hill),1.2,50.1,82.8,40.1,1.4,,,,,6.0,,1.6,,,,,,,,3.1,11.4,9.2,7.8,1.6,,4.0,,,,,
202207,Camden Airport AWS,0.6,15.0,156,25.4,34.6,0.2,0.4,,,9.6,1.4,,,,,0.2,0.2,,,3.8,13.0,10.4,9.4,1.2,0.2,4.2,,,,,0.2
202207,Campbelltown (Kentlyn (Georges River Roa,3.0,17.0,193,68.0,109,4.0,3.0,,,13.0,7.0,,,1.0,,,,,,7.0,16.0,19.0,12.0,,,4.0,,,,,
202207,Campbelltown (Mount Annan),2.2,14.2,141,35.8,44.0,1.8,0.8,0.2,,11.8,5.6,0.8,,,,0.2,0.2,,,4.8,17.6,15.8,5.8,0.8,,3.4,,,,,
202207,Canterbury Racecourse AWS,7.2,10.0,111,28.4,79.2,5.6,9.6,,,23.0,18.8,0.2,0.2,4.6,1.2,,,,,14.4,4.0,14.4,14.8,3.4,0.2,3.6,,,,,
202207,Castle Cove (Rosebridge Ave),12.0,11.0,90.0,25.0,51.0,16.0,45.0,,,30.0,16.0,8.0,,21.0,2.0,,,,2.5,9.0,7.2,28.5,18.0,9.0,,9.5,,,,,
202207,Centennial Park,18.5,24.0,98.4,8.9,33.5,1.2,47.2,0.1,,18.5,8.2,7.6,,32.6,4.6,0.2,,,0.6,10.4,4.2,8.5,15.4,6.0,0.6,4.2,,,,,
202207,Chatswood Bowling Club,10.0,12.0,50.0,,,,,,,21.0,15.0,8.0,,10.0,3.0,,,,,9.0,3.0,13.0,18.0,7.0,,3.0,,,,,
202207,Collaroy (Long Reef Golf Club),7.4,19.4,62.4,12.6,17.4,14.2,19.6,,,24.2,6.8,5.2,,18.4,6.2,,,,4.6,8.2,7.6,16.8,3.6,4.4,,4.6,0.2,,,,
202207,Colo Heights (Mountain Pines),,6.0,62.0,102,124,48.0,15.0,2.0,,5.2,13.2,0.4,4.4,,,,,,,3.0,1.2,9.0,6.2,,1.6,1.8,,,,,
202207,Concord (Brays Rd),7.6,10.6,94.0,28.6,95.6,7.4,13.0,,,19.6,25.8,1.2,,3.4,1.4,,,,,9.8,3.4,10.8,18.6,2.8,,3.6,,,,,
202207,Concord Golf Club,8.0,8.4,96.0,37.0,98.8,7.6,11.8,,,22.0,22.8,1.8,,5.2,,,,,,10.8,5.2,9.0,17.8,1.6,,4.6,,,,,
202207,Cooranbong (Avondale),1.0,2.0,44.0,65.0,102,72.0,75.0,,,1.0,23.0,,,8.0,2.0,,,,,10.0,,4.0,2.0,2.0,1.0,1.0,1.0,,,,
202207,Cooranbong (Lake Macquarie AWS),,2.8,41.0,65.6,98.4,70.4,71.0,,,0.4,23.0,0.2,,8.0,1.4,0.2,,,0.2,9.6,0.2,3.4,2.8,1.4,0.6,1.8,,0.2,,,0.2
202207,Darkes Forest (Kintyre),1.0,53.0,298,104,241,32.0,26.0,,,26.0,24.0,,1.0,,,,,,,15.0,14.0,14.0,20.0,1.0,1.0,4.0,,,,,
202207,Dover Heights (Portland St),27.6,22.6,108,12.0,33.8,3.4,21.0,,,22.2,8.4,7.0,,39.0,3.2,,,,0.8,10.8,3.2,5.0,15.6,7.2,,,,,,,
202207,Erskine Park Reservoir,2.0,4.0,105,35.0,166,2.0,2.0,,,13.0,7.0,,,,,,,,,2.0,1.0,6.0,6.0,2.0,,5.0,,,,,
202207,Faulconbridge (Great Western Hwy),,8.0,172,89.0,58.0,7.0,4.0,,,5.0,6.0,,2.0,,,,,,,4.0,3.0,13.0,7.0,6.0,,2.0,,,,,
202207,Faulconbridge (St Georges Crescent),0.8,7.4,154,82.4,55.0,9.2,5.2,,,7.2,1.2,4.2,,,,,,,,4.0,3.4,13.8,11.0,2.2,0.2,2.0,,,0.4,,
202207,Gears (Wyong River),,1.0,37.0,102,124,36.0,33.0,,,5.0,11.0,,,,,,,,,12.0,2.0,10.0,12.0,1.0,,2.0,1.0,,,,
202207,Gosford AWS,,5.8,80.2,80.4,89.2,22.0,65.6,,,24.2,16.6,,,6.6,1.0,,,,2.0,20.6,3.8,22.0,6.8,0.8,0.2,0.8,0.2,,,,
202207,Holsworthy Aerodrome AWS,2.4,9.4,167,56.4,134,1.6,1.6,0.2,,14.8,7.2,1.6,,0.2,,,,,,8.2,11.0,19.6,4.6,1.6,0.2,3.6,0.2,,,,
202207,Holsworthy Defence AWS,3.4,21.0,239,90.6,141,7.8,5.8,,,16.6,9.8,0.4,0.2,,,0.2,,,,8.8,16.0,22.8,9.8,0.6,0.2,3.6,,,,,
202207,Hornsby (Swimming Pool),2.2,6.4,108,58.6,118,32.8,36.4,,,21.0,15.2,0.4,0.8,2.2,1.4,,,,,7.2,4.8,15.8,7.4,2.0,0.2,2.4,,,,,
202207,Horsley Park Equestrian Centre AWS,3.4,5.0,122,33.6,178,1.2,1.4,,0.2,16.6,11.6,,1.8,,,,,,,3.6,1.6,8.0,6.4,1.8,0.2,4.8,,,,,
202207,Katoomba (Farnells Rd),0.2,16.4,207,117,94.2,57.2,17.4,,,6.4,→,6.4,,,,,,,,15.0,9.2,23.4,17.6,4.4,0.2,2.8,,,0.4,,
202207,Kurrajong Heights (Bells Line of Road),→,6.2,93.0,72.0,72.0,→,→,→,→,→,29.2,→,→,→,→,→,→,→,→,→,→,18.6,→,6.6,,,,,,,
202207,Lucas Heights (ANSTO),3.0,21.0,247,77.9,190,7.4,6.0,,,17.0,8.6,,,1.0,,,,,,9.6,14.6,29.2,9.0,3.0,,3.6,,,,,
202207,Macquarie Park (Willandra Village),6.4,9.2,80.0,35.0,105,14.6,28.0,0.2,,19.6,16.4,1.0,0.2,4.2,1.6,,,,0.4,6.8,3.6,20.4,17.6,2.4,0.2,3.8,,,,,
202207,Mangrove Mountain AWS,,2.4,57.0,170,139,63.2,48.2,0.2,,8.4,17.6,,0.2,0.2,0.2,0.2,,,0.2,9.2,2.4,15.8,10.0,2.2,0.2,2.2,,0.2,,,
202207,Marrickville Golf Club,7.0,14.0,96.0,30.0,74.0,3.0,13.0,,,21.0,18.0,,,8.0,,1.0,,,,16.0,4.0,18.0,17.0,6.0,,2.0,,,,,
202207,Menangle Bridge (Nepean River),1.0,21.0,166,34.0,41.0,1.0,,,,11.0,2.0,,,,,,1.0,,,,7.0,6.0,4.0,1.0,,5.0,,,,,
202207,Mona Vale Golf Club,1.8,13.4,67.8,20.4,34.8,12.4,27.2,,,31.6,3.8,1.0,,14.4,4.0,0.2,,,1.6,15.8,5.0,17.6,5.6,3.0,0.6,3.2,0.2,,,,0.2
202207,Mount Boyce AWS,1.0,6.6,119,91.0,53.6,22.0,5.8,,,3.2,5.8,,0.6,,0.2,0.2,,,,9.6,8.6,24.6,16.6,3.6,0.4,2.6,0.2,,,0.2,
202207,Mount Wilson (Clarine),1.6,5.6,13.4,129,64.0,39.0,15.6,,,0.5,9.0,,,,,,,,,7.4,2.8,38.6,12.8,3.8,,2.0,,,,,
202207,Norah Head AWS,,12.4,38.8,18.6,53.4,15.6,36.8,,,9.4,9.4,,,21.0,13.8,,0.2,,2.8,14.2,2.6,1.6,1.2,1.6,,1.6,0.6,,,0.4,
202207,North Parramatta (Burnside Homes),3.0,7.5,102,34.5,94.0,8.0,10.5,,,15.5,14.5,0.5,,0.5,,,,,,4.5,3.5,20.0,11.5,2.5,,4.0,0.5,,,,
202207,North Rocks (Muirfield Golf Club),3.0,7.5,96.5,35.0,98.0,13.0,15.5,,,15.5,16.5,1.0,0.5,0.5,,,,,,3.5,3.0,19.5,10.5,1.0,,3.5,,,,,
202207,North Ryde Golf Club,7.0,9.0,106,27.0,88.0,8.0,23.0,,,19.0,18.0,,,5.0,1.0,,,,,5.0,5.0,13.0,16.0,3.0,,4.0,,,,,
202207,Palm Grove (Lyrebird Lane),,3.0,55.0,102,107,34.0,38.0,,,6.0,16.0,,,2.0,,,,,,16.0,2.0,15.0,6.0,2.0,,2.0,,,,,
202207,Parramatta North (Masons Drive),4.8,8.2,98.0,32.0,94.0,8.2,10.4,,,17.6,14.6,1.0,0.2,0.6,0.4,,,,,8.0,3.8,14.6,17.0,1.4,,3.8,,,,,
202207,Peakhurst Golf Club,7.0,11.0,152,38.0,82.0,4.0,3.0,,,20.0,16.0,,,1.0,1.0,,,,,16.0,7.0,25.0,2.0,10.0,,4.0,,,,,
202207,Penrith Lakes AWS,0.8,4.8,102,39.0,80.4,1.2,2.2,,,8.4,2.4,0.2,0.2,,,,,,,1.0,1.0,8.2,1.6,1.8,0.2,4.0,0.2,,,,
202207,Prospect Reservoir,4.0,5.0,122,27.0,131,6.0,2.0,,,17.0,8.0,,,,,,,,,6.0,1.0,11.0,9.0,3.0,,4.0,,,,,
202207,Putty (The Gibba),,3.0,41.0,68.0,90.0,46.0,5.0,,,6.0,3.0,,2.0,,,,,,,1.0,,6.0,3.0,2.0,,2.0,,,,,
202207,Randwick (Randwick St),19.8,27.2,93.8,17.6,52.0,4.6,50.6,,,18.6,9.6,9.4,,35.0,5.0,,,,0.4,12.8,3.6,12.2,7.8,5.0,0.2,4.2,,,,,
202207,Richmond - UWS Hawkesbury,,,,,,51.0,75.0,77.6,→,→,17.0,,,,,,,,,,9.0,,,,,4.0,,,,,
202207,Richmond RAAF,,6.2,53.4,18.6,88.8,6.0,2.0,,,6.8,6.6,,0.8,,,,,,,,2.2,6.4,5.4,0.4,,3.8,0.2,,,,
202207,Rose Bay (Royal Sydney Golf Club),22.6,26.4,97.8,16.2,37.4,5.0,38.6,,,24.2,10.8,6.0,,40.6,3.4,0.2,,,1.4,8.4,4.6,5.6,15.2,6.4,,4.0,,,,,
202207,Rossmore (South Creek),,7.0,165,39.0,94.0,,2.0,,,8.0,5.0,,,,,,,,,4.0,5.0,18.0,3.0,4.0,1.0,5.0,,,,,
202207,Sans Souci (Public School),4.0,21.0,84.0,5.0,11.0,,1.0,,,19.0,11.0,,,4.0,,,,,,17.0,5.0,7.0,3.0,4.0,,2.0,,,,,
202207,Seven Hills  (Radio FM 103.2),2.0,4.5,77.5,27.5,101,5.5,3.5,,,12.0,9.5,1.0,,,,,,,,3.0,1.0,16.0,5.5,3.0,,4.5,,,,,
202207,Shanes Park (South Creek Road),0.6,5.6,43.0,65.6,139,9.0,3.2,,,0.8,19.0,,,,,0.2,,,0.2,1.4,2.0,9.6,0.8,1.2,,0.6,3.0,,,,
202207,Sydney (Observatory Hill),13.6,16.0,93.2,25.8,72.6,9.8,50.4,,,19.0,11.4,8.8,,21.6,3.4,0.2,,,1.2,11.6,7.0,6.0,20.4,8.0,,4.0,,,,,
202207,Sydney Airport AMO,9.0,18.0,123,18.4,52.4,3.0,11.8,0.2,,13.6,22.0,,,12.2,1.0,,,,0.4,15.4,5.0,13.4,6.6,4.4,,3.6,0.2,,,0.2,
202207,Sydney Botanic Gardens,14.4,19.0,98.0,,93.8,9.2,50.6,0.1,,21.1,11.2,5.2,,24.4,4.0,1.0,,,2.0,12.4,8.4,6.2,15.4,10.2,,4.0,,,,,
202207,Sydney Olympic Park AWS (Archery Centre),6.8,8.0,93.4,30.2,92.8,6.8,10.8,,,20.8,18.6,1.8,0.2,1.4,1.0,0.2,,,,8.6,3.4,14.2,18.0,1.6,,4.4,,,,,
202207,Terrey Hills AWS,1.4,13.0,75.0,34.0,57.2,34.8,46.4,,,32.2,10.0,1.8,,6.4,2.4,,,,,22.8,1.6,16.8,7.2,3.0,0.2,3.2,,0.2,,,
202207,Wahroonga (Ada Avenue),3.6,8.0,99.0,56.4,110,33.2,45.8,0.2,,24.4,17.8,1.2,0.4,3.6,2.2,,,,0.2,6.4,9.0,19.2,7.6,4.6,0.2,2.6,0.2,,,,
202207,Warragamba,,10.0,168,66.0,42.0,2.0,1.0,,,5.0,3.0,,,,,,,,,5.0,3.0,18.0,13.0,4.0,1.0,4.0,,,,,
202207,Wedderburn (Booalbyn),1.0,32.0,216,107,79.0,6.0,3.0,,,15.0,8.0,2.0,,,,,,,,2.0,12.0,9.0,4.0,1.0,,5.0,,,,,
202207,Wyong (Kulnura (Jeavons)),,3.0,38.0,113,132,70.0,27.0,,,4.0,12.0,,,,,,,,,8.0,,10.0,6.0,1.0,,2.0,,,,,
202207,Wyong (Mount Elliot),1.0,6.0,62.0,92.0,108,25.0,70.0,,,18.0,9.0,,,9.0,,,,,3.0,24.0,5.0,13.0,7.0,2.0,,2.0,,,,,
202207,Wyong (Olney Forest),,5.0,56.0,156,158,123,80.0,,,2.0,26.0,,,2.0,,,,,,8.0,2.0,5.0,2.0,2.0,,3.0,,,1.0,,
202207,Yarramalong (Lewensbrook),,3.0,48.0,102,120,36.0,33.0,,,5.0,11.0,,,2.0,,,,,,,12.0,2.0,10.0,12.0,,3.0,1.0,,,,
202207,"Most values are the precipitation in the 24 hoursto9 am on the day indicated.
Days marked with → are part of a longer accumulation, which is shown on the final day.Values over  100  mm have been rounded to the nearest whole millimetre.Days marked with - have a rainfall report of zero; 
days left blank have no rainfall report (which often indicates no rain fell).",,,,,,,,,,,,,,,,,,,,,,,,,,,,,,,
202207,Rainfalls colouredaccording to the amount,0,1.0,5.0,10.0,15.0,25.0,50.0,100,150,200,300,400,600,millimetres,,,,,,,,,,,,,,,,,
202208,Abbotsbury (Fairfield (City Farm)),,,,,2.0,,,,,1.0,,,2.0,,,,,,,,,,,8.0,,,1.0,1.0,,1.0,
202208,Abbotsford (Blackwall Point Rd),0.2,,,,0.6,,,,,6.5,,0.6,3.0,,,,,,,1.6,,,,12.0,,0.6,5.0,7.0,,0.8,
202208,Audley  (Royal National Park),,,,,,,,,,,,,,,,,,,,,,,,,,,,,,,
202208,Badgerys Creek AWS,0.2,,0.2,,2.0,0.2,,,,,0.2,,4.2,0.4,,,,,,,,,,14.6,,0.2,0.4,9.4,,0.8,
202208,Bankstown Airport AWS,,,,,2.0,,,,,4.8,,0.2,1.6,0.2,,,,,,,,,,9.2,,,2.2,3.0,,1.0,
202208,Baulkham Hills Eucalyptus Ct,,,,,1.5,,,,,4.0,,,3.5,,,,,,,0.5,,,,16.0,,,3.0,0.5,,1.0,
202208,Belrose (Evelyn Place),,,,,2.2,,,2.2,0.4,6.0,0.2,,11.6,,,,,,,3.4,,,,15.8,0.2,1.0,6.4,2.4,,0.8,
202208,Bilpin Post Office,0.4,,,8.8,0.2,0.2,→,0.2,7.6,2.2,0.2,0.2,4.2,→,0.2,,,,,,,,,11.6,,1.4,3.4,→,4.6,,
202208,Blackheath (Wombat Street),4.0,,,1.0,20.0,1.0,,,4.0,1.0,,,9.0,1.0,1.0,,,,,,,,,3.0,3.0,6.0,3.0,2.0,,3.0,
202208,Bringelly (Maryland),,,,,1.0,,,,,,,,,,,,,,,,,,,,,,,,,,
202208,Camden (Brownlow Hill),0.8,,,,1.2,,,0.6,,,,,,,,,,,,0.2,,,,9.2,,1.0,,5.2,,1.8,
202208,Camden Airport AWS,0.6,,,,1.2,,,,,0.4,,,4.6,,,,,,,,,,,10.8,,1.6,0.2,3.4,,2.2,
202208,Campbelltown (Kentlyn (Georges River Roa,1.0,,,,1.0,,,,1.0,1.0,,,4.0,,,,,,,,,,,10.0,,,,,,2.0,
202208,Campbelltown (Mount Annan),0.4,,,,1.2,,,,,,,,,,,,,,,,,,,7.6,,,,3.4,,1.8,
202208,Canterbury Racecourse AWS,,,,,1.0,0.2,,,0.2,4.4,0.2,1.0,2.6,0.2,,,,,,,,,,19.0,,0.6,5.6,6.6,,0.4,
202208,Castle Cove (Rosebridge Ave),,,,,1.5,,,,,12.0,,,10.0,,,,,,,4.5,,,,18.5,,2.0,9.5,3.0,,0.5,
202208,Centennial Park,,1.1,,,,8.6,9.3,0.6,0.9,6.8,,,,,,,,,,,0.8,,,19.0,,8.0,,,,,
202208,Chatswood Bowling Club,,,,,1.0,,,,,,,1.0,,,,,,,,,,,,17.0,,1.0,1.0,5.0,,1.0,
202208,Collaroy (Long Reef Golf Club),,,,,1.0,,,2.0,2.2,9.8,1.2,0.4,14.4,,,,,,,2.0,,,,14.4,,5.2,1.4,7.0,,0.8,
202208,Concord (Brays Rd),,,,,1.0,,,,,8.2,,0.6,3.4,,,,,,,1.2,,,,13.4,,,1.8,12.4,,0.2,
202208,Concord Golf Club,0.2,,,,,,,,,5.6,,,3.4,,,,,,,1.6,,,,14.6,,,2.4,9.0,,0.6,
202208,Cooranbong (Avondale),,,,,7.0,,,,,,,,9.0,,,,,,,,,,,15.0,,,5.0,,,,
202208,Cooranbong (Lake Macquarie AWS),,0.2,,0.2,6.4,,,,,,,,9.8,,,,,,,,,,,16.2,,,4.8,,,0.2,
202208,Darkes Forest (Kintyre),,,,,1.0,,,,1.0,3.0,,,2.0,,,,,,,1.0,,,,6.0,,,5.0,,1.0,1.0,
202208,Dover Heights (Portland St),0.2,,,,1.0,,,0.8,10.8,4.2,0.4,1.2,6.2,0.2,,,,,,0.2,3.2,,,18.8,,12.0,16.0,7.8,,1.0,
202208,Erskine Park Reservoir,,,,,2.0,,,,,,,,4.0,,,,,,,,,,,10.0,,,,4.0,,,
202208,Faulconbridge (Great Western Hwy),,,,,7.0,,,,,,,,4.0,,,,,,,,,,,12.0,,1.0,4.0,1.0,,1.0,
202208,Faulconbridge (St Georges Crescent),0.8,,,,8.2,,,,2.2,0.8,,,4.2,,,,,,,,,,,10.6,,2.0,2.2,0.6,0.2,1.0,
202208,Gears (Wyong River),,,,,3.0,,,,,,,,3.0,,,,,,,,,,,13.0,,,,,,,
202208,Gosford AWS,,,,,9.2,0.2,,,,1.0,0.6,,3.6,,,,,,,,,,,11.8,,1.0,2.6,,0.2,,
202208,Holsworthy Aerodrome AWS,0.4,,,,1.6,,,0.6,,4.6,0.2,,2.8,,,,,,,0.2,,,,9.2,,,0.6,1.0,,1.2,0.2
202208,Holsworthy Defence AWS,0.6,0.2,,,1.2,,,0.6,,2.8,,0.4,3.4,,,,,,,0.2,,0.2,,9.8,,,0.2,0.2,,2.0,
202208,Hornsby (Swimming Pool),,,,,2.8,,,,,1.4,,0.2,6.4,,,,,,,1.8,,,,,,,1.4,0.2,,0.8,
202208,Horsley Park Equestrian Centre AWS,,,0.2,,2.0,,,,,2.4,,,2.8,,,,,,,0.2,,,,2.8,,,0.4,,0.2,0.8,
202208,Katoomba (Farnells Rd),4.2,,,0.6,13.4,,,0.2,1.4,→,3.0,,8.6,1.2,0.8,,,,,,,0.2,→,13.7,,2.2,3.2,2.2,0.2,4.0,
202208,Kurrajong Heights (Bells Line of Road),→,→,→,2.4,7.0,,,0.8,2.4,,1.8,,3.4,,,,,,,,,,,→,→,15.8,→,1.8,,0.2,0.2
202208,Lucas Heights (ANSTO),0.8,,,,1.3,,,0.3,,7.0,,0.4,3.4,,,,,,,0.8,,,,10.0,,,0.6,0.4,,1.4,
202208,Macquarie Park (Willandra Village),0.4,,,,,1.6,,,,3.4,,0.6,4.8,0.2,,,,,,2.8,0.2,,16.2,0.2,→,→,5.0,28.6,,0.6,
202208,Mangrove Mountain AWS,,0.2,,,9.8,,,0.2,,1.2,0.2,,4.0,0.4,,,,,,0.4,,,,22.4,,,2.6,0.6,0.2,,
202208,Marrickville Golf Club,,,,,1.0,,,,,8.0,,1.0,1.0,,,,,,,,,,,17.0,,1.0,6.0,7.0,,,
202208,Menangle Bridge (Nepean River),1.0,,,,1.0,,,,,,,,3.0,,,,,,,1.0,,,,6.0,,,,7.0,,1.0,
202208,Mona Vale Golf Club,,,,,4.6,,,3.4,0.2,4.8,0.4,0.2,12.8,,,,,0.2,,9.2,,,,11.0,,2.6,2.2,3.6,0.2,0.6,
202208,Mount Boyce AWS,3.0,0.2,0.2,0.4,16.6,1.0,,,2.8,1.0,0.2,0.2,6.8,1.2,,0.2,0.2,,,,,0.2,,2.6,4.6,5.6,3.4,3.2,0.4,2.8,
202208,Norah Head AWS,0.2,,,,3.4,0.2,,0.2,,1.2,7.0,,8.8,0.2,,,,,,0.2,,,,17.0,,2.6,9.4,,0.2,0.2,
202208,North Parramatta (Burnside Homes),,,,,1.5,,,,,3.0,,,2.0,0.5,,,,,,1.5,,,,15.5,,,3.0,1.0,,0.5,
202208,North Rocks (Muirfield Golf Club),,,1.0,,1.0,,,,,3.0,,,2.5,,,,,,,0.5,,,,14.0,,,2.0,0.5,,0.5,
202208,North Ryde Golf Club,,,,,1.0,,,,,3.0,,1.0,3.0,,,,,,,,,,,16.0,,,5.0,1.0,,,
202208,Palm Grove (Lyrebird Lane),,,,,5.0,,,,,1.0,,,4.0,,,,,,,3.0,,,,13.0,,,2.0,,,,
202208,Parramatta North (Masons Drive),0.4,,,,1.8,,,0.2,,3.0,,0.2,2.6,,,,,,,1.2,,,,16.0,,,3.0,3.4,,0.8,
202208,Peakhurst Golf Club,,,,,1.0,,,,,7.0,,1.0,2.0,,,,,,,,,,,9.0,,,7.0,4.0,,1.0,
202208,Penrith Lakes AWS,0.4,,,,4.2,,,,,0.2,,,2.8,,,,,,,,,,,9.0,,,1.6,1.4,,0.6,
202208,Prospect Reservoir,,,,,2.0,,,,,3.0,,1.0,2.0,1.0,,,,,,1.0,,,,13.0,,,1.0,4.0,,1.0,
202208,Putty (The Gibba),1.0,,,,17.0,,,2.0,8.0,1.0,,,8.0,1.0,,,,,,,,,,11.0,,,1.0,,,,
202208,Randwick (Randwick St),0.2,,,,1.4,,,,11.0,7.2,0.4,1.2,5.2,,,,,,,0.4,1.4,,,20.8,,10.2,19.6,6.0,,1.0,
202208,Randwick Racecourse,0.2,,,,1.1,,,,6.4,17.9,0.6,0.8,4.7,,,,,,,,,,,,,,,,,,
202208,Richmond RAAF,,,,,3.4,,,,,1.0,,,3.2,0.2,,,,,,,,,,14.6,,,1.2,0.6,0.2,0.2,
202208,Rose Bay (Royal Sydney Golf Club),0.2,,,,1.0,,,0.8,10.8,4.2,0.4,1.2,6.2,0.2,,,,,,,3.4,,,19.8,,12.0,24.0,5.0,0.2,0.8,
202208,Rossmore (South Creek),,,,,1.0,,,,,,,,4.0,,,,,,,,,,,15.0,,,1.0,3.0,,1.0,
202208,Sans Souci (Public School),,,,,,,,,,4.0,,1.0,1.0,,,,,,,,,,,4.0,,1.0,12.0,5.0,,1.0,
202208,Seven Hills  (Radio FM 103.2),,,,,1.0,,,,,4.0,0.5,,3.0,,,,,,,,,,,12.5,,,3.5,2.0,,1.0,
202208,Shanes Park (South Creek Road),,,,,2.2,,,,,1.0,,,1.2,2.0,,,,,,,,,,4.6,4.4,0.4,0.8,1.8,1.2,0.8,
202208,Sydney (Observatory Hill),0.2,,,,0.8,,,,0.6,13.0,0.2,0.6,5.8,,,,,,,0.4,,,,18.4,,2.8,12.4,3.6,,0.4,
202208,Sydney Airport AMO,,,,,0.8,,,,,11.6,0.2,1.0,2.8,0.2,,,,,,,,,,15.6,,5.2,13.2,5.0,0.4,0.2,0.2
202208,Sydney Botanic Gardens,0.6,,,,1.2,0.1,,,1.6,13.6,1.2,0.8,6.1,,,,,,,0.6,,,,18.2,,3.8,15.0,3.0,3.0,0.6,
202208,Sydney Olympic Park AWS (Archery Centre),,,,,1.2,,,,,2.6,,0.4,3.2,,,,,,,1.2,,,,16.6,,,2.6,7.4,,0.8,
202208,Terrey Hills AWS,,,,,1.6,,,,,3.0,0.4,0.2,11.6,,,,,,,4.6,,,,10.8,,0.2,3.2,0.2,,0.4,0.2
202208,Wahroonga (Ada Avenue),,,,,4.0,,,,,2.2,0.2,0.6,7.2,,,,,,0.2,3.4,,,,17.6,,,3.2,0.4,0.2,0.8,
202208,Warragamba,,,,,3.0,,,,,,,,5.0,,,,,,,,,,,8.0,,,2.0,3.0,,2.0,
202208,Wedderburn (Booalbyn),1.0,,,,1.0,,,,,1.0,,,4.0,1.0,,,,,,,,,,5.0,,,,1.0,,1.0,
202208,Wyong (Kulnura (Jeavons)),,,,,6.0,1.0,,,,,,,5.0,,,,,,,,,,,19.0,,,3.0,,,,
202208,Wyong (Olney Forest),,,,,7.0,,,,,,,1.0,7.0,,,,,,,,,,,28.0,,,4.0,,,,
202208,"Most values are the precipitation in the 24 hoursto9 am on the day indicated.
Days marked with → are part of a longer accumulation, which is shown on the final day.Values over  100  mm have been rounded to the nearest whole millimetre.Days marked with - have a rainfall report of zero; 
days left blank have no rainfall report (which often indicates no rain fell).",,,,,,,,,,,,,,,,,,,,,,,,,,,,,,,
202208,Rainfalls colouredaccording to the amount,0,1.0,5.0,10.0,15.0,25.0,50.0,100,150,200,300,400,600,millimetres,,,,,,,,,,,,,,,,,
202209,Abbotsbury (Fairfield (City Farm)),,,1.0,6.0,,,3.0,,3.0,1.0,,,,,1.0,15.0,,,,,,8.0,5.0,2.0,10.0,,,8.0,12.0,1.0,
202209,Abbotsford (Blackwall Point Rd),0.8,0.2,4.0,14.0,0.5,,,,2.0,1.4,,,,,0.4,18.4,,1.4,,,,6.6,2.6,1.4,3.0,,0.8,8.0,→,7.0,
202209,Audley  (Royal National Park),,,7.0,14.0,1.0,2.0,,,3.0,1.0,,,,,,17.0,,,,,,5.0,9.0,1.0,6.0,,,17.0,4.0,17.0,
202209,Badgerys Creek AWS,0.4,,,3.2,,0.2,,,3.4,1.2,,,,,1.2,21.0,0.4,,0.2,,,8.6,3.6,4.8,7.4,,0.8,7.6,9.6,1.0,
202209,Bankstown Airport AWS,,,1.2,11.4,0.2,0.2,,,3.0,3.4,,,,,0.2,19.0,,,,,,4.6,5.0,2.0,5.2,,0.2,13.0,1.0,3.4,
202209,Baulkham Hills Eucalyptus Ct,0.5,,4.5,20.0,,,0.5,,3.0,1.5,,,,,1.5,21.0,,0.5,,,,5.5,2.0,2.0,5.5,,,10.0,0.5,3.0,
202209,Belrose (Evelyn Place),2.2,,9.0,8.8,3.2,0.8,4.0,,3.4,2.0,,,,,1.0,33.4,,2.4,,,,11.2,4.6,3.4,5.8,,0.8,11.8,2.0,12.0,
202209,Bilpin Post Office,2.0,,14.2,,15.6,,,,5.8,1.0,,,,,2.0,40.0,,,,,,,15.8,3.0,,,0.2,18.0,3.0,4.6,
202209,Blackheath (Wombat Street),3.0,,3.0,15.0,4.0,,4.0,,4.0,2.0,,,,,4.0,28.0,,,,,,14.0,11.0,11.0,2.0,,1.0,40.0,2.0,8.0,
202209,Bringelly (Maryland),,,,,,,,,,,,,,,,,,,,,2.0,5.0,3.0,2.0,9.0,,1.0,8.0,15.0,2.0,
202209,Camden (Brownlow Hill),,,0.4,3.2,,,0.2,,3.6,1.2,,,,1.0,0.4,23.4,,,,,,4.8,4.0,2.8,3.4,,2.4,11.6,14.4,,
202209,Camden Airport AWS,0.2,,,4.4,0.4,,,,3.8,1.8,,,,,0.4,26.4,,,,,,5.4,4.8,2.4,3.0,,3.0,11.6,35.8,0.4,
202209,Campbelltown (Kentlyn (Georges River Roa,,,1.0,13.0,2.0,,1.0,,4.0,1.0,,,,,,19.0,,,,,,7.0,7.0,5.0,19.0,,1.0,10.0,12.0,2.0,
202209,Campbelltown (Mount Annan),,,,5.6,1.0,,0.6,,4.0,1.4,,,,,0.4,24.0,,0.2,,,,5.4,6.4,7.4,3.8,,1.6,10.0,20.2,1.2,
202209,Canterbury Racecourse AWS,0.6,0.2,3.8,18.2,3.8,0.2,0.2,,2.8,1.8,,,,,,17.4,,0.4,,,,6.6,3.4,1.0,1.8,0.2,,13.0,3.2,8.2,
202209,Castle Cove (Rosebridge Ave),4.0,1.0,4.0,18.0,3.5,,5.0,,3.5,2.5,,,,,1.0,24.0,,,,,,12.0,6.0,2.5,1.5,,,5.0,2.0,12.5,
202209,Centennial Park,7.6,0.2,9.0,3.6,3.0,,2.0,,3.3,3.1,,,,1.4,,19.4,,,,,,13.0,7.1,3.4,,0.8,0.1,,,,
202209,Chatswood Bowling Club,1.0,,3.0,6.0,2.0,,2.0,,,,,,,,,2.0,,,,,,,2.0,,3.0,,,3.0,3.0,6.0,
202209,Collaroy (Long Reef Golf Club),10.2,,2.8,7.8,0.8,5.6,14.4,7.4,2.6,1.8,,,,,,25.2,,2.0,,,,12.8,7.6,1.2,4.2,,1.2,4.8,2.2,12.6,
202209,Colo Heights (Mountain Pines),2.4,,11.8,11.2,1.2,,,,5.2,,,,,,2.2,36.2,,,,,,11.0,1.6,2.0,17.2,,0.8,5.8,0.4,5.6,
202209,Concord (Brays Rd),1.4,,,20.2,0.8,,,,3.0,1.8,,,,,0.2,19.0,0.2,1.6,,,,6.6,3.0,2.2,2.2,,0.2,8.6,2.2,6.6,
202209,Concord Golf Club,1.6,,4.8,26.0,3.6,0.6,,,3.4,1.4,,,,,,19.2,→,1.4,,,,6.8,3.4,1.4,2.0,,,12.6,,,
202209,Cooranbong (Avondale),11.0,,41.0,9.0,4.0,,,,3.0,2.0,,,,7.0,,14.0,,,,,,18.0,4.0,2.0,3.0,,1.0,3.0,,9.0,
202209,Cooranbong (Lake Macquarie AWS),11.4,0.2,41.0,9.8,3.4,0.4,0.2,,2.2,2.2,0.4,,,6.8,0.2,14.2,,,,,,18.4,4.6,1.2,3.4,,0.8,3.4,,9.0,
202209,Darkes Forest (Kintyre),1.0,,11.0,33.0,8.0,,,,4.0,1.0,,,,,,11.0,,,,,,10.0,13.0,8.0,1.0,,3.0,11.0,30.0,19.0,
202209,Dover Heights (Portland St),9.6,0.2,7.0,6.6,4.0,0.2,7.2,,,,,,,,,,,,,,,,,,,,,,,,
202209,Erskine Park Reservoir,1.0,,1.0,7.0,,,,,3.0,4.0,,,,,1.0,17.0,1.0,,,,,8.0,3.0,10.0,7.0,,,8.0,4.0,,
202209,Faulconbridge (Great Western Hwy),3.0,,5.0,7.0,1.0,,,,5.0,,,,,,3.0,20.0,,,,,,15.0,1.0,4.0,2.0,,1.0,33.0,1.0,1.0,
202209,Faulconbridge (St Georges Crescent),4.6,,4.6,5.0,,,,,5.2,0.8,,,,,2.4,21.8,,,,,,15.2,2.6,4.8,1.4,,1.2,24.2,1.2,2.2,
202209,Gears (Wyong River),4.0,,15.0,20.0,1.0,,,,2.0,2.0,,,,,,14.0,,,,,,11.0,,,5.0,,,3.0,4.0,11.0,
202209,Gosford AWS,21.4,,24.4,22.0,0.2,1.6,,0.2,3.4,2.0,,,,,0.4,14.2,,,,,,22.8,3.4,2.2,9.4,,,3.0,0.6,18.2,
202209,Holsworthy Aerodrome AWS,0.4,,0.4,9.4,1.0,0.2,,,3.6,0.8,0.2,,,,,17.2,,,,,,4.8,5.4,2.8,6.4,,1.2,9.6,1.4,6.0,
202209,Holsworthy Defence AWS,,,0.2,19.2,1.6,0.2,,,5.4,1.4,,,,,0.2,19.4,,,,,,7.4,16.6,5.4,5.6,0.2,0.8,10.8,11.8,3.8,
202209,Hornsby (Swimming Pool),0.6,,5.4,19.6,1.6,,,,3.0,1.2,,,,,1.2,34.2,,,,,,11.6,3.8,0.8,5.0,,0.2,8.8,1.4,11.6,
202209,Horsley Park Equestrian Centre AWS,0.2,0.2,0.8,7.8,1.0,0.2,3.6,,2.8,1.4,0.2,,,,1.0,16.6,0.2,,,,,10.0,4.8,4.6,6.8,0.2,,0.6,20.2,2.0,
202209,Katoomba (Farnells Rd),3.0,,5.4,21.0,4.0,,3.2,→,3.6,0.9,,,0.8,,4.4,23.0,,0.4,,,→,3.8,7.0,6.4,5.5,,3.8,25.4,0.8,,
202209,Kurrajong Heights (Bells Line of Road),3.8,,,5.2,0.8,,,,4.6,0.4,,,,,4.6,32.0,,0.8,,,,15.0,1.4,→,4.2,,0.8,24.2,→,8.2,
202209,Lucas Heights (ANSTO),0.8,,1.5,18.3,2.4,0.8,0.1,,4.0,1.2,,,,,0.3,17.4,,,,,,6.0,17.2,1.5,2.4,,1.8,,,,
202209,Macquarie Park (Willandra Village),1.2,,5.0,15.8,2.6,0.2,0.4,,2.4,0.8,,,,,0.8,19.6,,0.4,,,,6.2,3.2,1.6,3.6,,6.0,8.6,2.8,6.0,
202209,Mangrove Mountain AWS,1.8,,11.0,25.6,2.4,,4.4,0.2,2.4,1.8,,,,4.6,0.2,22.0,,,,,,23.8,1.4,0.6,14.8,0.2,0.2,5.4,20.8,17.2,
202209,Marrickville Golf Club,2.0,,4.0,15.0,2.0,,,,3.0,2.0,,,,,,17.0,,,,,,7.0,5.0,,2.0,,,9.0,3.0,8.0,
202209,Menangle Bridge (Nepean River),1.0,,,7.0,,,,,4.0,1.0,,,,,,20.0,,,,,,4.0,6.0,8.0,6.0,,3.0,10.0,19.0,3.0,
202209,Mona Vale Golf Club,10.0,,10.8,3.8,0.2,5.4,7.8,,3.6,3.0,,,,,1.4,32.4,,2.0,,,,16.2,7.4,3.0,6.6,0.2,0.6,6.2,0.4,22.0,
202209,Mount Boyce AWS,2.0,,3.0,13.6,4.4,,2.0,,4.4,1.8,,,,,4.4,25.8,,0.4,,,,10.8,9.0,14.0,2.0,0.2,1.2,33.0,2.4,7.6,
202209,Mount Wilson (Clarine),3.0,,11.0,12.8,4.8,,2.6,,4.6,1.8,,,,,2.0,36.0,,,,,,13.0,11.0,11.0,,,2.4,21.0,,6.0,
202209,Norah Head AWS,4.4,,18.8,3.6,2.0,3.6,2.2,,2.0,2.0,0.2,,,,0.2,18.6,,0.2,,,,17.8,3.6,0.6,15.6,0.2,,5.0,0.2,11.0,
202209,North Parramatta (Burnside Homes),,,9.0,18.0,2.0,,,,2.5,1.5,,,,,1.0,20.5,,1.0,,,,5.5,2.0,1.0,3.0,,,6.0,1.0,5.5,
202209,North Rocks (Muirfield Golf Club),0.5,,9.5,22.0,2.0,,,,2.5,1.5,,,,,1.0,20.0,,,,,,5.0,2.5,3.0,2.5,0.5,,6.0,1.0,5.0,
202209,North Ryde Golf Club,1.0,,3.0,12.0,2.0,,1.0,,2.0,,1.0,,,,,18.0,,,,,,5.0,2.0,,2.0,,1.0,8.0,2.0,6.0,
202209,Palm Grove (Lyrebird Lane),7.0,,19.0,21.0,1.0,,4.0,,4.0,1.0,,,,2.0,,21.0,,,,,,,3.0,1.0,11.0,,1.0,5.0,2.0,17.0,
202209,Parramatta North (Masons Drive),0.2,,5.2,20.6,2.2,,0.4,,3.6,2.0,,,,,1.2,21.0,,1.4,,,,6.0,2.4,1.6,2.4,,0.2,7.0,1.4,4.4,
202209,Peakhurst Golf Club,,,5.0,21.0,3.0,1.0,3.0,,3.0,2.0,2.0,,,,,15.0,,,,,,6.0,3.0,2.0,2.0,,1.0,12.0,2.0,6.0,
202209,Penrith Lakes AWS,1.8,0.2,4.2,4.8,0.8,,,,3.8,1.8,,,,,2.6,17.8,,,,,,9.4,1.6,1.0,7.6,,1.0,19.2,3.0,0.2,
202209,Prospect Reservoir,1.0,,2.0,15.0,,,1.0,,3.0,2.0,,,,,1.0,17.0,,1.0,,,,9.0,5.0,4.0,6.0,,1.0,8.0,3.0,5.0,
202209,Putty (The Gibba),3.0,,10.0,13.0,3.0,,,,6.0,1.0,,,,,1.0,29.0,,1.0,,,,18.0,,2.0,3.0,,1.0,5.0,,10.0,
202209,Randwick (Randwick St),5.0,0.1,9.4,5.4,5.8,,3.0,,2.8,2.8,,,1.4,,,19.0,,0.8,,,,10.8,9.0,3.8,1.0,,0.4,5.4,2.2,14.4,
202209,Richmond - UWS Hawkesbury,,,→,→,13.4,,,,,→,→,3.2,,,,26.2,,,,,,,17.2,,,,,16.8,1.0,2.0,
202209,Richmond RAAF,1.2,0.2,0.8,9.8,0.2,0.2,,,3.8,0.2,,,,,1.2,31.0,,0.4,,,,6.4,1.8,3.0,9.2,,0.6,15.2,1.0,1.2,
202209,Rose Bay (Royal Sydney Golf Club),8.2,,6.0,5.6,3.2,0.2,6.2,0.2,2.6,2.0,0.2,,2.2,,0.2,18.6,,,,,,11.2,8.2,2.8,0.6,,,4.8,4.2,14.0,
202209,Rossmore (South Creek),,,,7.0,,,,,3.0,1.0,,,,,1.0,22.0,,,,,,6.0,4.0,3.0,6.0,,1.0,8.0,11.0,,
202209,Sans Souci (Public School),,,1.0,3.0,1.0,,,,3.0,1.0,,,,,,15.0,,,,,,1.0,8.0,1.0,,,,14.0,1.0,2.0,
202209,Seven Hills  (Radio FM 103.2),0.5,,1.0,11.5,,,2.0,,2.5,1.0,,,,,1.0,18.5,,,,,,5.5,3.5,2.0,6.5,0.5,0.5,10.5,1.5,3.0,
202209,Shanes Park (South Creek Road),0.4,,0.6,1.6,1.8,0.8,,,0.4,1.2,1.2,0.6,,,,1.4,1.2,0.8,0.8,0.4,0.2,0.2,0.8,0.6,1.4,7.4,0.2,4.0,21.4,0.2,
202209,Sydney (Observatory Hill),0.2,0.8,10.0,13.8,2.4,0.2,0.4,,2.8,2.0,,,,,,20.2,,,,,,8.2,5.8,1.2,1.2,,,3.8,3.0,14.2,
202209,Sydney Airport AMO,3.6,,5.6,7.4,1.0,0.2,,,2.6,6.0,1.2,,,,,15.2,,,,,,7.2,5.8,0.6,1.0,,,10.4,2.8,8.2,
202209,Sydney Botanic Gardens,1.6,2.1,11.0,11.0,7.0,2.8,,1.2,3.0,2.3,,,,0.2,19.6,0.1,,,,,7.9,10.8,2.1,1.0,,,,,,,
202209,Sydney Olympic Park AWS (Archery Centre),1.2,,5.2,23.0,2.2,0.6,,,3.2,2.2,,,,,0.2,19.8,0.2,1.6,,,,5.4,2.8,1.8,1.8,,,13.0,2.0,4.8,
202209,Terrey Hills AWS,8.8,0.2,6.6,15.0,6.0,0.2,3.6,,3.4,6.6,0.2,,,,1.0,28.2,,2.8,0.2,,,14.2,4.0,1.4,7.6,,0.8,4.6,1.0,15.8,
202209,Wahroonga (Ada Avenue),3.4,,5.6,19.0,2.6,,0.2,0.2,3.6,1.0,0.4,,,,1.8,30.4,,0.8,,,,8.8,4.0,1.4,5.2,0.2,0.2,7.2,2.2,11.8,
202209,Warragamba,1.0,,1.0,3.0,1.0,,,,4.0,,1.0,,,,2.0,20.0,,,,,,13.0,11.0,1.0,,,2.0,13.0,2.0,,
202209,Wedderburn (Booalbyn),1.0,,,17.0,1.0,,,1.0,4.0,,,,,,,15.0,,1.0,,,,4.0,12.0,6.0,2.0,,3.0,9.0,23.0,2.0,
202209,Wyong (Kulnura (Jeavons)),5.0,,11.0,17.0,1.0,,2.0,,1.0,4.0,,,,,,21.0,,,,,,21.0,,,3.0,,1.0,8.0,3.0,11.0,
202209,Wyong (Olney Forest),13.0,,19.0,20.0,6.0,,2.0,,3.0,4.0,1.0,,,5.0,,16.0,,,,,,33.0,4.0,1.0,8.0,,1.0,8.0,,15.0,
202209,"Most values are the precipitation in the 24 hoursto9 am on the day indicated.
Days marked with → are part of a longer accumulation, which is shown on the final day.Values over  100  mm have been rounded to the nearest whole millimetre.Days marked with - have a rainfall report of zero; 
days left blank have no rainfall report (which often indicates no rain fell).",,,,,,,,,,,,,,,,,,,,,,,,,,,,,,,
202209,Rainfalls colouredaccording to the amount,0,1.0,5.0,10.0,15.0,25.0,50.0,100,150,200,300,400,600,millimetres,,,,,,,,,,,,,,,,,
202210,Abbotsbury (Fairfield (City Farm)),6.0,,,,4.0,29.0,,4.0,40.0,,,,,,,,,,,,6.0,1.0,1.0,10.0,22.0,8.0,,,,,
202210,Abbotsford (Blackwall Point Rd),6.0,3.0,2.0,,16.0,26.0,5.0,9.0,55.0,0.2,,,0.2,0.6,,,12.0,2.0,1.2,,1.6,1.6,0.1,8.0,33.0,0.6,,2.4,,,
202210,Audley  (Royal National Park),10.0,9.0,3.0,,7.0,52.0,12.0,5.0,48.0,,,,,1.0,,,,,3.0,,1.0,1.0,,21.0,26.0,6.0,,,,,
202210,Badgerys Creek AWS,5.2,0.8,,,3.2,47.6,0.8,5.2,51.0,0.2,,,,,,,,1.2,0.4,,7.0,0.4,0.2,25.6,13.8,24.0,0.2,,,,
202210,Bankstown Airport AWS,11.4,1.4,,,4.2,38.0,3.8,5.4,56.6,0.2,,,,0.2,0.2,,,,1.6,0.2,1.4,1.4,,13.0,23.2,8.2,,0.2,,,
202210,Baulkham Hills Eucalyptus Ct,4.0,1.5,,,18.5,31.0,3.5,6.0,45.0,,26.5,,,,,,,0.5,0.5,,5.5,1.0,,16.5,23.5,1.0,,1.0,,,
202210,Belrose (Evelyn Place),6.8,7.8,,,23.0,41.4,32.6,6.4,40.2,0.2,0.2,0.4,1.2,0.6,,,8.8,4.6,1.2,,2.2,1.0,,17.6,18.0,1.0,,,,,
202210,Bilpin Post Office,,,,21.8,2.8,40.0,0.4,6.4,,40.2,0.4,,,,,,3.0,2.0,1.7,7.4,9.4,1.2,,2.8,4.0,,0.1,,,,
202210,Blackheath (Wombat Street),11.0,4.0,2.0,,9.0,45.0,,9.0,35.0,1.0,,1.0,,1.0,,,,2.0,2.0,3.0,15.0,3.0,5.0,29.0,6.0,3.0,,,,,
202210,Bringelly (Maryland),7.0,,,,3.0,38.0,,4.0,72.0,,,,,,,,,3.0,2.0,,8.0,,3.0,29.0,22.0,5.0,,,,,
202210,Camden (Brownlow Hill),5.4,3.0,,,11.6,51.0,2.2,5.0,65.2,2.0,,,,,,,0.4,0.8,1.4,,10.2,0.6,1.4,17.0,16.0,0.8,,,,,
202210,Camden Airport AWS,8.4,3.6,,,19.2,51.2,0.8,5.6,89.6,2.0,,,,0.2,,,,0.8,2.4,,8.4,0.4,1.4,23.2,25.6,0.6,,,,,
202210,Campbelltown (Kentlyn (Georges River Roa,14.0,,1.0,,12.0,47.0,7.0,5.0,53.0,,,,,,,,,,1.0,,2.0,4.0,3.0,26.0,14.0,21.0,,,,,
202210,Campbelltown (Mount Annan),8.8,1.0,,,26.8,56.0,3.0,4.2,58.4,1.4,0.2,,,0.4,,,,,0.8,,3.4,0.8,0.6,2.6,15.8,0.4,0.2,,,,
202210,Canterbury Racecourse AWS,4.2,1.6,,,8.6,35.8,8.2,6.6,50.8,0.2,0.2,,,0.4,,,4.6,,1.2,0.2,1.6,1.6,,6.2,22.8,1.6,,0.8,,,
202210,Castle Cove (Rosebridge Ave),12.0,4.5,,,19.0,30.0,38.0,7.0,49.0,,,,,2.0,,,31.0,2.0,2.0,,3.0,1.2,,11.0,24.0,,,,,,
202210,Castlereagh (Castlereagh Road),,1.2,,,38.2,0.6,7.1,38.4,0.6,0.4,,0.2,,,,,2.4,1.4,,10.8,1.0,1.7,8.6,2.2,,,,,,,
202210,Centennial Park,5.0,1.0,,,10.4,28.2,24.0,5.8,47.0,2.6,,,,0.8,,,52.6,15.4,2.0,1.0,0.4,,1.2,14.2,,,,,,,
202210,Chatswood Bowling Club,8.0,1.0,,,,,,6.0,6.0,,,,,,,,,,1.0,,1.0,1.0,,10.0,24.0,1.0,,1.0,,,
202210,Collaroy (Long Reef Golf Club),9.0,4.4,,,0.8,21.6,10.2,12.2,43.4,2.8,0.8,,,1.2,0.8,,1.0,,0.6,,2.4,,2.4,15.8,21.2,0.2,,,,,
202210,Colo Heights (Mountain Pines),9.2,3.0,2.6,,0.4,32.8,1.6,9.4,58.0,,,,,,,,,2.2,1.6,1.2,5.2,5.8,4.2,12.4,0.8,1.8,,2.4,,,
202210,Concord (Brays Rd),5.2,1.4,1.0,,14.0,24.0,13.0,6.4,45.4,0.2,,,0.4,0.4,,,4.8,1.0,0.4,,1.6,0.4,0.2,6.0,22.6,0.6,,2.0,,,
202210,Concord Golf Club,5.0,0.8,1.2,,12.4,27.8,4.0,6.4,49.0,,,,,,,,6.0,,,,2.0,1.0,,11.4,20.2,1.2,,4.0,,,
202210,Cooranbong (Avondale),12.0,3.0,1.0,,,47.0,7.0,10.0,44.0,,,1.0,,,,,9.0,18.0,2.0,2.0,16.0,,4.0,6.0,,2.0,,1.0,,,
202210,Cooranbong (Lake Macquarie AWS),12.2,3.2,,,,49.4,9.2,10.0,45.0,,,,,0.8,,,8.8,18.6,2.4,1.8,16.2,0.2,5.0,5.2,0.6,2.0,,0.8,,,
202210,Darkes Forest (Kintyre),29.0,5.0,,,31.0,61.0,15.0,2.0,82.0,2.0,,,1.0,1.0,,,,,,,5.0,6.0,4.0,24.0,28.0,27.0,,,,,
202210,Erskine Park Reservoir,3.0,1.0,,,13.0,29.0,,6.0,43.0,,,,,,,,,,,,3.0,,1.0,4.0,10.0,18.0,,,,,
202210,Faulconbridge (Great Western Hwy),5.0,5.0,2.0,,11.0,36.0,1.0,7.0,48.0,1.0,,,,,,,,2.0,1.0,,5.0,,3.0,41.0,2.0,,,1.0,,,
202210,Faulconbridge (St Georges Crescent),4.0,,,1.6,11.8,39.8,1.8,7.0,49.8,0.8,,0.4,0.2,,,,,3.8,1.2,,6.8,2.1,8.0,24.3,9.8,,,0.8,,,
202210,Gears (Wyong River),13.0,1.0,,,,7.0,,,3.0,,,,,,,,22.0,3.0,,,,,5.0,,,,,,,,
202210,Gosford AWS,17.8,2.6,,,,18.2,6.6,7.6,64.8,0.6,1.0,0.6,0.2,0.4,0.2,,3.0,1.2,1.4,0.2,8.4,,12.4,9.8,1.2,0.2,,2.2,,,
202210,Holsworthy Aerodrome AWS,10.8,2.0,,,3.4,36.0,3.8,4.8,43.8,0.8,,,,,,,,,1.2,,1.0,6.8,1.0,13.6,18.6,2.4,0.2,,,,
202210,Holsworthy Defence AWS,18.6,0.2,1.8,0.2,27.0,63.2,4.6,4.8,54.8,1.2,,,,0.2,,,,,1.8,,3.0,4.6,5.2,19.6,15.8,11.0,,,,,
202210,Hornsby (Swimming Pool),17.2,2.8,,,30.8,52.8,2.4,9.0,51.0,,,0.2,,0.2,,,2.6,3.2,0.6,,6.2,0.4,,9.0,20.8,,,,,,
202210,Horsley Park Equestrian Centre AWS,5.2,0.2,0.2,,7.2,35.8,0.2,5.4,45.8,0.2,,,,,,,,,0.8,0.2,2.6,1.6,1.2,8.6,25.8,9.0,0.2,0.6,,,
202210,Katoomba (Farnells Rd),28.4,5.0,,0.2,6.0,36.0,0.4,6.2,35.0,0.4,0.6,0.2,,1.8,,,,3.2,2.2,0.6,11.6,→,8.6,25.6,→,6.8,,,,,
202210,Kurrajong Heights (Bells Line of Road),→,→,19.0,,7.2,48.6,→,→,56.4,1.0,0.6,,,,,,4.0,,1.8,5.6,9.2,→,→,35.0,4.8,,,,,,
202210,Lucas Heights (ANSTO),21.4,2.2,,,5.8,47.0,11.4,5.0,48.0,0.4,,,,0.2,,,,0.4,1.2,,2.0,10.0,5.0,15.0,17.0,12.6,,,,,
202210,Mangrove Mountain AWS,28.0,1.8,,0.2,1.8,24.8,0.6,10.6,88.8,,0.2,,0.2,0.4,,,7.0,6.6,1.2,0.2,10.8,0.6,2.8,5.0,2.2,2.8,,0.2,,,
202210,Marrickville Golf Club,6.0,2.0,,,9.0,25.0,16.0,6.0,49.0,8.0,,,,,,,15.0,2.0,2.0,1.0,,1.0,,7.0,22.0,2.0,,,,,
202210,Menangle Bridge (Nepean River),4.0,2.0,,,23.0,40.0,3.0,4.0,62.0,2.0,,,,,,,,,,,4.0,1.0,3.0,23.0,19.0,1.0,,,,,
202210,Mona Vale Golf Club,19.0,3.4,0.2,,5.8,41.0,46.4,8.6,48.8,,,1.2,,0.8,0.2,,0.6,,,,0.4,0.4,1.8,20.2,60.2,,,1.0,,,
202210,Mount Boyce AWS,10.6,4.2,0.8,0.2,8.6,36.2,0.2,9.0,30.0,0.8,0.6,0.2,,1.2,0.2,,,1.0,1.4,2.4,13.0,3.8,4.2,36.0,3.4,3.2,,0.6,,,
202210,Norah Head AWS,3.4,2.4,,0.2,9.4,10.2,0.4,7.2,68.8,,,,,0.2,,,11.2,1.6,2.4,0.2,6.8,0.2,6.6,9.2,0.4,5.0,,,,,
202210,North Parramatta (Burnside Homes),5.0,,,,17.5,34.5,2.5,6.0,48.5,0.5,,,,,,,,,0.5,,4.0,4.0,3.0,19.0,33.0,0.5,,3.0,,,
202210,North Rocks (Muirfield Golf Club),7.5,,0.5,,16.5,30.5,3.0,5.5,45.0,,1.0,,,,,,0.5,,0.5,0.5,3.0,3.5,,18.0,27.0,,0.5,0.5,,,
202210,North Ryde Golf Club,11.0,2.0,,,17.0,25.0,1.0,7.0,47.0,,,,,,,,3.0,9.0,1.0,1.0,2.0,,1.0,11.0,20.0,1.0,,1.0,,,
202210,Palm Grove (Lyrebird Lane),16.0,3.0,,,3.0,21.0,5.0,11.0,71.0,,,,,,,,9.0,15.0,1.0,,11.0,,4.0,6.0,1.0,,,1.0,,,
202210,Parramatta North (Masons Drive),4.0,0.4,,,8.6,28.0,2.4,5.2,48.6,,,0.2,0.2,0.2,,,0.2,0.2,0.2,,4.2,1.2,1.4,14.8,38.0,1.6,,1.4,,,
202210,Peakhurst Golf Club,9.0,2.0,1.0,,6.0,31.0,6.0,4.0,48.0,,,,,,,,2.0,1.0,1.0,,,1.0,,12.0,20.0,3.0,,,,,
202210,Penrith Lakes AWS,,,,,,24.6,0.2,6.4,37.0,,,,,,,,,,,,,,0.4,2.4,,,,1.4,,,
202210,Prospect Reservoir,10.0,1.0,,,28.0,37.0,3.0,6.0,47.0,,,,,,,,,2.0,,,6.0,6.0,1.0,6.0,28.0,5.0,,1.0,,,
202210,Putty (The Gibba),3.0,2.0,4.0,,1.0,38.0,,11.0,93.0,,,,,,,,,1.0,1.0,4.0,6.0,2.0,6.0,28.0,3.0,2.0,,,,,
202210,Randwick (Randwick St),8.0,1.2,0.2,,7.4,32.6,19.4,6.0,50.4,4.0,,0.2,0.6,0.8,,,44.8,9.6,1.4,0.2,0.6,,0.6,11.0,24.4,1.2,,0.6,,,
202210,Richmond - UWS Hawkesbury,,,,,41.6,,,,,45.8,,,,,,,,,,,7.0,,,30.2,,,,,,,
202210,Richmond RAAF,9.0,6.4,1.4,,3.2,23.2,,7.2,41.4,0.4,,,,,,,,2.2,0.4,0.2,1.6,0.6,2.4,10.4,3.8,4.0,,,,,
202210,Rose Bay (Royal Sydney Golf Club),6.8,2.6,,,13.4,24.0,5.8,5.4,42.6,5.0,,,0.8,1.0,,,39.8,6.4,1.2,0.4,0.8,,0.4,11.8,29.0,1.4,,2.8,,,
202210,Rossmore (South Creek),7.0,1.0,,,2.0,48.0,,5.0,53.0,,,,,,,,,,,3.0,10.0,1.0,6.0,65.0,26.0,17.0,,,,,
202210,Sans Souci (Public School),1.0,2.0,,,3.0,8.0,43.0,4.0,22.0,,,,,,,,3.0,,,,,2.0,,10.0,12.0,2.0,,,,,
202210,Seven Hills  (Radio FM 103.2),7.0,0.5,,,11.0,32.0,1.5,6.0,41.0,,,,0.5,,,,,3.5,,,5.0,4.0,,16.0,26.0,2.5,,1.5,,,
202210,Shanes Park (South Creek Road),,,,,,,,0.6,0.6,0.8,1.4,3.6,44.8,,,,,6.8,0.6,1.0,13.2,0.6,2.0,11.6,3.2,3.4,,,,,
202210,Sydney (Observatory Hill),10.4,0.8,,,17.6,27.6,91.0,5.6,50.2,2.2,,0.2,0.4,0.2,,,41.4,13.8,0.8,,1.0,0.6,1.0,7.0,21.2,0.8,,1.4,0.2,,
202210,Sydney Airport AMO,6.4,2.0,0.4,,10.8,27.8,96.6,5.0,42.8,4.2,0.2,,,0.4,,,22.8,4.4,1.6,,0.2,0.6,,9.8,17.0,1.0,,0.4,,0.2,
202210,Sydney Botanic Gardens,1.2,,,18.0,32.6,67.0,4.2,51.0,1.2,0.2,0.1,0.4,0.4,,,38.2,14.6,0.8,,0.8,0.6,1.0,8.2,20.6,0.4,,,,,,
202210,Sydney Olympic Park AWS (Archery Centre),3.8,0.2,,,8.0,28.0,1.8,5.6,48.4,,,,,0.2,,,0.2,0.2,0.4,,2.6,1.0,1.0,5.8,27.8,0.6,,2.8,,,
202210,Terrey Hills AWS,14.8,6.4,,,25.8,44.6,21.2,8.0,44.4,,,,0.2,0.4,1.4,,4.0,2.6,0.4,,4.0,0.6,,17.6,21.0,,,,,,
202210,Wahroonga (Ada Avenue),25.0,3.2,,,35.8,55.0,4.0,10.6,58.0,,,,,0.4,,,2.0,4.4,1.0,,2.6,0.6,0.2,13.2,30.8,0.2,,0.2,,,
202210,Warragamba,6.0,,,,11.0,67.0,,6.0,55.0,,,,,,,,,,1.0,,5.0,1.0,2.0,24.0,4.0,,,,,,
202210,Wedderburn (Booalbyn),7.0,3.0,,,27.0,40.0,7.0,3.0,48.0,3.0,,,,,,,,,1.0,,4.0,3.0,2.0,33.0,16.0,1.0,,,,,
202210,Wyong (Kulnura (Jeavons)),13.0,1.0,,,,41.0,1.0,12.0,72.0,,,,,,,,27.0,8.0,,2.0,14.0,,6.0,4.0,1.0,2.0,,,,,
202210,Wyong (Olney Forest),12.0,,3.0,,,61.0,,12.0,44.0,,,,,,,,17.0,23.0,,2.0,12.0,,16.0,6.0,5.0,,,2.0,,,
202210,"Most values are the precipitation in the 24 hoursto9 am on the day indicated.
Days marked with → are part of a longer accumulation, which is shown on the final day.Values over  100  mm have been rounded to the nearest whole millimetre.Days marked with - have a rainfall report of zero; 
days left blank have no rainfall report (which often indicates no rain fell).",,,,,,,,,,,,,,,,,,,,,,,,,,,,,,,
202210,Rainfalls colouredaccording to the amount,0,1.0,5.0,10.0,15.0,25.0,50.0,100,150,200,300,400,600,millimetres,,,,,,,,,,,,,,,,,
202211,Abbotsbury (Fairfield (City Farm)),4.0,,,,,,,,,,,,,24.0,,,,,,1.0,,,,,,,,8.0,,,
202211,Abbotsford (Blackwall Point Rd),0.8,0.2,,0.4,,,,1.8,,0.4,,0.4,,34.0,,0.1,1.4,,,1.0,,,,,,,,12.0,,,
202211,Audley  (Royal National Park),8.0,,,,,,,,,,,,,38.0,,,1.0,,,1.0,,,,,,2.0,,5.0,,,
202211,Badgerys Creek AWS,9.6,1.0,,1.2,,,,,,,,,,32.6,,,0.4,,,,0.2,,,,,,,0.8,,,
202211,Bankstown Airport AWS,5.6,,,,,,,,,0.6,,,,32.4,,,5.2,0.2,,1.2,,,,,,,,12.2,,,
202211,Baulkham Hills Eucalyptus Ct,0.5,,,,,,,,,,,,,38.0,,,,,,1.0,,,,,,,,12.5,,,
202211,Belrose (Evelyn Place),0.4,,,0.2,1.0,,,0.6,,,,,,20.4,,0.2,0.6,,,0.8,,,,,,1.6,,6.2,,,
202211,Bilpin Post Office,5.0,0.8,2.2,3.0,,,,,,,,,,36.0,,,4.2,,,,2.0,,,,,,,10.2,,1.4,
202211,Blackheath (Wombat Street),50.0,7.0,,7.0,,1.0,,,,,,,5.0,68.0,,,,,,4.0,,,,,,,,13.0,,5.0,
202211,Bringelly (Maryland),16.0,,,1.0,,,,,,,,,1.0,39.0,,,1.0,,,1.0,,,,,,,,4.0,,,
202211,Camden (Brownlow Hill),13.2,,,3.0,,,,,,,,,1.8,38.8,,,,,,1.0,,,,,,,,4.9,,,
202211,Camden Airport AWS,14.6,,,1.8,,,,,,,,,0.6,43.8,,,,,,0.8,,,,,,,,4.8,,,
202211,Campbelltown (Kentlyn (Georges River Roa,12.0,1.0,,2.0,,,,,,,,,2.0,44.0,,,,,,1.0,,,,,,,,6.0,,,
202211,Campbelltown (Mount Annan),11.8,,,1.0,,,,,,,0.2,,,37.2,0.2,,,0.2,,0.6,,,,,,,,4.6,0.2,,
202211,Canterbury Racecourse AWS,0.6,1.0,0.2,,0.2,,,3.2,,,,,,31.2,,,3.4,,,1.0,,,,,,,,7.4,,,
202211,Castle Cove (Rosebridge Ave),,,,,,,,1.0,1.5,,,,,30.0,0.5,6.5,0.5,,,1.0,,,,,,1.0,,12.0,,0.2,
202211,Chatswood Bowling Club,,,,,,,,1.0,,,,,1.0,40.0,,2.0,1.0,,,2.0,,,,,,1.0,,11.0,,,
202211,Collaroy (Long Reef Golf Club),,,,1.0,,,,,,0.8,,,,10.8,,5.2,,,,,,,,,,,,10.4,,,
202211,Colo Heights (Mountain Pines),2.0,2.0,,7.2,,,,,,,,0.4,1.4,9.4,,,,,,2.0,,,,,,,,3.0,,,
202211,Concord (Brays Rd),0.8,,,,,,,1.0,,,,,,33.2,,,0.6,,,0.8,,,,,,,,11.8,,,
202211,Concord Golf Club,1.0,,,,,,,1.6,,,,,,27.0,,,,,,0.6,,,,,,,,11.4,,,
202211,Cooranbong (Avondale),1.0,,,3.0,,,,,1.0,,,2.0,,26.0,,,,,,,,,,,,,,2.0,,,
202211,Cooranbong (Lake Macquarie AWS),1.4,0.2,,3.6,0.2,,,,0.4,,,2.2,0.2,30.2,,,,,,,,,,,,,,2.8,,,
202211,Darkes Forest (Kintyre),14.0,1.0,,,,,,1.0,,,,,1.0,40.0,,,,,,,,,,,,,,13.0,,,
202211,Erskine Park Reservoir,5.0,,,2.0,,,,,,,,,,28.0,,,,,,1.0,,,,,,,,8.0,,,
202211,Faulconbridge (Great Western Hwy),9.0,,,,,,,,,,,8.0,1.0,33.0,,,,,,2.0,,,,,,,,5.0,,1.0,
202211,Faulconbridge (St Georges Crescent),10.0,1.0,,0.8,,,,,,,,9.0,1.0,33.6,,,0.4,,,2.6,,,,,,,,6.0,,,
202211,Gosford AWS,1.8,,,0.8,,,,,,,,1.0,,13.6,0.2,1.0,0.2,,,0.4,,,,,,2.0,,4.2,,,
202211,Holsworthy Aerodrome AWS,8.6,0.2,,0.8,,,,0.2,,0.2,,,,33.0,,,0.2,,,0.6,,,,,,,,6.8,0.2,,
202211,Holsworthy Defence AWS,10.4,0.2,,,,,,,,,,,,47.4,,,,,,0.8,,,,,,,,6.4,,,
202211,Hornsby (Swimming Pool),0.2,,,,,,,,,,,0.2,,28.4,,,,,,0.4,,,,,,,,9.6,,,
202211,Horsley Park Equestrian Centre AWS,1.8,,0.2,0.8,,,,,,,,,0.2,26.8,,,,,,1.4,,,,,,,,9.6,,,
202211,Katoomba (Farnells Rd),28.0,5.2,,,,,,,,,,0.6,5.2,45.0,,,,,,3.0,,,,,,,,7.2,,1.4,
202211,Kurrajong Heights (Bells Line of Road),3.6,0.2,,3.2,,,,,,,,0.6,,36.6,,,0.4,,,,,,,,,,,11.2,,1.4,
202211,Lucas Heights (ANSTO),10.8,,,,,,,0.6,,,,,,34.8,,,,,,0.7,,,,,,,,6.4,,,
202211,Mangrove Mountain AWS,1.0,,,,,,,,,,,0.6,0.4,15.4,,,0.6,,,0.4,,,,,,,,3.6,,,
202211,Marrickville Golf Club,,2.0,,,,,,1.0,,,,,,28.0,,,4.0,,,1.0,,,,,,,,7.0,,,
202211,Menangle Bridge (Nepean River),10.0,,,1.0,,,,,,,,,5.0,39.0,,,1.0,,,1.0,,,,,,,,6.0,,,
202211,Mona Vale Golf Club,,,,0.2,,0.2,,1.0,,0.2,,,,17.6,,0.8,0.4,,0.2,1.2,,,,,,0.8,,5.0,0.2,,
202211,Mount Boyce AWS,35.6,6.6,0.2,4.6,,,,,,,,0.4,6.0,53.2,,,0.2,0.2,,3.2,,0.2,,,,,,10.2,0.2,3.6,
202211,Mount Wilson (Clarine),12.0,5.0,,23.6,,0.4,,,,,,2.0,14.0,45.0,,,2.4,,,6.0,,,,,,,,4.0,,3.0,
202211,Norah Head AWS,0.2,0.2,,1.0,0.2,,0.2,0.2,,0.2,,0.4,,26.6,,,0.4,,,,,,,,,7.6,0.2,4.8,,0.2,
202211,North Parramatta (Burnside Homes),0.5,,,,,,,,,,,,,33.0,0.5,,,,,1.0,,,,,,,,12.0,,,
202211,North Rocks (Muirfield Golf Club),0.5,,,,,,,,,,,,0.5,36.0,,,,,,1.5,,,,,,,,10.0,,,
202211,North Ryde Golf Club,,,,,,,,,,,,,1.0,31.0,,,,,,1.0,,,,,,,,10.0,,,
202211,Palm Grove (Lyrebird Lane),1.0,,,,,,,,,,,,,20.0,,,1.0,,,,,,,,,,,4.0,1.0,,
202211,Parramatta North (Masons Drive),1.0,0.2,,0.2,0.2,,,,,,,0.4,,30.0,,,,,,1.8,,,,,,,,12.0,,,
202211,Peakhurst Golf Club,7.0,,,1.0,,,,,,,,1.0,6.0,25.0,,,,,,1.0,,,,,,,,8.0,,,
202211,Penrith Lakes AWS,,0.2,,0.4,,,,,,,,0.4,0.6,33.2,0.2,,,,,1.0,,,,,,,,5.6,,,
202211,Prospect Reservoir,3.0,,,,,,,,,,,,1.0,24.0,,,,,,,,,,,,,,9.0,,,
202211,Putty (The Gibba),12.0,4.0,,2.0,,,,,,,,1.0,18.0,15.0,,1.0,,,,1.0,,,,,,,,3.0,,,
202211,Randwick (Randwick St),0.8,0.6,,0.2,,,,,,,,,,34.0,,8.8,3.8,,,0.8,,,,,,0.6,,14.8,,0.8,
202211,Richmond RAAF,1.0,,,0.4,,,,,,,,0.2,,29.0,0.2,,0.4,,,1.0,,,,,,,,7.8,,,
202211,Rose Bay (Royal Sydney Golf Club),0.4,1.6,,,,,,,,,0.4,,,34.2,,5.2,3.0,,,1.2,,,,,,0.4,,9.8,,0.4,
202211,Rossmore (South Creek),13.0,,,1.0,,,,,,,,,,39.0,,,,,,1.0,,,,,,,,9.0,,,
202211,Sans Souci (Public School),6.0,,,,,,,,,,,,,30.0,,,,,,,,,,,,,,3.0,,,
202211,Seven Hills  (Radio FM 103.2),1.0,,,,,,,,,,,,,29.0,,,,,,0.5,,,,,,,,13.5,,,
202211,Shanes Park (South Creek Road),2.4,,,1.2,0.2,,,1.0,,,,0.6,0.2,31.4,,,0.2,,,1.4,0.2,,,,,,,6.2,,,
202211,Sydney (Observatory Hill),0.2,0.6,,1.0,0.2,,,1.2,0.2,,,,,37.6,0.2,0.8,3.4,,,0.8,,,,,,0.6,,8.8,,,
202211,Sydney Airport AMO,1.4,2.0,,0.2,0.2,,,,,,,,,25.6,,,2.0,,,0.6,,,,,,0.4,0.2,7.0,0.2,0.2,
202211,Sydney Botanic Gardens,0.8,0.8,,0.1,2.8,,,,,,,,,35.8,,2.0,4.0,,,1.0,,,,,,0.6,,12.0,0.1,,
202211,Sydney Olympic Park AWS (Archery Centre),0.8,,,,,,,0.2,,,,0.4,,29.0,0.2,,,,,0.8,,,,,0.4,,,10.8,0.2,,
202211,Terrey Hills AWS,,,,,,,,0.2,,,,,,14.2,,,0.8,,,0.4,,,,,,0.4,,6.4,,,
202211,Wahroonga (Ada Avenue),0.6,,,,,,,0.2,,,,0.6,,34.4,,0.2,0.4,,,1.2,,,,,,,,12.2,,,
202211,Warragamba,16.0,1.0,,3.0,,,,,,,,,2.0,37.0,,,3.0,,,,,,,,,,,4.0,,,
202211,Wedderburn (Booalbyn),12.0,,,1.0,,,,,,,,1.0,,41.0,,,1.0,,,1.0,,,,,,,,6.0,,,
202211,Wyong (Kulnura (Jeavons)),1.0,,,,,,,,,,,2.0,,22.0,,,1.0,,,,,,,,,,,6.0,,,
202211,Wyong (Olney Forest),,1.0,,,,,,,,,,,,37.0,,,,,,,,,,,,,,,,,
202211,Yarramalong (Lewensbrook),2.0,,,,,,,,,,,1.0,,20.0,,,2.0,,,,,,,,,,,5.0,,,
202211,"Most values are the precipitation in the 24 hoursto9 am on the day indicated.
Days marked with → are part of a longer accumulation, which is shown on the final day.Values over  100  mm have been rounded to the nearest whole millimetre.Days marked with - have a rainfall report of zero; 
days left blank have no rainfall report (which often indicates no rain fell).",,,,,,,,,,,,,,,,,,,,,,,,,,,,,,,
202211,Rainfalls colouredaccording to the amount,0,1.0,5.0,10.0,15.0,25.0,50.0,100,150,200,300,400,600,millimetres,,,,,,,,,,,,,,,,,
202212,Abbotsbury (Fairfield (City Farm)),,,,,,8.0,,,,,,,7.0,,,,,,,,,,,,,,,,,1.0,
202212,Abbotsford (Blackwall Point Rd),,,,,,12.0,,,,,,,13.0,,,0.8,,8.0,3.0,,0.2,,1.4,,,,,,,5.0,
202212,Audley  (Royal National Park),,,,,,4.0,1.0,,,,,1.0,16.0,,,,,11.0,2.0,,,,2.0,,,,,,,2.0,2.0
202212,Badgerys Creek AWS,,0.6,,,,,,,,,,,,,,,,,,,,,,,,,,,,,
202212,Bankstown Airport AWS,,,,,,8.8,,,,,,,5.0,,,0.6,,4.2,0.2,,1.0,,1.0,,,,,,,3.0,0.4
202212,Baulkham Hills Eucalyptus Ct,,,,,,3.0,,,,,,0.5,5.5,,,1.0,,2.0,0.5,1.5,,,0.5,,,,,,,0.5,
202212,Belrose (Evelyn Place),,,,,,4.6,,,,,,,4.4,,,0.4,,15.0,3.0,,,,,0.6,,,,,,1.8,
202212,Bilpin Post Office,,,,,,,,,,,,,4.4,,,7.0,→,→,0.4,,,,8.0,,,,,,,3.0,0.4
202212,Blackheath (Wombat Street),,1.0,,,,,,,,2.0,,1.0,16.0,,,2.0,,,,,,,7.0,,,,,,,2.0,2.0
202212,Bringelly (Maryland),,,,,,2.0,,,,,,,1.0,,,1.0,,,,,,,2.0,,,,,,,2.0,1.0
202212,Camden (Brownlow Hill),,,,,,2.2,,,,,,,0.8,,,1.4,,,,,,,4.3,,,,,,,4.0,1.6
202212,Camden Airport AWS,,,,,,2.0,,,,,,,2.6,,,0.8,,,,,,,2.2,1.4,,,,,,4.0,4.2
202212,Campbelltown (Kentlyn (Georges River Roa,,,,,,2.0,,,,,,,4.0,,,1.0,,1.0,,,,,2.0,,,,,,,4.0,2.0
202212,Campbelltown (Mount Annan),0.2,,,,,1.8,,,,,,,6.4,,,1.0,,,,,,,2.4,0.2,,,,,,4.0,1.0
202212,Canterbury Racecourse AWS,,,,,,5.0,,,,,,,14.8,,,1.0,,7.4,0.8,,,,0.4,0.2,,,,,,2.2,2.2
202212,Castle Cove (Rosebridge Ave),,,,,,14.5,,,,,,,6.0,,,,,25.0,3.5,,,,1.0,,,,,,,5.6,
202212,Centennial Park,0.3,,1.2,,,5.7,,,,1.0,,,17.2,,,0.6,0.2,29.6,1.6,,,,1.0,,,,,,,4.4,0.5
202212,Chatswood Bowling Club,,,,,,8.0,,,,,,,10.0,,,,,25.0,4.0,,,,,,,,,,,5.0,
202212,Collaroy (Long Reef Golf Club),,,,,,5.6,,,,,,,4.6,,,,,4.0,2.0,,,,0.6,,,,,,,1.4,
202212,Colo Heights (Mountain Pines),,,,,,,,,,,,,10.6,,,2.2,,1.2,,,,,1.8,,,,,,,2.2,
202212,Concord (Brays Rd),,,,,,11.2,,,,,,,17.8,,,0.2,,6.0,1.6,,,,1.0,,,,,,,3.8,
202212,Concord Golf Club,,,,,,12.8,,,,,,,10.6,,,0.6,,8.8,,,,,1.4,,,,,,,,
202212,Cooranbong (Avondale),,,,,,,,,,,,,3.0,,,4.0,,4.0,6.0,,,,2.0,,,,,,,4.0,
202212,Cooranbong (Lake Macquarie AWS),,,,,,,,0.4,,,,,3.6,,,3.4,2.2,4.8,6.6,,,,2.0,0.6,1.8,,0.2,,,4.8,
202212,Darkes Forest (Kintyre),,1.0,,,,4.0,,,,,,,6.0,,,,,10.0,2.0,,,,2.0,,,,,,,5.0,6.0
202212,Erskine Park Reservoir,,,,,,2.0,,,,,,,5.0,,,,,,,,,,1.0,,,,,,,,
202212,Faulconbridge (Great Western Hwy),,,,,,,,,,,,,2.0,,,2.0,,,,,,,1.0,,,,,,,2.0,
202212,Faulconbridge (St Georges Crescent),1.0,,,,,,,,,0.4,,,2.2,,,3.4,,,0.4,,,,1.8,,,,,,,2.2,2.2
202212,Gears (Wyong River),,,,,,,,,,,,,,,,,,,3.0,,,,,,,,,,,,
202212,Gosford AWS,,,,,,1.8,,,,,,,3.6,,,4.2,,14.2,11.0,,,,9.0,,,,,,,5.2,
202212,Holsworthy Aerodrome AWS,,,,,,9.6,,,0.2,,,,14.6,,,0.6,,1.4,0.2,,2.4,,2.4,0.2,,,,,,2.6,1.4
202212,Holsworthy Defence AWS,,,,,,2.6,,,,,,,6.0,,,0.4,,2.4,0.4,,,,2.8,,,,,,,3.8,4.0
202212,Hornsby (Swimming Pool),,,,,,7.2,,,0.8,,,,,,,0.4,,8.0,4.2,,,,0.6,,,,,,,1.0,0.2
202212,Horsley Park Equestrian Centre AWS,,,,,,7.4,,,,,,,4.4,,,0.4,,,,,,,1.4,,,,,,,1.8,
202212,Katoomba (Farnells Rd),,,,,,0.8,,,,1.4,,,11.0,,,7.4,,0.3,,,,,3.0,,0.4,,,,,2.8,7.4
202212,Kurrajong Heights (Bells Line of Road),,,,,0.4,,,0.1,,,,,4.6,,,1.6,,,,,,,4.9,,,,,,,3.0,
202212,Lucas Heights (ANSTO),,,,,,4.2,,,,,,,12.6,,,,,,,,,,,,,,,,,,
202212,Mangrove Mountain AWS,,0.2,,,,0.6,,,,,,,2.6,,,4.8,0.8,2.2,3.2,,,,2.2,,,,,,,6.0,0.2
202212,Marrickville Golf Club,,,,,,7.0,,,,,,,13.0,,,,,12.0,3.0,,1.0,,1.0,,,,,,,2.0,3.0
202212,Menangle Bridge (Nepean River),,,,,,5.0,,,,,,,,,,,,,,,,,,,,,,,,,
202212,Mona Vale Golf Club,,,,,,12.0,0.2,,,,,3.6,18.6,,,,,,0.4,,,,0.2,,,0.2,0.2,,,7.2,
202212,Mount Boyce AWS,0.2,,0.4,,,1.6,,,,1.2,0.2,,12.2,,,2.4,0.2,,,,,,6.6,0.2,,,,,,2.2,0.8
202212,Norah Head AWS,,,,,,3.8,,,5.2,1.8,,,19.8,,,5.8,1.4,9.4,6.4,0.2,,,1.6,,,,0.2,0.2,,4.4,
202212,North Parramatta (Burnside Homes),,,,,,3.5,,,,,,,7.0,,,0.5,,1.0,,,,,0.5,,,,,,,1.5,0.5
202212,North Rocks (Muirfield Golf Club),,,,,,2.5,,,,,,,8.5,,,1.0,,1.0,1.0,,,,0.5,,,,,,,1.0,
202212,North Ryde Golf Club,,,,,,4.0,,,,,,,13.0,,,1.0,,7.0,3.0,,,,,,,,,,,3.0,
202212,Palm Grove (Lyrebird Lane),,,,,,2.0,,,,,,,9.0,,,4.0,,5.0,7.0,,,,2.0,1.0,,,,,,4.0,1.0
202212,Parramatta North (Masons Drive),,,,,,4.0,,,,,,,9.4,,,,,2.4,,,,,1.0,,,,,,,3.0,
202212,Peakhurst Golf Club,,,,,,8.0,,,,,,,15.0,,,,,3.0,1.0,,,,1.0,,,,,,,2.0,
202212,Penrith Lakes AWS,,,,,,2.4,,,,,,,5.6,,,1.4,0.2,,,,,,1.0,,,,,,,1.8,2.2
202212,Prospect Reservoir,,,,,,2.0,,,,,,,9.0,,,,,,,,,,1.0,,,,,,,2.0,
202212,Putty (The Gibba),,,,,,,,,,,,,6.0,,,5.0,,,,,,,1.0,,,,,,,1.0,
202212,Randwick (Randwick St),,,1.2,,,9.0,,,0.1,0.7,,,16.6,,,0.8,0.2,24.0,5.0,,,,0.8,,,,,,,6.0,0.4
202212,Richmond RAAF,0.2,1.6,,,,6.8,,,,,,,3.0,,,0.2,,,,,,,2.6,,,,,,,1.0,0.2
202212,Rose Bay (Royal Sydney Golf Club),,,0.4,,,6.2,,,,1.0,,,16.6,,,1.2,0.4,10.2,5.2,0.2,,,0.8,,,,,,,4.0,0.6
202212,Rossmore (South Creek),,,,,,10.0,,,,,,1.0,12.0,,,1.0,,,,,,,2.0,,,,,,,2.0,
202212,Sans Souci (Public School),,,,,,2.0,,,,,,,12.0,,,,,2.0,,,,,1.0,,,,,,,,3.0
202212,Seven Hills  (Radio FM 103.2),,,,,,4.0,,,,,,,13.0,,,,,0.5,,,1.0,,1.0,,,,,,,0.5,
202212,Shanes Park (South Creek Road),,,,,,5.6,0.2,,,,,,7.8,,,1.8,,,,,,,0.8,0.2,,,,,,0.8,0.2
202212,Sydney (Observatory Hill),,,,,,6.6,,,,,0.2,,22.6,,,0.6,0.2,35.0,5.8,,,,0.8,,,,,,,5.4,1.0
202212,Sydney Airport AMO,0.2,,0.2,,,10.8,,,,,,,13.6,,,0.4,,13.2,2.4,,,0.2,0.6,,,,,,,4.0,1.2
202212,Sydney Botanic Gardens,,,,,,6.2,,,,0.2,,,22.8,,,0.8,31.2,3.4,,,,1.0,,,,,,,,,
202212,Sydney Olympic Park AWS (Archery Centre),,,,,,12.4,,,,,,,10.0,,,0.2,,3.0,0.4,,,,1.0,,,,,,,2.8,
202212,Terrey Hills AWS,,,,,,5.6,0.2,,1.0,,,,8.8,,,1.4,,8.8,3.6,,0.2,,0.8,,,,0.2,,,4.0,
202212,Wahroonga (Ada Avenue),,,0.2,,,5.6,,,2.6,,,1.4,5.0,,,1.2,,9.0,3.6,,,,1.2,,,,,,,2.0,
202212,Warragamba,,,,,,6.0,,,,,,,2.0,,,2.0,,,,,,,3.0,,,,,,,5.0,1.0
202212,Wedderburn (Booalbyn),,,,,,5.0,,,,,,,2.0,,,,,,,,,,2.0,,,,,,,3.0,4.0
202212,Wyong (Kulnura (Jeavons)),,,,,,,,,,1.0,,,16.0,,,7.0,,1.0,3.0,,,,1.0,2.0,,,,,,9.0,
202212,Wyong (Olney Forest),,,,,,,,,,,,,10.0,,,3.0,,3.0,6.0,,,,,3.0,,,,,,,
202212,Yarramalong (Lewensbrook),,,,,,1.4,,,,,,,19.0,,,6.0,1.0,4.6,,,,,,8.0,,,,,,2.0,
202212,"Most values are the precipitation in the 24 hoursto9 am on the day indicated.
Days marked with → are part of a longer accumulation, which is shown on the final day.Values over  100  mm have been rounded to the nearest whole millimetre.Days marked with - have a rainfall report of zero; 
days left blank have no rainfall report (which often indicates no rain fell).",,,,,,,,,,,,,,,,,,,,,,,,,,,,,,,
202212,Rainfalls colouredaccording to the amount,0,1.0,5.0,10.0,15.0,25.0,50.0,100,150,200,300,400,600,millimetres,,,,,,,,,,,,,,,,,
202301,Abbotsbury (Fairfield (City Farm)),2.0,,,,8.0,1.0,14.0,,,,,,,,,1.0,,,22.0,3.0,,1.0,13.0,,25.0,,2.0,,,,17.0
202301,Abbotsford (Blackwall Point Rd),0.8,0.2,,1.8,12.6,2.2,51.2,1.4,,,,,,1.0,4.0,0.4,0.2,,19.0,8.0,1.2,3.4,9.6,,4.0,,,1.6,,2.0,46.0
202301,Audley  (Royal National Park),1.0,,,3.0,12.0,4.0,85.0,1.0,,,,,,2.0,1.0,,,,21.0,4.0,2.0,2.0,7.0,,3.0,,3.0,,,6.0,11.0
202301,Bankstown Airport AWS,5.6,2.8,,1.4,26.6,1.0,46.4,0.2,,,,,,,,0.2,,,19.4,3.2,1.2,0.6,11.0,,8.6,,1.0,,,1.8,37.4
202301,Baulkham Hills Eucalyptus Ct,13.0,1.0,,,10.0,2.0,43.0,,,,,,,,,0.5,,,27.0,6.0,1.5,0.5,10.0,,26.0,,1.0,1.5,,3.0,16.5
202301,Belrose (Evelyn Place),13.2,,,2.6,14.0,1.4,51.0,2.2,,,0.2,,,0.8,4.2,,,,8.6,8.4,0.6,1.0,12.4,,5.8,,,6.0,,2.0,30.4
202301,Bilpin Post Office,,0.3,,4.6,20.5,0.8,10.8,,,1.8,,,,,→,1.0,,,15.8,10.6,5.0,→,14.6,2.2,5.4,,0.8,0.8,→,12.7,25.2
202301,Blackheath (Wombat Street),2.0,,,14.0,27.0,3.0,2.0,1.0,,,,,,,,11.0,,,12.0,4.0,3.0,21.0,6.0,1.0,6.0,,7.0,2.0,,3.0,23.0
202301,Bringelly (Maryland),4.0,1.0,,2.0,22.0,1.0,2.0,,,,,,,,,1.0,,,16.0,,,2.0,11.0,,24.0,,1.0,,,,65.0
202301,Camden (Brownlow Hill),,3.4,,4.2,14.4,,3.2,,,,,,,,,2.0,,,10.8,3.0,,2.4,,,29.8,,,,,0.8,70.8
202301,Camden Airport AWS,6.0,1.2,,2.2,32.6,0.4,3.6,,,,,,,,,,,,13.4,4.2,0.2,1.6,6.4,,3.6,,2.0,0.2,,0.6,87.6
202301,Campbelltown (Kentlyn (Georges River Roa,1.0,,,3.0,27.0,1.0,10.0,,,,,,,,,1.0,,,10.0,2.0,,1.0,7.0,,7.0,,2.0,,,1.0,24.0
202301,Campbelltown (Mount Annan),2.6,0.6,,1.2,50.0,1.2,3.6,,,,,,,,,1.2,,,9.4,2.0,0.2,1.0,9.8,1.8,16.6,,0.6,0.8,,0.6,65.0
202301,Canterbury Racecourse AWS,0.2,,,1.0,9.6,2.0,59.0,4.4,,,,,,0.8,2.2,,,,19.8,2.6,1.4,2.4,40.6,,6.8,,0.6,0.8,,1.6,38.2
202301,Castle Cove (Rosebridge Ave),3.0,,,1.5,11.5,2.0,39.0,4.0,,,,,,2.5,1.5,,,,11.0,4.5,8.0,1.0,8.5,,15.0,,,13.0,,2.5,52.0
202301,Castlereagh (Castlereagh Road),,,1.8,9.0,0.8,2.2,,,,,,,,,2.0,,,14.0,2.2,1.6,0.5,5.8,,6.2,,0.4,1.4,,10.8,34.8,
202301,Chatswood Bowling Club,4.0,,,1.0,11.0,3.0,46.0,2.0,,,,,,1.0,2.0,,,,11.0,3.0,12.0,1.0,7.0,,14.0,,,1.0,,1.0,44.0
202301,Collaroy (Long Reef Golf Club),9.2,,,2.2,6.2,5.2,17.4,0.8,,,,,,0.2,3.8,,0.2,,8.4,9.2,,1.4,7.8,,29.4,,,4.2,→,0.4,19.6
202301,Colo Heights (Mountain Pines),0.6,,,4.6,21.4,1.0,10.6,2.0,,,,,,,,,,,23.0,7.4,4.8,18.0,15.8,,3.8,,4.4,,,16.2,36.0
202301,Concord (Brays Rd),2.0,,,2.0,17.0,1.8,54.6,2.0,,,,,,0.2,2.6,,,,21.0,6.2,0.8,2.8,8.6,,5.2,,,2.6,,2.6,44.0
202301,Concord Golf Club,5.8,,,2.0,14.4,27.8,60.8,2.6,,,,,,0.6,2.0,,,,17.8,6.4,0.8,2.8,8.6,,6.4,,,6.6,,2.2,52.0
202301,Cooranbong (Avondale),,,,,19.0,,32.0,2.0,,,,,,,,,,,8.0,5.0,1.0,8.0,2.0,,1.0,,6.0,,,14.0,13.0
202301,Cooranbong (Lake Macquarie AWS),0.6,,,,20.6,0.2,35.4,2.4,,,,,,,,,,,10.0,5.4,0.8,8.4,2.2,,0.6,0.2,6.0,,,16.0,15.8
202301,Darkes Forest (Kintyre),3.0,6.0,,3.0,9.0,7.0,51.0,1.0,,,,,,,,2.0,,,31.0,3.0,1.0,9.0,22.0,,11.0,,,,,,14.0
202301,Erskine Park Reservoir,,,,,33.0,2.0,8.0,,,,,,,,,2.0,,,16.0,3.0,,,19.0,,20.0,,4.0,,,2.0,14.0
202301,Faulconbridge (Great Western Hwy),1.0,,,4.0,17.0,1.0,4.0,1.0,,,,,,,,2.0,,,8.0,5.0,2.0,2.0,7.0,1.0,5.0,,5.0,,,38.0,61.0
202301,Faulconbridge (St Georges Crescent),1.4,,,6.0,15.6,1.6,5.0,0.4,,,,,,,,1.8,,,10.1,4.4,3.0,0.8,6.5,0.8,3.2,,5.4,1.4,,20.0,61.6
202301,Gears (Wyong River),,,,,,,5.0,,,,,,,,,,,,,,,,,,,,,,,,
202301,Gosford AWS,,,,0.8,8.0,3.4,20.6,2.8,,,0.2,,,,,,2.0,0.2,6.6,14.2,8.4,0.4,1.6,,,0.2,1.4,0.4,,5.2,11.6
202301,Holsworthy Aerodrome AWS,2.4,0.6,,2.6,11.8,1.0,31.4,0.2,,,,,,,,,,,16.6,0.6,0.2,0.4,2.8,,2.8,,0.6,,,1.0,25.6
202301,Holsworthy Defence AWS,2.2,1.8,,3.0,24.6,1.2,20.6,0.2,,,,,,,,0.4,0.2,,12.6,5.0,,3.2,7.2,1.8,4.6,0.2,4.4,,,0.8,16.8
202301,Hornsby (Swimming Pool),9.2,,,1.4,19.6,0.4,75.8,5.0,,,,,,,,,,,13.4,2.8,8.0,0.2,15.0,,11.8,0.2,0.4,1.0,,3.8,17.0
202301,Horsley Park Equestrian Centre AWS,1.4,0.2,,0.4,11.6,1.2,18.4,,,,,,,,,1.6,,,18.2,2.4,,0.2,8.8,0.2,20.8,,,,,1.6,10.6
202301,Katoomba (Farnells Rd),1.0,0.3,,17.6,12.4,10.8,11.6,,,,,,0.2,,,21.0,,,1.4,7.0,7.3,18.6,4.8,0.2,,,1.6,1.5,,2.0,59.0
202301,Kurrajong Heights (Bells Line of Road),0.3,,,1.8,15.2,→,6.5,0.3,,,,,,,,0.2,,,27.0,9.0,1.2,→,→,33.0,2.8,,0.6,0.8,,25.0,27.0
202301,Lucas Heights (ANSTO),11.0,2.0,,3.4,13.4,6.8,44.2,0.6,,,,,,3.0,1.4,0.4,,,16.8,0.6,0.4,3.4,4.4,0.2,2.4,,0.2,,,1.0,12.4
202301,Mangrove Mountain AWS,,0.8,,0.2,15.6,2.8,47.2,1.2,,,0.4,,,,,,1.0,0.2,13.0,21.4,3.6,9.8,0.8,,2.8,0.2,10.2,0.2,,68.8,19.2
202301,Marrickville Golf Club,1.0,,,1.0,12.0,3.0,56.0,,,,,,,1.0,2.0,,,,19.0,3.0,1.0,2.0,14.0,,5.0,,,1.0,,1.0,35.0
202301,Menangle Bridge (Nepean River),,,,,,,,,,,,,,,,,,,,,,,,,,,4.0,,,,34.0
202301,Mona Vale Golf Club,8.0,,,2.6,8.0,2.8,50.8,2.6,,0.2,0.4,,,4.2,0.6,,,,10.8,15.6,0.4,2.0,12.8,,9.4,,0.8,2.2,,1.4,27.2
202301,Mount Boyce AWS,0.8,0.2,,23.8,13.8,1.0,3.4,1.2,0.2,,,,,,,12.6,,,13.2,3.0,4.8,11.4,6.8,1.8,1.0,,4.2,1.0,,3.8,18.8
202301,Norah Head AWS,,,,,12.4,2.8,9.2,0.6,,,,,,,,,3.8,0.4,4.4,5.4,,,2.2,,1.2,,2.4,,,10.0,18.2
202301,North Parramatta (Burnside Homes),30.0,13.0,,0.5,9.0,2.0,49.5,0.5,,,,,,,,,,,19.0,6.5,0.5,0.5,10.5,,20.0,,0.5,1.0,0.5,1.5,46.0
202301,North Rocks (Muirfield Golf Club),28.0,1.0,,0.5,9.5,1.5,45.5,0.5,,,,,,,,,,,23.5,4.0,0.5,0.5,10.0,,29.5,,0.5,1.0,,3.5,17.5
202301,North Ryde Golf Club,5.0,,,1.0,11.0,3.0,54.0,2.0,,,,,,,,,,,12.0,3.0,3.0,4.0,14.0,,18.0,,,5.0,,2.0,33.0
202301,Palm Grove (Lyrebird Lane),1.0,9.0,,,12.0,1.0,32.0,2.0,,,,,,,,,,,12.0,6.0,8.0,21.0,2.0,,2.0,,8.0,,,12.0,20.0
202301,Parramatta North (Masons Drive),30.6,13.0,,1.2,9.0,2.0,51.0,0.4,,,,,,,,0.2,,,19.6,6.8,0.6,0.6,11.2,,20.6,,1.2,1.4,,2.2,43.0
202301,Peakhurst Golf Club,3.0,1.0,,2.0,4.0,2.0,53.0,,,,,,,1.0,3.0,,,,20.0,2.0,3.0,4.0,8.0,,13.0,,,,,11.0,20.0
202301,Penrith Lakes AWS,0.2,0.4,,2.0,17.6,0.6,3.4,,,,,,,,,1.8,,,13.4,2.8,0.8,0.6,8.2,,4.8,,2.0,0.2,,4.6,34.0
202301,Prospect Reservoir,14.0,,,2.0,9.0,1.0,31.0,,,,,,,,,2.0,,,22.0,5.0,,1.0,6.0,,10.0,1.0,1.0,,,2.0,26.0
202301,Putty (The Gibba),,,,7.0,13.0,,4.0,,,,,,,,,,,,5.0,3.0,2.0,12.0,9.0,,18.0,,4.0,,,8.0,16.0
202301,Randwick (Randwick St),0.8,,,2.4,17.6,1.8,32.4,3.0,,,,,,2.6,0.6,,,,18.8,6.6,1.6,4.4,10.8,,3.8,,0.2,1.6,,1.4,28.6
202301,Richmond - UWS Hawkesbury,,,,,,17.0,,,,,,9.0,,,,4.0,,,14.8,2.0,,,13.2,,2.6,,,,,,61.4
202301,Richmond RAAF,,,,1.0,15.6,,4.2,,,,,,,,,0.2,,,18.4,3.6,0.6,1.6,8.4,0.2,6.6,,1.4,0.6,0.2,19.2,32.2
202301,Rose Bay (Royal Sydney Golf Club),,,,2.0,18.0,4.2,31.0,2.0,,,,,,1.4,0.6,,,,14.4,5.2,2.4,4.8,15.2,,4.4,,,5.2,,,28.6
202301,Rossmore (South Creek),2.0,,,3.0,13.0,1.0,5.0,,,,,,,,,,,,,,1.0,3.0,27.0,,19.0,,1.0,,,1.0,61.0
202301,Sans Souci (Public School),,,,,2.0,,13.0,,,,,,,2.0,,,,,5.0,1.0,1.0,1.0,6.0,,7.0,,,,,,2.0
202301,Seven Hills  (Radio FM 103.2),2.0,,,0.5,15.5,1.0,20.5,,,,,,,,,1.5,,,16.0,3.0,0.5,1.0,10.5,,31.5,,1.5,0.5,,1.5,41.0
202301,Shanes Park (South Creek Road),,,,1.2,17.2,0.2,6.0,,,,,,,,,1.2,,,15.6,1.6,0.4,0.2,6.4,0.2,29.4,0.2,,0.4,,2.6,23.2
202301,Sydney (Observatory Hill),0.2,,,1.6,13.0,2.0,55.8,3.4,,,,,,2.6,3.6,,,0.2,20.0,6.4,2.8,0.6,9.6,0.2,3.2,,,1.4,0.2,1.6,63.0
202301,Sydney Airport AMO,0.4,,,1.6,4.4,3.2,49.8,1.2,0.2,,,,,4.0,1.2,,,,17.2,1.8,1.2,1.8,12.6,0.2,2.6,0.2,1.8,2.0,,0.8,23.2
202301,Sydney Botanic Gardens,0.4,,,1.4,11.2,1.8,41.6,3.4,,,,,,5.0,,,0.1,,13.0,6.1,5.2,1.8,12.4,,,,3.2,,,1.4,51.0
202301,Sydney Olympic Park AWS (Archery Centre),4.2,7.0,,1.4,15.2,1.0,61.4,,,,,,,,,,,,,5.6,,1.6,9.2,,6.0,0.2,,4.8,0.2,1.4,51.6
202301,Terrey Hills AWS,14.0,,,2.0,13.0,2.0,43.6,2.4,,,0.2,0.2,,,1.2,,,,9.0,7.8,3.0,0.4,20.4,0.2,27.6,,0.2,5.2,,1.4,12.6
202301,Wahroonga (Ada Avenue),10.2,0.4,,1.2,22.0,1.0,77.8,4.2,,,,,,,,,,,12.4,4.4,12.8,0.4,18.4,,8.0,,0.2,1.4,,2.0,4.0
202301,Warragamba,,,,3.0,11.0,,,,,,,,,,,,,,10.0,1.0,2.0,3.0,6.0,,4.0,,7.0,,,1.0,36.0
202301,Wedderburn (Booalbyn),1.0,2.0,,1.0,8.0,3.0,8.0,,,,,,,,,1.0,,,27.0,,,2.0,8.0,5.0,6.0,,1.0,,,,29.0
202301,Wyong (Kulnura (Jeavons)),,,,,20.0,,40.0,,,,,,,,,,,,11.0,9.0,2.0,8.0,1.0,,6.0,,8.0,,,19.0,17.0
202301,Wyong (Olney Forest),,,,,14.0,3.0,30.0,3.0,,,,,,,,,,,13.0,6.0,2.0,8.0,2.0,1.0,3.0,,14.0,,,35.0,19.0
202301,"Most values are the precipitation in the 24 hoursto9 am on the day indicated.
Days marked with → are part of a longer accumulation, which is shown on the final day.Values over  100  mm have been rounded to the nearest whole millimetre.Days marked with - have a rainfall report of zero; 
days left blank have no rainfall report (which often indicates no rain fell).",,,,,,,,,,,,,,,,,,,,,,,,,,,,,,,
202301,Rainfalls colouredaccording to the amount,0,1.0,5.0,10.0,15.0,25.0,50.0,100,150,200,300,400,600,millimetres,,,,,,,,,,,,,,,,,
202302,Abbotsbury (Fairfield (City Farm)),,,,,,,,,18.0,,,,,1.0,2.0,1.0,,,5.0,,,29.0,1.0,,,,,,,,
202302,Abbotsford (Blackwall Point Rd),,,,,,,,,19.0,32.0,,,1.6,,43.0,,,,9.6,,,70.0,0.6,4.0,,,1.4,1.0,,,
202302,Audley  (Royal National Park),,,,,,,,3.0,40.0,96.0,,,,1.0,3.0,,,,13.0,,,56.0,1.0,,,,1.0,,,,
202302,Badgerys Creek AWS,,,,,,,,,,,,,,,,,,,,,,6.8,1.8,0.6,0.2,,1.2,,,,
202302,Bankstown Airport AWS,,,,,,,,,3.6,13.8,,,,,7.4,,,,13.0,,,29.6,1.2,3.2,,,0.8,,,,
202302,Baulkham Hills Eucalyptus Ct,,,,,,0.5,,0.5,1.5,1.5,,,0.5,0.5,26.0,,,,7.0,,,54.5,0.5,3.5,,,,,,,
202302,Belrose (Evelyn Place),,,,3.2,,,,0.4,20.4,17.0,,,4.0,2.0,28.4,0.2,,,7.2,,,57.0,3.6,1.4,,,0.4,0.6,,,
202302,Bilpin Post Office,,0.2,,,,,,0.8,1.6,1.2,→,→,0.4,3.8,6.0,,,→,→,7.5,,49.0,6.6,8.6,,,,10.8,,,
202302,Blackheath (Wombat Street),,,,,,,,,2.0,2.0,1.0,,1.0,4.0,17.0,,,,12.0,,,16.0,6.0,18.0,,,,7.0,,,
202302,Bringelly (Maryland),,,,,,,,,9.0,,,,,,,,,,10.0,,,2.0,1.0,,,,1.0,,,,
202302,Camden (Brownlow Hill),,,,,,,,,19.4,12.8,,,,,0.2,,,,8.6,,,2.8,1.4,1.0,,,2.6,,,,
202302,Camden Airport AWS,,,,,,,,,37.8,8.4,,,0.2,,0.6,,,,11.2,,,2.6,2.6,1.2,,,1.4,,,,
202302,Campbelltown (Kentlyn (Georges River Roa,,,,,,,,,32.0,15.0,,,,,,,,,19.0,,,5.0,,1.0,,,2.0,,,,
202302,Campbelltown (Mount Annan),,,,,,,,0.2,25.6,6.4,,,,,1.0,0.2,,,10.6,0.2,,1.6,0.8,0.6,,,0.8,0.2,,,
202302,Canterbury Racecourse AWS,,,,,,,,,37.6,41.2,,,0.2,0.4,35.2,,,,5.2,0.2,,90.8,2.8,7.4,0.2,,0.4,0.4,,,
202302,Castle Cove (Rosebridge Ave),,,,4.0,,,,,26.0,18.0,,,4.0,2.0,23.0,,,,14.5,,,82.0,2.0,2.5,,,,,,,
202302,Centennial Park,0.2,,,,,,,,22.8,38.2,0.7,,1.0,7.4,10.1,0.2,,2.6,,,,,,,,,,,,,
202302,Chatswood Bowling Club,,,,2.0,,,,,30.0,27.0,,,3.0,2.0,26.0,,,,10.0,,,69.0,2.0,8.0,,,1.0,,,,
202302,Collaroy (Long Reef Golf Club),,,,,,,,,43.6,11.2,,→,1.6,2.4,20.8,,,,3.6,,,50.8,1.2,1.0,,,1.0,0.4,,,
202302,Colo Heights (Mountain Pines),,2.5,,,,,,,,25.8,0.2,,,,2.0,,,,17.8,,,92.8,10.0,1.6,,,,15.8,,,
202302,Concord (Brays Rd),,,,,,,,,26.2,36.8,,,0.8,0.2,33.8,,,,7.6,,,73.6,0.8,,,,0.8,1.2,,,
202302,Concord Golf Club,,,,,,,,,19.2,22.6,,,,,28.6,,,,10.2,,,83.0,,6.0,,,,1.6,,,
202302,Cooranbong (Avondale),,,,,,,,,,,,,15.0,,10.0,,,,6.0,,,24.0,7.0,,,,,,,,
202302,Cooranbong (Lake Macquarie AWS),,,,,,,,,,0.6,,,15.4,0.2,11.0,,,,6.6,,,32.2,24.4,0.4,,,,,,,
202302,Darkes Forest (Kintyre),,,,,,,,3.0,52.0,59.0,3.0,,1.0,1.0,3.0,,,,8.0,,,54.0,5.0,4.0,,,,,,,
202302,Erskine Park Reservoir,,,,,,,,,,,,,,,22.0,,,,6.0,,,12.0,2.0,3.0,,,,1.0,,,
202302,Faulconbridge (Great Western Hwy),,,,,,,,,4.0,2.0,,,2.0,1.0,22.0,2.0,,,28.0,,,17.0,8.0,12.0,,,,5.0,,,
202302,Faulconbridge (St Georges Crescent),0.2,,,,,,,,4.6,2.0,,,2.6,3.1,17.9,2.6,,,28.6,0.2,,17.6,6.2,15.4,,,,5.4,,,
202302,Gosford AWS,,,,,,,,,,64.0,0.2,,3.2,0.8,9.4,,,,6.2,,,70.0,14.8,0.4,,,,4.4,,,
202302,Holsworthy Aerodrome AWS,,,,,,,0.6,,7.0,7.0,0.8,,,,6.6,,,,9.2,,,34.6,,1.0,,,0.2,,,,
202302,Holsworthy Defence AWS,,,,,,,,,9.8,31.4,0.4,0.2,,,0.2,,,,22.8,,,11.0,0.2,0.6,,,0.6,,,,
202302,Hornsby (Swimming Pool),,,,,,2.6,,,9.8,52.0,,,0.4,0.6,28.2,0.4,,,5.6,,,91.8,2.4,1.4,,,0.4,0.6,,,
202302,Horsley Park Equestrian Centre AWS,,,,,,0.6,0.2,0.4,29.2,,0.2,,,,10.8,,,,5.8,,,41.6,0.8,0.8,,,0.6,,,,
202302,Katoomba (Farnells Rd),,,,,,,0.8,→,→,3.4,,,2.0,2.8,13.2,,,,18.2,,0.2,→,51.6,6.2,,,,,,,
202302,Kurrajong Heights (Bells Line of Road),,,,,,,,0.2,0.6,1.2,,,2.6,2.4,7.4,,,,12.6,,,36.0,→,13.2,,,0.3,14.0,,,
202302,Lucas Heights (ANSTO),,,,,,,,,16.6,18.0,0.2,,,1.0,2.8,,,,13.2,,,43.2,0.2,0.6,,,1.0,,,,
202302,Macquarie Park (Willandra Village),0.2,,,,,,,,7.0,11.0,,,0.6,0.2,21.0,0.2,,,10.8,0.2,74.2,1.6,,3.0,,,,0.6,,,
202302,Mangrove Mountain AWS,0.2,,,0.6,,,,,,,,,0.8,1.0,3.0,,,,24.0,,,83.6,9.0,,,,,0.2,,,
202302,Marrickville Golf Club,,,,,,,,,65.0,24.0,,,,1.0,3.0,,,,5.0,,,86.0,1.0,5.0,,,,1.0,,,
202302,Menangle Bridge (Nepean River),,,,,,,,,6.0,2.0,,,,,,,,,8.0,,,2.0,,,,,,,,,
202302,Mona Vale Golf Club,,0.2,,,,,,,27.6,1.8,1.0,0.2,2.8,,5.8,0.6,,0.2,3.4,0.2,,90.4,1.8,0.6,,,,0.6,,,
202302,Mount Boyce AWS,,,,,,,,0.2,1.8,1.6,,,1.0,2.2,14.2,0.2,,,6.8,0.2,,14.8,6.0,14.8,0.2,,,3.6,,,
202302,Norah Head AWS,,,,,,,,,,10.0,0.2,,,11.8,7.0,,,,2.6,,,16.8,2.8,,0.2,,,1.2,,,
202302,North Parramatta (Burnside Homes),,,,0.5,,,,,3.0,3.5,,,,,25.0,0.5,,,13.5,,,59.5,0.5,6.0,23.5,,,,,,
202302,North Rocks (Muirfield Golf Club),,,1.0,,,1.0,,,1.5,7.0,,,0.5,0.5,14.5,,,,7.5,,,59.5,0.5,3.0,,,,,,,
202302,North Ryde Golf Club,,,,,,,,,4.0,9.0,,,,,28.0,,,,7.0,,,65.0,2.0,7.0,,,,,,,
202302,Palm Grove (Lyrebird Lane),,,,1.0,,,,,,,,,4.0,,5.0,,,,5.0,,,53.0,5.0,,,,,7.0,,,
202302,Parramatta North (Masons Drive),,,,,,0.4,,0.2,2.4,10.4,,,,,22.4,,,,14.2,,,61.0,0.6,3.4,,,0.2,0.4,,,
202302,Peakhurst Golf Club,,,,,,,,,50.0,20.0,,,1.0,,,,,,8.0,,,42.0,,3.0,1.0,,,1.0,,,
202302,Penrith Lakes AWS,,,,,,,,4.4,9.6,0.6,,,,,11.6,,,,8.8,,,16.8,2.0,1.2,,,,1.4,,,
202302,Prospect Reservoir,,,,,,,,,10.0,,,,,,16.0,,,,7.0,,,56.0,1.0,5.0,1.0,,,,,,
202302,Putty (The Gibba),,,,,,,,,,,,,,,3.0,,,,10.0,,,35.0,1.0,1.0,,,,3.0,,,
202302,Randwick (Randwick St),,,,,,,,,21.0,37.8,2.8,,1.0,2.4,4.0,,,,3.2,,,82.0,4.0,5.6,1.8,,1.2,1.4,,,
202302,Richmond RAAF,0.2,,,,,,,2.4,,17.0,0.2,,,0.2,12.6,,,,9.6,,,50.2,0.6,2.8,,,,2.6,,,
202302,Rose Bay (Royal Sydney Golf Club),,,,,,,1.2,,19.2,33.4,3.0,,2.2,3.2,24.6,,,,2.0,,,49.6,2.4,0.4,0.2,,0.6,1.2,,,
202302,Rossmore (South Creek),,,,,,,,,18.0,3.0,,,,1.0,5.0,,,,8.0,,,9.0,,2.0,,,,,,,
202302,Sans Souci (Public School),,,,,,,1.0,1.0,57.0,15.0,,,,,,,,,2.0,,,27.0,,,,,,,,,
202302,Seven Hills  (Radio FM 103.2),0.5,,,,,0.5,,,4.5,0.5,,,,,33.5,,,,3.5,,,66.0,0.5,4.5,,,,,,,
202302,Shanes Park (South Creek Road),,,,,,0.2,,0.6,,2.6,,,,,7.6,,,,4.8,0.2,,35.4,1.0,3.4,,,,1.0,,,
202302,Sydney (Observatory Hill),,,,,,,,,27.8,19.4,,,0.4,3.4,45.8,,,,5.0,,,,,,0.2,,1.2,2.4,,,
202302,Sydney Airport AMO,,0.2,,,,,,2.8,62.2,37.0,0.2,,0.4,0.2,1.2,,,,6.6,,,65.8,0.8,4.0,0.4,,,0.4,,,
202302,Sydney Botanic Gardens,,,,0.4,,,,,31.4,18.5,,,0.4,3.6,34.8,,,,3.0,0.1,,83.8,3.2,0.8,,,2.4,,,,
202302,Sydney Olympic Park AWS (Archery Centre),,,,,,,,,2.8,22.2,,,2.0,,25.4,,,,7.6,,,66.4,0.6,6.4,,,0.6,0.6,,,
202302,Terrey Hills AWS,,,,,,0.8,,,7.8,54.2,0.2,,5.8,2.6,47.0,0.2,,,3.4,,,127,4.2,5.0,,,0.8,2.4,,,
202302,Wahroonga (Ada Avenue),2.2,0.8,,1.0,,0.6,,0.2,7.2,31.0,,,0.8,1.4,30.2,,,,7.8,0.2,,101,2.4,3.0,0.2,0.2,0.2,0.8,,,
202302,Warragamba,,,,,,,,,3.0,,,,2.0,,2.0,,,,5.0,,,1.0,3.0,,,,,,,,
202302,Wedderburn (Booalbyn),,,,,,,,,3.0,25.0,,,,,,,,,9.0,,,7.0,1.0,,1.0,,,,,,
202302,Wyong (Kulnura (Jeavons)),,,,,,,,,,,,,2.0,1.0,5.0,,,,13.0,,,36.0,4.0,1.0,,,,,,,
202302,Wyong (Olney Forest),,,,,,,,,,,,,4.0,,6.0,,,,23.0,,,51.0,9.0,4.0,,,,,,,
202302,Yarramalong (Lewensbrook),,,,,,,,,,,,,2.0,1.0,5.0,,,,9.0,,,50.0,5.6,2.0,,,,5.4,,,
202302,"Most values are the precipitation in the 24 hoursto9 am on the day indicated.
Days marked with → are part of a longer accumulation, which is shown on the final day.Values over  100  mm have been rounded to the nearest whole millimetre.Days marked with - have a rainfall report of zero; 
days left blank have no rainfall report (which often indicates no rain fell).",,,,,,,,,,,,,,,,,,,,,,,,,,,,,,,
202302,Rainfalls colouredaccording to the amount,0,1.0,5.0,10.0,15.0,25.0,50.0,100,150,200,300,400,600,millimetres,,,,,,,,,,,,,,,,,
202303,Abbotsbury (Fairfield (City Farm)),,,,,,,,,,,,,,,14.0,,,,,,1.0,,,4.0,,3.0,6.0,1.0,5.0,,
202303,Abbotsford (Blackwall Point Rd),,1.4,1.0,7.0,,,,,,,,,0.3,1.6,35.0,,,,,→,1.2,,0.3,3.0,,0.6,5.0,0.6,4.5,0.1,
202303,Audley  (Royal National Park),,1.0,2.0,3.0,,,,,,,,,2.0,1.0,24.0,,,,,,4.0,1.0,,9.0,,3.0,6.0,,3.0,7.0,
202303,Badgerys Creek AWS,,,,2.6,0.2,,,,,,,,2.8,6.6,8.4,0.2,,,,,3.0,0.2,0.4,6.8,,,,,,,
202303,Bankstown Airport AWS,,,,1.6,,,,,,,,,0.4,0.4,12.2,,,,,,0.6,,0.2,4.6,,1.0,6.2,,6.6,,
202303,Baulkham Hills Eucalyptus Ct,,,,3.0,,,,,,,,,0.5,2.0,9.0,,,,,,1.5,,,4.0,,3.5,8.5,1.0,8.5,,
202303,Belrose (Evelyn Place),,5.2,,10.8,,,,,,,,,0.2,→,23.0,,,,,,4.0,,,3.4,1.0,1.0,6.4,0.8,7.0,0.6,
202303,Bilpin Post Office,5.3,,,2.4,,0.2,,,,,,,24.2,21.0,2.0,0.4,,,,,11.0,2.8,1.8,13.0,9.6,,25.2,6.6,12.8,2.2,0.2
202303,Blackheath (Wombat Street),,,,3.0,1.0,,,,,,,,17.0,6.0,1.0,,,,,,11.0,4.0,4.0,14.0,7.0,12.0,15.0,6.0,13.0,4.0,
202303,Bringelly (Maryland),,,,2.0,,,,,,,,,3.0,2.0,1.0,,,,,,1.0,,1.0,10.0,,,7.0,,5.0,2.0,
202303,Camden (Brownlow Hill),,,,0.4,0.4,,,,,,,,8.6,3.4,,,,,0.2,,2.2,,0.8,6.0,,,6.8,0.2,2.6,,1.4
202303,Camden Airport AWS,,,,0.2,0.4,,,,,,,,5.4,3.6,,,,,0.2,,2.2,,0.8,7.4,,,10.0,,3.2,1.8,
202303,Campbelltown (Kentlyn (Georges River Roa,,,,,,,,,,,,,2.0,2.0,8.0,,,,,,,,1.0,6.0,,1.0,9.0,,4.0,5.0,
202303,Campbelltown (Mount Annan),,,0.6,,,,,,,,,,3.0,1.8,4.2,0.2,,,,,1.0,,1.0,7.8,0.4,,9.0,0.2,3.0,1.6,
202303,Canterbury Racecourse AWS,,0.4,,3.2,0.2,,,,,,,,5.0,2.0,31.4,,,,,,2.6,,0.2,4.0,,1.4,8.8,0.4,3.8,0.4,
202303,Castle Cove (Rosebridge Ave),,2.0,10.0,8.0,,,,,,,,,,2.0,15.0,,,,,,2.5,,,3.8,,0.5,5.0,2.0,6.0,2.0,
202303,Centennial Park,,,0.4,12.0,,,,,,,,,,,,,,,,,,,,,,,,,,,
202303,Chatswood Bowling Club,,2.0,2.0,6.0,,,,,,,,,,5.0,15.0,,,,,,1.0,,,3.0,,,5.0,,6.0,,
202303,Collaroy (Long Reef Golf Club),,5.2,,,,,,,,,,,0.4,3.4,7.2,,,,,,2.2,,,3.4,0.4,2.0,5.2,,6.6,,
202303,Colo Heights (Mountain Pines),,,,5.8,0.8,,,,,,,,5.6,22.6,,0.6,,,,,11.0,1.8,0.4,11.4,1.8,11.2,11.8,9.0,15.4,1.4,
202303,Concord (Brays Rd),,0.6,,4.8,,,,,,,,,,2.6,31.4,,,,,,0.6,,0.6,3.2,,0.2,4.6,1.2,5.2,0.2,
202303,Concord Golf Club,,,,6.8,,,,,,,,,,3.0,26.2,,,,,,1.8,,0.6,3.2,,,5.6,0.2,6.8,,
202303,Cooranbong (Avondale),,,,,,,,,,,,,1.0,9.0,15.0,,,,,,3.0,,,14.0,28.0,5.0,3.0,9.0,7.0,1.0,
202303,Cooranbong (Lake Macquarie AWS),,,,,,,,,0.2,,,0.2,0.8,11.0,16.0,0.2,,,,0.2,2.8,0.2,0.2,15.6,28.2,5.4,2.8,9.4,7.8,0.4,
202303,Darkes Forest (Kintyre),,,,12.0,,,,,,,,,44.0,10.0,20.0,,,,,1.0,20.0,,,4.0,5.0,6.0,12.0,,2.0,7.0,
202303,Erskine Park Reservoir,,,,2.0,,,,,,,,,1.0,4.0,29.0,,,,,,1.0,,,3.0,,4.0,10.0,1.0,9.0,,
202303,Faulconbridge (Great Western Hwy),,,,4.0,,,,,,,,,31.0,10.0,4.0,,,,,,15.0,,1.0,8.0,4.0,4.0,10.0,2.0,11.0,2.0,
202303,Faulconbridge (St Georges Crescent),,,,3.2,,,,,,,,,24.6,13.2,2.6,,,,,,,15.6,1.4,7.4,,,,,,,
202303,Gears (Wyong River),,,,,,,,,,,,1.0,1.0,12.5,5.0,,,,,,3.0,0.5,0.5,16.0,63.0,11.5,7.5,4.5,9.0,,
202303,Gosford AWS,,0.8,25.8,0.4,,,,,,0.4,,,,7.2,4.2,,,,,0.2,3.0,,,,,,,,3.0,29.6,
202303,Holsworthy Aerodrome AWS,,,,1.6,,,,,,,,,1.4,0.4,18.4,,,,,0.2,0.2,,0.8,18.4,,2.8,7.8,0.4,4.6,1.4,
202303,Holsworthy Defence AWS,,,,0.6,,,,,,,,,6.2,2.8,7.0,,,,,,1.4,,1.2,8.8,,,8.2,0.4,3.6,6.4,
202303,Hornsby (Swimming Pool),,0.2,0.4,0.8,,,,,,,,,,5.8,7.8,,,,0.2,,1.6,,,2.6,,,8.2,0.6,8.0,,
202303,Horsley Park Equestrian Centre AWS,,,,1.2,,,,,,,,,0.2,0.2,20.6,,,,,,1.6,0.2,0.4,4.2,,2.6,7.2,0.8,6.6,0.6,0.2
202303,Katoomba (Farnells Rd),4.0,,,5.6,0.3,,,,,,,,26.4,→,16.2,,,,,,→,17.6,3.4,8.0,1.6,7.2,13.0,→,17.8,3.0,
202303,Kurrajong Heights (Bells Line of Road),,,,0.4,,,,,→,→,→,→,→,→,→,106,,,,,22.0,,1.0,,→,27.8,14.4,6.6,13.6,,
202303,Lucas Heights (ANSTO),,0.6,,1.0,,,,,,,,,2.4,1.6,19.2,,,,,,2.0,,0.8,3.8,,1.8,6.4,0.4,3.4,15.4,
202303,Mangrove Mountain AWS,0.2,9.2,,4.6,,,,,,,,,2.0,3.6,3.2,,,,,,2.0,0.6,3.4,21.4,1.0,9.0,9.2,4.2,7.4,0.2,
202303,Marrickville Golf Club,,,,5.0,,,,,,,,,4.0,3.0,27.0,,,,,,1.0,,,4.0,,7.0,6.0,,4.0,,
202303,Menangle Bridge (Nepean River),,,,,,,,,,,,,15.0,3.0,7.0,,,,,,2.0,35.0,,7.0,,,10.0,,2.0,8.0,
202303,Mona Vale Golf Club,,0.6,0.4,0.4,,,,0.2,,,,,,2.2,5.6,0.4,,,0.4,,0.6,,0.2,2.6,,0.4,13.0,0.6,7.2,0.4,
202303,Mount Boyce AWS,0.2,,,2.4,0.2,,,,,,,,13.8,8.0,1.2,0.2,,,,,12.2,2.2,3.4,19.4,2.4,8.2,13.4,4.8,12.8,2.6,
202303,Norah Head AWS,0.2,,,,,,,,,,,0.6,1.8,22.4,1.6,,,,,,,1.0,,19.2,4.2,1.8,0.8,19.0,6.0,4.2,
202303,North Parramatta (Burnside Homes),,,,0.5,0.5,,,,,,,,1.0,13.5,14.5,,,,,,1.5,0.5,,3.5,,0.5,7.5,,7.5,0.5,
202303,North Rocks (Muirfield Golf Club),,,,1.5,,,,,,,,,1.5,4.0,15.0,,,,,,2.0,,,3.5,,1.5,8.0,0.5,7.5,,
202303,North Ryde Golf Club,,2.0,2.0,4.0,,,,,,,,,,2.0,37.0,,,,,,2.0,,,3.0,,,5.0,1.0,6.0,,
202303,Palm Grove (Lyrebird Lane),,1.0,,8.0,,,,,,,,,,7.0,8.0,,,,,,2.0,3.0,6.0,34.0,2.0,2.0,7.0,3.0,7.0,,
202303,Parramatta North (Masons Drive),,0.4,,1.2,,,,,,,,,0.6,14.2,15.0,,,,,,2.4,,0.6,3.4,,0.4,8.0,0.6,8.0,0.4,
202303,Peakhurst Golf Club,,,8.0,6.0,,,,,,,,,4.0,1.0,20.0,,,,,,4.0,1.0,,7.0,1.0,3.0,6.0,,4.0,,
202303,Penrith Lakes AWS,,,,0.8,0.2,,,,,,,,6.8,4.8,1.0,,,,,,2.0,,0.4,6.8,,2.0,11.8,1.8,9.8,0.4,
202303,Prospect Reservoir,,,,,,,,,,,,,2.0,1.0,13.0,,,,,,4.0,,1.0,3.0,,,7.0,1.0,7.0,,
202303,Putty (The Gibba),,1.0,,3.0,,,,,,,,,44.0,10.0,2.0,,,,,,10.0,,5.0,12.0,1.0,11.0,12.0,11.0,10.0,3.0,
202303,Randwick (Randwick St),,,1.8,21.8,,,,,,,,,0.4,0.6,11.2,,,,,,0.6,,0.1,3.8,0.6,4.4,7.2,0.4,3.6,0.1,
202303,Richmond RAAF,0.2,,,,,,,,,,,,7.0,2.6,1.8,,,,,,3.4,,,5.2,0.2,5.8,13.4,2.6,10.8,2.4,0.2
202303,Rose Bay (Royal Sydney Golf Club),0.2,,7.6,5.4,,,,,,,,,,0.6,11.4,,,,,,1.0,,,8.6,5.2,0.8,6.6,0.6,3.6,,
202303,Rossmore (South Creek),,,,4.0,,,,,,,,,2.0,6.0,6.0,,,,,,4.0,,,14.0,,,7.0,,6.0,5.0,
202303,Sans Souci (Public School),,1.0,1.0,5.0,,,,,,,,,1.0,1.0,12.0,,,,,,,,,10.0,,6.0,6.0,1.0,2.0,,
202303,Seven Hills  (Radio FM 103.2),,,,0.5,,,,,,,,,1.0,6.0,18.0,,,,,,2.5,,1.5,3.0,,,7.5,0.5,9.0,,
202303,Shanes Park (South Creek Road),0.2,,,2.4,,,,,,,,,1.6,4.4,9.6,0.2,,,,,4.2,,,10.6,,1.2,16.2,1.8,9.6,0.2,0.2
202303,Sydney (Observatory Hill),,,2.2,20.0,,,,,,,,,,0.6,9.8,,,,,,0.6,0.2,1.2,4.6,,1.8,8.2,0.6,4.2,,
202303,Sydney Airport AMO,,,,2.8,0.2,,,0.2,,,,,1.0,1.2,11.4,0.2,,,,,0.2,0.2,,2.8,0.2,4.0,5.0,0.4,3.0,0.4,
202303,Sydney Botanic Gardens,,,2.8,19.4,,,,,,,,,,0.4,6.4,,,,,,0.8,,6.0,3.0,,1.4,8.0,,,,
202303,Sydney Olympic Park AWS (Archery Centre),,,0.2,3.2,,,,,,,,,1.2,3.6,19.4,0.2,,,,,0.6,0.2,1.2,2.4,,,4.8,0.8,6.0,0.2,
202303,Terrey Hills AWS,,4.2,0.2,20.0,,,,,,,,,,2.2,11.8,0.2,,,0.2,,7.2,0.2,0.2,2.0,1.8,5.4,5.6,0.4,8.0,0.2,
202303,Wahroonga (Ada Avenue),,0.4,0.4,9.4,,,,,,,,,,1.2,15.0,,,,0.2,,1.4,,,2.4,0.2,2.4,,0.2,2.0,1.8,
202303,Warragamba,,,,6.0,1.0,,,,,,,,15.0,21.0,8.0,,,,,,2.0,,1.0,15.0,,10.0,11.0,,11.0,1.0,
202303,Wedderburn (Booalbyn),,,,1.0,,,,,,,,,13.0,3.0,1.0,,,,,,4.0,,,6.0,,4.0,14.0,,2.0,12.0,
202303,Wyong (Kulnura (Jeavons)),,,1.0,3.0,,,,,,,,7.0,,6.0,2.0,,,,,,4.0,1.0,,11.0,12.0,9.0,7.0,6.0,9.0,1.0,
202303,Wyong (Olney Forest),,,,,,,,,,,,1.0,6.0,13.0,11.0,,,,,,,,1.0,9.0,16.0,4.0,10.0,10.0,8.0,1.0,
202303,"Most values are the precipitation in the 24 hoursto9 am on the day indicated.
Days marked with → are part of a longer accumulation, which is shown on the final day.Values over  100  mm have been rounded to the nearest whole millimetre.Days marked with - have a rainfall report of zero; 
days left blank have no rainfall report (which often indicates no rain fell).",,,,,,,,,,,,,,,,,,,,,,,,,,,,,,,
202303,Rainfalls colouredaccording to the amount,0,1.0,5.0,10.0,15.0,25.0,50.0,100,150,200,300,400,600,millimetres,,,,,,,,,,,,,,,,,
202304,Abbotsbury (Fairfield (City Farm)),,5.0,3.0,1.0,,,,6.0,,,,,,8.0,,,2.0,,,5.0,1.0,,,1.0,1.0,,,,1.0,25.0,
202304,Abbotsford (Blackwall Point Rd),,72.0,14.0,0.8,,0.6,1.6,5.0,,,,,0.6,21.0,3.4,,,,,8.0,2.0,,4.6,1.6,0.4,,0.4,,0.4,20.0,
202304,Audley  (Royal National Park),,18.0,14.0,,1.0,1.0,,10.0,,,,,,12.0,3.0,,,,,3.0,3.0,,,3.0,1.0,,,,1.0,46.0,
202304,Badgerys Creek AWS,,,,,,,,,,,,,,,,,,,,,,,0.2,4.6,0.6,0.2,,0.2,2.0,38.6,
202304,Bankstown Airport AWS,,12.8,9.4,0.4,,,,5.2,,,,,,6.2,0.8,,,,,24.2,1.2,,,1.8,0.6,,,,2.0,36.6,
202304,Baulkham Hills Eucalyptus Ct,,17.0,9.0,0.5,,0.5,3.5,15.0,,,,,,12.5,0.5,,,,,5.0,4.5,,1.5,2.0,1.0,,,,1.0,25.0,
202304,Belrose (Evelyn Place),,19.4,35.6,0.4,0.2,1.4,0.2,5.2,,,,,0.8,22.2,3.2,0.4,,,,3.8,7.6,,4.0,1.0,3.8,,,,1.2,19.0,
202304,Bilpin Post Office,,,23.8,0.8,0.2,,2.2,,,,2.0,,0.6,8.4,,,2.0,,,6.2,7.8,0.2,,9.4,,0.6,,,2.0,,
202304,Blackheath (Wombat Street),,9.0,16.0,1.0,,,2.0,7.0,,,,,3.0,12.0,1.0,,,,,1.0,1.0,,1.0,9.0,,,,1.0,1.0,41.0,
202304,Bringelly (Maryland),,3.0,2.0,12.0,,,1.0,9.0,,,,,,8.0,,,,,,,,,,4.0,,,1.0,,2.0,36.0,
202304,Camden (Brownlow Hill),,3.0,2.8,5.8,,,0.4,10.0,,,,,0.2,6.6,,,,,,,,,,2.4,,,,,4.8,47.4,
202304,Camden Airport AWS,,3.0,3.6,2.0,0.2,,0.6,8.2,,,,,,9.4,2.8,,,,,,,,0.2,2.4,1.0,,0.2,,4.4,43.0,
202304,Campbelltown (Kentlyn (Georges River Roa,,12.0,4.0,,,,1.0,4.0,,,,,2.0,10.0,,1.0,,,,3.0,,,,2.0,,,,,3.0,27.0,
202304,Campbelltown (Mount Annan),,2.8,5.0,0.6,,0.2,0.2,8.4,,,,,3.0,7.8,1.2,0.2,0.2,,,0.4,,0.2,,4.8,0.6,0.2,,,2.0,24.4,
202304,Canterbury Racecourse AWS,,23.4,20.8,0.4,,,0.8,8.2,,,,,0.4,26.6,4.4,,,,,3.4,12.4,0.2,0.4,0.4,0.2,0.2,,,,0.2,
202304,Castle Cove (Rosebridge Ave),,25.0,29.0,,,,,,,,,,,,,,,,,,,,,,,,,,,,
202304,Chatswood Bowling Club,,24.0,17.0,1.0,,1.0,1.0,6.0,,,,,,16.0,3.0,,,,,7.0,6.0,,,,1.0,,,,1.0,13.0,
202304,Collaroy (Long Reef Golf Club),,14.0,27.4,,,,,,,,,,11.8,13.6,7.8,,,,,0.2,,,,1.0,7.4,,,,,10.4,
202304,Colo Heights (Mountain Pines),0.8,8.6,,0.8,0.4,,,2.8,,,,,0.8,6.8,1.0,,,,,4.2,1.8,,0.4,3.6,0.6,,,,1.0,42.4,
202304,Concord (Brays Rd),,64.0,13.0,,,0.2,1.6,4.6,,,,,,12.8,3.2,,,,,20.0,2.2,,1.8,0.2,0.2,,0.4,,0.4,16.4,
202304,Concord Golf Club,,65.2,15.4,0.8,2.4,,2.4,4.6,,,,,,14.4,4.6,,,,,15.2,2.2,,1.4,2.2,0.4,,,,,19.8,
202304,Cooranbong (Avondale),,,4.0,2.0,5.0,3.0,,3.0,,,,,,,,,,,,,,,,,,,,,,,
202304,Cooranbong (Lake Macquarie AWS),,0.4,4.2,2.2,5.0,2.4,0.2,3.6,,,,,6.8,21.2,3.2,0.4,,,,20.4,20.0,1.6,1.4,10.2,4.4,,0.2,,0.2,5.8,
202304,Darkes Forest (Kintyre),,26.0,5.0,2.0,,,,9.0,,,,,,49.0,1.0,,,,,14.0,4.0,,,6.0,,1.0,,,1.0,22.0,
202304,Erskine Park Reservoir,,7.0,5.0,2.0,,,1.0,5.0,,,,,,8.0,,,,,,3.0,1.0,,,3.0,1.0,,,,2.0,38.0,
202304,Faulconbridge (Great Western Hwy),,1.0,11.0,2.0,2.0,,2.0,10.0,,,,,2.0,9.0,6.0,,,,,2.0,2.0,,,9.0,,,,,4.0,44.0,
202304,Faulconbridge (St Georges Crescent),2.7,3.1,7.2,3.2,2.6,,2.0,9.4,,,,,2.0,6.8,5.8,,,,,4.6,0.4,,,9.2,0.6,0.4,,,4.0,40.8,
202304,Gears (Wyong River),,2.0,15.5,1.5,,,,2.0,,,,,0.5,7.5,0.5,,,,,4.0,16.0,1.5,,4.0,,,,,3.0,0.5,
202304,Gosford AWS,0.4,28.4,43.4,1.4,0.2,0.4,,1.4,,,,,3.6,20.6,0.2,,,,,4.4,11.6,3.6,0.4,1.4,1.0,,0.4,,0.2,10.2,
202304,Holsworthy Aerodrome AWS,,7.6,6.0,,0.2,,,8.0,0.2,,,,0.4,12.8,0.2,0.2,,,,12.8,0.2,,,1.8,1.2,,,0.2,1.2,21.6,
202304,Holsworthy Defence AWS,,20.0,3.0,0.2,,,5.8,5.6,,,,,3.4,19.0,0.2,0.4,,,,8.4,0.2,,,4.4,0.2,,0.2,,1.4,34.0,
202304,Hornsby (Swimming Pool),,11.6,29.2,0.2,,,0.2,3.4,,,,,,,3.0,,,,,,,,,1.0,,,,,0.6,3.4,
202304,Horsley Park Equestrian Centre AWS,,6.8,4.4,1.4,,,0.2,5.2,,,,,,9.6,0.2,,,0.2,,,,,,4.6,,0.2,,,1.4,28.4,
202304,Katoomba (Farnells Rd),,7.4,17.8,→,0.4,,2.2,4.4,,,,,3.0,11.1,8.6,,0.2,,,9.4,2.2,0.2,0.5,9.6,,,,,1.8,35.0,
202304,Kurrajong Heights (Bells Line of Road),,2.6,20.8,1.2,,,1.2,,,,,,4.8,4.0,2.4,,,,,→,7.4,,,3.9,0.6,,,,→,62.8,
202304,Lucas Heights (ANSTO),,16.0,7.4,0.2,,,,7.4,,,,,1.0,18.6,1.0,,,,,13.2,0.4,,,5.4,1.0,,,,1.0,22.0,
202304,Mangrove Mountain AWS,,5.0,8.0,2.4,0.4,0.2,0.2,0.2,0.2,,,,0.2,18.2,8.8,,,,,4.8,3.0,1.0,0.4,2.6,4.2,,0.2,,,8.4,
202304,Marrickville Golf Club,,22.0,18.0,,,,2.0,8.0,,,,,,23.0,4.0,,,,,11.0,5.0,,,2.0,1.0,,,,1.0,34.0,
202304,Menangle Bridge (Nepean River),,2.0,2.0,9.0,,,,19.0,,,,,2.0,6.0,2.0,,,,,,,,,1.0,,,,,2.0,27.0,
202304,Mona Vale Golf Club,,22.0,36.8,0.4,,,,0.2,,,,,4.4,,3.8,,,,,,,,0.2,0.6,,0.2,0.2,,,14.6,
202304,Mount Boyce AWS,,11.2,15.0,1.6,0.2,0.2,1.4,4.2,,,,,3.2,11.0,1.2,0.2,,,,0.8,1.0,0.4,0.2,9.0,0.2,0.2,0.2,,1.0,36.4,
202304,Norah Head AWS,,5.2,10.0,14.4,3.0,17.6,,,0.2,0.2,,,,13.8,4.4,,,,,23.4,5.2,1.6,1.4,0.8,1.0,0.4,,,,15.4,
202304,North Parramatta (Burnside Homes),,25.0,11.5,0.5,,,4.5,6.5,,,,,,17.0,3.0,,,,,7.0,3.0,,1.5,1.0,1.0,,,,1.0,26.0,
202304,North Rocks (Muirfield Golf Club),,24.0,11.0,0.5,,,2.0,14.5,,,,,,11.0,1.5,,,,,11.0,3.0,,1.5,2.0,1.0,,,,1.0,24.5,
202304,North Ryde Golf Club,,45.0,18.0,1.0,,1.0,1.0,6.0,,,,,,16.0,2.0,,,,,11.0,2.0,,3.0,1.0,2.0,,,,1.0,18.0,
202304,Palm Grove (Lyrebird Lane),,4.0,24.0,2.0,,,,,,,,,,15.0,,,,,,4.0,5.0,1.0,1.0,7.0,5.0,,,,,7.0,
202304,Parramatta North (Masons Drive),,24.0,12.6,0.6,,0.2,4.0,7.4,,,,,,13.4,6.8,0.2,,,,9.8,1.6,,1.6,1.2,1.4,,,,0.2,28.0,
202304,Peakhurst Golf Club,,8.0,16.0,,1.0,,,12.0,,,,,,9.0,3.0,,,,,14.0,1.0,,1.0,5.0,1.0,,,,1.0,30.0,
202304,Penrith Lakes AWS,,1.4,5.4,1.6,,,1.0,12.0,,,,,0.6,8.2,5.2,0.2,,,,1.8,0.8,,,1.2,0.6,,,,1.4,46.6,
202304,Prospect Reservoir,,11.0,10.0,,,,4.0,3.0,,,,,,5.0,1.0,,,,,11.0,2.0,,,2.0,,,,,2.0,25.0,
202304,Putty (The Gibba),,1.0,,2.0,1.0,,,14.0,,,,,3.0,4.0,,,,,,,1.0,,1.0,1.0,,,,,1.0,37.0,
202304,Randwick (Randwick St),,33.6,35.2,2.2,,10.8,4.4,4.0,,,,,0.8,14.6,8.2,0.2,,,,1.0,2.8,,1.0,0.2,1.6,,0.2,,0.2,16.2,
202304,Richmond RAAF,,2.4,4.0,0.4,8.0,,0.6,3.0,,,,,1.2,5.4,1.2,,,,,2.2,0.6,,,1.0,0.2,0.2,,,0.8,41.0,
202304,Rose Bay (Royal Sydney Golf Club),,29.2,31.0,1.2,,7.5,0.2,2.2,,,,,7.0,10.6,11.2,0.2,,,,3.6,1.6,0.4,0.2,,0.8,,,,0.8,16.2,
202304,Rossmore (South Creek),,2.0,3.0,6.0,,,1.0,5.0,,,,,,4.0,2.0,,,,,2.0,,,,4.0,,,,,2.0,39.0,
202304,Sans Souci (Public School),,5.0,16.0,,,1.0,3.0,13.0,,,,,,22.0,1.0,,,,,1.0,1.0,,1.0,,3.0,,,,1.0,36.0,
202304,Seven Hills  (Radio FM 103.2),,8.0,5.0,4.0,,0.5,8.5,3.0,,,,,,3.0,0.5,,,,,12.0,1.0,,0.5,,0.5,0.5,,,0.5,26.5,
202304,Shanes Park (South Creek Road),,5.6,3.2,2.6,0.2,,0.6,12.2,,,,,,6.8,3.6,,,,,3.4,1.8,0.2,,0.4,,,,0.2,1.0,47.8,
202304,Sydney (Observatory Hill),,89.4,26.0,0.8,,3.6,0.2,3.2,,,,,0.4,13.0,2.0,,,,,1.6,4.6,0.4,4.4,1.2,0.8,0.2,,,,27.0,
202304,Sydney Airport AMO,,21.6,18.2,2.8,,,,6.4,,,,,1.8,22.8,9.2,0.2,,,,3.0,3.2,,0.4,3.0,4.6,,,,0.8,16.8,
202304,Sydney Botanic Gardens,,76.0,33.6,0.2,,0.2,0.2,3.0,,,,,4.0,10.8,1.0,2.0,,,,1.6,5.4,0.4,4.0,1.8,0.4,0.2,,,,24.4,
202304,Sydney Olympic Park AWS (Archery Centre),,40.4,12.0,0.2,,,0.6,3.6,0.2,,,,0.2,10.2,6.4,,,,,16.6,2.4,,0.8,1.0,1.0,,,,0.2,16.0,
202304,Terrey Hills AWS,,15.8,56.6,3.8,0.2,0.6,0.2,0.6,,,,,,32.4,2.8,0.2,,,,5.0,4.0,,1.6,1.8,0.6,,1.0,0.2,0.6,17.6,
202304,Wahroonga (Ada Avenue),,16.8,26.2,3.4,0.4,1.2,0.8,3.8,,,,,,10.2,6.2,0.2,,,0.2,11.4,5.4,0.2,3.6,1.6,2.4,0.2,0.2,0.2,1.4,20.6,
202304,Warragamba,,1.0,3.0,3.0,,,1.0,8.0,,,,,,6.0,2.0,,,,,,,,,4.0,1.0,,,,4.0,56.0,
202304,Wedderburn (Booalbyn),,10.0,2.0,,1.0,,1.0,17.0,,,,,2.0,12.0,,,,,,2.0,,,1.0,2.0,,,,1.0,2.0,26.0,
202304,Wyong (Kulnura (Jeavons)),,2.0,9.0,8.0,,,,3.0,,,,,3.0,4.0,2.0,,,,,2.0,5.0,2.0,1.0,14.0,1.0,,,,,11.0,
202304,Wyong (Olney Forest),,,1.0,9.0,2.0,6.0,,4.0,,,,,9.0,14.0,1.0,,,,,,,,,,,,,,,,
202304,"Most values are the precipitation in the 24 hoursto9 am on the day indicated.
Days marked with → are part of a longer accumulation, which is shown on the final day.Values over  100  mm have been rounded to the nearest whole millimetre.Days marked with - have a rainfall report of zero; 
days left blank have no rainfall report (which often indicates no rain fell).",,,,,,,,,,,,,,,,,,,,,,,,,,,,,,,
202304,Rainfalls colouredaccording to the amount,0,1.0,5.0,10.0,15.0,25.0,50.0,100,150,200,300,400,600,millimetres,,,,,,,,,,,,,,,,,
202305,Abbotsbury (Fairfield (City Farm)),,,,,,,1.0,3.0,1.0,,,,,19.0,1.0,,1.0,,,,,,,,,,,,,,
202305,Abbotsford (Blackwall Point Rd),,0.4,,,,,,10.0,,,,,,4.0,0.4,,6.6,0.4,,,,,,,,,,,,,
202305,Audley  (Royal National Park),,3.0,,,,,,12.0,,,,,,9.0,1.0,,10.0,,,,,,,,,,,,,,
202305,Badgerys Creek AWS,0.2,0.2,,,,,1.0,3.6,,,,0.2,,31.6,10.2,0.2,,,,,,,,0.2,,0.2,,,,,
202305,Bankstown Airport AWS,0.2,,,,,,,7.0,,,,,,5.2,0.2,0.2,,0.2,,,,,,,,,,,,,
202305,Baulkham Hills Eucalyptus Ct,,,,,,,0.5,6.5,,,,,,3.5,0.5,,2.5,,,,,,,,,,,,,,
202305,Belrose (Evelyn Place),,,,,,,,7.4,,,,,,0.4,2.8,,8.6,4.0,0.6,,,,,,,,,,,,
202305,Bilpin Post Office,41.2,,,,,,,,,,,,1.2,,1.2,,1.0,0.2,,,,,,,,,0.2,,,,
202305,Blackheath (Wombat Street),,,,,1.0,,1.0,2.0,,,,,,,3.0,1.0,1.0,,,,,,,,,,,1.0,,,
202305,Bringelly (Maryland),,,,,,,,5.0,,,,,,26.0,1.0,,,,,,,,,,,,,,,,
202305,Camden (Brownlow Hill),,,,,,,0.2,2.6,,,,,,4.8,18.8,,,,,,,,,,,,,,,,
202305,Camden Airport AWS,,,,,,0.2,1.2,4.2,,,,,,0.2,1.4,0.2,,,,,,,0.2,,0.2,,,0.2,,,
202305,Campbelltown (Kentlyn (Georges River Roa,,,,,,,2.0,7.0,,,,,,1.0,1.0,,,,,,,,,,,,,,,,
202305,Campbelltown (Mount Annan),0.2,,,,,,0.6,5.8,,,,,,,0.2,0.2,,,,,,,,,0.2,,,,0.2,,
202305,Canterbury Racecourse AWS,28.4,,,0.4,,,,8.8,0.2,,,,,10.0,1.8,,4.2,0.2,,,,,,,,,,,,,
202305,Chatswood Bowling Club,,,,,,,,,,,,,,,,,,,,,,,,,,,,,,,
202305,Collaroy (Long Reef Golf Club),,,,,,,,10.6,,,,,,7.2,0.6,,11.0,11.8,1.8,,,,,,,,,,,,
202305,Colo Heights (Mountain Pines),,,,,,,,2.4,,,0.2,0.2,,1.4,0.2,0.2,1.2,0.2,0.2,,,,,,,,0.8,,,,
202305,Concord (Brays Rd),,,,,,,,10.4,,,,,,11.0,0.4,0.2,4.6,,,,,,,,,,,,,,
202305,Concord Golf Club,,,,,,,,10.2,,,,,,9.6,0.6,,4.2,,,,,,,,,,,,,,
202305,Cooranbong (Lake Macquarie AWS),0.2,,,,,,,3.0,,,,0.2,,18.2,3.0,,10.2,1.4,,,0.2,,,0.2,,,15.2,,0.2,,
202305,Darkes Forest (Kintyre),,,,,,,,11.0,,,,1.0,,5.0,1.0,3.0,4.0,,,,,,,,,,,,,,
202305,Erskine Park Reservoir,1.0,,,,,,1.0,5.0,,,,,,11.0,10.0,1.0,,,,,,,,,,,,,,,
202305,Faulconbridge (Great Western Hwy),1.0,,,,,,,,,,,,,,22.0,,,,,,,,,,,,,,,,
202305,Faulconbridge (St Georges Crescent),0.8,,,,,,,0.8,,,,,,,16.0,,0.4,,,,,,,,,,,,,,
202305,Gears (Wyong River),,,,,,,,6.0,,,,,,,1.0,,2.5,0.5,,,,,,,,,1.5,,,,
202305,Gosford AWS,0.2,,,,,0.2,,9.6,,,,0.2,,0.2,4.2,0.2,23.4,1.8,0.2,0.2,,,0.2,,0.4,,5.4,,0.4,,
202305,Holsworthy Aerodrome AWS,,,,,,,1.2,8.2,,,,,,5.6,0.2,0.2,0.8,,,,,,,,,,,,,,
202305,Holsworthy Defence AWS,,,,,,,1.0,11.6,,,,,,4.0,0.2,,1.0,,,,,,,,,,,,,,
202305,Hornsby (Swimming Pool),,,,,,,,,,,,,,,,0.2,,,,,,,,,,,,,,,
202305,Horsley Park Equestrian Centre AWS,0.4,,,,,,0.6,5.2,,,,,,10.6,0.6,,0.4,,0.2,,,,,,,,,,,,
202305,Katoomba (Farnells Rd),0.2,,,,,,0.6,,0.4,,,,,1.8,1.8,0.4,4.6,,,,,,,,,,2.2,,,,
202305,Kurrajong Heights (Bells Line of Road),0.2,,,,,,,1.8,,,,0.3,0.1,,3.4,,,,1.5,,,,,,,,1.4,,,,
202305,Lucas Heights (ANSTO),,,,,,,2.0,9.0,,,,,,6.0,0.1,0.4,3.0,,,,,,,,,,,,,,
202305,Mangrove Mountain AWS,0.2,,,0.2,,,,5.6,,,,,0.2,,1.0,0.2,3.8,,0.2,,,,,,,,1.0,,,,
202305,Marrickville Golf Club,,,,,,,,10.0,,,,,,16.0,1.0,1.0,8.0,,,,,,,,,,,,,,
202305,Menangle Bridge (Nepean River),,,,,,,1.0,8.0,,,,,,,,,,,,,,,,,,,,,,,
202305,Mona Vale Golf Club,,,,,,,,8.2,,,,0.4,,7.2,,0.2,13.2,,0.8,,,,0.2,0.2,0.2,,0.4,,,,
202305,Mount Boyce AWS,0.2,,,,,,0.4,0.6,,,,0.2,0.2,,1.6,0.8,0.4,0.2,,0.2,,,,,,,0.4,,,,
202305,Norah Head AWS,0.2,,,,8.0,,,4.8,,,,,0.2,0.2,0.4,0.2,27.8,47.4,0.8,,,,,,,,16.8,,,,
202305,North Parramatta (Burnside Homes),,,,,,,0.5,6.5,,,,,,2.0,,,3.0,,,,,,,,,,,,,,
202305,North Rocks (Muirfield Golf Club),,,,,,,,6.5,,,,,,4.0,0.5,,2.5,,,,,,,,,,,,,,
202305,North Ryde Golf Club,,,,,,,,7.0,,,,,,1.0,,,5.0,,,,,,,,,,,,,,
202305,Palm Grove (Lyrebird Lane),,,,,,,,9.0,,,,,,,2.0,,4.0,,,,,,,,,,2.0,,,,
202305,Parramatta North (Masons Drive),,,,,,,0.2,8.0,,,,,,2.4,0.2,,2.6,,,,,,,,,,,,,,
202305,Peakhurst Golf Club,,,,,,,,12.0,,,,,,17.0,2.0,,7.0,,,,,,,,,,,,,,
202305,Penrith Lakes AWS,0.2,,,,,,,2.6,,,,,,2.0,,,,,,,,,,,,,,,,,
202305,Prospect Reservoir,1.0,,,,,,1.0,4.0,,,,,,16.0,,,1.0,,,,,,,,,,,,,,
202305,Putty (The Gibba),,,,,,,,,,,,,,,,,1.0,,3.0,,,,,,,,,,,,
202305,Randwick (Randwick St),,,,,,,,10.6,,,,,0.2,28.6,2.4,4.6,18.4,27.2,2.0,,,,,,,,,,,,
202305,Richmond RAAF,0.2,,,,,0.2,,3.0,,,,,,7.0,0.2,,0.2,,0.2,,,,,,,,,,,,
202305,Rose Bay (Royal Sydney Golf Club),,,,,,,,10.6,,,,,,18.0,4.8,0.2,16.2,32.2,2.6,,,,,,,0.2,,,,,
202305,Rossmore (South Creek),6.0,,,,,,2.0,5.0,,,,,,7.0,1.0,1.0,,,,,,,,,,,,,,,
202305,Sans Souci (Public School),,,,,,,,7.0,,,,,,11.0,,1.0,3.0,,,,,,,,,,,,,,
202305,Seven Hills  (Radio FM 103.2),0.5,,,,,,0.5,5.5,,,,,,16.0,0.5,,0.5,0.5,,,,,,,,,,,,,
202305,Shanes Park (South Creek Road),,,,,,,,5.6,,,,,,0.6,2.0,0.2,,0.2,,,,,,,,0.2,,,,,
202305,Sydney (Observatory Hill),,,,,,,,10.2,,,,1.6,,7.6,3.4,,30.6,7.8,0.4,,,,,,,,,,,,
202305,Sydney Airport AMO,0.2,,,,,,,10.8,,,,,,34.0,0.6,0.2,8.0,2.2,,,,,,,,,,,,,
202305,Sydney Botanic Gardens,,,,,,,,10.4,,,,,,9.6,5.2,0.2,24.0,10.0,4.8,,,,,,,,,,,,
202305,Sydney Olympic Park AWS (Archery Centre),,0.2,,,,,,6.4,,,,,,2.0,,,2.2,,,,,,,,,,,,,,
202305,Terrey Hills AWS,,,,,,,,7.2,,,,0.2,,11.4,6.6,0.6,8.0,2.6,,,,,,,,,,,,,
202305,Wahroonga (Ada Avenue),0.2,,,,,,0.4,7.4,,,,,0.2,22.0,1.0,0.2,4.6,0.2,,,,,,,,,0.2,,,,
202305,Warragamba,1.0,,,,,,,,,,,,,4.0,5.0,,,,,,,,,,,,,,,,
202305,Wedderburn (Booalbyn),,,,,,,1.0,7.0,,,,,,,1.0,,,,,,,,,1.0,,,,,,,
202305,Wyong (Kulnura (Jeavons)),,,,,,,,3.0,,,,,,,1.0,,1.0,,2.0,,,,,,,,5.0,,,,
202305,Wyong (Olney Forest),,,,,,,,2.0,,,,,,14.0,1.0,,5.0,,12.0,2.0,,,,,,,,,,,
202305,Yarramalong (Lewensbrook),,,,,,,,8.0,,,,,,,5.0,,3.0,,,,,,,,,,3.0,,,,
202305,"Most values are the precipitation in the 24 hoursto9 am on the day indicated.
Days marked with → are part of a longer accumulation, which is shown on the final day.Values over  100  mm have been rounded to the nearest whole millimetre.Days marked with - have a rainfall report of zero; 
days left blank have no rainfall report (which often indicates no rain fell).",,,,,,,,,,,,,,,,,,,,,,,,,,,,,,,
202305,Rainfalls colouredaccording to the amount,0,1.0,5.0,10.0,15.0,25.0,50.0,100,150,200,300,400,600,millimetres,,,,,,,,,,,,,,,,,
202306,Abbotsbury (Fairfield (City Farm)),,,,,,,,,,,,,,1.0,,,,,,,,,5.0,,,,,1.0,4.0,,
202306,Abbotsford (Blackwall Point Rd),1.0,,,16.0,4.0,14.0,,,,,,,1.0,,,,,,,,,,6.4,1.0,,,,0.8,3.8,,
202306,Audley  (Royal National Park),,,,,,2.0,,,,,,,1.0,,,,,,,,,,6.0,,,,,,2.0,,
202306,Badgerys Creek AWS,,,0.2,,0.4,0.2,,0.2,1.0,,,0.2,1.2,,,,,0.2,0.2,,,,6.0,,,,,0.6,4.2,,
202306,Bankstown Airport AWS,,,,,0.2,,,,0.2,0.8,,,,,,,,,,,,,7.2,,,,,1.2,3.6,,
202306,Baulkham Hills Eucalyptus Ct,,,,3.0,,0.5,,,,,,,,0.5,,,,,,3.0,,,8.0,,,,,1.0,5.0,,
202306,Belrose (Evelyn Place),0.4,,,0.4,0.6,5.0,,,0.6,,,,0.4,0.2,,,,,,,,,6.6,,,,,0.6,4.2,,
202306,Bilpin Post Office,,,,,18.4,1.0,,,,,,0.2,,,,,,,,,,,6.6,,,,,0.2,1.2,,
202306,Blackheath (Wombat Street),,,,12.0,15.0,1.0,1.0,,,,,1.0,1.0,,,,,,,1.0,,,11.0,,,,,,4.0,,
202306,Bringelly (Maryland),,,,,,,,,,,,,1.0,,,,,,,,,,5.0,,,,,2.0,3.0,,
202306,Camden (Brownlow Hill),,,,,0.2,,,,1.4,,,,1.6,0.4,,,,,,,,,4.6,,,,,2.0,3.8,,
202306,Camden Airport AWS,,,,,0.4,,0.2,,1.6,,0.2,,1.8,,,,0.2,,,,,,5.6,,,,,2.6,3.2,,
202306,Campbelltown (Kentlyn (Georges River Roa,,,,,,,,,,,,,2.0,,,,,,,,,,6.0,,,,,3.0,2.0,,
202306,Campbelltown (Mount Annan),,,,,,,,,2.0,,,0.2,1.8,,,,0.2,,0.2,,,,4.8,,,,,2.8,2.4,0.2,
202306,Canterbury Racecourse AWS,,,,1.0,,1.8,,,0.4,,,,0.4,,,,,,,,,,8.0,,,,,1.0,3.0,,
202306,Castlereagh (Castlereagh Road),,,4.8,0.4,,,,0.8,,,,,0.6,,,,,,,,,4.6,,,,,1.0,,,,
202306,Centennial Park,,,,,0.1,3.2,0.9,,,,,,0.6,,,,,,,,,,8.4,,,,,0.9,2.4,,
202306,Chatswood Bowling Club,,,,1.0,,,,,,,,,,,,,,,,,,,,,,,,,,,
202306,Collaroy (Long Reef Golf Club),,,,,,3.4,1.8,3.4,0.8,,,,0.6,,,,,,,,,,6.6,,,,,,3.0,,
202306,Colo Heights (Mountain Pines),,,,2.8,6.0,0.6,0.2,,0.4,,,,0.4,2.4,,,,,,,,,6.0,,,,,1.0,1.4,,
202306,Concord (Brays Rd),,,,2.6,0.8,1.0,,,0.2,,,,,,,,,,,,,,7.8,,,,,0.6,,,
202306,Concord Golf Club,,,,,,,,,0.6,0.2,,,,,,,,,,,,,8.2,,,,,,,,
202306,Cooranbong (Avondale),,1.0,,,,,,,,,,1.0,,2.0,,,,,,,,,2.0,,,,,,1.0,,
202306,Cooranbong (Lake Macquarie AWS),,0.2,,0.2,0.6,,0.2,,0.4,0.2,,,0.2,2.2,,,,0.2,0.2,,,,2.0,0.2,,0.2,,,0.6,,
202306,Darkes Forest (Kintyre),,,,1.0,2.0,,,,,,,,1.0,,,,,,,,,,5.0,,,,,,1.0,,
202306,Erskine Park Reservoir,,,,,,,,,,,,,,,,,,,,,,,6.0,,,,,1.0,4.0,,
202306,Faulconbridge (Great Western Hwy),,,,3.0,3.0,2.0,,,,,,,,,,,,,,,,,4.0,,,,,1.0,3.0,,
202306,Faulconbridge (St Georges Crescent),,,,10.6,1.4,1.4,,,,,,,0.8,0.2,,,,,,,,,4.8,,,,,0.5,4.3,,
202306,Gosford AWS,,0.2,0.2,1.8,0.6,3.4,,0.2,1.2,0.2,0.2,,0.2,1.4,,,,0.2,,,,,8.0,,,,,,3.2,0.2,
202306,Holsworthy Aerodrome AWS,,,,,0.2,0.2,0.2,,1.8,,,,0.8,,,,,,,,,,5.6,,,,,1.8,2.4,,
202306,Holsworthy Defence AWS,,0.2,0.2,,0.4,0.2,,,2.0,,,0.2,1.4,0.4,,,,,,,,,5.6,,0.2,,,1.8,3.0,,
202306,Hornsby (Swimming Pool),0.2,,,,,,,,,,,,,,,,,,,,,,0.6,,,,,0.6,1.2,,
202306,Horsley Park Equestrian Centre AWS,,,0.2,,,,,0.2,1.6,,,,0.4,,,,,,,,,,6.0,0.2,,,,1.4,4.6,,
202306,Katoomba (Farnells Rd),,,,22.0,7.0,1.2,0.2,0.2,0.6,,,,0.9,,,,,,,0.2,,,8.2,,,,,→,5.2,,
202306,Kurrajong Heights (Bells Line of Road),,→,→,→,→,10.8,,,0.5,,,,,0.4,,,,,,,,,4.8,,,,,,,,
202306,Lucas Heights (ANSTO),,,,,0.4,0.4,,,1.4,,,,0.6,,,,,,,,,,6.0,,,,,1.2,,,
202306,Mangrove Mountain AWS,0.2,,0.2,0.6,1.6,0.2,0.2,,0.8,,,,,1.2,,,,,,,,,6.0,,,,,0.8,1.4,,
202306,Marrickville Golf Club,,,,,,3.0,,,,,,,1.0,,,,,,,,,,8.0,,,,,1.0,2.0,,
202306,Menangle Bridge (Nepean River),,,,,,,,,,,,,1.0,,,,,,,,,,6.0,,,,,2.0,3.0,,
202306,Mona Vale Golf Club,0.4,,0.2,,,,,,0.2,,,0.4,,,,,,0.2,,,,,7.0,,,,,,2.8,,
202306,Mount Boyce AWS,,,,9.8,14.4,1.0,0.6,0.2,0.8,,0.2,,1.2,0.4,,,,,,0.2,,,9.6,,0.2,,,,3.4,,
202306,Norah Head AWS,,,0.2,,1.0,2.4,0.2,,1.8,,,,1.0,1.6,,,,,,,,,5.0,,,,,,1.0,,
202306,North Parramatta (Burnside Homes),,,,4.0,,1.0,,,,,,,,,,,,,,,,,7.0,,,,,1.0,5.0,,
202306,North Rocks (Muirfield Golf Club),,,,3.5,,0.5,,,,,,,,1.0,,,,,,0.5,,,8.5,0.5,,,,1.0,5.0,,
202306,North Ryde Golf Club,,,,1.0,,1.0,,,,,,,,,,,,,,,,,6.0,,,,,1.0,4.0,,
202306,Parramatta North (Masons Drive),0.2,,,4.0,0.2,1.4,0.2,,1.2,,,,0.2,,,,,,,,,,5.6,,,,,1.0,5.4,,
202306,Peakhurst Golf Club,,,,,,1.0,,,,,,,1.0,,,,,,,,,,7.0,,,,,1.0,3.0,,
202306,Penrith Lakes AWS,0.4,,,0.2,0.4,1.0,0.2,,0.6,,,0.2,0.2,1.2,,0.2,0.2,,,0.2,,,4.0,,,,,0.8,4.4,,
202306,Prospect Reservoir,,,,,,,,,,,,,,,,,,,,,,,7.0,,,,,2.0,4.0,,
202306,Putty (The Gibba),,,,1.0,1.0,,,,,,,,,5.0,,,,,,,,,8.0,,,,,1.0,,,
202306,Randwick (Randwick St),,0.2,,,0.1,2.8,1.2,,0.6,,,,0.4,,,,,,,,,,8.2,,,,,0.6,2.8,,
202306,Richmond RAAF,,,,3.6,1.6,0.4,,0.2,0.4,,,,0.2,2.2,,,,,,,,,5.4,,,,,0.8,1.0,0.2,
202306,Rose Bay (Royal Sydney Golf Club),,0.2,,0.2,0.4,3.2,0.8,,0.2,,,,0.4,0.2,,,,,,,,,8.6,,,,,0.8,2.0,,
202306,Rossmore (South Creek),,,,,,,,,,,,,1.0,,,,,,,,,,7.0,,,,,3.0,3.0,,
202306,Sans Souci (Public School),,,,,,1.0,,,,,,,,,,,,,,,,,7.0,,,,,,2.0,,
202306,Seven Hills  (Radio FM 103.2),,,,,,0.5,,,,,,,,,,,,,,0.5,,,7.0,,,,,1.5,4.5,,
202306,Shanes Park (South Creek Road),0.6,,0.2,,,1.2,,,,0.2,,,0.4,,,,,0.2,,,,,6.4,,,,,1.2,4.2,,
202306,Sydney (Observatory Hill),,,,,,5.0,,,0.2,,,,,,,,,,,,,,8.6,,,,,0.8,3.0,0.2,
202306,Sydney Airport AMO,,,,,,3.2,0.2,,0.2,,,,0.4,,,,,,,,,,8.0,,,,,0.4,1.6,0.2,
202306,Sydney Botanic Gardens,,,0.2,,,4.2,0.6,,0.4,,,,0.2,,,,,,,,,,,,,,,,,,
202306,Sydney Olympic Park AWS (Archery Centre),,,,2.6,0.2,,,,0.2,,,,,,,,,,,,,,4.8,0.2,,,,0.4,3.4,,
202306,Terrey Hills AWS,0.2,0.2,0.2,0.6,0.8,4.0,,,0.4,,0.2,,0.2,,,,,,,,,,6.8,,,,,,4.2,,
202306,Wahroonga (Ada Avenue),0.4,,0.2,2.2,0.2,1.2,,,,,,0.2,0.2,0.4,,,,,,,,,7.6,,,,,0.8,5.4,,
202306,Warragamba,,,,,3.0,,,,,,,,1.0,,,,,,,,,,3.0,,,,,1.0,4.0,,
202306,Wedderburn (Booalbyn),,,,,,1.0,,,,,,,2.0,,,,,,,,,,6.0,,,,,1.0,2.0,,
202306,Wyong (Kulnura (Jeavons)),,,,,1.0,,,,,,,,,1.0,,,,,,,,,5.0,,,,,1.0,1.0,,
202306,Yarramalong (Lewensbrook),,,,2.5,3.0,,,,,,,,,2.2,,,,,,,,,6.0,,,,1.0,1.0,,,
202306,"Most values are the precipitation in the 24 hoursto9 am on the day indicated.
Days marked with → are part of a longer accumulation, which is shown on the final day.Values over  100  mm have been rounded to the nearest whole millimetre.Days marked with - have a rainfall report of zero; 
days left blank have no rainfall report (which often indicates no rain fell).",,,,,,,,,,,,,,,,,,,,,,,,,,,,,,,
202306,Rainfalls colouredaccording to the amount,0,1.0,5.0,10.0,15.0,25.0,50.0,100,150,200,300,400,600,millimetres,,,,,,,,,,,,,,,,,
202307,Abbotsbury (Fairfield (City Farm)),,,,2.0,3.0,,,,,,,,,,,,,,,,,,,1.0,,,,,,,
202307,Abbotsford (Blackwall Point Rd),,,3.6,,1.6,0.1,,,,,,,,,,,2.2,0.1,,,,,,19.6,0.1,,,,0.2,,
202307,Audley  (Royal National Park),,,,3.0,2.0,,,,,,,,,,,,,1.0,,,,,,6.0,,,,,,,
202307,Badgerys Creek AWS,,,,1.8,2.4,,0.2,,,,,,,0.2,0.2,,0.8,0.6,,,,,,,0.2,0.2,,,,,0.2
202307,Bankstown Airport AWS,,,,4.4,3.6,,,,,,,,,,,,0.8,0.2,,,0.2,,,2.4,0.2,,0.2,,,,
202307,Baulkham Hills Eucalyptus Ct,,,,5.0,2.0,,,,,,,,,,,,,,,,,,,3.5,0.5,,,,,,
202307,Belrose (Evelyn Place),,,,2.8,1.4,,,,,,,,,,,,1.0,,,,,,,22.0,,,,,,,
202307,Blackheath (Wombat Street),,,,4.0,4.0,,,,1.0,,,,,,,,2.0,,,,,,,1.0,,,,,,,
202307,Bringelly (Maryland),,,,2.0,3.0,,,,,,,,,,,,,,,,,,,,,,,,,,
202307,Camden (Brownlow Hill),,,,1.8,2.8,,,,,,,,,,,,1.0,,,,,,,,,,,,,,
202307,Camden Airport AWS,,,,2.6,3.0,,,,,,,,0.2,,,,3.8,0.2,0.2,,,,,0.2,,0.2,,0.2,,,
202307,Campbelltown (Kentlyn (Georges River Roa,,,,4.0,3.0,,,,,,,,,,,,,,,,,1.0,,,1.0,,,,,,
202307,Campbelltown (Mount Annan),,,,2.6,3.0,,,,,,,,,,0.2,,1.2,0.4,,,,1.0,0.2,,,0.2,,,0.2,,
202307,Canterbury Racecourse AWS,,,,2.4,2.2,,,,,,,,,,,,0.8,0.2,,,,,,11.6,,0.2,,,,,
202307,Centennial Park,,,,3.0,2.2,0.2,,,,,,,,,,0.1,14.3,,,,,,,,,,,,,,
202307,Chatswood Bowling Club,,,,,2.0,,,,,,,,,,,,,,,,,,,2.0,,,,,,,
202307,Collaroy (Long Reef Golf Club),,,,4.4,1.4,,,,,,,,,,,,,,,,,,,24.8,4.8,,,,,,
202307,Colo Heights (Mountain Pines),,,,2.4,2.6,,,,,,,,,,,2.6,6.2,0.4,,,,,,0.6,,,,,,,
202307,Concord (Brays Rd),,,,2.6,1.8,,,,,,,,,,,,0.6,,,,,,,16.4,,,,,0.2,,
202307,Concord Golf Club,,,4.0,1.4,,,,,,,,,,,,,1.2,,,,,,,15.2,,,,,,,
202307,Cooranbong (Avondale),,,,3.0,3.0,,,,,,,,,,1.0,,6.0,,,,,,,14.0,1.0,,,,,1.0,
202307,Cooranbong (Lake Macquarie AWS),,,,3.0,3.6,,,,,,,,,0.2,,0.2,7.2,0.2,,,,,0.2,15.2,1.2,,0.2,0.2,,,
202307,Darkes Forest (Kintyre),,,,4.0,2.0,,,,,,,,,,,,,,,,,,,3.0,,,,,,,
202307,Erskine Park Reservoir,,,,2.0,3.0,,,,,,,,,,,,,,,,,,,,,,,,1.0,,
202307,Faulconbridge (Great Western Hwy),,,,3.0,2.0,,,,,,,,,,,,4.0,,,,,,,,,,,,,,
202307,Faulconbridge (St Georges Crescent),,,,,5.4,,,,,,,,,,,0.8,4.2,0.2,,,,,,,,,,,,,
202307,Gosford AWS,,,,5.0,2.4,0.2,,,,,,,,,,,1.8,0.2,,,,,,,,,,,,,
202307,Holsworthy Aerodrome AWS,,,,4.0,3.2,0.2,,,,,,,,,,,0.2,0.2,,,,0.2,,1.2,,0.2,,,,,
202307,Holsworthy Defence AWS,,,,5.2,3.6,,,,,,,,,,,,0.2,0.2,,,,0.6,,0.6,,0.2,,,0.2,,
202307,Hornsby (Swimming Pool),,,,,,,,,,,,,,,,,,,,,,,,0.2,,,,,,,
202307,Horsley Park Equestrian Centre AWS,,,,2.2,3.8,0.2,,,,,,,,,,,2.4,,0.2,,,,0.2,1.6,,,0.2,,,,
202307,Katoomba (Farnells Rd),,,→,→,6.2,,,,0.6,,,,,,,0.5,→,9.6,,,,,,,,0.6,,,0.7,,
202307,Kurrajong Heights (Bells Line of Road),,,,→,6.4,,,,,,,,,,,→,2.8,,,,,,,0.1,,,,,,,
202307,Lucas Heights (ANSTO),,,,→,7.2,,,,,,,,,,,,0.1,0.2,,,,,,3.0,0.1,,,,,,
202307,Mangrove Mountain AWS,,,,2.4,2.2,,,,,,,,,,,0.2,0.6,,0.2,,,,,5.8,1.4,,,0.2,,,
202307,Marrickville Golf Club,,,,2.0,2.0,,,2.0,,,6.0,,,,,,1.0,,,,,,,25.0,,,,,,,
202307,Menangle Bridge (Nepean River),,,,2.0,4.0,,,,,,,,,,,,,,,,,1.0,,,,,,,,,
202307,Mona Vale Golf Club,,,,,,0.2,,,,,,,0.4,,,,,,,,,,,27.6,0.8,0.2,0.2,,,,
202307,Mount Boyce AWS,,0.2,,3.4,4.2,0.2,0.2,,,,0.2,0.2,,,,,2.6,0.2,0.2,,,,,0.2,,0.4,,,,,
202307,Norah Head AWS,,,,3.4,3.4,,,,,,,,0.2,,,,34.8,0.2,,,0.2,2.2,,20.4,1.8,,0.2,0.2,,,
202307,North Parramatta (Burnside Homes),,,,4.0,2.5,,,,,,,,,,,,1.5,,,,0.5,,,4.5,,,,,0.5,,
202307,North Rocks (Muirfield Golf Club),,,,4.5,2.5,,,,,,,,,,,,,,,,,,,4.5,,,,,,,
202307,North Ryde Golf Club,,,,3.0,1.0,,,,,,,,,,,,1.0,,,,,,,9.0,,,,,,,
202307,Parramatta North (Masons Drive),,,,4.8,2.6,,,,,,,,,,,,1.8,,,,,,,5.2,,,,,0.2,,
202307,Peakhurst Golf Club,,,,2.0,2.0,,,,,,,,,,,,1.0,,,,,,,3.0,,,,1.0,,,
202307,Penrith Lakes AWS,0.2,,,2.0,2.2,0.2,,,,,,,,0.2,,,2.2,0.2,0.2,,,,,0.2,0.2,0.2,,0.2,,,
202307,Prospect Reservoir,,,,2.0,3.0,,,,,,,,,,,,1.0,,,,,1.0,,3.0,,,,,,,
202307,Putty (The Gibba),,,,2.0,3.0,1.0,,,,,,,,,,1.0,9.0,,,,,,,,,,,,,,
202307,Randwick (Randwick St),,,,2.5,2.4,,,,,,,,,,,,10.2,0.2,,,,0.6,,16.8,0.2,,,,,,
202307,Richmond - UWS Hawkesbury,,,,,8.2,,,,,,,,,,,,,,,,,,,3.0,,,,,,,
202307,Richmond RAAF,,,,1.6,3.2,,,,,,,,,,,0.4,1.4,,,,,,,0.6,,,,,,,
202307,Rose Bay (Royal Sydney Golf Club),,,,3.0,2.0,,,,,,,,,,,,7.0,,,,,0.8,,24.4,0.6,0.2,,,,,
202307,Rossmore (South Creek),,,,3.0,2.0,,,,,,,,,,,,1.0,,,,,,,1.0,,,,,,,
202307,Sans Souci (Public School),,,,2.0,3.0,,,,,,,,,,,,7.0,,,,,,,13.0,,,,,,,
202307,Seven Hills  (Radio FM 103.2),,,,2.5,2.5,,,,,,,,,,,,,,,,,,,1.5,,,0.5,,,,
202307,Shanes Park (South Creek Road),,0.2,,1.8,3.4,,,,,,,,,,,,1.2,0.2,,,0.2,,,2.2,,,0.2,,,,
202307,Sydney (Observatory Hill),,,,2.4,2.0,,,,,,,,,,,,2.4,,0.2,,,,,14.0,,,,,,,
202307,Sydney Airport AMO,,,,1.6,2.0,0.2,,,,,,,,,,,7.6,,0.2,,,,,45.0,0.2,,,,,,
202307,Sydney Botanic Gardens,,,,3.0,1.2,,,,,,,,,,,,17.0,0.4,,,,,,,,,,,,,
202307,Sydney Olympic Park AWS (Archery Centre),,,,1.4,1.6,0.2,,,,,,,,,,,1.2,,,,,,,6.8,,,,,0.2,,
202307,Terrey Hills AWS,,,,2.4,1.2,,,,,,,,,,,,0.6,0.2,,,,,,27.2,,0.4,,,,,
202307,Wahroonga (Ada Avenue),,0.4,,3.6,2.2,0.2,,,,,,,,,,,0.2,0.2,,,,,,7.2,0.2,0.2,,,,,
202307,Warragamba,,,,2.0,3.0,,,,,,,,,,,,3.0,,1.0,,,,,,,,,,,,
202307,Wedderburn (Booalbyn),,,,5.0,2.0,,,,,,,,,,,,1.0,,,,,1.0,,,,1.0,,,,,
202307,Wyong (Kulnura (Jeavons)),,,,3.0,2.0,,,,,,,,,,,,1.0,,,,,,,3.0,2.0,,,,,,
202307,Yarramalong (Lewensbrook),,,,4.0,3.0,,,,,,,,,,,,1.0,,,,,,,4.8,,,,,,,
202307,"Most values are the precipitation in the 24 hoursto9 am on the day indicated.
Days marked with → are part of a longer accumulation, which is shown on the final day.Values over  100  mm have been rounded to the nearest whole millimetre.Days marked with - have a rainfall report of zero; 
days left blank have no rainfall report (which often indicates no rain fell).",,,,,,,,,,,,,,,,,,,,,,,,,,,,,,,
202307,Rainfalls colouredaccording to the amount,0,1.0,5.0,10.0,15.0,25.0,50.0,100,150,200,300,400,600,millimetres,,,,,,,,,,,,,,,,,
202308,Abbotsbury (Fairfield (City Farm)),,,25.0,,,1.0,,2.0,,,,,,12.0,3.0,,,6.0,,,,,,2.0,,,,1.0,6.0,,27.0
202308,Abbotsford (Blackwall Point Rd),,0.1,,,,5.8,0.1,2.0,0.1,,,,0.1,13.6,1.8,0.8,,7.4,0.1,,,,1.8,0.6,,,,,0.2,,9.0
202308,Audley  (Royal National Park),,,,,,32.0,,7.0,,,,,,15.0,2.0,2.0,,3.0,,,,,2.0,1.0,,,,,,,10.0
202308,Badgerys Creek AWS,,,,0.2,,5.2,0.2,,,0.2,,,,17.6,3.2,,0.4,3.0,,,,,0.8,0.2,0.2,,0.2,,1.4,0.2,11.2
202308,Bankstown Airport AWS,,0.2,,,0.2,4.6,,,,0.2,,,,14.2,1.0,,,6.0,0.2,,,,2.4,0.2,,,,0.2,6.8,0.2,16.4
202308,Baulkham Hills Eucalyptus Ct,,,,,,2.0,,0.5,,,,,,11.0,9.5,,,7.5,,,,,3.0,1.0,,,,,,0.5,11.5
202308,Belrose (Evelyn Place),,,,,,36.6,0.2,1.4,,,,,0.2,11.8,8.2,3.2,,9.0,,,,,0.2,,,,,,,,11.4
202308,Bilpin Post Office,,0.4,0.2,,,,21.0,0.2,,,,,,19.0,,2.0,,7.8,,,,,0.2,0.6,,,,,0.2,,3.2
202308,Blackheath (Wombat Street),,1.0,1.0,,,1.0,,,1.0,,,,,17.0,10.0,,,10.0,,,,,,,,,,,13.0,,3.0
202308,Bringelly (Maryland),,,,,,2.0,,,,,,,,16.0,1.0,1.0,,2.0,,,,,1.0,,,,,,1.0,,7.0
202308,Camden (Brownlow Hill),,0.4,,,,2.0,,,,,,,,14.2,2.2,1.0,,2.6,,,,,1.8,,,,,,,,1.4
202308,Camden Airport AWS,,,,0.2,,1.8,,0.4,0.2,,,,,14.8,1.8,1.0,0.2,2.8,,,,,2.0,,0.2,,,0.2,9.8,,3.2
202308,Campbelltown (Kentlyn (Georges River Roa,,,,,,8.0,,1.0,,,,,,14.0,3.0,,,2.0,,,,,3.0,,,,,,5.0,,7.0
202308,Campbelltown (Mount Annan),,,,,,1.4,,6.4,,0.2,,,,13.2,2.6,5.6,0.2,3.4,,,,,1.2,0.4,,,0.2,,13.6,0.2,10.0
202308,Canterbury Racecourse AWS,,,,,,9.8,,4.6,0.2,,,,,15.6,3.0,0.6,,7.6,,,,,2.0,1.4,,,,,0.2,,8.4
202308,Centennial Park,,,,,,8.0,0.6,,,,,,,,,,,,,,,,,,,,,,,,
202308,Chatswood Bowling Club,,,,,,,,1.0,,,,,,,,,,3.0,,,,,1.0,,,,,,,,5.0
202308,Collaroy (Long Reef Golf Club),,,,,,32.1,13.2,3.8,,,,,,11.2,6.4,8.2,,7.2,,,,,,,,,,,,,
202308,Colo Heights (Mountain Pines),,0.8,,,,2.2,,,,,,,,15.0,21.4,1.8,,9.2,,,,,1.4,,,,,,,,10.2
202308,Concord (Brays Rd),,,,,,9.0,,3.4,,,,,,15.6,1.4,1.6,,3.2,,,,,,0.6,,,,,0.2,,9.0
202308,Concord Golf Club,,0.4,,,,8.2,,5.4,,,,,0.2,15.0,,,,7.4,,,,,3.0,3.2,,,,,1.4,,
202308,Cooranbong (Avondale),,1.0,,,,24.0,,1.0,,,,,,9.0,8.0,1.0,,5.0,,,,,,,,,,,1.0,,4.0
202308,Cooranbong (Lake Macquarie AWS),0.2,1.0,0.2,,,27.6,0.4,,0.2,0.2,,,,10.2,9.6,,0.2,5.8,,,,,,0.2,,,0.2,,,0.2,5.4
202308,Darkes Forest (Kintyre),,1.0,1.0,,,35.0,,,1.0,,,,,13.0,2.0,1.0,,3.0,,,,,8.0,2.0,,,,,1.0,,8.0
202308,Erskine Park Reservoir,,,,,,2.0,,2.0,,,,,,12.0,7.0,,,6.0,,,,,,,,,,,7.0,,11.0
202308,Faulconbridge (Great Western Hwy),,,,,,18.0,,,,,,,,18.0,11.0,,,6.0,,,,,,1.0,,,,,,,5.0
202308,Faulconbridge (St Georges Crescent),,0.4,,,,26.0,0.2,,,,,,,18.4,11.0,,,5.0,,,,,0.2,,,,,,0.8,,3.2
202308,Gears (Wyong River),,,,,,,,,,,,,,,,,,1.5,,,,,,,,,,,,,
202308,Gosford AWS,,,,,,,,,,,,,,13.6,8.0,0.8,0.2,4.2,,,,,,,,,,,,,7.0
202308,Holsworthy Aerodrome AWS,,,,,,7.4,,1.8,0.2,,,,,12.8,1.0,0.2,,3.6,,,,,2.2,0.4,0.2,,,,0.6,,11.2
202308,Holsworthy Defence AWS,,0.4,,0.2,,16.2,,0.2,,,,,,14.6,2.2,0.2,0.2,2.6,,,,,3.2,1.2,,,0.2,,4.2,,7.0
202308,Hornsby (Swimming Pool),,,,,,,,1.2,,,,,,,3.6,,,0.2,,,,,0.2,,,,,,,,
202308,Horsley Park Equestrian Centre AWS,,,,,,2.2,,0.4,,,,,,14.8,4.2,,,6.2,,,,,0.8,1.0,0.2,,,,12.8,0.2,24.0
202308,Katoomba (Farnells Rd),→,0.8,0.3,,,,,,,,,,0.4,15.4,15.8,1.0,,4.4,,0.4,,,0.6,,,,,,12.4,,5.8
202308,Kurrajong Heights (Bells Line of Road),,0.6,,,,4.4,,,,,,,,18.2,13.8,,,10.8,,,,,0.5,0.2,,,,,,,3.8
202308,Lucas Heights (ANSTO),,0.6,0.1,,,22.2,0.1,0.8,,,,,0.2,13.6,3.4,,,2.8,,,,,5.4,0.8,,,,,1.0,→,7.8
202308,Mangrove Mountain AWS,,0.6,0.2,,,7.6,2.6,1.0,,,,,,11.6,10.4,,0.2,4.4,,,,,,,,,,,,,4.4
202308,Marrickville Golf Club,,,,,,15.0,,8.0,,,,,,16.0,4.0,,,6.0,,,,,,,,,,,,,
202308,Menangle Bridge (Nepean River),,,,,,1.0,,2.0,,,,,,11.0,3.0,2.0,,3.0,,,,,5.0,,,,,,2.0,,2.0
202308,Mona Vale Golf Club,,0.2,1.0,0.4,,40.8,2.4,3.0,0.8,0.2,,0.2,,,5.8,,0.4,6.4,,,,0.2,0.2,0.6,0.2,0.4,0.2,0.4,,0.2,6.8
202308,Mount Boyce AWS,,1.6,0.4,0.2,,1.0,0.2,,,0.2,,,0.2,17.2,10.8,0.2,,8.0,0.2,,,,,,,,,,10.4,,3.0
202308,Mount Wilson (Clarine),,1.0,,,1.0,3.0,1.0,,,,,,20.0,4.0,7.6,,,6.0,,,,,,,,,,,5.0,,4.6
202308,Norah Head AWS,,1.0,0.2,0.2,,14.4,1.4,,,,,,,14.0,13.0,0.4,0.2,4.4,,,,0.2,4.0,3.2,,,,,0.2,,5.0
202308,North Parramatta (Burnside Homes),,,,,,2.0,,1.5,0.5,,,,,11.5,8.5,,,7.0,,,,,2.0,1.0,,,,,,0.5,7.5
202308,North Rocks (Muirfield Golf Club),,,,,,3.0,,1.5,,,,,,11.5,9.5,,,7.0,,,,,1.5,0.5,,,,,,,10.0
202308,North Ryde Golf Club,,,,,,5.0,,1.0,,,,,,12.0,4.0,1.0,,8.0,,,,,2.0,,,,1.0,,,,11.0
202308,Parramatta North (Masons Drive),,,,,,2.4,,2.0,,,,,0.2,12.2,8.4,,,7.8,,,,,2.8,1.2,,,,,0.2,,8.0
202308,Peakhurst Golf Club,,,,,,20.0,,2.0,,,,,,13.0,2.0,,,6.0,,,,,3.0,1.0,,,,,,,8.0
202308,Penrith Lakes AWS,,,,,0.2,4.0,,0.8,,0.2,,,,15.4,7.2,,0.2,6.8,0.2,,,,,,,,,,0.8,,5.0
202308,Prospect Reservoir,,,,,,2.0,,1.0,,,,,,14.0,7.0,,,7.0,,,,,1.0,1.0,,1.0,,,2.0,,7.0
202308,Putty (The Gibba),,,,,,,,,,,,,,7.0,5.0,,,7.0,,,,,,,,,,,,,7.0
202308,Randwick (Randwick St),,,,,,5.0,1.0,14.2,1.2,,,,0.2,15.6,2.6,15.4,,8.8,,,,,1.8,1.2,,,,,0.4,,13.8
202308,Richmond RAAF,,,0.4,,,1.0,,,,,,,,13.8,7.6,,0.2,7.8,,,,,0.6,0.2,0.2,,,,,,5.0
202308,Rose Bay (Royal Sydney Golf Club),,,,,,4.8,1.8,13.2,,,,,0.2,14.4,4.6,33.0,,9.0,,,,,2.0,0.6,,,,,0.2,,23.4
202308,Rossmore (South Creek),,,,,,2.0,,,,,,,,15.0,2.0,1.0,,3.0,,,,,1.0,,1.0,,,,5.0,,8.0
202308,Sans Souci (Public School),,,,,,3.0,,9.0,,,,,,15.0,2.0,9.0,,6.0,,,,,4.0,,,,,,,,4.0
202308,Seven Hills  (Radio FM 103.2),,,,,,4.0,,1.5,,,,,,11.0,7.0,,,6.5,,,,,1.0,1.0,,,,,1.5,,6.0
202308,Shanes Park (South Creek Road),,,,,,2.4,,0.2,,,,,,12.6,6.4,0.2,,7.2,,,,,0.4,,,,,,0.6,0.2,6.4
202308,Sydney (Observatory Hill),,,,,,16.6,,8.2,,,,,,15.6,3.0,12.6,,9.2,0.2,,,,1.0,0.8,,,,,,,9.4
202308,Sydney Airport AMO,,,,,,5.0,0.4,11.4,,,,,,16.2,3.0,5.4,,7.2,0.2,,,,1.4,2.0,,,,,,,8.8
202308,Sydney Botanic Gardens,,,,,,10.2,0.2,6.8,,,,,0.2,14.6,3.4,17.2,0.4,9.0,0.2,,,,1.2,1.0,,,,,,,9.2
202308,Sydney Olympic Park AWS (Archery Centre),,,,,,3.0,,3.4,0.2,,,,,7.6,2.2,,0.2,4.8,,,,,1.2,1.0,0.2,,,,0.2,0.2,6.6
202308,Terrey Hills AWS,,,0.6,,,75.8,0.2,3.8,0.2,,,,,11.2,7.8,0.6,,6.2,,,,,,,,0.2,,,,,10.2
202308,Wahroonga (Ada Avenue),,,0.6,,,3.4,,3.2,,,,,,12.4,10.6,0.2,0.2,11.2,,,,,1.6,0.4,,0.2,0.2,,0.2,,16.0
202308,Warragamba,,,,,,9.0,,,,,,,,17.0,5.0,,,2.0,,,,,,,,,,,1.0,,1.0
202308,Wedderburn (Booalbyn),,,1.0,,,,,,,,,,,13.0,1.0,1.0,,4.0,,,,,6.0,2.0,,,,,2.0,,4.0
202308,Wyong (Kulnura (Jeavons)),,,,,,4.0,1.0,,,,,,1.0,10.0,11.0,,,4.0,,,,,,,,,,,,,5.0
202308,Yarramalong (Lewensbrook),,1.6,,,,14.0,,1.4,,,,,,11.4,12.0,,,5.0,,,,,,,,,,,,,5.4
202308,"Most values are the precipitation in the 24 hoursto9 am on the day indicated.
Days marked with → are part of a longer accumulation, which is shown on the final day.Values over  100  mm have been rounded to the nearest whole millimetre.Days marked with - have a rainfall report of zero; 
days left blank have no rainfall report (which often indicates no rain fell).",,,,,,,,,,,,,,,,,,,,,,,,,,,,,,,
202308,Rainfalls colouredaccording to the amount,0,1.0,5.0,10.0,15.0,25.0,50.0,100,150,200,300,400,600,millimetres,,,,,,,,,,,,,,,,,
202309,Abbotsbury (Fairfield (City Farm)),,,,,,,,3.0,2.0,2.0,,,5.0,4.0,5.0,1.0,,5.0,,,,,,,,,,13.0,,,
202309,Abbotsford (Blackwall Point Rd),,,,,,,,4.7,1.6,,,,,,,,,,,,,8.0,0.4,,,,0.8,17.0,,,
202309,Audley  (Royal National Park),,1.0,,,,,,3.0,3.0,,,,,,,,,,,,,12.0,,,,,6.0,9.0,1.0,,
202309,Badgerys Creek AWS,0.2,,,,0.2,,,2.8,0.8,,,,,,,,,,,,,0.4,,,,,,,,,
202309,Bankstown Airport AWS,0.2,,,,,0.2,,5.2,4.6,,,,,,,,,,,,,0.4,,,,,1.6,35.2,,,
202309,Baulkham Hills Eucalyptus Ct,0.5,,,,,,,3.5,3.5,,,,,,,,,,,,,,,,,,,32.0,,,
202309,Belrose (Evelyn Place),0.4,,,,,,,6.8,3.0,,,,,,,,,,,,,6.4,,1.2,→,,0.6,9.2,,,
202309,Blackheath (Wombat Street),,,,,,,,7.0,1.0,,,,,,,,,,,,,1.0,,,,,3.0,1.0,1.0,,
202309,Bringelly (Maryland),,,,,,,,3.0,2.0,,,,,,,,,,,,,,,,,,,21.0,,,
202309,Camden (Brownlow Hill),,,,,,,,2.4,0.2,,,,,,,,,,,,,0.4,,,,,0.4,8.8,,,
202309,Camden Airport AWS,,,,,,,,1.4,1.4,,,,,,,,,,,,,0.6,,,,,0.8,12.8,,,
202309,Campbelltown (Kentlyn (Georges River Roa,,,,,,,,4.0,3.0,,,,,,,,,,,,,,,,,,4.0,13.0,,,
202309,Campbelltown (Mount Annan),,0.2,,,,,,3.6,1.8,,,,,,,,,,,,,,,0.2,,,3.0,18.2,,0.2,
202309,Canterbury Racecourse AWS,,,,,,,,3.2,2.8,,,,,,,,,,,,,10.0,,,,,2.0,21.8,,,
202309,Chatswood Bowling Club,,,,,,,,4.0,,,,,,,,,,,,,,5.0,2.0,,,,,9.0,,1.0,
202309,Collaroy (Long Reef Golf Club),0.8,,,,,,,2.6,2.2,,,,,,,,,,,,,4.6,,,,,0.6,0.2,,,
202309,Colo Heights (Mountain Pines),,,,,,,,4.8,1.2,,,,,,,,,,,,,1.8,,,,,1.4,1.4,,,
202309,Concord (Brays Rd),,,,,,,,4.6,2.4,,,,,,,,,,,,,6.0,0.2,,,,0.4,13.0,,,
202309,Concord Golf Club,,,,,,,,4.2,2.4,,,,,,,,,,,,,6.2,,,,,1.4,,,,
202309,Cooranbong (Avondale),,,,1.0,1.0,,,3.0,2.0,,,,,,,,,,,,,3.0,,,,,1.0,22.0,1.0,,
202309,Cooranbong (Lake Macquarie AWS),0.2,,0.2,,1.2,,,4.2,2.0,,,,0.2,0.2,,,,,,,,4.2,0.2,,,,0.4,25.0,0.2,,
202309,Darkes Forest (Kintyre),,,,,,,,5.0,2.0,,,,,,,,,,,,,4.0,,,,,6.0,14.0,,,
202309,Erskine Park Reservoir,,,,,,,,2.0,2.0,,,,,,,,,,,,,,,,,,,5.0,,,
202309,Faulconbridge (Great Western Hwy),,,,,,,,2.0,,,,,,,,,,,,,,6.0,,,,,2.0,7.0,,,
202309,Faulconbridge (St Georges Crescent),,,,,0.4,,,2.6,,,,,,,,,,,,,,,,,,,,,,,
202309,Gosford AWS,0.2,0.2,,,,,,1.6,4.4,,,,,,,,,,,,,4.2,0.2,,,,4.8,1.0,,0.2,
202309,Holsworthy Aerodrome AWS,0.2,,,,,,,2.4,3.0,,,,,,,,,,,,,0.2,,,,,0.6,24.0,0.2,,
202309,Holsworthy Defence AWS,,,,,,0.2,,4.4,2.6,0.2,,,,,,,,,,,,,0.2,,,,3.8,25.2,,0.2,
202309,Hornsby (Swimming Pool),,,,,,,,0.2,,,,,,,,,,,,,,0.2,,,,,0.2,4.2,,,
202309,Horsley Park Equestrian Centre AWS,,,,,,,,3.2,2.2,,,,,,,,,,,,,,,,,,,8.4,0.2,,
202309,Katoomba (Farnells Rd),,,,,,0.2,,4.6,0.2,,,,,,,,,,,,,2.6,,,,,0.2,2.6,,,
202309,Kurrajong Heights (Bells Line of Road),,,,,,,,→,→,→,→,→,→,→,6.4,,,,,,,2.2,,,,,→,3.4,,,
202309,Lucas Heights (ANSTO),,,,,0.2,,,2.0,2.6,,,,,,,,,,,,,1.4,,,,,3.6,27.2,,,
202309,Macquarie Park (Willandra Village),0.2,,,,,,,5.2,1.8,,,,,,,,,,,,,,,,,,,,,,
202309,Mangrove Mountain AWS,,,,,,,,1.8,1.8,,,,,,,,,,,,,0.2,0.4,,,,3.4,1.0,,,
202309,Menangle Bridge (Nepean River),,,,,,,,3.0,1.0,,,,,,,,,,,,,,,,,,3.0,8.0,,,
202309,Mona Vale Golf Club,,,,,0.2,,,4.4,2.2,,,,0.2,0.4,0.2,,,,,,,5.2,,,,,0.8,2.4,,0.6,
202309,Mount Boyce AWS,,0.2,,,,,,6.2,0.6,,,,,,,,,,,,,0.8,0.2,,,,1.8,,0.6,,
202309,Norah Head AWS,0.2,4.2,,,0.2,,,1.6,3.4,0.2,,,,0.2,,0.2,,,0.2,,,,0.8,,,,2.2,0.8,0.2,0.4,
202309,North Parramatta (Burnside Homes),,,,,,,,3.0,2.0,,,,,,,,,,,,,0.5,,,,,0.5,54.5,,,
202309,North Rocks (Muirfield Golf Club),,,,,,,,3.5,2.5,,,,,,,,,,,,,0.5,,,,,0.5,33.5,,,
202309,North Ryde Golf Club,,,,,,,,5.0,1.0,,,,,,,,,,,,,5.0,,,,,,11.0,1.0,,
202309,Parramatta North (Masons Drive),,,,,,,→,3.2,,,,,,,,,,,,,,0.6,,,,,1.0,32.6,,,
202309,Peakhurst Golf Club,,,,,,,,3.0,3.0,,,,,,,,,,,,,7.0,,,,,,34.0,,,
202309,Penrith Lakes AWS,,,,,,0.2,,1.8,0.2,,,,,,,,,,,,,0.4,,,,,,4.2,0.2,,
202309,Prospect Reservoir,,,,,,,,6.0,3.0,,,,,,,,,,,,,,,,,,,16.0,,,
202309,Putty (The Gibba),,,,,,,,4.0,,,,,,,,,,,,,,,,,,,1.0,,,,
202309,Randwick (Randwick St),1.0,1.0,0.2,,,,,5.2,2.8,,,,,,,,,,,,,8.8,1.0,,,,1.0,5.4,,0.1,
202309,Richmond RAAF,,,,,,,,2.0,0.4,,,,,,,,,,,,,0.6,,,,,2.8,2.0,0.4,0.2,
202309,Rose Bay (Royal Sydney Golf Club),2.4,0.8,,,,,,7.0,2.0,,,,,,,,,,,,,6.2,,,,,0.8,,,,
202309,Rossmore (South Creek),,,,,,,,3.0,1.0,,,,,,,,,,,,,,,,,,1.0,12.0,,,
202309,Sans Souci (Public School),,,,,,,,2.0,2.0,,,,,,,,,,,,,11.0,3.0,,,,3.0,1.0,,,
202309,Seven Hills  (Radio FM 103.2),,,,,,,,2.5,3.5,,,,,,,,,,,,,,,,,,0.5,21.5,,,
202309,Shanes Park (South Creek Road),0.2,,,,,,,3.2,1.0,,,,,,,,,,,,,0.4,,,,,0.2,12.0,,,
202309,Sydney (Observatory Hill),0.4,0.4,0.2,,,,,5.0,2.8,,,,,,,,,,,,,9.4,1.6,,,,1.4,9.8,,,
202309,Sydney Airport AMO,0.6,0.4,,,,,,2.6,2.4,,,,,,,,,,,,,13.2,0.6,,,,1.2,6.4,,,
202309,Sydney Botanic Gardens,,0.9,,,,,,4.0,4.4,,,,,,,,,,,,,8.0,2.2,0.2,,,,,,,
202309,Sydney Olympic Park AWS (Archery Centre),,,,,,,,1.6,1.6,,,,,,,,,,,,,2.0,0.2,,,,0.4,21.8,0.2,,
202309,Terrey Hills AWS,0.2,,,,,,,4.0,3.4,,,,,,,,,,,,,5.2,0.8,,,,0.6,10.4,0.2,0.2,
202309,Wahroonga (Ada Avenue),,,,,0.2,,,6.2,2.4,,,,,,,,,,,,,3.6,0.6,,,,0.4,6.0,0.2,0.2,
202309,Warragamba,,,,,,,,1.0,1.0,,,,,,,,,,,,,1.0,,,,,,7.0,,,
202309,Wedderburn (Booalbyn),,,,,,,,4.0,2.0,,,,,,,,,,,,,,,,,,10.0,4.0,,,
202309,Wyong (Kulnura (Jeavons)),,,,,,,,2.0,1.0,,,,,,,,,,,,,1.0,,,,,,4.0,,,
202309,Yarramalong (Lewensbrook),,,,,,,,,,,,,,,,,,,,,,,,,,,,12.0,,,
202309,"Most values are the precipitation in the 24 hoursto9 am on the day indicated.
Days marked with → are part of a longer accumulation, which is shown on the final day.Values over  100  mm have been rounded to the nearest whole millimetre.Days marked with - have a rainfall report of zero; 
days left blank have no rainfall report (which often indicates no rain fell).",,,,,,,,,,,,,,,,,,,,,,,,,,,,,,,
202309,Rainfalls colouredaccording to the amount,0,1.0,5.0,10.0,15.0,25.0,50.0,100,150,200,300,400,600,millimetres,,,,,,,,,,,,,,,,,
202310,Abbotsbury (Fairfield (City Farm)),,2.0,,,12.0,,1.0,,,,,,1.0,,,,1.0,2.0,,,,3.0,,,,,2.0,,,,
202310,Abbotsford (Blackwall Point Rd),,,,,7.0,,1.2,,,,,,1.2,0.2,,,2.0,6.0,0.5,,0.1,,,,,0.3,10.0,→,→,3.0,
202310,Audley  (Royal National Park),,,,,11.0,,1.0,,,,,,4.0,,,,1.0,8.0,,,,,,,,2.0,4.0,6.0,,,
202310,Badgerys Creek AWS,,,,,15.4,,3.2,,,,,,0.8,0.2,,,0.2,1.0,,,,,,,,,1.6,0.8,,,
202310,Bankstown Airport AWS,,,,,10.0,,0.2,,,,,,2.0,,,,3.2,4.4,,,,,,,,,3.6,1.6,,,
202310,Baulkham Hills Eucalyptus Ct,,,,,12.0,,,,,,,,,,,,3.0,3.5,,0.5,,,,,,,4.0,0.5,,,
202310,Belrose (Evelyn Place),,,,,9.0,,0.8,,,,,,2.0,,,,2.0,6.2,0.4,,,,,,,3.4,6.8,7.8,,,
202310,Bilpin Post Office,,,,7.0,16.2,,4.8,,,,1.2,,0.2,,,,0.4,4.4,1.2,,,,,,,0.2,5.4,3.0,,,
202310,Blackheath (Wombat Street),,,,,26.0,,2.0,,,,,,1.0,,,,3.0,3.0,,,,,,,,,10.0,3.0,,,
202310,Bringelly (Maryland),,,,,14.0,,2.0,,,,,,2.0,,,,,,,,,,,,,,1.0,,,,
202310,Camden (Brownlow Hill),,,,,15.6,,0.6,,,,,,1.2,,,,0.6,,,,,,,,,,1.2,,,,
202310,Camden Airport AWS,,,,,16.2,,,,,,,,1.0,,,,0.4,,,,,,,,,,1.2,0.2,,,
202310,Campbelltown (Kentlyn (Georges River Roa,,,,,13.0,,,,,,,,1.0,,,,3.0,3.0,,,,,,,,,,1.0,,,
202310,Campbelltown (Mount Annan),,,,,15.0,,,,,,,,1.8,,,,1.4,1.6,,,,,,,,,1.8,0.2,,,
202310,Canterbury Racecourse AWS,,,,,4.2,1.4,0.6,,,,,,2.4,,,,1.2,3.6,1.4,,,,,,,0.4,2.0,5.4,,,
202310,Centennial Park,,,,,8.2,,2.2,0.1,,,,,1.6,,,,1.5,5.2,,,,,,,,,,,,,
202310,Chatswood Bowling Club,,,,,9.0,,1.0,,,,,,1.0,,,,1.0,2.0,,,,,,,,1.0,10.0,13.0,,,
202310,Collaroy (Long Reef Golf Club),,,,,10.4,,4.4,,,,,2.0,,,,,0.4,1.8,,,,,,,,5.4,4.2,5.8,,,
202310,Colo Heights (Mountain Pines),,0.4,,,16.4,,1.8,,,,,,,,,,,1.6,,,,,,,,1.4,1.2,2.8,,,
202310,Concord (Brays Rd),,,,,8.8,,0.4,,,,,,0.8,,,,1.4,5.0,,,,,,,,,6.8,1.4,,,
202310,Concord Golf Club,,,,,9.6,,,,,,,,1.6,,,,1.8,6.6,,,,,,,,,7.4,1.8,,,
202310,Cooranbong (Avondale),,,,,9.0,,3.0,,,,,,,,,,,2.0,,,,,,,,3.0,47.0,20.0,,,
202310,Cooranbong (Lake Macquarie AWS),0.2,,,,11.2,,2.2,0.8,,,,,,,,,,3.0,,,,0.2,,,0.2,3.0,48.8,27.0,,0.2,
202310,Darkes Forest (Kintyre),,,,,14.0,,3.0,,,,,,3.0,1.0,,,4.0,13.0,,,,,,,,,2.0,6.0,,,
202310,Erskine Park Reservoir,,,,,12.0,,2.0,,,,,,,,,,,,,,,,,,,,3.0,,,,
202310,Faulconbridge (Great Western Hwy),,,,,13.0,,3.0,,,,,,,,,,1.0,4.0,,,,,,,,,5.0,,,,
202310,Faulconbridge (St Georges Crescent),,,,1.0,14.6,1.8,2.8,0.4,0.8,,,,0.4,,,,1.8,3.8,0.2,,,,,,,,6.4,0.4,,,
202310,Gosford AWS,,,,,10.0,,6.4,,0.2,,,,1.2,,,,,1.6,,,,,,,,5.8,11.4,22.2,,,
202310,Holsworthy Aerodrome AWS,,,,,12.0,,,,,,,,3.2,,,,1.4,2.8,,,,,,,,,,0.8,,,
202310,Holsworthy Defence AWS,,,,,13.0,,0.4,,,,,,2.4,,,,3.6,4.6,0.2,,,,,,,,1.2,1.4,0.2,,
202310,Hornsby (Swimming Pool),,,,,4.0,,0.8,,,,,,,,,,,2.0,,,,,,,,,,0.8,,,
202310,Horsley Park Equestrian Centre AWS,,,,,12.6,,2.4,,,,,,0.8,,,,0.8,2.2,,,,,,,,,3.6,0.6,,,
202310,Katoomba (Farnells Rd),,,,,24.8,,2.8,0.2,,,,,2.4,,,,1.8,3.0,0.3,,,,,,,,9.8,6.0,,,
202310,Kurrajong Heights (Bells Line of Road),,0.2,,,17.2,,4.2,,,,,,,,,,,1.9,0.5,,,,,,,4.5,3.5,3.2,,,
202310,Lucas Heights (ANSTO),,,,,10.6,,0.6,,,,,,4.0,,,,2.4,5.4,,,,,,,,,2.0,3.4,,,
202310,Mangrove Mountain AWS,,,,,15.0,,1.0,,,,,,0.2,,,,0.2,4.8,,,,,,,,1.2,15.0,13.6,,,
202310,Marrickville Golf Club,,,,,,,,,,,,,2.0,,,,2.0,7.0,,,,,,,,1.0,7.0,4.0,,,
202310,Menangle Bridge (Nepean River),,,,,14.0,,,,,,,,,,,,3.0,1.0,,,,,,,,,2.0,,,,
202310,Mona Vale Golf Club,0.2,,0.4,,11.4,,,,,0.2,,0.2,0.8,,,,0.8,1.2,,,0.2,0.2,,,0.4,11.6,9.2,12.0,,,
202310,Mount Boyce AWS,,,,,20.6,0.2,2.0,,,,,,0.6,0.2,,,1.0,3.8,0.6,,,,,,,,10.0,3.0,,,
202310,Norah Head AWS,,,,,7.6,,6.2,0.2,,,1.2,0.2,0.8,,,,0.2,1.0,,,,0.2,,,0.4,10.6,20.2,12.8,,,
202310,North Parramatta (Burnside Homes),,,,,11.5,,,,,,,,,,,,1.5,3.5,,,,,,,,,3.5,,,,
202310,North Rocks (Muirfield Golf Club),,,,,11.0,,0.5,,,,,,,,,,2.0,3.5,,,,,,,,,4.0,,,,
202310,North Ryde Golf Club,,,,,7.0,,,,,,,,1.0,,,,1.0,4.0,,,,,,,,1.0,8.0,,,,
202310,Parramatta North (Masons Drive),,,,,11.6,,0.2,,,,,,0.2,,,,0.8,2.8,0.2,,,,,,,,3.0,0.2,,,
202310,Peakhurst Golf Club,,,,,8.0,,,,,,,,2.0,,,,,6.0,,,,,,,,,5.0,3.0,,,
202310,Penrith Lakes AWS,,,,,11.0,,0.8,,,,,,,,,,0.4,0.4,0.2,,,,,,,,2.4,0.4,,,
202310,Prospect Reservoir,,,,,10.0,,2.0,,,,,,,,,,1.0,2.0,1.0,,,,,,,,5.0,1.0,,,
202310,Putty (The Gibba),,,,,18.0,,,,,,,,,,,,,2.0,,,,,,,,,2.0,,,,
202310,Randwick (Randwick St),,,,,8.2,,2.8,,,,,,1.6,,,,1.4,6.2,,,,,,,,4.4,9.0,2.8,,,
202310,Richmond - UWS Hawkesbury,,,,,9.4,,,,,,,,,,,,,,,,,,,,,,4.0,,,,
202310,Richmond RAAF,,,,,11.6,,2.4,0.2,,,,,,,,,,0.6,,,,,,,,,1.4,2.0,,,
202310,Rose Bay (Royal Sydney Golf Club),,,,,8.6,,3.0,,,,,,2.2,,,,1.0,6.0,,,,,,,,3.8,7.0,8.6,,,
202310,Rossmore (South Creek),,,,,13.0,,,,,,,,1.0,,,,1.0,2.0,,,,,,,,,1.0,1.0,,,
202310,Sans Souci (Public School),,,,,9.0,,,,,,,,2.0,,,,,3.0,,,,,,,,,6.0,1.0,,,
202310,Seven Hills  (Radio FM 103.2),,,,,10.5,,2.0,,,,,,,,,,2.0,0.5,0.5,,,,,,,,3.0,1.0,,,
202310,Shanes Park (South Creek Road),,,,,11.0,0.2,1.0,,,,,,,,,,0.2,1.4,,,,,,,,,3.0,0.2,,,
202310,Sydney (Observatory Hill),,,,,8.2,0.2,1.8,,,,,,2.4,,,,0.4,,2.6,,,,,,,3.2,14.0,2.4,,,
202310,Sydney Airport AMO,,,,,9.2,,2.2,,,,,,2.6,,,,1.4,6.2,,,,,,,,1.4,7.4,2.6,,,
202310,Sydney Botanic Gardens,,,,,8.2,1.6,,,,,,,3.0,,,,0.6,4.2,0.2,,,,,,,2.8,13.2,4.0,,,
202310,Sydney Olympic Park AWS (Archery Centre),,,,,7.0,0.2,,,,,,,0.8,,,,0.2,2.2,0.2,,,,,,,,3.4,0.2,,,
202310,Terrey Hills AWS,,,,,10.2,,1.0,,,,,,1.2,,,,2.0,7.2,,,,,,,,4.2,9.0,8.8,,,
202310,Wahroonga (Ada Avenue),0.2,,,,8.6,,1.6,,,,,,2.0,,,,2.0,6.6,0.4,,,,,,,,9.6,4.2,,,
202310,Warragamba,,,,,4.0,,1.0,,,,,,,,,,,,,,,,,,,,2.0,,,,
202310,Wedderburn (Booalbyn),,,,,13.0,,,,,,,,2.0,,,,3.0,5.0,,,1.0,,,,,,4.0,1.0,,,
202310,Wyong (Kulnura (Jeavons)),,,,,16.0,,,,,,,,,,,,,1.0,,,,,,,,,13.0,10.0,,,
202310,Wyong (Olney Forest),,,,,,,,,,,,,,,,,,,,,,,,,,,,,,,
202310,"Most values are the precipitation in the 24 hoursto9 am on the day indicated.
Days marked with → are part of a longer accumulation, which is shown on the final day.Values over  100  mm have been rounded to the nearest whole millimetre.Days marked with - have a rainfall report of zero; 
days left blank have no rainfall report (which often indicates no rain fell).",,,,,,,,,,,,,,,,,,,,,,,,,,,,,,,
202310,Rainfalls colouredaccording to the amount,0,1.0,5.0,10.0,15.0,25.0,50.0,100,150,200,300,400,600,millimetres,,,,,,,,,,,,,,,,,
202311,Abbotsbury (Fairfield (City Farm)),,,,2.0,25.0,4.0,,,,4.0,,,,,,,3.0,,,,,,,4.0,7.0,3.0,4.0,,1.0,1.0,
202311,Abbotsford (Blackwall Point Rd),,,0.4,0.1,32.0,3.4,,,,5.7,,,1.2,,0.8,,4.6,,,,5.0,0.2,0.4,12.0,8.4,1.6,0.8,,8.7,13.0,
202311,Audley  (Royal National Park),,,,8.0,76.0,2.0,,,,12.0,,,1.0,,,,16.0,,,,,5.0,,6.0,7.0,2.0,,,15.0,11.0,
202311,Badgerys Creek AWS,,,,,21.2,4.6,0.2,,0.4,5.6,0.2,,,,,,3.6,,,,,,,1.2,8.0,1.4,0.2,,14.8,4.0,
202311,Bankstown Airport AWS,,,,,26.4,1.6,,,0.2,21.6,,,,,,,7.0,,,,1.4,0.2,0.2,1.4,9.0,1.0,6.2,,14.0,8.4,
202311,Baulkham Hills Eucalyptus Ct,,,,,36.5,4.5,,,3.0,7.0,,,,,,,1.5,,,,,,,9.0,7.5,2.5,,1.5,4.0,11.0,
202311,Belrose (Evelyn Place),,,,,33.0,13.0,,,0.2,9.6,,,1.0,,0.2,,8.2,0.2,,,3.6,0.2,0.4,8.8,8.6,4.6,,,19.2,18.4,
202311,Bilpin Post Office,,,,1.0,,69.8,0.2,,,17.4,,,,,,,4.8,,,,,,0.2,10.0,17.2,,17.6,35.0,,17.6,
202311,Blackheath (Wombat Street),,,,1.0,12.0,12.0,,,,20.0,3.0,,,,,,3.0,,,,,,,4.0,29.0,20.0,3.0,,20.0,7.0,
202311,Bringelly (Maryland),,,,,15.0,2.0,,,1.0,14.0,,,,,,,4.0,,,,,,,1.0,8.0,1.0,,,14.0,11.0,
202311,Camden (Brownlow Hill),,,,0.2,24.6,2.8,,,2.2,2.2,,,,,0.2,,11.4,,,,,,,1.2,6.4,2.0,,,36.0,5.4,
202311,Camden Airport AWS,,,,,23.6,2.8,,,1.8,2.6,,,,,0.2,,3.6,,,,,,,2.0,8.8,2.0,,,35.6,7.2,
202311,Campbelltown (Kentlyn (Georges River Roa,,,,1.0,17.0,,,,2.0,15.0,,,,,,,9.0,,,,,1.0,,3.0,9.0,2.0,,,19.0,19.0,
202311,Campbelltown (Mount Annan),,,,,15.2,1.2,,,5.4,8.2,,,,,,0.4,14.8,,,,,0.2,,4.6,7.6,2.4,,,24.6,11.4,
202311,Canterbury Racecourse AWS,,,0.4,0.2,14.2,38.8,,,,8.2,,,0.4,,0.2,,16.8,,,,3.4,0.4,,9.8,8.4,1.0,1.2,,7.8,13.8,
202311,Castlereagh (Castlereagh Road),,,,,15.0,8.6,,,2.0,4.4,,,,,,2.6,,,,,,,0.6,11.4,3.0,,0.4,,,,
202311,Centennial Park,0.8,,,0.1,29.0,2.6,,,,9.8,,,0.4,,1.0,11.2,1.0,,,,,,0.4,7.0,7.0,,,,,,
202311,Chatswood Bowling Club,,,2.0,,25.0,,,,,8.0,,,,,,,10.0,,,,2.0,,,17.0,8.0,2.0,,,15.0,23.0,
202311,Collaroy (Long Reef Golf Club),,,,20.6,19.8,,,,,6.8,,,0.2,,0.4,,5.4,,,,1.2,,0.6,6.2,4.6,2.6,,,10.8,,
202311,Colo Heights (Mountain Pines),,,,3.8,6.8,17.0,,,,28.4,,,,,,,2.0,,,,,,,6.0,12.4,23.8,1.2,,3.4,6.4,
202311,Concord (Brays Rd),,,0.6,,34.4,3.4,,,,4.8,,,,,0.2,,5.4,,,,2.6,,0.2,15.0,8.8,1.2,0.6,,8.8,20.4,
202311,Concord Golf Club,,,0.6,,32.0,4.4,,,,3.4,,,,,0.6,,6.0,,,,2.0,,,,,,,,,,
202311,Cooranbong (Avondale),,,,2.0,2.0,25.0,,1.0,,8.0,,,,1.0,,,21.0,1.0,,,,,,1.0,6.0,2.0,,,2.0,30.0,
202311,Cooranbong (Lake Macquarie AWS),,0.4,,0.2,0.6,29.8,,0.2,,1.2,1.8,0.6,0.2,0.2,,,9.8,3.4,1.8,0.4,,,0.2,0.2,0.2,0.4,0.4,0.2,0.2,0.4,
202311,Darkes Forest (Kintyre),,,,11.0,117,10.0,,,,8.0,1.0,,,,,,18.0,,,,2.0,,1.0,21.0,8.0,1.0,,,30.0,5.0,
202311,Erskine Park Reservoir,,,,2.0,22.0,1.0,,,,5.0,,,,,,,2.0,,,,1.0,,,2.0,1.0,3.0,3.0,,,4.0,
202311,Faulconbridge (Great Western Hwy),,,,,25.0,25.0,,,10.0,4.0,,,,,,,3.0,,,,,,,3.0,8.0,5.0,,,39.0,23.0,
202311,Faulconbridge (St Georges Crescent),,,,0.4,35.2,20.8,,,5.2,,,,,,1.0,,3.2,,,,,,1.2,2.2,9.4,7.8,0.8,,42.6,28.4,
202311,Gosford AWS,,,,,59.0,10.6,,,,14.6,,,1.6,0.2,,,11.4,0.2,,,,,,7.0,9.8,5.6,,,7.0,8.0,
202311,Holsworthy Aerodrome AWS,,,,,20.2,1.2,,,1.6,15.8,,,,,,,4.8,,,,3.6,0.2,0.6,4.0,8.0,1.0,0.8,,11.4,16.4,
202311,Holsworthy Defence AWS,,,,4.2,36.4,0.8,,,2.4,12.8,,,,,,,31.2,,,,0.8,0.2,,6.0,9.8,3.8,,,24.2,12.8,
202311,Hornsby (Swimming Pool),,,0.2,,3.6,,,,0.6,,,,0.6,,0.2,,0.8,,,,0.2,,0.2,13.0,5.8,3.0,0.2,,2.4,,
202311,Horsley Park Equestrian Centre AWS,,,,,35.2,4.0,,,,4.6,0.2,,,,,,3.6,,,,0.6,0.2,,4.0,8.0,2.4,5.4,0.2,6.8,12.6,
202311,Katoomba (Farnells Rd),,,,1.6,26.4,16.2,,,,12.4,12.6,,,,0.7,,6.6,,,,,,1.0,10.8,24.4,16.8,3.2,0.4,16.4,6.9,
202311,Kurrajong Heights (Bells Line of Road),,,,3.2,18.9,41.0,,,21.0,34.0,,,,,,,2.0,,,,,,,3.8,13.0,8.6,,,21.0,12.4,
202311,Lucas Heights (ANSTO),,,,38.2,48.6,0.5,,,1.2,13.0,→,→,0.2,,,,27.2,,,,1.2,2.4,0.2,8.6,8.2,1.2,,,10.4,19.8,
202311,Mangrove Mountain AWS,,,,,16.8,28.6,,,,35.6,0.2,,0.2,,,,6.8,,,,,,,11.6,10.8,9.6,,,6.2,7.8,
202311,Marrickville Golf Club,,,,,66.0,2.0,,,,10.0,,,1.0,,,,19.0,,,,1.0,1.0,,10.0,7.0,1.0,4.0,,7.0,14.0,
202311,Menangle Bridge (Nepean River),,,,,25.0,1.0,,,,14.0,,,,,,,6.0,,,,,,,1.0,6.0,4.0,,,27.0,7.0,
202311,Mona Vale Golf Club,,,,,17.6,4.8,,,,7.8,0.2,,0.6,,,,18.0,,,,2.6,,0.2,9.8,5.6,6.8,,,10.2,11.0,
202311,Mount Boyce AWS,,,,0.6,13.4,12.2,0.2,,,19.8,1.0,,,,0.4,0.2,2.2,,,,,,,4.2,30.8,15.0,,0.2,20.4,7.4,
202311,Mount Wilson (Clarine),,,,2.0,11.0,,,,,28.6,,,,,,,4.8,,,,,,,9.4,21.0,16.0,,,23.0,18.8,
202311,Norah Head AWS,0.2,0.2,,35.6,66.2,12.0,,,,5.8,0.2,,,,,,12.2,0.6,,,,,,1.0,2.6,5.4,,,0.2,18.8,
202311,North Parramatta (Burnside Homes),,,,,34.0,5.5,,,,7.0,,,,,0.5,,4.0,,,,1.0,,,8.5,8.5,1.5,1.0,,9.5,7.5,
202311,North Rocks (Muirfield Golf Club),,,,,44.0,4.0,,,1.0,7.0,,,,,,,10.0,,,,,,,14.0,7.0,2.0,,0.5,9.5,8.5,
202311,North Ryde Golf Club,,,1.0,,34.0,3.0,,,,5.0,,,1.0,,,,2.0,,,,2.0,,,10.0,8.0,2.0,,,11.0,17.0,
202311,Parramatta North (Masons Drive),,,0.2,,32.0,4.6,,,,7.0,,,,,0.2,,3.4,,,,1.0,0.2,0.2,9.2,8.0,1.4,1.8,,8.2,6.6,
202311,Peakhurst Golf Club,,,,1.0,39.0,2.0,,,,18.0,,,,,,,23.0,,,,,1.0,,4.0,8.0,1.0,3.0,,10.0,8.0,
202311,Penrith Lakes AWS,,,,,19.2,11.0,0.2,,6.8,4.4,0.2,,,,0.2,,0.6,,,,,,,1.6,11.2,2.6,0.2,,9.2,2.8,
202311,Prospect Reservoir,,,,,31.0,4.0,,,,4.0,,,,,,,10.0,1.0,,,1.0,1.0,,2.0,9.0,2.0,4.0,,5.0,16.0,
202311,Putty (The Gibba),,,,,4.0,11.0,,,,18.0,,,,,,,3.0,,,,,,,3.0,14.0,17.0,,1.0,4.0,13.0,
202311,Randwick (Randwick St),1.0,,,0.4,36.2,2.2,,,,8.2,,,0.6,,0.8,,15.0,1.8,,,4.2,,0.4,10.0,6.8,1.6,1.6,,10.8,24.0,
202311,Richmond - UWS Hawkesbury,,,,→,→,19.4,,,3.6,6.0,,,,,,,3.6,,,,,,,,→,→,21.0,1.4,4.4,11.4,
202311,Richmond RAAF,,,,,7.4,25.6,,,0.2,9.0,,,,,,,3.0,,,,,,,0.4,13.4,7.2,,,4.4,18.0,
202311,Rose Bay (Royal Sydney Golf Club),3.4,,,,17.0,4.0,,,,9.4,,,1.0,,0.4,,10.0,1.0,,,4.0,,0.6,8.8,5.4,2.0,0.4,,11.4,,
202311,Rossmore (South Creek),,,,,21.0,2.0,,,3.0,8.0,,,,,,,3.0,,,,,1.0,,1.0,9.0,3.0,,,14.0,7.0,
202311,Sans Souci (Public School),,,1.0,3.0,32.0,2.0,,,,10.0,,,,1.0,,,7.0,,,,1.0,3.0,,5.0,7.0,1.0,1.0,,7.0,10.0,
202311,Seven Hills  (Radio FM 103.2),,,,,27.5,3.5,,,,5.5,,,,,,,4.5,,,,,,,4.0,9.0,2.0,1.5,0.5,3.0,16.0,
202311,Shanes Park (South Creek Road),,,,,37.0,5.8,,,1.0,5.6,,,,,0.4,,0.6,0.2,,,,,,2.0,10.2,3.0,,0.2,5.8,8.8,
202311,Sydney (Observatory Hill),,,4.4,,16.8,3.0,0.2,,,10.6,0.2,,0.8,0.2,0.4,,12.6,0.6,,,3.4,,0.8,14.8,6.0,1.8,0.2,,9.4,33.8,
202311,Sydney Airport AMO,,,,1.4,57.0,2.0,,,,12.4,,,0.4,,,,14.6,,,,4.6,0.8,0.2,6.2,5.0,0.6,3.6,0.2,6.8,15.0,
202311,Sydney Botanic Gardens,,,1.0,,18.2,2.2,,,,12.4,,,0.8,,0.4,,24.0,0.9,,,3.6,,1.8,11.0,7.0,1.8,0.4,,12.6,29.2,
202311,Sydney Olympic Park AWS (Archery Centre),,,,,21.0,3.2,,,,3.4,,,,,0.2,,3.0,,,,1.6,,,7.4,,1.0,2.8,,6.2,8.0,
202311,Terrey Hills AWS,,,,,35.4,11.8,,,0.2,18.0,,,1.8,,0.2,,9.2,,,,0.6,,,10.2,10.6,5.8,,,16.6,13.4,
202311,Wahroonga (Ada Avenue),,,,,30.4,19.8,,,0.8,7.2,,,1.6,0.2,0.2,,13.8,,,,0.6,0.2,0.4,16.0,9.6,5.2,,,15.4,32.2,
202311,Warragamba,,,,6.0,30.0,8.0,,,,14.0,,,,,,,3.0,,,,,,,1.0,13.0,1.0,,1.0,43.0,18.0,
202311,Wedderburn (Booalbyn),,,,,40.0,2.0,,,,18.0,,,,,,,15.0,,,,1.0,,,3.0,7.0,2.0,,,32.0,9.0,
202311,Wyong (Kulnura (Jeavons)),,,,3.0,17.0,33.0,,,,10.0,,,,,,,15.0,,,,,,,4.0,13.0,4.0,,,6.0,13.0,
202311,Wyong (Olney Forest),,,,,,,,,,4.0,,,,,,,,,,,,,,,,,,,,,
202311,"Most values are the precipitation in the 24 hoursto9 am on the day indicated.
Days marked with → are part of a longer accumulation, which is shown on the final day.Values over  100  mm have been rounded to the nearest whole millimetre.Days marked with - have a rainfall report of zero; 
days left blank have no rainfall report (which often indicates no rain fell).",,,,,,,,,,,,,,,,,,,,,,,,,,,,,,,
202311,Rainfalls colouredaccording to the amount,0,1.0,5.0,10.0,15.0,25.0,50.0,100,150,200,300,400,600,millimetres,,,,,,,,,,,,,,,,,
202312,Abbotsbury (Fairfield (City Farm)),,1.0,,,,2.0,,,,,,,,1.0,1.0,,,,,20.0,20.0,,,,29.0,,,1.0,,,
202312,Abbotsford (Blackwall Point Rd),1.2,,10.8,0.4,,,,0.1,,0.1,,,,1.0,,,,,,10.0,16.0,0.3,0.6,0.6,60.0,2.0,0.2,10.0,,,6.0
202312,Audley  (Royal National Park),,2.0,16.0,2.0,,,,,,,,,,3.0,,,,,,24.0,9.0,1.0,,1.0,66.0,1.0,,22.0,,,1.0
202312,Badgerys Creek AWS,0.6,1.0,5.0,1.8,,,,,,,,,,8.0,0.2,,,,,29.8,18.4,,,0.6,20.8,1.6,0.6,4.8,0.2,,11.2
202312,Bankstown Airport AWS,,,20.2,0.4,,,,,,,,3.0,,3.2,,,,,,18.4,20.2,,,1.2,23.0,0.4,,8.0,,,4.8
202312,Baulkham Hills Eucalyptus Ct,,,4.0,1.5,,,,,,,,0.5,,2.0,,,,,,15.0,20.0,1.0,,,2.5,0.5,,24.0,,,3.0
202312,Belrose (Evelyn Place),0.6,,0.2,0.8,,,,0.2,0.2,1.0,0.2,,,3.8,,,,,,10.6,24.2,1.6,2.2,2.6,,1.0,2.8,14.6,,2.4,1.8
202312,Blackheath (Wombat Street),2.0,5.0,,1.0,,,,,,,,,,1.0,,,,,,62.0,27.0,1.0,,5.0,7.0,5.0,,18.0,,,13.0
202312,Bringelly (Maryland),,1.0,6.0,,,,,,2.0,,,,,3.0,,,,,,39.0,18.0,,,1.0,6.0,,,10.0,,,4.0
202312,Camden (Brownlow Hill),,3.0,0.2,2.0,,,,0.2,,,,,,4.4,,,,,,31.4,10.2,,,0.4,23.2,,8.2,37.8,,0.2,4.0
202312,Camden Airport AWS,,6.4,5.6,0.4,,,,0.2,,,,,,2.6,,,,,,30.2,11.4,,,1.8,27.4,5.0,2.8,24.6,,,3.8
202312,Campbelltown (Kentlyn (Georges River Roa,,3.0,27.0,,,,,,,,,,,3.0,,,,,,22.0,8.0,,,2.0,30.0,,1.0,6.0,,,1.0
202312,Campbelltown (Mount Annan),0.2,2.8,37.4,0.8,0.2,,,,0.2,,,,,1.8,0.2,,,,,28.8,10.8,,,2.0,38.6,1.8,0.2,5.6,,,1.6
202312,Canterbury Racecourse AWS,,,6.8,0.8,,,,,,,,,,1.0,,,,,,12.4,13.8,0.6,,0.6,43.4,0.8,0.2,6.4,,,7.6
202312,Centennial Park,0.5,,12.6,0.4,0.2,,,,,0.4,,0.4,,3.8,,,,,,6.4,,,,,,,,,,,
202312,Chatswood Bowling Club,4.0,,14.0,1.0,,,,,,1.0,,,,6.0,,,,,,11.0,32.0,1.0,3.0,,24.0,1.0,,14.0,,3.0,5.0
202312,Collaroy (Long Reef Golf Club),0.4,,2.4,,,,,,,4.8,0.2,,,1.0,,,,,,5.8,17.2,2.4,2.2,0.8,10.8,2.8,3.2,13.6,,,
202312,Colo Heights (Mountain Pines),,4.0,3.8,3.4,,,,,,,,,,3.2,,,,,,51.0,26.0,4.0,,2.2,,0.4,1.2,,,,13.8
202312,Concord (Brays Rd),,0.2,8.4,0.2,,,,,,,,,,1.0,,,,,,9.4,20.4,,0.6,1.0,57.0,1.6,0.2,10.0,,,6.8
202312,Concord Golf Club,1.0,,9.8,,,,,,,,,,,1.0,,,,,,10.6,20.0,0.6,0.4,0.4,83.2,1.4,,,,,
202312,Cooranbong (Avondale),,3.0,23.0,,,,,,,4.0,,,,,,,,,,20.0,36.0,2.0,,,25.0,2.0,8.0,1.0,,,8.0
202312,Cooranbong (Lake Macquarie AWS),0.2,3.8,22.6,0.4,,,,,,3.8,,,,,,,,,,20.6,37.0,2.6,,,26.0,2.8,7.2,1.6,,,8.0
202312,Cronulla South Bowling Club,,,,,,,,,,,,,,2.0,,,,,,26.0,11.0,1.0,5.0,2.0,44.0,,,17.0,,,2.0
202312,Darkes Forest (Kintyre),4.0,5.0,9.0,3.0,,,,,,2.0,,3.0,,7.0,,,,,,45.0,7.0,,,1.0,49.0,13.0,1.0,3.0,,,5.0
202312,Erskine Park Reservoir,,,,4.0,,,,,,,,,,9.0,,,,,,4.0,5.0,,,1.0,2.0,,,6.0,,,1.0
202312,Faulconbridge (Great Western Hwy),,2.0,,,,,,,,,,,,3.0,,,,,,56.0,23.0,1.0,,1.0,30.0,2.0,,,,,12.0
202312,Faulconbridge (St Georges Crescent),0.2,2.6,0.4,,,,,,,,,,,6.6,,,,,,49.6,32.8,,,2.0,23.6,3.2,0.4,0.4,0.6,,11.8
202312,Gosford AWS,,2.4,1.0,1.6,,,,,,8.0,,,,,,,,0.4,0.2,7.4,26.8,3.2,1.2,0.4,3.6,1.2,4.6,3.0,,,1.0
202312,Holsworthy Aerodrome AWS,0.6,,25.2,0.2,,,,,,,,,,5.4,,,,,,17.6,10.8,,,1.0,31.4,0.4,,1.4,,,1.0
202312,Holsworthy Defence AWS,,4.2,22.6,0.6,,,,,,,,,,4.0,,,,,,19.6,8.8,,,1.6,34.0,0.6,0.6,11.6,,,0.8
202312,Hornsby (Swimming Pool),,,,0.6,,,,,1.0,4.0,0.4,,,2.0,,,,,,8.0,41.2,1.2,0.4,0.6,0.8,1.0,0.2,,,7.4,0.6
202312,Horsley Park Equestrian Centre AWS,0.4,,15.4,1.8,,,,,0.2,,,,,5.8,,,,,,31.0,22.6,0.2,,1.0,25.6,0.4,0.2,4.6,,,8.2
202312,Katoomba (Farnells Rd),1.6,6.5,,0.8,,,,,,1.4,→,0.4,,16.4,,,,,,66.4,25.2,3.2,,7.0,12.4,2.8,,,0.8,,13.2
202312,Kurrajong Heights (Bells Line of Road),,3.0,,,,,,,,,,,,6.4,,,,,,79.0,27.8,0.8,,0.5,,2.2,0.2,12.4,,→,15.4
202312,Lucas Heights (ANSTO),0.4,3.2,14.0,0.6,,,,,,,,,,3.8,,,,,,17.8,9.2,,,1.5,53.0,,,5.6,,,
202312,Mangrove Mountain AWS,,12.6,,2.2,,,,,,1.8,0.4,,,,,,,,,3.2,32.8,3.2,0.4,0.4,0.6,2.0,5.4,0.8,,0.2,0.6
202312,Marrickville Golf Club,,,9.0,,,,,,,,,,,1.0,,,,,,11.0,13.0,,1.0,,33.0,,,6.0,,,7.0
202312,Menangle Bridge (Nepean River),,1.0,20.0,,,,,,,,,,,2.0,,,,,,30.0,6.0,,,1.0,20.0,16.0,5.0,20.0,,,2.0
202312,Mona Vale Golf Club,,,,0.4,,,,,,0.2,,0.2,,0.6,,,,,,12.8,20.8,2.0,2.0,1.8,6.2,7.2,10.8,3.4,,1.8,0.2
202312,Mount Boyce AWS,0.8,5.2,0.2,0.6,,,,,,,0.2,,,0.6,,,,,0.2,59.4,27.4,1.2,,6.2,8.4,5.4,0.2,14.0,,,9.8
202312,Norah Head AWS,,6.6,0.4,1.8,0.2,,,,,28.0,0.2,0.2,,,,,,,0.2,6.0,27.0,4.4,0.2,,3.0,1.0,0.8,0.8,,,0.4
202312,North Parramatta (Burnside Homes),2.0,1.5,8.5,1.5,,,,,,,,2.0,,1.0,0.5,,,,,18.0,23.5,,,0.5,1.5,1.0,,18.0,,,3.5
202312,North Rocks (Muirfield Golf Club),0.5,,7.0,1.0,,,,,,0.5,,,,1.5,,,,,,18.0,22.0,0.5,,0.5,3.0,0.5,0.5,20.0,,,2.0
202312,North Ryde Golf Club,6.0,,24.0,2.0,,,,,,,,,,,,,,,,12.0,24.0,,,,20.0,1.0,2.0,22.0,,1.0,5.0
202312,Parramatta North (Masons Drive),2.0,,10.2,2.0,,,,0.2,,0.2,,1.8,,1.0,,,,,,17.2,19.6,,,0.6,2.4,1.2,,12.0,,0.2,6.0
202312,Peakhurst Golf Club,,2.0,13.0,,,,,,,,,,,3.0,,,,,,17.0,14.0,,,1.0,28.0,1.0,1.0,17.0,,,3.0
202312,Penrith Lakes AWS,,0.6,,11.4,,,,,,,,,,5.4,,,,,,46.8,30.2,,,1.0,8.8,0.6,0.2,5.6,,,4.2
202312,Prospect Reservoir,1.0,,11.0,2.0,,,,,,,,,,15.0,,,,,,22.0,22.0,,,2.0,14.0,1.0,,8.0,,,6.0
202312,Putty (The Gibba),,2.0,,,,,,,,,,,,17.0,,,,,,31.0,23.0,,,3.0,4.0,10.0,,,,,7.0
202312,Randwick (Randwick St),2.8,,20.8,0.4,,,,,,1.6,0.2,0.2,,3.6,,,,,,8.0,15.8,3.6,6.4,2.0,85.2,0.8,3.0,,,,
202312,Richmond RAAF,,0.6,0.2,1.0,,,,,3.8,,,,,,,,,,,,,,,,,,,,,,
202312,Rose Bay (Royal Sydney Golf Club),2.0,,8.6,0.6,,,,,,1.0,,0.2,,2.2,,,,,,7.2,18.2,4.2,3.2,0.8,24.2,1.4,1.8,7.4,,,
202312,Rossmore (South Creek),,,4.0,1.0,,,,,,,,,,14.0,,,,,,29.0,14.0,,,2.0,25.0,2.0,,3.0,,,6.0
202312,Sans Souci (Public School),2.0,,12.0,,,,,,,,,,,6.0,,,,,,8.0,3.0,,,1.0,38.0,1.0,,12.0,,,4.0
202312,Seven Hills  (Radio FM 103.2),,,3.0,0.5,,,,,,,,0.5,,5.0,,,,,,14.0,19.0,,,1.0,19.0,0.5,,21.5,,,
202312,Shanes Park (South Creek Road),,,0.2,8.6,,,,0.2,0.6,,,0.2,,10.6,,,,,,37.0,30.4,,,1.4,1.4,1.4,0.2,6.2,,,4.4
202312,Sydney (Observatory Hill),0.4,,12.6,0.6,0.2,,,,,1.2,,,,2.2,,,,,,9.2,22.2,2.0,3.2,0.4,23.4,0.6,0.2,10.2,,,9.6
202312,Sydney Airport AMO,1.0,,14.2,,,,,,,,,,,3.4,,,,,,11.2,9.2,0.6,2.0,0.6,91.2,1.2,,5.6,,,2.6
202312,Sydney Botanic Gardens,0.4,,38.0,0.6,0.4,,,,,1.0,0.2,,,5.0,,,,,,7.6,17.6,2.0,5.4,1.0,18.8,1.0,2.2,9.6,,,
202312,Sydney Olympic Park AWS (Archery Centre),1.0,,12.2,0.8,,,,,,,,,,0.2,,,,,,11.6,14.0,,0.2,0.2,33.8,1.0,0.2,13.6,0.2,,6.8
202312,Terrey Hills AWS,,,,0.8,,,,,0.2,9.2,,,,1.2,,,,,,14.0,33.4,5.2,1.2,0.6,3.6,1.2,2.6,4.4,,3.2,1.2
202312,Wahroonga (Ada Avenue),0.6,,0.2,1.6,,,,,0.4,3.2,0.4,,,2.0,,,,,,5.2,32.2,11.2,7.0,2.2,30.0,2.2,3.6,2.0,,17.4,1.4
202312,Warragamba,,,1.0,3.0,2.0,,,,,,,,,,,,,,,4.0,1.0,,,,,1.0,,,,,
202312,Wedderburn (Booalbyn),1.0,,19.0,2.0,,,,,,,,2.0,,5.0,,,,,,34.0,4.0,,,1.0,45.0,12.0,,6.0,,,1.0
202312,Wyong (Kulnura (Jeavons)),,3.0,1.0,,,,,,,8.0,,,,,,,,,,3.0,32.0,1.0,,,4.0,1.0,4.0,1.0,,1.0,3.0
202312,Yarramalong (Lewensbrook),,4.0,1.6,,,,,,,9.4,,,,,,,,,,3.6,26.6,,,,3.2,2.0,11.4,2.0,,0.2,5.0
202312,"Most values are the precipitation in the 24 hoursto9 am on the day indicated.
Days marked with → are part of a longer accumulation, which is shown on the final day.Values over  100  mm have been rounded to the nearest whole millimetre.Days marked with - have a rainfall report of zero; 
days left blank have no rainfall report (which often indicates no rain fell).",,,,,,,,,,,,,,,,,,,,,,,,,,,,,,,
202312,Rainfalls colouredaccording to the amount,0,1.0,5.0,10.0,15.0,25.0,50.0,100,150,200,300,400,600,millimetres,,,,,,,,,,,,,,,,,
202401,Abbotsbury (Fairfield (City Farm)),2.0,1.0,2.0,1.0,3.0,1.0,,,3.0,,,3.0,3.0,,8.0,12.0,3.0,5.0,1.0,,,,,,,,,4.0,1.0,,
202401,Abbotsford (Blackwall Point Rd),13.6,0.1,,0.1,3.0,,,,3.0,,,1.4,,2.0,88.0,8.0,2.0,35.0,0.1,,,,4.0,0.4,,,0.2,0.4,0.4,1.0,0.9
202401,Audley  (Royal National Park),5.0,,,,,,,,4.0,,,1.0,,,16.0,6.0,1.0,14.0,,,,,,,,1.0,,,,19.0,1.0
202401,Badgerys Creek AWS,1.2,1.0,,1.0,7.8,0.2,,,6.4,0.2,,15.0,3.0,,23.0,3.0,5.2,15.0,0.2,,,,0.2,,,,,,,0.2,2.4
202401,Bankstown Airport AWS,3.0,,,,2.0,,,,4.8,,,1.6,,,17.8,5.8,1.6,13.6,,,,,2.4,,,,0.2,0.2,,,
202401,Baulkham Hills Eucalyptus Ct,2.5,,,,3.0,,,,4.5,,,5.0,1.5,,101,52.0,4.5,37.0,,,,,,,,,1.0,1.5,,4.0,11.5
202401,Belrose (Evelyn Place),14.8,0.4,,0.2,3.0,,0.2,,2.2,,,1.4,→,9.6,50.8,1.4,2.0,21.4,,,,,1.4,2.2,,,1.0,0.2,0.4,2.2,2.2
202401,Blackheath (Wombat Street),9.0,2.0,,34.0,31.0,,,3.0,9.0,2.0,1.0,22.0,,1.0,34.0,24.0,2.0,28.0,,,,,8.0,,,,2.0,,,1.0,35.0
202401,Bringelly (Maryland),1.0,,,1.0,5.0,,,,5.0,,,1.0,1.0,,17.0,7.0,1.0,21.0,,,,,,,,,,,,,
202401,Camden (Brownlow Hill),1.0,0.4,,2.0,4.8,,,,5.6,,,11.8,0.2,,20.0,14.0,8.8,30.2,,,,,0.2,,,,0.2,,0.4,,0.2
202401,Camden Airport AWS,1.0,,,4.6,4.6,,,,6.8,,,4.6,4.6,,27.0,9.6,12.0,34.4,,0.4,,,0.6,0.2,,,0.2,0.2,,,0.6
202401,Campbelltown (Kentlyn (Georges River Roa,1.0,,,,2.0,,,,9.0,,,4.0,2.0,,19.0,4.0,2.0,15.0,,,,,,,,,1.0,1.0,,,
202401,Campbelltown (Mount Annan),0.4,0.6,,1.4,3.2,0.2,,,6.8,,,2.2,,0.2,18.2,8.0,8.6,30.0,,,,,0.6,0.2,,,0.2,1.6,0.4,,0.6
202401,Canterbury Racecourse AWS,6.0,0.2,,,1.2,,,,7.4,,,3.4,0.2,0.4,27.2,0.8,0.6,24.2,,,,,2.4,0.2,,,0.6,0.4,0.2,0.4,
202401,Centennial Park,7.0,,,,4.2,,,,4.2,,,,,6.2,20.0,0.2,2.0,49.2,,,,,,,,,,,,,
202401,Chatswood Bowling Club,16.0,,,,3.0,,,,1.0,,,2.0,,,83.0,3.0,2.0,20.0,,,,,4.0,,,,,,,1.0,2.0
202401,Collaroy (Long Reef Golf Club),5.2,,,,2.8,,,,3.2,,,4.8,,7.2,45.8,1.2,2.2,16.8,,,,,4.8,,,,,,,1.2,0.2
202401,Colo Heights (Mountain Pines),5.0,0.5,,6.0,12.8,,,,3.8,1.4,,1.6,,5.4,41.0,25.8,2.6,20.4,,,,,2.0,,,3.0,4.2,2.8,,1.8,1.6
202401,Concord (Brays Rd),16.0,,,,2.8,,,,3.4,,,1.2,,0.8,83.0,14.8,4.0,39.0,,,,,4.0,0.6,,,0.6,,0.2,0.4,0.6
202401,Concord Golf Club,14.0,,,,3.2,,,,5.0,,,0.6,,1.0,62.8,7.6,3.2,41.2,,,,,3.8,,,,1.8,0.4,0.6,1.0,
202401,Cooranbong (Avondale),1.0,,,,7.0,,,,2.0,,,,,4.0,12.0,1.0,1.0,8.0,,,,,1.0,,,,,,,,
202401,Cooranbong (Lake Macquarie AWS),1.0,,,,6.8,,,,1.6,,,0.2,,4.2,12.4,1.2,,9.0,,,,,1.2,,,,,,,,
202401,Cronulla South Bowling Club,8.0,,,,,,,,4.0,,,1.0,,1.0,10.0,7.0,2.0,16.0,,,,,,1.0,,,,,,2.0,
202401,Darkes Forest (Kintyre),5.0,2.0,,2.0,1.0,,,,8.0,,,6.0,5.0,,73.0,28.0,2.0,15.0,,,,,4.0,1.0,,,,2.0,,1.0,1.0
202401,Erskine Park Reservoir,1.0,1.0,,,5.0,,,,7.0,1.0,,9.0,2.0,,13.0,2.0,,11.0,,,,,,,,,,,,,
202401,Faulconbridge (Great Western Hwy),3.0,1.0,,13.0,20.0,,,1.0,4.0,14.0,1.0,12.0,,,66.0,24.0,3.0,17.0,,,,,2.0,,,,8.0,,1.0,2.0,5.0
202401,Faulconbridge (St Georges Crescent),3.8,1.0,2.2,9.8,20.8,,,,5.8,15.6,1.8,17.4,,0.2,73.4,23.0,3.4,17.4,,0.4,,,2.6,,,,6.4,0.8,,1.4,6.2
202401,Gosford AWS,4.2,0.6,,,3.6,,,,1.6,,,4.2,0.8,3.8,27.2,1.4,1.0,30.0,,,,,3.8,0.8,0.2,,,0.2,1.4,,0.6
202401,Holsworthy Aerodrome AWS,4.0,,,,3.2,,,,6.0,,,1.8,,,10.0,4.0,2.2,12.8,,,,,0.4,0.4,,,0.2,1.4,,0.2,0.2
202401,Holsworthy Defence AWS,2.6,0.2,,0.6,1.4,,,,8.4,,,3.8,1.2,,28.4,8.8,2.2,15.0,,,,,0.6,0.2,,,0.2,0.4,,,
202401,Hornsby (Swimming Pool),1.2,,,,4.6,,,,2.2,,,3.6,1.6,2.0,13.6,7.4,3.0,20.6,,,,,,,,,0.8,0.2,,0.4,10.2
202401,Horsley Park Equestrian Centre AWS,2.0,0.2,,0.4,7.6,,,,6.8,,,10.0,0.4,,32.2,8.6,3.6,10.2,,,,,,,,,1.4,2.2,,0.8,0.4
202401,Katoomba (Farnells Rd),5.6,1.8,2.8,41.2,40.0,1.2,,2.2,5.8,1.2,11.4,5.8,0.8,1.2,69.0,26.2,2.2,36.4,,,,,6.4,,,,2.2,0.5,0.6,1.8,7.2
202401,Kurrajong Heights (Bells Line of Road),3.0,0.8,,2.8,18.4,,,,→,16.6,0.2,19.6,,4.6,136,26.8,0.5,28.6,,,,,4.0,→,→,→,9.2,2.4,,,8.2
202401,Lucas Heights (ANSTO),5.4,,,0.4,0.6,,,,7.2,,,6.2,,,14.6,6.0,0.6,14.2,,,,,1.0,0.2,,,3.0,1.0,→,3.6,
202401,Mangrove Mountain AWS,1.6,0.2,,,5.6,,,,1.0,1.8,0.2,3.2,,6.2,28.4,13.2,0.4,37.8,0.2,,,,1.6,,,,0.8,0.8,,,0.2
202401,Marrickville Golf Club,5.0,,,,2.0,,,,6.0,,,3.0,,1.0,31.0,2.0,,26.0,,,,,,,,,,,,,
202401,Menangle Bridge (Nepean River),,,,2.0,1.0,,,,,,,,,,,,,,,,,,,,,,,,,,
202401,Mona Vale Golf Club,4.6,,,,3.4,,,,7.8,,,0.8,0.2,19.4,56.6,,1.6,11.8,0.2,,,,2.0,,,,0.6,0.2,,0.4,1.2
202401,Mount Boyce AWS,6.6,1.2,0.6,22.4,33.2,0.4,0.2,1.6,6.6,1.2,0.4,16.4,1.0,2.0,35.2,21.4,1.6,26.4,,,,,5.4,0.2,,,1.2,,0.4,0.4,41.0
202401,Mount Wilson (Clarine),12.0,2.0,,9.0,45.0,,,,7.0,4.0,3.0,19.6,7.6,2.8,59.0,37.0,2.0,30.6,,,,,5.4,,,,2.6,2.0,,,16.0
202401,Norah Head AWS,,0.2,,,2.2,0.2,,,6.4,,,,0.4,7.4,30.2,4.4,,10.6,,,,,0.6,,,,,,4.0,,
202401,North Parramatta (Burnside Homes),2.0,,,,3.5,,,,4.5,,,7.5,5.5,0.5,104,56.0,1.5,45.0,,,,,,,,,1.0,0.5,,12.0,1.0
202401,North Rocks (Muirfield Golf Club),3.0,,,,3.0,,,,3.0,,,8.0,2.5,0.5,123,34.5,2.5,46.0,0.5,,,,,,,,0.5,1.5,,1.0,3.5
202401,North Ryde Golf Club,13.0,,,,4.0,,,,2.0,,,6.0,,2.0,90.0,15.0,1.0,31.0,,,,,3.0,,,,,,,1.0,1.0
202401,Parramatta North (Masons Drive),2.0,0.2,,0.2,3.6,,,,5.4,,,6.6,4.0,0.4,75.0,47.0,1.4,49.0,,,,,0.2,0.8,,,1.4,1.0,,7.4,0.8
202401,Peakhurst Golf Club,5.0,,,,1.0,2.0,,,3.0,,,2.0,1.0,,25.0,7.0,,13.0,,,,,,,,,,1.0,,1.0,
202401,Penrith Lakes AWS,0.4,,,0.4,10.6,,,,5.2,1.6,0.2,7.2,,,49.4,13.8,0.2,17.4,,,,,,,,,3.2,,0.4,1.2,3.0
202401,Prospect Reservoir,2.0,,,,4.0,,,,5.0,,,6.0,1.0,,45.0,16.0,5.0,14.0,,,,,,,,,4.0,1.0,,,
202401,Putty (The Gibba),1.0,,,18.0,8.0,,,,6.0,1.0,4.0,4.0,,1.0,14.0,,1.0,34.0,,,,,1.0,,,2.0,3.0,1.0,,,1.0
202401,Randwick (Randwick St),6.6,,,,3.2,,,,4.2,,,0.4,,7.0,21.6,1.4,2.8,54.6,,,,,,,,,0.2,0.6,,3.8,0.4
202401,Richmond RAAF,,,,,,,,,,,,,,3.4,97.8,18.6,,19.2,0.2,,,,,0.2,,,5.0,0.6,1.0,0.2,3.0
202401,Rose Bay (Royal Sydney Golf Club),1.7,,,,3.6,,,,3.6,,,0.8,,1.2,40.4,1.6,5.8,35.6,,,,,,,,,1.2,0.2,,3.0,
202401,Rossmore (South Creek),1.0,1.0,,,5.0,,,,3.0,,,4.0,1.0,,20.0,5.0,6.0,12.0,,,,,,,,,,1.0,,,1.0
202401,Sans Souci (Public School),3.0,,,,,,,,7.0,,,,,,7.0,2.0,1.0,14.0,,,,,,,,,,,,,
202401,Seven Hills  (Radio FM 103.2),2.0,0.5,,,3.0,,,,4.5,,,6.0,1.5,,49.0,33.5,2.5,23.0,,,,,,,,,2.0,2.0,,3.5,2.5
202401,Shanes Park (South Creek Road),1.0,,,,7.8,,,,5.2,0.4,,4.4,0.2,,95.8,29.0,0.2,16.8,,,,,0.2,,,,3.8,0.4,,0.4,1.2
202401,Sydney (Observatory Hill),7.4,,,,1.8,,,,2.8,,,0.4,,5.0,62.2,4.4,0.8,39.6,,,,,2.0,0.2,,,,0.2,,0.6,2.4
202401,Sydney Airport AMO,6.0,0.2,,,2.8,,,,5.6,,,2.2,0.2,3.8,20.0,2.0,0.8,20.2,,,,,,3.0,,,0.2,0.2,0.2,,0.2
202401,Sydney Botanic Gardens,3.2,,,,1.8,,,,3.0,,,0.4,0.2,6.2,55.0,2.2,0.8,44.2,,,,,0.6,,,,1.0,,0.6,,
202401,Sydney Olympic Park AWS (Archery Centre),7.2,,,,4.4,,,,4.8,,,2.2,0.2,0.4,60.8,14.0,0.8,34.8,,,,,3.0,,,,1.6,0.2,,0.4,
202401,Terrey Hills AWS,2.8,10.0,1.0,0.4,3.2,0.2,,,2.2,,,5.2,0.2,5.0,86.4,2.0,2.0,14.4,,,,,3.0,0.6,,,0.8,0.2,0.2,1.2,1.2
202401,Wahroonga (Ada Avenue),4.4,0.2,,,4.4,,,,2.6,,,4.6,11.2,4.8,26.0,15.6,3.2,19.2,,,,,0.4,,,,1.8,0.2,,0.2,1.6
202401,Warragamba,,,,,,,,,,,,,,,,,,,,,,,,,,,,,,,
202401,Wedderburn (Booalbyn),1.0,,,2.0,2.0,,,,9.0,,,2.0,7.0,,27.0,8.0,5.0,13.0,,,,,1.0,,,,,1.0,,2.0,
202401,Wyong (Kulnura (Jeavons)),1.0,,,,7.0,,,,1.0,1.0,,,,5.0,16.0,14.0,,28.0,,,,,,,,,,,,,1.0
202401,"Most values are the precipitation in the 24 hoursto9 am on the day indicated.
Days marked with → are part of a longer accumulation, which is shown on the final day.Values over  100  mm have been rounded to the nearest whole millimetre.Days marked with - have a rainfall report of zero; 
days left blank have no rainfall report (which often indicates no rain fell).",,,,,,,,,,,,,,,,,,,,,,,,,,,,,,,
202401,Rainfalls colouredaccording to the amount,0,1.0,5.0,10.0,15.0,25.0,50.0,100,150,200,300,400,600,millimetres,,,,,,,,,,,,,,,,,
202402,Abbotsbury (Fairfield (City Farm)),,,,,,24.0,4.0,1.0,,,,,,,,,,,,,1.0,1.0,1.0,1.0,1.0,2.0,2.0,1.0,,,
202402,Abbotsford (Blackwall Point Rd),,,,,,24.6,0.1,,,4.5,2.2,,,0.4,4.6,55.6,0.3,,,16.6,41.6,0.1,,8.0,0.1,,0.4,,,,
202402,Audley  (Royal National Park),2.0,,,,,46.0,,,,1.0,1.0,,,8.0,3.0,5.0,,1.0,,20.0,32.0,1.0,,3.0,,,,,,,
202402,Badgerys Creek AWS,0.6,,,,,39.8,1.6,,0.2,,,,,22.6,1.6,1.0,,,0.8,27.4,5.6,0.2,,2.2,0.4,,0.6,,,,
202402,Bankstown Airport AWS,,,,,,19.6,5.0,,,,0.4,,,25.0,3.8,10.0,,,0.2,11.0,30.4,0.6,,1.0,0.2,,,,,,
202402,Baulkham Hills Eucalyptus Ct,0.5,,,,,23.0,0.5,,,3.5,4.0,,,,4.0,4.5,,,,9.5,23.0,,,10.0,,,,,,,
202402,Belrose (Evelyn Place),0.8,,,,,17.8,0.2,0.4,,4.6,1.0,,,,2.2,57.2,,,1.8,30.6,38.2,0.4,,6.2,0.4,,0.2,0.2,,,
202402,Bilpin Post Office,11.0,,1.8,,30.4,14.8,4.4,,,2.4,,5.0,,40.0,11.8,7.2,0.4,,10.0,2.2,4.0,0.2,,7.4,6.4,0.2,,4.0,0.6,,
202402,Blackheath (Wombat Street),5.0,,2.0,,,41.0,9.0,2.0,,2.0,3.0,,11.0,,5.0,2.0,3.0,10.0,2.0,3.0,7.0,,,7.0,3.0,,5.0,,9.0,,
202402,Bringelly (Maryland),,,,,,45.0,1.0,,,,,,,10.0,1.0,,,,1.0,26.0,26.0,,,1.0,,,1.0,,,,
202402,Camden (Brownlow Hill),,,,,,25.0,2.6,,,,,,,,2.2,0.8,0.2,14.0,1.6,26.6,17.8,,,3.2,0.2,,,0.2,,,
202402,Camden Airport AWS,,,,,,,1.8,,,,,,,10.6,2.0,0.4,,1.2,2.0,13.2,13.2,,,,0.4,,,0.8,,,
202402,Campbelltown (Kentlyn (Georges River Roa,4.0,,,,,61.0,,,,,,,,6.0,3.0,,,3.0,,6.0,14.0,,,4.0,,,,1.0,,,
202402,Campbelltown (Mount Annan),0.2,,,,,52.6,1.6,,,,,,,,1.0,0.4,0.2,2.2,2.4,1.8,6.6,0.2,,,0.2,,,1.6,0.2,,
202402,Canterbury Racecourse AWS,,,,,,23.6,,,,3.2,1.4,,,1.0,7.2,47.4,0.2,,0.2,28.0,38.0,,,6.4,,,,0.2,,,
202402,Castlereagh (Castlereagh Road),,,,,27.4,4.2,,,,0.4,,,,,,,,,,,,,,,,,,,,,
202402,Chatswood Bowling Club,2.0,,,,,15.0,1.0,,,6.0,4.0,,,,4.0,55.0,,,2.0,20.0,18.0,,,1.0,,,,1.0,,,
202402,Collaroy (Long Reef Golf Club),0.6,,,,,16.0,,0.6,,4.2,1.6,,,,3.8,20.6,,,1.6,32.0,19.2,,,,,,,0.4,,,
202402,Colo Heights (Mountain Pines),8.6,,,,,19.6,6.8,3.0,,1.6,2.6,,,0.8,21.8,4.2,0.6,,,21.4,3.8,,,8.4,4.2,,3.0,1.2,,,
202402,Concord (Brays Rd),0.2,,,,,27.0,,,,,,,,0.2,4.0,48.6,,,,16.4,,,,8.0,0.2,,,0.2,,,
202402,Concord Golf Club,,,,,,29.0,,,,4.0,2.8,,,0.6,4.4,35.0,0.4,,,18.6,36.2,,,7.4,0.4,,,,,,
202402,Cooranbong (Avondale),,,,,,3.0,6.0,3.0,,12.0,,,,,16.0,25.0,,,,6.0,19.0,,,5.0,4.0,,3.0,6.0,,,
202402,Cooranbong (Lake Macquarie AWS),0.6,,,,,3.0,6.0,2.6,,12.8,,,,,17.0,25.6,,,,5.8,19.2,,,4.6,5.0,,3.0,6.8,,,
202402,Cronulla South Bowling Club,,,,,,29.0,2.0,,,5.0,,2.0,,9.0,1.0,13.0,,,,37.0,41.0,,,5.0,,,1.0,,,,
202402,Darkes Forest (Kintyre),1.0,,1.0,,,23.0,,,1.0,,,,,10.0,5.0,1.0,,,,14.0,31.0,,,8.0,,,2.0,,,,
202402,Erskine Park Reservoir,1.0,,,,,,,,,,,,,,,,,,,,,,,,,,,,,,
202402,Faulconbridge (Great Western Hwy),8.0,,1.0,,,23.0,3.0,,,,2.0,,,2.0,13.0,6.0,,3.0,1.0,3.0,19.0,,,7.0,5.0,,4.0,,,,
202402,Faulconbridge (St Georges Crescent),10.2,0.4,2.0,,,24.6,5.0,1.4,,0.8,2.2,,,2.4,11.4,6.6,1.2,2.4,1.8,2.4,23.2,0.2,,5.6,8.0,,4.8,1.0,0.4,,
202402,Gears (Wyong River),,,,,,,,,,,,,,,,,,,,,,,,,,,,,,,
202402,Gosford AWS,0.6,,,,,4.0,1.6,1.2,,12.6,0.2,,,,3.8,49.0,0.2,,,30.0,10.4,0.2,,4.8,1.4,,0.4,1.2,,,
202402,Holsworthy Aerodrome AWS,,,,,,38.8,,,,,,,,7.2,1.4,,,,1.2,10.6,14.2,0.2,,0.8,,,,0.6,,,
202402,Holsworthy Defence AWS,,,,,,56.0,0.2,,,,,,,7.6,2.6,0.4,,0.4,0.8,12.2,20.0,,,2.2,,,,,,,
202402,Hornsby (Swimming Pool),0.2,,,,,,,,,,,,,,,,,,,,,,,,,,,0.4,,,
202402,Horsley Park Equestrian Centre AWS,0.6,,,,,37.6,3.2,,,,,,,0.2,7.8,2.4,1.0,,0.4,28.6,12.6,,,5.6,0.4,,,0.4,,,
202402,Katoomba (Farnells Rd),4.6,,1.2,,,34.4,12.0,→,6.8,3.8,4.2,,0.8,,,4.2,0.8,15.4,→,6.2,→,6.8,→,8.2,3.8,,3.0,0.5,3.8,,
202402,Kurrajong Heights (Bells Line of Road),7.8,,3.8,,,38.0,10.8,3.8,,1.6,5.4,,,2.4,7.6,9.0,,1.2,,18.2,7.6,,,8.0,4.0,,1.4,0.8,,,
202402,Lucas Heights (ANSTO),,,,,,50.4,,,,0.3,,,,17.6,1.6,2.2,2.0,,0.4,23.4,22.4,,,3.0,,,,,,,
202402,Mangrove Mountain AWS,1.0,,,0.2,,5.2,4.4,1.6,,17.6,0.4,,,0.2,9.8,9.6,2.0,,,29.6,23.8,0.2,,2.2,4.4,,,4.4,,,
202402,Marrickville Golf Club,,,,,,32.0,,,,6.0,1.0,,,1.0,3.0,50.0,,,,29.0,53.0,,,5.0,,,,,,,
202402,Menangle Bridge (Nepean River),,,,,,,,,,,,,,1.0,,1.0,,,,4.0,10.0,,,1.0,,,,1.0,,,
202402,Mona Vale Golf Club,1.0,,,,,24.4,,0.2,,8.4,2.6,,,,2.8,48.2,,0.2,2.6,36.0,16.4,0.2,,7.6,,0.2,,0.6,,,
202402,Mount Boyce AWS,3.8,0.2,0.8,,,34.6,7.6,2.8,,1.2,4.6,0.2,13.0,,4.2,1.8,1.8,7.6,1.0,1.0,4.6,0.2,,5.0,2.8,0.2,3.8,0.6,10.2,,
202402,Norah Head AWS,0.4,,,,,3.0,2.2,4.2,0.2,3.6,0.2,,,,,48.2,0.2,,1.4,13.4,29.0,0.2,,7.2,1.8,,,,,,
202402,North Parramatta (Burnside Homes),0.5,,,,,25.0,,,,3.5,2.0,,,,4.0,7.5,0.5,,,8.5,20.5,,,6.5,,0.5,,,,,
202402,North Rocks (Muirfield Golf Club),0.5,,,,,21.0,,,,3.0,1.5,,,,5.5,5.5,,,0.5,13.0,20.0,,,5.5,,,,,,,
202402,North Ryde Golf Club,,,,,,23.0,,,,3.0,3.0,,,,2.0,21.0,,,,18.0,30.0,,,2.0,,,,,,,
202402,Parramatta North (Masons Drive),0.2,,,,,27.0,0.2,,,1.4,2.0,,,,3.6,7.0,0.2,,0.4,10.0,18.4,,,6.0,,,,,,,
202402,Peakhurst Golf Club,,,,,,25.0,,,,,,,,3.0,4.0,30.0,,,,31.0,49.0,,,1.0,,,,1.0,,,
202402,Penrith Lakes AWS,1.6,,,,,23.2,2.8,,,,,,,2.0,3.4,2.0,0.4,31.4,0.2,14.8,5.0,,,4.2,0.8,,1.4,2.6,,,
202402,Prospect Reservoir,1.0,,,,,22.0,1.0,,,,1.0,,,,9.0,3.0,1.0,,,22.0,20.0,1.0,,2.0,,,,,,,
202402,Putty (The Gibba),2.0,,,,,16.0,4.0,2.0,,,1.0,,,20.0,4.0,1.0,1.0,17.0,,14.0,6.0,,,2.0,,,1.0,,,,
202402,Randwick (Randwick St),0.6,,,,,27.4,,0.8,,10.6,1.0,,,0.4,3.2,19.6,0.6,,0.4,38.2,21.4,,,6.2,0.4,,1.2,1.4,,,
202402,Richmond - UWS Hawkesbury,0.4,,,,,54.4,,,1.6,,,,,,,9.4,,,,,,10.8,,→,→,6.0,1.2,,,,
202402,Richmond RAAF,6.6,0.2,,,,48.4,2.2,,,,1.8,0.2,,,4.2,2.6,0.4,2.4,0.6,11.4,6.6,,,4.6,1.8,,,1.0,,,
202402,Rose Bay (Royal Sydney Golf Club),0.8,,,,,18.0,0.2,1.0,,7.2,0.6,,,0.2,2.2,12.6,,,0.4,22.4,27.4,,,2.2,0.4,,,0.8,,,
202402,Rossmore (South Creek),,,,,,48.0,2.0,,,,,,,30.0,2.0,,11.0,,,3.0,20.0,,,4.0,,,,,,,
202402,Sans Souci (Public School),,,,,,13.0,,,,,,,,1.0,,7.0,,,,36.0,16.0,,,2.0,,,1.0,1.0,,,
202402,Seven Hills  (Radio FM 103.2),1.0,,,,,24.5,,,,0.5,1.5,,,,7.0,1.5,,,,34.0,9.5,0.5,,1.5,0.5,,,,,,
202402,Shanes Park (South Creek Road),1.0,,,,,28.2,2.2,,,,1.0,0.2,,,4.6,2.0,,28.6,2.2,19.4,4.4,,,6.0,1.2,,,0.6,,,
202402,Sydney (Observatory Hill),0.4,,,,,22.2,,0.2,,8.2,1.2,,,0.2,3.6,61.4,,,,,22.6,,,3.0,0.6,,1.0,1.6,,,
202402,Sydney Airport AMO,,,,,,22.8,0.2,,,10.2,1.4,,,1.0,2.6,29.2,,,,39.0,33.4,0.2,,5.2,,,,,,,
202402,Sydney Botanic Gardens,0.4,,,,,,,0.4,,8.0,1.2,,,0.4,2.6,,0.1,,0.2,57.3,16.4,,,3.1,0.4,,,1.4,,,
202402,Sydney Olympic Park AWS (Archery Centre),0.2,,,,,22.0,,,,2.4,2.4,,,1.4,2.6,9.4,0.2,,,16.8,21.8,,,5.6,,,,,,,
202402,Terrey Hills AWS,1.8,0.2,,,,,0.2,1.4,,5.0,2.6,,,,5.8,46.0,,,,33.2,24.8,0.2,,9.0,1.0,,,0.6,,,
202402,Wahroonga (Ada Avenue),0.8,,,,,27.0,0.8,,,8.2,5.8,,,,6.2,13.0,,,1.4,29.6,35.4,,,4.4,1.4,,0.2,1.0,,,
202402,Warragamba,,,,,,,,,,,,,,,,,,,,,,,,,,,,,,,
202402,Wedderburn (Booalbyn),,,,,,19.0,1.0,,,,,,,,1.0,1.0,,15.0,,2.0,16.0,,,1.0,,,,1.0,,,
202402,Wyong (Kulnura (Jeavons)),,,,,,3.0,4.0,2.0,,7.0,,,,12.0,41.0,6.0,,,1.0,11.0,24.0,,,1.0,1.0,,2.0,1.0,,,
202402,Yarramalong (Lewensbrook),1.0,,,,,3.0,4.0,2.0,,7.0,,,,5.4,9.0,10.0,,,,8.0,22.0,,,,,,,4.6,,,
202402,"Most values are the precipitation in the 24 hoursto9 am on the day indicated.
Days marked with → are part of a longer accumulation, which is shown on the final day.Values over  100  mm have been rounded to the nearest whole millimetre.Days marked with - have a rainfall report of zero; 
days left blank have no rainfall report (which often indicates no rain fell).",,,,,,,,,,,,,,,,,,,,,,,,,,,,,,,
202402,Rainfalls colouredaccording to the amount,0,1.0,5.0,10.0,15.0,25.0,50.0,100,150,200,300,400,600,millimetres,,,,,,,,,,,,,,,,,
202403,Abbotsbury (Fairfield (City Farm)),,,,,,,,,,,,,,,5.0,1.0,3.0,2.0,1.0,1.0,,,,,,,,,,,
202403,Abbotsford (Blackwall Point Rd),0.4,,1.8,,,,,2.0,,,,,,,4.0,1.2,34.0,,4.2,,1.2,,0.2,0.2,,,0.1,1.2,0.2,0.2,
202403,Audley  (Royal National Park),,1.0,1.0,1.0,,,,,,,,,,,3.0,2.0,25.0,1.0,10.0,,1.0,1.0,,1.0,,,,,,,
202403,Badgerys Creek AWS,0.4,,,,,,,,,,,,,,3.4,0.8,9.6,0.2,,0.8,0.8,,,0.4,,,,,,,
202403,Bankstown Airport AWS,,,1.0,,,,,,,,,,,,3.6,0.4,7.0,11.8,5.4,,0.8,,,,,,,,,,
202403,Baulkham Hills Eucalyptus Ct,,,2.0,,,,,,,,,,,,5.0,,11.0,,0.5,,1.5,,,0.5,,,,0.5,1.0,,
202403,Belrose (Evelyn Place),,,0.8,,,,,,,,,,,,2.0,0.2,35.0,1.0,4.8,,1.2,0.2,0.2,,,,,2.6,7.4,,
202403,Blackheath (Wombat Street),,,6.0,1.0,,,,,,1.0,,,,,3.0,4.0,16.0,9.0,4.0,,2.0,1.0,,3.0,,,,,,,
202403,Bringelly (Maryland),,,,,,,,,,,,,,,4.0,,21.0,,5.0,1.0,,,,2.0,,,,,,,
202403,Camden (Brownlow Hill),0.2,3.0,0.8,,,,,,,,,,,,4.8,,19.2,1.0,0.4,0.8,,,,1.4,,,,,,,
202403,Camden Airport AWS,,5.6,0.6,,,,,,,,,,,,4.2,,15.0,0.4,,0.8,0.8,,,1.4,,,,,,,
202403,Campbelltown (Kentlyn (Georges River Roa,,3.0,1.0,,,,,,,,,,,,2.0,1.0,18.0,,,,1.0,,,,,1.0,,,,,
202403,Campbelltown (Mount Annan),,7.6,0.6,,,,,,,,,,,,2.6,0.4,17.6,0.2,,0.6,0.8,,,0.6,,,,,,,
202403,Canterbury Racecourse AWS,,,1.0,0.2,,,,,,,,0.2,,,4.2,1.0,35.6,1.2,6.2,0.2,0.6,,0.2,0.2,0.2,,,,,,
202403,Centennial Park,2.6,,,0.2,,,,,,,,,,,2.8,1.0,20.6,0.3,7.0,,,,,,,,,,,,
202403,Chatswood Bowling Club,,,1.0,,,,,,,,,,,,4.0,,43.0,,3.0,,1.0,,,,,,,16.0,1.0,,
202403,Collaroy (Long Reef Golf Club),,,0.8,,,,,1.6,,,,,,,1.8,,29.0,2.4,4.2,,5.0,,,,,,,,,,
202403,Colo Heights (Mountain Pines),,,5.0,1.0,,,,,,,,,,,,3.4,7.2,1.4,10.4,,1.6,,,1.2,,,,2.6,1.2,0.8,
202403,Concord (Brays Rd),,,1.4,,,,,1.2,,,,,,,4.4,0.4,,,7.0,,1.0,,,,,,,1.6,,,
202403,Concord Golf Club,0.6,,1.6,,,,,3.0,,,,,,,4.6,1.4,28.4,1.6,7.4,,1.4,,,,,,,,,,
202403,Cooranbong (Avondale),4.0,,2.0,,,,,,,,,,,,4.0,,3.0,5.0,1.0,1.0,2.0,,2.0,,,,,,,,
202403,Cooranbong (Lake Macquarie AWS),3.8,,1.6,0.2,,,,,,,,,,,3.6,0.2,3.2,4.8,1.2,,2.2,,1.8,,,,,,,,
202403,Cronulla South Bowling Club,,,1.0,,,,,3.0,,,,,,,5.0,2.0,19.0,1.0,8.0,,1.0,,,,,1.0,,,,,
202403,Darkes Forest (Kintyre),1.0,,1.0,1.0,1.0,,,,,,,,,,5.0,,9.0,5.0,10.0,1.0,1.0,,,5.0,1.0,,,,,,
202403,Erskine Park Reservoir,,,,,,,,,,,,,,,,,,,,,,,,,,,,,,,
202403,Faulconbridge (Great Western Hwy),1.0,,4.0,1.0,,,,4.0,,,,,,,4.0,2.0,7.0,2.0,8.0,,3.0,,,2.0,,,,,,,
202403,Faulconbridge (St Georges Crescent),0.6,0.2,5.2,0.2,,,,10.4,,,,,,,3.6,1.6,8.6,5.2,7.6,0.4,,,,,,,,,,,
202403,Gosford AWS,,0.2,1.2,,,,,2.2,,,,,,,6.2,0.6,8.2,,0.4,0.2,0.4,0.2,0.8,,0.2,,,,1.4,0.2,
202403,Holsworthy Aerodrome AWS,,0.2,0.8,,,,,,,,,,,,2.8,0.6,17.8,0.2,0.8,0.2,1.0,,,0.2,,,,,,,
202403,Holsworthy Defence AWS,0.2,4.0,1.4,0.2,0.2,,,,,,,,,,3.2,1.0,24.6,,0.4,0.2,0.8,,,1.0,,,,,0.2,,
202403,Hornsby (Swimming Pool),,,2.0,,,,,,,,,,,,,,,,,,0.8,,,,,,,,,,
202403,Horsley Park Equestrian Centre AWS,0.2,,1.0,,,,,1.0,,,,,,,6.4,1.0,15.0,0.2,0.4,0.6,0.6,,,1.2,,,,,,,
202403,Katoomba (Farnells Rd),1.0,0.4,→,→,6.6,,,0.4,,,,,,,12.6,3.6,13.6,3.4,,,,,,1.6,,,,,0.2,,
202403,Kurrajong Heights (Bells Line of Road),,,→,7.8,,,,,,,,,,,9.9,1.4,5.6,2.0,2.4,0.2,3.0,,,1.6,,,,,1.2,,
202403,Lucas Heights (ANSTO),0.2,1.5,0.6,0.2,,,,,,,,,,,2.4,6.0,29.4,0.2,2.0,0.2,0.8,,,0.8,,0.2,,0.4,,,
202403,Mangrove Mountain AWS,,,0.6,,,,,,,,,,,,3.8,1.8,5.2,2.2,3.4,,1.4,,1.2,0.2,,,,,,0.2,
202403,Marrickville Golf Club,,,1.0,,,,,,,,,,,,4.0,1.0,35.0,1.0,8.0,,,,,1.0,,,,,,,
202403,Menangle Bridge (Nepean River),,,,,,,,,,,,,,,3.0,,13.0,,,1.0,,,,,,,,,,,
202403,Mona Vale Golf Club,,,1.0,,,,0.2,,,0.2,0.2,,0.4,,3.2,0.2,30.0,0.2,18.4,0.2,0.4,,,,0.2,0.2,0.2,1.0,1.2,0.2,0.4
202403,Mount Boyce AWS,0.4,0.2,4.6,0.4,0.2,,,,,0.2,,,,,2.6,2.2,16.0,6.2,3.2,,1.6,0.2,0.2,3.0,0.2,,,,0.6,,
202403,Mount Wilson (Clarine),,,5.0,0.4,,,,,,,,,,,12.0,4.0,12.5,8.7,9.8,,3.0,,,5.0,,,,,1.0,,
202403,Norah Head AWS,,,0.2,,,,,,,0.2,,0.2,,0.2,3.8,0.6,7.6,1.2,,0.2,1.6,0.2,,0.2,,0.2,0.2,,0.4,,0.2
202403,North Parramatta (Burnside Homes),,,2.0,,,,,,0.5,,,,,,5.0,0.5,11.5,,3.5,,1.5,0.5,,1.5,,,,0.5,0.5,,
202403,North Rocks (Muirfield Golf Club),,,1.5,,,,,,,,,,,,5.0,,11.0,,1.0,,1.5,,,0.5,,,,,,,
202403,North Ryde Golf Club,,,1.0,,,,,,,,,,,,5.0,,22.0,,8.0,,1.0,,,,,,,3.0,1.0,,
202403,Parramatta North (Masons Drive),,,3.0,,,,,,,,,,,,5.0,0.2,12.0,,3.0,0.2,1.6,,,1.4,,,,0.4,0.2,,
202403,Peakhurst Golf Club,,,1.0,,,,,,,,,,,,2.0,5.0,30.0,,3.0,,1.0,,,,,,,3.0,,,
202403,Penrith Lakes AWS,0.2,,1.6,,,,,,,,,,,,,,,,,,,,,2.0,,,,,,,
202403,Prospect Reservoir,,,1.0,,,,,,,,,,,,6.0,,12.0,,1.0,,1.0,,,1.0,,,,,,,
202403,Putty (The Gibba),,,2.0,,,,,,,,,,,,,1.0,14.0,5.0,,,1.0,,,1.0,,,,,,,
202403,Randwick (Randwick St),0.6,0.2,0.4,,,,,,,,,,,,3.6,1.0,18.6,0.2,7.8,,1.4,0.4,,0.2,,0.2,,0.8,,,
202403,Richmond RAAF,,0.8,2.4,0.6,0.2,,,,,,,,,,5.8,2.6,6.2,0.4,,,0.8,,,1.2,,,,,,,
202403,Rose Bay (Royal Sydney Golf Club),0.4,,0.6,,,,,,,,,,,,4.4,0.6,20.2,1.0,5.4,1.2,0.4,,,,0.2,,,2.2,,,
202403,Rossmore (South Creek),,,1.0,,,,,,,,,,,,4.0,1.0,17.0,,2.0,1.0,,,,1.0,,,,,,,
202403,Sans Souci (Public School),,,,,,,,,,,,,,,1.0,1.0,10.0,,1.0,,,,,,,,,,,,
202403,Seven Hills  (Radio FM 103.2),,,1.5,,,,,,,,,,,,4.5,1.5,14.0,,,0.5,1.0,,,0.5,,0.5,,,,,
202403,Shanes Park (South Creek Road),,0.2,1.2,0.4,,,,0.2,,,,,,,6.0,1.0,12.2,0.4,,,0.6,,,1.2,,,,,,,
202403,Sydney (Observatory Hill),0.2,,1.8,,,,,,,,,,,,5.2,1.2,36.4,0.8,3.4,,1.8,,0.2,,,,,0.4,1.0,,
202403,Sydney Airport AMO,,,0.6,,,,,,,,,,,,2.8,0.6,35.8,0.2,6.6,0.2,0.6,0.2,,,,,,,,,
202403,Sydney Botanic Gardens,0.2,,1.2,,,,,,,,,,,,4.4,0.6,21.0,2.2,3.0,,1.8,0.2,,,,,,,,,
202403,Sydney Olympic Park AWS (Archery Centre),,,1.2,,,,,0.6,0.2,,,,,,3.6,0.2,14.8,0.2,2.2,,0.6,0.2,,,,,,,,,
202403,Terrey Hills AWS,,,1.0,0.2,,,,,,,,,,,4.4,2.0,22.2,0.2,16.0,,0.8,,0.6,,,,,6.6,3.6,0.2,
202403,Wahroonga (Ada Avenue),,,1.4,,,,,,,,,,,,7.4,0.2,15.4,,7.0,0.2,1.4,,,0.2,,,,0.8,4.6,,0.2
202403,Wedderburn (Booalbyn),1.0,,,,,,,,,,,,,,3.0,1.0,18.0,1.0,1.0,1.0,,,,1.0,,,1.0,,,,
202403,Wyong (Kulnura (Jeavons)),5.0,,,,,,,,,,,,,,1.0,1.0,4.0,1.0,1.0,,3.0,,4.0,,,,,,,,
202403,Yarramalong (Lewensbrook),5.0,,,,,,,,,,,,,,1.0,1.0,3.0,1.4,2.0,,1.0,,,,,,,,2.0,,
202403,"Most values are the precipitation in the 24 hoursto9 am on the day indicated.
Days marked with → are part of a longer accumulation, which is shown on the final day.Values over  100  mm have been rounded to the nearest whole millimetre.Days marked with - have a rainfall report of zero; 
days left blank have no rainfall report (which often indicates no rain fell).",,,,,,,,,,,,,,,,,,,,,,,,,,,,,,,
202403,Rainfalls colouredaccording to the amount,0,1.0,5.0,10.0,15.0,25.0,50.0,100,150,200,300,400,600,millimetres,,,,,,,,,,,,,,,,,
202404,Abbotsbury (Fairfield (City Farm)),,,,,,,6.0,1.0,1.0,1.0,,1.0,,1.0,,1.0,,1.0,,,,,,,,,,,,,
202404,Abbotsford (Blackwall Point Rd),,0.1,1.8,0.2,87.3,168,,,0.2,22.4,,,,,,,,1.2,2.8,1.0,4.7,,,,,,,,,,
202404,Audley  (Royal National Park),,,1.0,,25.0,152,,,,3.0,,,,,,,,,3.0,,2.0,,,,,,,,,,
202404,Badgerys Creek AWS,,,1.0,0.2,39.6,107,0.2,,,1.0,,,,,,,,2.0,0.2,,,,,,,,,,,,
202404,Bankstown Airport AWS,,,0.4,,36.4,124,,,,,,,,,,,,0.2,1.0,,,,,,,,,,,,
202404,Baulkham Hills Eucalyptus Ct,,,5.0,,43.0,129,,,,19.0,,,,,,,1.0,3.5,0.5,,0.5,,,,,,,,,0.5,
202404,Belrose (Evelyn Place),,,3.4,,38.2,150,,,,9.4,,,,,,,,0.6,0.2,4.8,10.6,,,,,,,,,,
202404,Bilpin Post Office,,7.0,3.0,1.0,84.0,145,,,0.2,,0.2,,,,,,,31.0,,1.4,,1.4,,,,,,,,0.4,
202404,Blackheath (Wombat Street),,1.0,6.0,2.0,81.0,166,,,,14.0,1.0,,,,,,,,,4.0,1.0,1.0,,,,,,,,1.0,
202404,Bringelly (Maryland),,,,,36.0,135,,,,1.0,,,,,,,,,,,,,,,,,,,,,
202404,Camden (Brownlow Hill),,,0.8,,29.6,152,,,,7.0,,,,,,,,,,,,,,,,,,,,0.6,
202404,Camden Airport AWS,,,1.0,,32.6,143,,,,7.6,,,,,,,,,,,,,,,,,,,,0.8,
202404,Campbelltown (Kentlyn (Georges River Roa,,,2.0,,25.0,126,,,,2.0,,,,,1.0,,,,1.0,,,,1.0,,,,,,,,
202404,Campbelltown (Mount Annan),,,1.8,,25.8,127,,,,2.4,0.2,,,,,,,,4.6,0.4,,0.2,,,,,,,,0.8,
202404,Canterbury Racecourse AWS,,,1.4,,61.8,161,0.2,,,19.4,,,,,,,,,6.4,0.8,2.6,0.2,,,,,,,,,
202404,Centennial Park,,,3.4,,103,156,,,,10.0,,,,,,,,0.4,,8.4,,0.2,,,,,,,,,
202404,Chatswood Bowling Club,,,3.0,,52.0,189,,,,8.0,,,,,,,,1.0,5.0,,,,,,,,,,,,
202404,Collaroy (Long Reef Golf Club),,,3.2,2.8,28.2,155,,,,8.8,,,,,,,,1.2,3.4,3.2,27.4,,,,,,,,,,
202404,Colo Heights (Mountain Pines),,,3.4,4.0,59.0,156,,,,19.2,,,,,,,,6.0,,1.4,2.6,,,,,,,,,1.2,
202404,Concord (Brays Rd),,,3.4,,70.2,140,,,,20.8,,,,,,,,1.0,3.0,0.8,3.8,,,,,,,,,,
202404,Concord Golf Club,,,4.4,,83.0,171,,,,,,,,,,,,0.8,3.6,,2.4,,,,,,,,,1.0,
202404,Cooranbong (Avondale),,,4.0,3.0,38.0,124,1.0,,,1.0,,,,,,,,1.0,15.0,29.0,59.0,,,,,,,,,1.0,
202404,Cooranbong (Lake Macquarie AWS),,,3.6,3.2,22.2,135,1.0,,,0.8,,,0.2,,0.2,,,0.2,7.8,9.0,53.4,32.6,,,,,,,,0.2,
202404,Cronulla South Bowling Club,,,1.0,,15.0,140,,,,4.0,,,,,,,,,1.0,5.0,1.0,,,,,,,,,,
202404,Darkes Forest (Kintyre),,1.0,2.0,,40.0,229,,,,7.0,,,,,1.0,,,,,2.0,2.0,,1.0,,,,,,,2.0,
202404,Erskine Park Reservoir,,,,,,,,,,,,,,,,,,,,,,,,,,,,,,,
202404,Faulconbridge (Great Western Hwy),,,1.0,2.0,101,207,,,,11.0,,,,,2.0,,,7.0,,,,,,,,,,,,,
202404,Faulconbridge (St Georges Crescent),,2.0,2.4,,90.7,150,,,17.2,10.2,,,,,,,,4.0,,,,,0.6,,,,,,,0.4,
202404,Gears (Wyong River),,,,,,,,,,,,,,,,,,,,,,,,,,,,,,,
202404,Gosford AWS,,,4.2,6.6,72.4,162,,,,11.2,,,,,,,,,1.4,11.0,36.2,0.8,0.2,,,,,,,,
202404,Holsworthy Aerodrome AWS,,,1.0,,20.6,112,,,,5.4,,,,,0.2,,,,3.2,,,,0.2,,,,,,,0.2,
202404,Holsworthy Defence AWS,,,1.6,,25.4,127,0.2,,,2.2,,,,,,,,,1.6,0.2,,,,,,,,,,,
202404,Hornsby (Swimming Pool),0.2,,0.2,,,,,,,,,,,,,,,,,,,,,,,,,,,,
202404,Horsley Park Equestrian Centre AWS,,,1.6,,56.0,131,0.6,,,1.8,0.6,,,,,,,,,,,,,,,,,,,,
202404,Katoomba (Farnells Rd),,,4.0,2.2,82.0,146,0.3,,,→,14.4,,,,,,,,,4.0,3.2,0.2,,,,,,,,2.2,
202404,Kurrajong Heights (Bells Line of Road),,,2.4,4.6,97.0,183,,,,18.4,,,,,,,,8.2,,0.4,,,,,,,,,,,
202404,Lucas Heights (ANSTO),,,0.8,,24.8,157,,,,3.2,,,,,,,,,3.0,,2.0,,,,,,,1.0,,,
202404,Mangrove Mountain AWS,,,5.8,7.4,79.8,137,,0.2,,0.6,,,,,,,,4.2,6.2,2.4,32.0,0.4,,,,,,,,0.2,
202404,Marrickville Golf Club,,,2.0,,51.0,167,,,,17.0,,,,,,,,,6.0,2.0,4.0,,,,,,,,,,
202404,Menangle Bridge (Nepean River),,1.0,1.0,,19.0,103,,,,3.0,,,,,,,,,,,,,,,,,,,,,
202404,Mona Vale Golf Club,0.2,,3.2,1.0,52.2,140,0.2,,0.2,6.2,,,0.2,,0.4,,,12.6,,6.0,42.0,,0.4,,,,,0.2,0.2,0.2,
202404,Mount Boyce AWS,,0.4,4.6,1.8,70.4,149,,,,12.4,0.2,,,,,,,,,4.6,0.8,0.2,0.4,,,,,0.2,,0.8,
202404,Mount Wilson (Clarine),,,6.0,2.0,70.0,174,,,,12.0,,,,,,,,6.0,,2.0,1.6,,,,,,,,,1.0,
202404,Norah Head AWS,,,5.4,1.6,68.0,112,,,,2.0,,,,,0.2,,8.8,1.2,1.0,121,57.0,2.0,,,,,0.2,0.6,,,
202404,North Parramatta (Burnside Homes),,,4.5,,43.5,119,,,,15.5,,,,,,,,2.0,,0.5,0.5,0.5,,,,,,,,0.5,
202404,North Rocks (Muirfield Golf Club),,,4.5,,36.5,123,,,,15.0,,,,,,,0.5,2.5,,,,,,0.5,,,,,,,
202404,North Ryde Golf Club,,,3.0,,47.0,153,,,,19.0,,,,,,,,1.0,4.0,1.0,3.0,,,,,,,,,,
202404,Parramatta North (Masons Drive),,,4.8,,46.0,103,,,,13.4,,,,,,,,2.0,0.2,,0.6,,,,,,,,,,
202404,Peakhurst Golf Club,,,2.0,,31.0,157,,,,8.0,,,,,,,,,3.0,,,,,,,,,,,,
202404,Penrith Lakes AWS,,,2.6,,84.8,167,,,,6.0,,,,,,,0.2,3.4,,,,,,,,,,,,,
202404,Prospect Reservoir,,,3.0,,58.0,124,,,,22.0,,,,,,,,10.0,,,,,,,,,,,,,
202404,Putty (The Gibba),,,3.0,1.0,57.0,95.0,,,,2.0,,,,,,,,9.0,2.0,1.0,2.0,,,,,,,,,6.0,
202404,Randwick (Randwick St),,0.2,3.4,,53.6,163,,,,12.0,,,,0.6,,,,0.2,5.6,4.2,8.4,,,,,,,4.2,,,
202404,Richmond - UWS Hawkesbury,,,,7.0,68.4,→,→,141,7.4,,,,,,,,,,,,,,,,,,,,,0.2,
202404,Richmond RAAF,,,1.2,,63.8,133,0.2,,,6.4,0.2,,,9.2,,0.2,,6.4,,0.2,,,,,,,,,,,
202404,Rose Bay (Royal Sydney Golf Club),,3.0,,,73.0,120,0.2,,,11.6,,,,0.2,,,,1.0,6.0,5.2,8.6,,,,,,,0.2,,,
202404,Rossmore (South Creek),,,1.0,,52.0,131,,,,1.0,,,,,,,,1.0,,,,,,1.0,,,,,,,
202404,Sans Souci (Public School),,,,,4.0,130,,,,1.0,,,,,,,,,,,,,,,,,,,,,
202404,Seven Hills  (Radio FM 103.2),,,3.5,,39.5,101,,,,19.0,,0.5,,,,,0.5,3.0,,,,,,,,,,,,,
202404,Shanes Park (South Creek Road),,,3.8,,87.0,138,,,,6.8,,,,,,,,7.4,,,,,,,,,,,,,
202404,Sydney (Observatory Hill),,,2.8,,111,,,,,18.2,,,,,,,,1.4,7.4,2.2,12.8,,,,,,,,,,
202404,Sydney Airport AMO,,,1.2,,21.2,145,0.2,,,7.2,,,,,,,,0.4,2.4,2.2,6.8,,,,,,,,,,
202404,Sydney Botanic Gardens,,,2.8,,125,162,,,,13.0,,,,,,,,2.0,5.2,5.2,11.6,,,,,,,,,0.6,
202404,Sydney Olympic Park AWS (Archery Centre),,,2.6,,42.2,,,,,13.2,,,,,,,,0.4,4.2,0.2,0.8,,,,,,,,,,
202404,Terrey Hills AWS,0.2,,3.6,1.6,66.6,161,,,,9.4,,,,,,,,1.6,0.4,3.0,20.4,,,,,,,,,,
202404,Wahroonga (Ada Avenue),,0.2,3.6,,116,170,,,0.2,15.8,,,,0.2,0.2,,,2.0,0.6,0.6,9.0,,0.2,0.2,,,,,0.2,0.2,
202404,Wedderburn (Booalbyn),,,2.0,,19.0,134,,,1.0,9.0,,,,,1.0,,,,,2.0,1.0,,,,,,,,1.0,,
202404,Wyong (Kulnura (Jeavons)),,,2.0,6.0,50.0,109,,,,1.0,,,,,,,,4.0,,6.0,14.0,,,,,,,,,,
202404,Yarramalong (Lewensbrook),,,3.6,10.4,82.0,115,,,,,,,,,,,,2.6,9.4,9.0,24.0,,,,,,,,,1.0,
202404,"Most values are the precipitation in the 24 hoursto9 am on the day indicated.
Days marked with → are part of a longer accumulation, which is shown on the final day.Values over  100  mm have been rounded to the nearest whole millimetre.Days marked with - have a rainfall report of zero; 
days left blank have no rainfall report (which often indicates no rain fell).",,,,,,,,,,,,,,,,,,,,,,,,,,,,,,,
202404,Rainfalls colouredaccording to the amount,0,1.0,5.0,10.0,15.0,25.0,50.0,100,150,200,300,400,600,millimetres,,,,,,,,,,,,,,,,,
202405,Abbotsford (Blackwall Point Rd),4.8,8.8,1.0,28.0,8.0,31.8,1.0,10.8,11.8,6.6,14.0,35.0,6.0,0.2,,,,0.3,1.6,,,,,,,,,,,,
202405,Audley  (Royal National Park),,13.0,17.0,16.0,19.0,70.0,1.0,13.0,14.0,5.0,27.0,27.0,12.0,,,,,,3.0,,,,,,,,,,,,
202405,Badgerys Creek AWS,,,0.2,2.8,4.8,4.8,3.4,2.2,9.0,1.6,3.8,16.6,1.0,,,,,,,,,,0.2,,,,,,,,
202405,Bankstown Airport AWS,,0.4,,,,,,,,,,,,,,,,,,,,,,0.2,,,,,0.2,,
202405,Baulkham Hills Eucalyptus Ct,4.5,3.5,7.0,4.5,3.0,45.0,1.0,1.0,3.0,10.0,9.5,20.5,0.5,,,,,0.5,,,,,,,,,,,,,
202405,Bilpin Post Office,7.8,7.8,0.2,8.6,→,43.0,3.2,1.4,6.2,3.0,9.2,→,15.6,,,,,,,,,,,,,,,,,,
202405,Blackheath (Wombat Street),3.0,1.0,1.0,13.0,19.0,13.0,8.0,9.0,13.0,6.0,15.0,31.0,3.0,,,,1.0,,,,,,,,,1.0,,,,,
202405,Bringelly (Maryland),,,,,4.0,11.0,2.0,7.0,17.0,1.0,6.0,30.0,3.0,,,,,,,,,,,,,,,,,,
202405,Camden (Brownlow Hill),,,,1.0,4.0,10.2,4.6,3.8,15.0,1.6,6.6,31.2,1.4,,,,,,,,,,,,,,,,,,
202405,Camden Airport AWS,,,,4.0,2.4,10.4,7.6,6.8,,2.8,5.2,28.4,3.4,,0.2,,,0.2,,,,,,,,,,,,,
202405,Campbelltown (Kentlyn (Georges River Roa,,1.0,,3.0,6.0,20.0,6.0,9.0,9.0,3.0,9.0,37.0,5.0,,,,,,,,,,,,1.0,,,,,,
202405,Campbelltown (Mount Annan),0.2,,,1.2,2.4,13.2,5.8,7.4,10.6,5.6,,35.4,8.8,,0.2,,0.2,,,,,,0.2,,0.2,,0.2,,0.2,,
202405,Canterbury Racecourse AWS,9.0,8.8,8.4,8.0,4.6,34.6,1.8,5.4,10.2,5.8,16.2,26.8,2.8,,,,,,2.8,,,,,,,,,,0.2,,0.2
202405,Centennial Park,37.3,26.0,2.8,19.0,8.6,22.8,0.6,5.0,23.4,3.6,13.1,32.4,,,,,,,,,,,,,,,,,,,
202405,Chatswood Bowling Club,6.0,18.0,,3.0,12.0,6.0,,1.0,2.0,5.0,20.0,15.0,,,,,,,,,,,,,,,,,,,
202405,Collaroy (Long Reef Golf Club),31.8,39.4,11.2,12.4,8.0,36.6,,3.4,9.4,,23.0,26.0,4.8,,,,,1.0,0.5,,3.8,,,,,,,,,,
202405,Colo Heights (Mountain Pines),2.2,2.4,0.5,2.5,22.4,23.6,2.4,2.4,1.8,0.4,7.6,12.8,2.6,,,,,,,,,,,,,,,,,,
202405,Concord (Brays Rd),4.0,6.6,,21.0,6.0,28.6,1.0,6.0,11.0,2.8,14.6,27.4,2.0,,,,,,1.6,,,,,,,,,,,,
202405,Concord Golf Club,5.0,5.6,12.0,13.0,6.0,38.4,1.4,5.2,,,,,,,,,,0.8,2.2,,,,,,,,,,,,
202405,Cooranbong (Avondale),52.0,11.0,,2.0,12.0,56.0,20.0,,1.0,,22.0,3.0,,,,,,,14.0,,,,,,,,,,,,
202405,Cooranbong (Lake Macquarie AWS),52.4,10.6,0.6,1.2,12.6,54.2,19.2,0.4,0.4,0.6,21.2,2.8,0.2,0.2,0.2,0.2,,,14.2,0.2,1.2,0.2,,0.2,,,,,,0.2,
202405,Cronulla South Bowling Club,21.0,27.0,14.0,8.0,69.0,51.0,,24.0,9.0,14.0,28.0,34.0,7.0,,,,,1.0,11.0,,,,,,,,,,,,
202405,Darkes Forest (Kintyre),,5.0,17.0,22.0,21.0,68.0,29.0,13.0,34.0,4.0,40.0,38.0,53.0,1.0,,1.0,,,,,,,,,,,1.0,,,,
202405,Faulconbridge (Great Western Hwy),,2.0,1.0,5.0,30.0,9.0,3.0,4.0,4.0,4.0,20.0,9.0,1.0,,1.0,,,,,,,,,,,,,,,,
202405,Faulconbridge (St Georges Crescent),0.4,1.2,1.4,5.8,27.2,10.4,4.2,2.8,2.0,4.4,22.0,10.6,1.8,,,0.2,,,,,,,,,,,,,,,
202405,Gears (Wyong River),,,,,,0.5,3.0,,,,,,,,,,,,,,,,,,,,,,,,
202405,Gosford AWS,65.0,,6.2,12.2,,101,5.4,4.8,3.4,2.2,19.0,13.8,0.6,0.2,2.6,,,,5.6,,2.6,,,,,,,0.2,,0.2,
202405,Holsworthy Aerodrome AWS,0.2,0.4,0.6,2.4,6.6,42.4,2.8,8.6,9.6,,,21.8,4.2,,,,,,,,,,,,,,,,,,
202405,Holsworthy Defence AWS,,1.0,0.8,5.2,2.8,24.2,9.2,12.0,9.0,3.4,8.0,21.8,5.2,0.2,,,0.2,,,,,,,,,,,0.2,,0.2,
202405,Hornsby (Swimming Pool),,,,,,,,,,,,,,,0.6,,,,0.8,,,,,,,,,,,,
202405,Horsley Park Equestrian Centre AWS,,,,,,,,,,,,,,,,,,,,,,,,,,,,,,,
202405,Katoomba (Farnells Rd),13.0,4.6,1.2,16.0,19.4,38.0,13.4,8.8,8.0,2.6,10.8,20.6,2.4,0.2,0.2,,,0.3,,,,,,,,,,,,,
202405,Kurrajong Heights (Bells Line of Road),1.2,3.4,,7.0,→,30.0,1.6,0.5,2.0,2.8,8.8,→,7.4,,,,,0.8,,,,,,,,,,,,,
202405,Lucas Heights (ANSTO),,3.2,2.8,8.0,11.0,34.4,8.4,13.8,11.6,3.6,21.3,20.2,7.4,,,,,,,,,,,,,,,,,,
202405,Mangrove Mountain AWS,21.2,9.6,0.2,4.0,7.0,65.0,9.6,1.4,3.0,,9.6,8.4,3.4,,0.2,,,0.2,0.2,,0.4,,0.2,,,,,,,,
202405,Marrickville Golf Club,14.0,12.0,9.0,11.0,7.0,32.0,2.0,4.0,9.0,4.0,19.0,28.0,7.0,,,,,1.0,3.0,,,,,,,,1.0,,,,
202405,Menangle Bridge (Nepean River),,,,3.0,2.0,18.0,12.0,1.0,7.0,4.0,4.0,24.0,7.0,,,,,,,,,,,,,,,,1.0,,
202405,Mona Vale Golf Club,68.6,28.4,6.4,26.2,9.6,51.6,,1.8,12.0,0.4,10.4,35.2,3.0,0.2,0.4,0.2,0.4,0.2,0.4,,2.2,,,0.2,,,0.4,0.4,0.4,0.6,
202405,Mount Boyce AWS,3.0,1.4,0.8,13.0,16.8,11.4,9.4,8.2,10.6,4.6,11.4,20.0,2.8,,0.2,,,0.4,,,,0.2,,0.2,,0.4,,0.4,,,
202405,Mount Wilson (Clarine),6.0,8.0,1.0,19.4,22.0,14.0,7.0,3.0,12.0,2.6,14.0,27.0,,,1.6,,,1.0,,,,,,,,,,,,,
202405,Norah Head AWS,60.4,40.4,1.8,7.0,14.6,85.0,4.2,1.2,1.4,,11.6,29.0,1.8,0.4,,,0.2,,46.4,,23.8,7.8,,,,,,,,0.2,
202405,North Parramatta (Burnside Homes),5.5,3.0,1.0,11.0,3.5,47.5,1.0,1.5,5.5,,8.5,21.0,1.5,,,,,0.5,0.5,,,,,,,,,,,0.5,
202405,North Rocks (Muirfield Golf Club),4.5,3.0,3.0,7.5,5.0,48.5,2.5,2.0,4.0,,8.0,18.5,1.5,,,,,0.5,0.5,,,,,,,,,,,,
202405,North Ryde Golf Club,5.0,10.0,2.0,4.0,12.0,24.0,2.0,2.0,8.0,3.0,16.0,22.0,3.0,1.0,,,,,1.0,,,,,,,,,1.0,,,
202405,Parramatta North (Masons Drive),5.0,1.6,1.0,14.2,3.6,49.6,0.8,2.2,6.4,0.4,7.8,20.0,0.6,,,,,,0.8,,,,,,,,,,,,
202405,Peakhurst Golf Club,1.0,6.0,1.0,6.0,17.0,31.0,2.0,7.0,8.0,3.0,19.0,32.0,5.0,,,,,,2.0,,1.0,,,,,,,,,,
202405,Penrith Lakes AWS,0.2,1.0,0.2,3.6,15.4,10.2,2.4,1.6,5.8,0.2,9.4,10.6,0.6,,,,,0.2,,,,,,,0.2,,0.2,0.2,0.2,,0.2
202405,Prospect Reservoir,,2.0,,6.0,2.0,36.0,2.0,8.0,10.0,,9.0,21.0,1.0,1.0,,,,,,,,,,,,,,,,,
202405,Putty (The Gibba),8.0,1.0,1.0,,25.0,13.0,3.0,,2.0,,8.0,13.0,1.0,,,,,,,,,,,,,,,,,,
202405,Randwick (Randwick St),43.6,23.2,2.0,26.4,16.0,32.6,1.2,6.6,16.0,7.0,16.0,34.2,19.2,0.2,0.6,,,0.8,4.6,,4.2,,,,,,,,,,
202405,Richmond RAAF,,0.4,,2.0,8.2,18.4,0.4,0.2,1.6,3.2,7.6,5.6,0.6,,0.2,,,,0.2,,,,,,,0.2,,0.2,0.2,0.2,0.2
202405,Rose Bay (Royal Sydney Golf Club),41.4,21.6,10.8,33.2,20.0,44.0,0.8,5.8,12.0,5.8,10.6,41.9,20.6,0.4,0.2,,,0.8,4.0,,4.2,,,,,,,0.2,,,
202405,Rossmore (South Creek),,,,5.0,4.0,13.0,4.0,4.0,17.0,,3.0,19.0,1.0,1.0,,,,,,,,,,,,,,,,,
202405,Sans Souci (Public School),6.0,21.0,5.0,11.0,29.0,24.0,,13.0,16.0,7.0,32.0,33.0,3.0,,,,,,1.0,,,,,,,,,,,,
202405,Seven Hills  (Radio FM 103.2),,1.5,0.5,7.0,3.0,26.0,2.0,2.0,4.0,,5.5,16.0,1.5,,,,,0.5,,,,,,,,,,0.5,,,
202405,Shanes Park (South Creek Road),0.4,,0.4,2.2,5.6,23.6,2.2,0.8,5.2,,10.4,26.8,0.6,,,,,,,,,,,,,,,,0.2,,
202405,Sydney (Observatory Hill),22.8,23.2,6.8,18.6,21.4,31.2,3.0,8.8,8.4,5.2,21.6,31.2,10.6,0.2,,,,0.6,4.4,,0.8,0.2,,,,,,,,,
202405,Sydney Airport AMO,22.4,22.6,14.4,10.8,26.0,28.0,1.8,5.4,8.6,11.8,18.6,25.8,10.4,,,,,,6.0,,,0.2,,,,,,,,,
202405,Sydney Botanic Gardens,25.4,23.6,6.9,21.0,26.0,30.4,5.4,6.8,9.6,3.2,18.4,33.8,13.0,0.2,,,,,6.4,,1.6,,,,,,,,,,
202405,Sydney Olympic Park AWS (Archery Centre),1.2,2.0,0.6,13.2,2.2,26.0,0.4,1.8,2.4,1.2,7.6,15.0,0.6,,0.2,,,,1.0,,,,,,,,,,,,
202405,Terrey Hills AWS,24.6,7.8,4.4,10.2,8.6,41.0,1.0,4.8,13.2,0.6,13.8,20.0,5.6,0.2,0.2,0.2,,0.2,0.8,,,,,,,,0.2,0.2,,,
202405,Wahroonga (Ada Avenue),12.4,9.2,2.8,4.4,4.2,35.4,2.6,0.2,7.6,2.8,19.6,18.2,5.0,0.4,,0.2,0.2,0.2,1.4,,,,,0.2,,0.2,,0.2,0.2,0.2,
202405,Wedderburn (Booalbyn),,,3.0,11.0,3.0,36.0,20.0,4.0,10.0,2.0,6.0,24.0,16.0,,,1.0,,,,,,,,,,1.0,,,,,
202405,Wyong (Kulnura (Jeavons)),15.0,7.0,1.0,2.0,13.0,81.0,18.0,1.0,3.0,1.0,17.0,8.0,3.0,,,,,,,,,,,,,,,,,,
202405,"Most values are the precipitation in the 24 hoursto9 am on the day indicated.
Days marked with → are part of a longer accumulation, which is shown on the final day.Values over  100  mm have been rounded to the nearest whole millimetre.Days marked with - have a rainfall report of zero; 
days left blank have no rainfall report (which often indicates no rain fell).",,,,,,,,,,,,,,,,,,,,,,,,,,,,,,,
202405,Rainfalls colouredaccording to the amount,0,1.0,5.0,10.0,15.0,25.0,50.0,100,150,200,300,400,600,millimetres,,,,,,,,,,,,,,,,,
202406,Abbotsford (Blackwall Point Rd),0.4,122,,,,4.8,40.6,7.6,0.1,,,,,,44.6,2.2,,,,,,30.6,20.6,0.2,,,,,0.1,7.0,
202406,Audley  (Royal National Park),,121,,,,17.0,54.0,6.0,,,,,,,39.0,,,,,,,44.0,12.0,,,,,,,8.0,
202406,Badgerys Creek AWS,0.2,26.6,0.2,,,8.4,40.2,0.6,,,,,,,7.2,,,,,0.2,,4.0,0.2,,,,,,,10.2,
202406,Bankstown Airport AWS,0.2,65.8,,,,8.6,33.6,3.8,0.2,,,,0.2,,20.6,0.4,,,,0.2,,31.0,5.4,0.2,,,0.2,,,6.0,
202406,Baulkham Hills Eucalyptus Ct,,70.0,,,0.5,5.0,35.5,2.0,,,,,,,12.5,0.5,,,,,,21.0,4.5,0.5,1.0,,,,,10.0,
202406,Bilpin Post Office,,→,33.4,,,8.8,26.0,0.6,,,,,,,17.4,,,,,,,2.2,→,6.2,,,,,,,
202406,Blackheath (Wombat Street),2.0,17.0,,,,9.0,31.0,6.0,,,,,,,9.0,2.0,,1.0,,,,,2.0,,,,,,,15.0,
202406,Bringelly (Maryland),,14.0,,,,14.0,50.0,2.0,,,,,,,7.0,,,,,,,3.0,,,,,,,,9.0,
202406,Camden (Brownlow Hill),0.2,,,,,25.8,63.8,7.8,,,,,,,4.0,,,,,,,0.6,,,,,,,,9.8,
202406,Camden Airport AWS,,5.2,,,,35.2,64.4,11.6,,,,,,,5.8,,,,,,,2.2,,,,,,,,11.2,
202406,Campbelltown (Kentlyn (Georges River Roa,1.0,34.0,,,,20.0,53.0,3.0,,,,,1.0,,13.0,1.0,,,,,,17.0,1.0,,,,,,,8.0,
202406,Campbelltown (Mount Annan),,12.4,,,,35.8,79.4,5.0,0.2,,0.2,,,,10.2,0.2,,,0.2,0.2,,4.6,,0.2,0.4,,,0.2,,8.6,
202406,Canterbury Racecourse AWS,,103,,,,7.6,41.0,8.2,0.2,,,,,,37.2,0.8,,,,,,31.2,17.4,0.6,,,,,,5.0,
202406,Centennial Park,1.6,152,,,,9.8,51.8,3.1,0.1,,,,,,90.6,4.2,0.1,0.3,0.2,,,28.0,50.5,0.8,0.1,,,,,,
202406,Chatswood Bowling Club,,,,,,,,,,,,,,,,,,,,,,,,,,,,,,,
202406,Collaroy (Long Reef Golf Club),,107,,,,4.2,31.4,5.0,,,,,,,32.0,4.2,,,,,,,52.0,4.8,,,,,,,
202406,Colo Heights (Mountain Pines),0.8,36.4,,,,4.0,21.6,2.4,,,,,,,11.6,0.2,,,,,,3.4,0.8,,,,,,,11.6,
202406,Concord (Brays Rd),0.2,111,,,,5.4,35.0,9.4,,,,,,,29.0,1.0,,,,,,26.0,18.4,0.8,,,,,,6.2,
202406,Concord Golf Club,1.2,106,,,,5.6,35.6,9.8,,,,,,,29.6,0.8,,,,,,21.0,16.8,1.2,,,,,,,
202406,Cooranbong (Avondale),25.0,46.0,,,,9.0,,,,,,,,,,,,,,,,,,,,,,,,,
202406,Cooranbong (Lake Macquarie AWS),24.2,46.4,,,,,3.8,0.2,,0.2,,,,,5.4,2.6,,,,,,,4.0,0.2,0.2,,0.2,,0.2,12.2,
202406,Cronulla South Bowling Club,1.0,129,,,,11.0,23.0,8.0,,,,,,,68.0,3.0,,,,,,45.0,21.0,1.0,,,,,,7.0,
202406,Darkes Forest (Kintyre),1.0,41.0,,,,23.0,116,18.0,,,,,1.0,,23.0,1.0,,,,,,17.0,10.0,1.0,,,,,,7.0,
202406,Faulconbridge (Great Western Hwy),,27.0,,,,7.0,24.0,,,,,,,,12.0,1.0,,,,,,,1.0,,,,,,,11.0,
202406,Faulconbridge (St Georges Crescent),,23.0,0.4,,,7.2,23.6,5.6,,,,,,,13.0,0.8,,,,,,1.0,0.4,,,,,,,12.4,
202406,Gosford AWS,4.8,92.8,,,,11.8,18.2,,,,,,,,37.4,2.2,0.2,,,,,0.6,18.4,2.6,,,,,,7.0,
202406,Holsworthy Aerodrome AWS,0.4,56.0,,,,12.0,27.4,4.8,0.2,,,,,,20.2,,,,,,,27.8,3.4,0.2,,0.2,,,,6.4,
202406,Holsworthy Defence AWS,0.4,40.2,,,,21.8,63.0,2.8,,,,,0.2,,16.4,,,,,,,23.0,2.0,0.2,,0.2,,,,7.6,
202406,Hornsby (Swimming Pool),,95.0,,,,3.4,46.8,0.6,,,,,,,22.8,1.6,,,,,,19.4,15.0,0.6,,,,,,14.8,
202406,Horsley Park Equestrian Centre AWS,0.2,45.2,,,,6.8,26.6,0.4,,,,,,,8.8,,,,,,,13.6,1.6,0.2,,,,,,7.2,
202406,Katoomba (Farnells Rd),2.2,20.8,0.6,,,7.0,46.0,10.5,,,,,,,20.4,3.6,,,,,,→,2.0,1.2,,,,,,14.6,
202406,Kurrajong Heights (Bells Line of Road),1.4,32.0,0.4,,,7.4,→,27.8,,,,,,,14.1,0.2,,,,,→,→,→,5.6,,,,,,10.4,
202406,Lucas Heights (ANSTO),5.0,75.2,,,,15.4,43.4,4.4,,,,,,,27.6,0.5,,,,,,35.0,8.0,0.6,0.2,,,,,,
202406,Mangrove Mountain AWS,8.4,63.2,,,,7.6,12.4,,0.2,,,,,,8.0,1.6,,,,0.2,,1.0,15.0,0.6,,0.2,,,,9.0,
202406,Marrickville Golf Club,,97.0,,,1.0,8.0,59.0,7.0,,,,,,,47.0,4.0,,,,,,31.0,21.0,1.0,,,,,,6.0,
202406,Menangle Bridge (Nepean River),,4.0,,,,19.0,74.0,6.0,,,,,,,8.0,,,,,,,3.0,,,,,,,,10.0,
202406,Mona Vale Golf Club,0.4,126,,,,3.4,32.2,5.0,,,,,,,39.8,4.2,,,,,,4.8,45.2,1.6,0.2,0.4,,,0.2,11.6,
202406,Mount Boyce AWS,1.0,15.0,0.2,,,8.6,27.8,6.0,,,,0.2,,,11.2,3.2,,,0.2,0.2,,0.2,0.8,0.8,,0.2,,,,12.6,
202406,Norah Head AWS,,78.8,,0.2,,,7.8,0.4,,,,,,0.4,28.8,5.4,,,,,,,18.0,2.8,,,,,,16.0,
202406,North Parramatta (Burnside Homes),,84.0,,,,6.0,36.5,2.5,,,,,,,16.0,,,,,,,22.5,6.0,1.0,,,,,,9.5,
202406,North Rocks (Muirfield Golf Club),,80.5,,,,6.0,36.0,2.0,,,,,,,15.5,,,,,,,22.0,6.5,0.5,0.5,,,,,9.5,
202406,North Ryde Golf Club,,104,,,,5.0,44.0,4.0,,,,,,,23.0,2.0,,,,,,22.0,15.0,,,,,,,9.0,
202406,Parramatta North (Masons Drive),0.6,72.0,,,,6.4,33.0,2.0,,,,,,,14.0,0.2,,,,,,22.0,6.2,0.6,,,,,,7.8,
202406,Peakhurst Golf Club,1.0,75.0,,,,12.0,24.0,6.0,,,,2.0,,,36.0,1.0,,,,,,33.0,8.0,1.0,,,,,,5.0,
202406,Penrith Lakes AWS,,23.0,,,,5.8,18.2,0.2,,,,,,,6.6,,0.2,,,,,3.4,0.4,0.2,0.2,,,,,9.0,
202406,Prospect Reservoir,,57.0,,,,5.0,29.0,1.0,,,,,,,11.0,1.0,,,,,,20.0,4.0,,,,,,,7.0,
202406,Putty (The Gibba),3.0,28.0,,,,,14.0,1.0,,,,,,,5.0,,,,,,,3.0,1.0,,,,,,,12.0,
202406,Randwick (Randwick St),1.0,154,,,0.6,11.2,51.2,4.0,,,,,0.2,,80.8,5.0,,0.8,,,,28.8,54.0,1.0,,,,,,5.6,
202406,Richmond RAAF,,29.6,,,,3.2,27.4,8.2,0.2,,,,,,5.2,,,,,0.2,,8.0,0.2,0.2,0.2,0.2,,,,10.0,
202406,Rose Bay (Royal Sydney Golf Club),0.4,157,,,,9.6,74.0,4.0,,,,,0.2,,74.4,6.2,,1.6,,,,24.0,43.0,0.8,,,,,,6.6,
202406,Rossmore (South Creek),,28.0,,,,12.0,41.0,1.0,,,,,,,9.0,,,,,,,6.0,,,,,,,,9.0,
202406,Sans Souci (Public School),,80.0,,,,20.0,43.0,14.0,,,,,,,75.0,,,,,,,55.0,17.0,,,,,,,6.0,
202406,Seven Hills  (Radio FM 103.2),0.5,56.5,,,,4.5,24.0,2.5,,,,,,,8.5,,,,,,,19.5,3.5,0.5,,,,,,8.0,
202406,Shanes Park (South Creek Road),0.4,39.8,,,,5.0,26.4,1.6,,,,,,,6.6,,,,,,,7.4,1.0,,0.2,,,,,10.2,
202406,Sydney (Observatory Hill),0.4,143,,,,7.0,62.0,11.8,,,,,,,70.2,6.4,0.2,,,,,25.0,35.2,0.2,,0.2,,,,7.2,
202406,Sydney Airport AMO,,81.4,,,,14.2,59.8,6.2,,,,,,,67.4,4.2,,,,,,29.6,24.4,0.6,0.2,,,,,5.8,
202406,Sydney Botanic Gardens,0.6,160,,0.2,,7.0,61.2,21.2,,,,,,,74.2,,,0.6,,,,31.5,36.6,0.6,0.2,,,,,7.2,
202406,Sydney Olympic Park AWS (Archery Centre),0.2,52.4,,,,3.0,20.6,3.6,,,,,,,14.2,,,,,,,13.8,6.2,0.4,0.2,,,,,3.8,
202406,Terrey Hills AWS,0.4,93.8,,,,2.8,32.6,1.8,,,,,,,29.2,1.8,,0.8,,,,10.6,38.2,0.4,,,,,,12.6,
202406,Wahroonga (Ada Avenue),0.2,107,,,,3.0,51.2,1.6,,,,,,,24.8,1.4,,0.2,,,,18.8,17.8,0.8,0.2,,,,,15.6,
202406,Wedderburn (Booalbyn),1.0,10.0,,,,25.0,73.0,7.0,,,,,,,11.0,,,,,,,5.0,2.0,,,,,,,10.0,
202406,Wyong (Kulnura (Jeavons)),16.0,41.0,,,,4.0,7.0,,,,,,,,7.0,,,,,,,,3.0,,,,,,,14.0,
202406,"Most values are the precipitation in the 24 hoursto9 am on the day indicated.
Days marked with → are part of a longer accumulation, which is shown on the final day.Values over  100  mm have been rounded to the nearest whole millimetre.Days marked with - have a rainfall report of zero; 
days left blank have no rainfall report (which often indicates no rain fell).",,,,,,,,,,,,,,,,,,,,,,,,,,,,,,,
202406,Rainfalls colouredaccording to the amount,0,1.0,5.0,10.0,15.0,25.0,50.0,100,150,200,300,400,600,millimetres,,,,,,,,,,,,,,,,,
202407,Abbotsford (Blackwall Point Rd),1.6,10.6,1.8,10.8,19.0,7.4,0.3,1.0,3.8,,,,,,,,,0.6,,,,,,,,4.4,8.0,2.0,,,
202407,Audley  (Royal National Park),3.0,22.0,7.0,9.0,16.0,1.0,2.0,2.0,2.0,1.0,,,,,,,,,,,,,,,,2.0,4.0,1.0,,,
202407,Badgerys Creek AWS,3.2,3.4,1.6,3.6,7.0,,0.4,0.4,2.8,0.2,,,0.2,,,,,,,,,,,,,7.6,5.4,1.0,,,
202407,Bankstown Airport AWS,2.6,8.0,3.6,4.6,10.0,1.6,1.2,0.2,2.2,0.2,0.2,,,0.2,,,,0.6,,,,,,,,6.8,5.0,1.4,,,
202407,Baulkham Hills Eucalyptus Ct,2.0,4.0,2.0,5.0,9.0,2.0,,0.5,2.5,,,,,,,,,0.5,,,,,,,,7.0,7.0,1.0,,,
202407,Bilpin Post Office,18.0,5.4,7.2,8.2,20.0,6.8,→,2.0,3.0,,,,,,,,,,,0.2,,,,,,13.6,11.4,→,0.8,,
202407,Blackheath (Wombat Street),3.0,5.0,4.0,10.0,15.0,4.0,2.0,3.0,3.0,,1.0,,,,,,,,,2.0,1.0,,,,,12.0,3.0,,,,
202407,Bringelly (Maryland),1.0,6.0,4.0,3.0,9.0,1.0,,,4.0,,,,,,,,,,,,,,,,,4.0,2.0,,,,
202407,Camden (Brownlow Hill),,2.4,1.2,3.6,10.0,,,0.4,3.8,,,,,,,,,,,,,,,,,4.8,1.6,0.8,,,
202407,Camden Airport AWS,1.4,3.4,1.2,3.6,8.6,,,,3.8,,,,,,,,,,,,,,,,,5.6,1.0,1.0,,,
202407,Campbelltown (Kentlyn (Georges River Roa,1.0,13.0,5.0,6.0,10.0,1.0,,1.0,3.0,,,1.0,,,,,,1.0,,,,,,,,3.0,4.0,,,,
202407,Campbelltown (Mount Annan),0.8,3.8,2.0,4.4,8.2,0.8,,0.2,3.2,0.2,,0.2,,,,,,0.8,,,,,,,,6.2,1.4,1.2,,,
202407,Canterbury Racecourse AWS,2.2,8.0,6.8,12.0,9.6,3.2,3.4,2.0,3.4,,0.2,,,,,,,0.2,,,,,,,,7.0,7.8,2.6,,,
202407,Centennial Park,2.8,11.6,9.6,15.4,8.5,2.0,4.0,11.0,5.5,,,,,,,,,,,,,,,,,,,,,,
202407,Collaroy (Long Reef Golf Club),2.2,19.6,8.0,16.0,,8.8,3.5,4.0,3.6,1.8,,,,,,,,,,,,,,,,3.8,,5.6,,,
202407,Colo Heights (Mountain Pines),8.0,3.0,2.4,2.4,8.8,7.4,0.8,0.2,3.8,,,,,,,,,1.2,,,,,,,,6.8,6.6,0.6,,,
202407,Concord (Brays Rd),1.2,9.0,2.8,10.4,16.0,6.0,0.6,0.6,3.6,,,,,,,,,,,,,,,,,4.6,6.2,2.8,,,
202407,Concord Golf Club,1.6,8.2,3.4,10.8,14.2,5.2,1.6,1.0,3.8,,,,,,,,0.2,0.6,,,,,,,,5.6,8.0,1.6,,,
202407,Cooranbong (Lake Macquarie AWS),0.6,4.2,13.8,5.6,1.4,9.0,0.2,2.4,3.4,1.6,,,,0.2,,,,,,,,,,,,4.2,4.8,1.8,,,
202407,Cronulla South Bowling Club,4.0,25.0,8.0,10.0,2.0,2.0,2.0,6.0,2.0,,,,,,,,,,,,,,,,,2.0,4.0,1.0,,,1.0
202407,Darkes Forest (Kintyre),1.0,11.0,10.0,15.0,34.0,1.0,1.0,3.0,2.0,,,,,,1.0,,,,,,,,,,,4.0,2.0,1.0,,,
202407,Faulconbridge (Great Western Hwy),4.0,3.0,3.0,4.0,9.0,4.0,1.0,5.0,2.0,,,,,,,,,,,,,,,,,6.0,3.0,1.0,,,
202407,Faulconbridge (St Georges Crescent),2.8,3.0,2.8,5.6,14.6,3.0,2.8,5.0,2.2,,,,,,,,,,,,0.4,,,,,7.0,3.4,0.8,,,
202407,Gosford AWS,1.4,13.2,18.2,4.2,6.2,10.2,0.2,2.6,3.8,0.2,,,,,,,,0.2,,,,,,,,2.0,4.0,2.0,,,0.2
202407,Holsworthy Aerodrome AWS,1.8,15.6,4.6,7.0,9.8,3.6,0.2,0.4,2.8,,,,,,,,,0.4,,,,,,,,4.4,7.0,1.0,,,
202407,Holsworthy Defence AWS,1.0,13.4,7.6,9.6,13.0,2.0,0.4,1.2,2.8,0.2,,,,,,,,0.2,,,,,,,,3.2,3.4,1.2,,,
202407,Hornsby (Swimming Pool),2.2,3.4,6.4,8.4,8.0,7.8,0.4,1.4,3.8,0.2,,,,,,,,1.0,,,,,,,,5.0,6.4,1.2,,,
202407,Horsley Park Equestrian Centre AWS,2.2,1.8,1.8,2.6,7.4,2.4,0.4,0.4,2.6,,,,,,,,,,,,,,,,,6.6,7.0,0.8,,,
202407,Katoomba (Farnells Rd),6.8,9.4,11.0,17.0,20.0,,1.6,4.4,4.8,,,,,,,,,,,,,,,,,7.0,1.8,0.9,,,
202407,Kurrajong Heights (Bells Line of Road),6.6,1.6,7.0,3.6,→,16.5,0.5,2.0,2.4,,,,,,,,,,,,,,,,,10.8,10.8,,,,
202407,Lucas Heights (ANSTO),1.8,25.6,8.4,8.4,8.8,5.4,1.2,1.2,2.4,0.8,,,,,,,,,,,,,,,,2.8,4.8,1.2,,,
202407,Mangrove Mountain AWS,1.6,2.2,7.8,2.6,7.0,8.4,,2.6,3.8,0.2,,,0.2,,,,,0.8,,,,,,,,4.6,6.8,2.0,,,
202407,Marrickville Golf Club,2.0,10.0,7.0,16.0,12.0,5.0,4.0,2.0,4.0,,,1.0,,,,,,,,,,,,,,6.0,6.0,2.0,,,
202407,Menangle Bridge (Nepean River),2.0,,1.0,4.0,9.0,,,,3.0,,,,,,1.0,,,,,,,,,,,6.0,1.0,1.0,,,
202407,Mona Vale Golf Club,2.4,42.4,20.6,11.8,8.0,16.0,1.6,3.6,4.0,,,0.2,,,,,,,,,,,,0.2,,3.8,3.6,3.0,,1.6,0.8
202407,Mount Boyce AWS,2.2,5.2,3.4,9.8,14.2,4.2,1.4,2.8,2.8,,0.2,,,,,,,0.2,,1.4,0.4,,,,,9.0,3.0,0.6,,,
202407,Norah Head AWS,0.6,12.0,12.4,6.6,2.6,2.8,1.0,2.4,5.4,1.8,0.2,,,,,,,0.8,,,,,,,,4.2,4.8,5.4,,3.2,2.2
202407,North Parramatta (Burnside Homes),2.5,5.0,2.0,7.0,9.5,2.0,,0.5,2.5,0.5,,,,,,,,0.5,0.5,,,,,,,6.0,8.0,0.5,0.5,,
202407,North Rocks (Muirfield Golf Club),2.0,4.5,2.0,8.0,8.0,2.5,,0.5,3.0,,,,,,,,,1.0,,,,,,,,6.5,8.0,1.0,,,
202407,North Ryde Golf Club,3.0,9.0,3.0,9.0,13.0,7.0,,1.0,4.0,,,,,,,,,,,,,,,,,4.0,7.0,1.0,,,
202407,Parramatta North (Masons Drive),2.6,5.0,2.0,5.0,8.8,1.4,0.2,0.6,2.8,0.2,,,,,,,0.2,1.0,,,,,,,,6.0,8.0,1.4,,,
202407,Peakhurst Golf Club,2.0,11.0,6.0,7.0,10.0,3.0,1.0,3.0,3.0,,,,,,,,,,,,,,,,,5.0,5.0,1.0,,,
202407,Penrith Lakes AWS,2.6,0.4,1.8,0.8,5.8,1.2,,0.4,2.4,0.2,,,,,,,,,,,,,,,,7.2,5.6,0.6,,,
202407,Prospect Reservoir,3.0,2.0,4.0,4.0,8.0,3.0,1.0,,2.0,,,,,,,,,,,,,,,,,9.0,6.0,3.0,,,
202407,Putty (The Gibba),6.0,,2.0,1.0,2.0,5.0,,1.0,4.0,,,,,,,,,1.0,,,,,,,,7.0,9.0,2.0,,,
202407,Randwick (Randwick St),3.6,12.0,8.0,13.4,10.2,3.4,1.4,12.0,5.0,0.2,,,,,,,0.2,0.2,,,,,,,,3.2,5.8,1.8,,2.2,3.6
202407,Richmond - UWS Hawkesbury,,,,,,→,→,10.0,,,,,→,→,10.0,,,,,,,,,,8.0,,,,,,
202407,Richmond RAAF,1.4,0.2,1.2,0.8,3.0,1.8,,1.8,2.4,,,0.2,,,,,,,,,,,,,,8.8,10.8,0.6,0.2,,
202407,Rose Bay (Royal Sydney Golf Club),3.2,19.0,4.4,7.6,4.4,3.2,0.2,14.2,5.4,,,,,,,,,0.4,,,,,,,,3.8,4.8,0.4,,2.0,3.8
202407,Rossmore (South Creek),2.0,6.0,2.0,4.0,5.0,,,,3.0,,,,,,,,,,,,,,,,,1.0,,,,,
202407,Sans Souci (Public School),1.0,18.0,5.0,7.0,6.0,2.0,1.0,4.0,3.0,,,,,,,,,,,,,,,,,6.0,7.0,3.0,,,
202407,Seven Hills  (Radio FM 103.2),1.5,1.5,2.5,2.5,7.0,4.0,0.5,,2.0,,,,,,,,,,,,,,,,,7.5,6.0,2.5,,,
202407,Shanes Park (South Creek Road),1.6,3.0,2.4,1.2,6.2,2.0,0.4,0.8,2.6,,,,,,,,,,,,,,,,,9.4,5.4,0.8,,,
202407,Sydney (Observatory Hill),2.4,10.8,7.6,13.2,10.4,5.6,0.4,4.2,3.8,0.2,,,,,,,,,,,,,,,,3.6,5.8,2.0,,0.8,0.8
202407,Sydney Airport AMO,2.2,10.4,7.6,22.6,8.2,4.2,3.0,9.0,3.8,0.2,,,,,,,,,,,,,,,,4.6,4.8,1.8,0.2,0.2,0.2
202407,Sydney Botanic Gardens,2.8,11.2,5.2,13.2,10.4,4.6,0.6,4.8,3.6,0.6,,,,,,,0.2,,0.2,,,,,,,3.2,0.4,7.8,,1.0,1.0
202407,Sydney Olympic Park AWS (Archery Centre),1.0,3.8,1.0,5.0,,3.2,0.4,0.2,2.8,0.2,,,,,,,,0.6,,,,,,,,5.4,10.4,1.0,,,
202407,Terrey Hills AWS,2.2,11.2,18.2,8.6,17.0,9.2,4.0,3.4,3.0,0.4,,,,,,,,1.4,,,,,,,,3.0,3.4,2.4,,,0.2
202407,Wahroonga (Ada Avenue),2.2,4.0,5.2,9.2,10.0,9.2,0.8,1.2,4.4,,0.2,,,,,,0.2,2.2,,,,,,,,5.0,7.0,1.4,,,
202407,Wedderburn (Booalbyn),1.0,2.0,1.0,8.0,11.0,,,1.0,3.0,,,,,,,,,,,,,,,,,7.0,3.0,1.0,,,
202407,Wyong (Kulnura (Jeavons)),1.0,2.0,4.0,5.0,6.0,7.0,,2.0,4.0,,,,,,,,,,,,,,,,,4.0,5.0,4.0,,,
202407,Yarramalong (Lewensbrook),1.0,2.0,7.6,6.0,4.0,12.0,,2.0,5.0,1.0,,,,,,,,1.0,,,,,,,,4.0,5.0,5.0,,,
202407,"Most values are the precipitation in the 24 hoursto9 am on the day indicated.
Days marked with → are part of a longer accumulation, which is shown on the final day.Values over  100  mm have been rounded to the nearest whole millimetre.Days marked with - have a rainfall report of zero; 
days left blank have no rainfall report (which often indicates no rain fell).",,,,,,,,,,,,,,,,,,,,,,,,,,,,,,,
202407,Rainfalls colouredaccording to the amount,0,1.0,5.0,10.0,15.0,25.0,50.0,100,150,200,300,400,600,millimetres,,,,,,,,,,,,,,,,,
202408,Abbotsford (Blackwall Point Rd),0.1,1.4,1.0,,,,,,,,,4.2,1.4,0.4,6.8,0.8,11.6,,,,,,,0.4,,,,,,,
202408,Audley (Royal National Park),,1.0,,,,,,,,,,2.0,4.0,1.0,8.0,,7.0,,,,,,,,,,,,,,
202408,Badgerys Creek AWS,,,,,,,,,,,,,7.2,4.4,4.4,,4.8,,,,,,,0.2,,,,,,,
202408,Bankstown Airport AWS,,,,,,,,0.2,,,0.2,1.2,2.0,1.4,8.6,0.2,5.8,0.2,,,,,,0.2,0.2,,,,,,
202408,Baulkham Hills Eucalyptus Ct,,0.5,,,,,,,,1.0,,0.5,1.5,1.0,4.0,,,,,,,,,,,,2.0,,,,
202408,Blackheath (Wombat Street),,1.0,,,,,,,,1.0,1.0,,5.0,8.0,6.0,3.0,,,,,,,,1.0,,1.0,,,,,
202408,Bringelly (Maryland),,,,,,,,,,,,,,,,,,,,,,,,,,,,,,,
202408,Camden (Brownlow Hill),,,,,,,,,,,,,4.0,5.6,5.0,,2.8,,,,,,,0.2,,,,,,,
202408,Camden Airport AWS,,,,,,,,,,,,,3.6,6.4,5.6,0.2,3.6,,,,,,,0.2,,,,,,,
202408,Campbelltown (Kentlyn (Georges River Roa,,,,,,,,1.0,,,,,6.0,3.0,7.0,,21.0,,,,,,,1.0,,,,,,,
202408,Campbelltown (Mount Annan),,,1.0,0.2,,,,,0.2,,,0.2,3.2,5.0,4.0,,8.4,,,0.2,,,,0.2,0.2,,,,,,
202408,Canterbury Racecourse AWS,,1.8,0.2,,,,,,,,,5.8,5.4,1.0,7.6,,5.6,0.2,,,,,,,0.2,,,0.2,,,
202408,Centennial Park,2.0,12.2,0.8,,,,,,,,,11.6,3.0,1.0,19.6,1.0,8.2,,0.4,,,,0.4,,,,,,,,
202408,Chatswood Bowling Club,,,,,,,,,,,,,,,,,3.0,,,,,,,,,,,,,,
202408,Collaroy (Long Reef Golf Club),2.4,7.0,,,,,,,,4.8,11.4,8.4,,1.0,12.0,,,,,,,,,,,,,,,,
202408,Colo Heights (Mountain Pines),,1.2,,,,0.6,,,,,,0.6,3.4,1.6,3.6,0.2,,,,,,,,,,,,,,,
202408,Concord (Brays Rd),,1.0,0.2,,,,,,,,,3.2,4.2,1.0,6.8,1.0,7.6,,0.2,,,,,0.2,,,,,,,
202408,Concord Golf Club,,1.0,,,,,,,,,,3.4,4.8,1.6,7.4,1.4,7.4,,,,,,,0.8,,,,,,,
202408,Cooranbong (Lake Macquarie AWS),,1.2,,0.2,,10.8,0.2,,,,0.2,5.2,1.2,1.0,10.4,2.2,0.4,0.2,,,,,,1.0,0.8,2.0,,,,,
202408,Cronulla South Bowling Club,,8.0,,,,,,,,,,2.0,4.0,,6.0,,7.0,,3.0,2.0,,,,,,,,,,,
202408,Darkes Forest (Kintyre),,3.0,,,,,,,,,1.0,,5.0,3.0,8.0,,6.0,,,,,,,,,,,,,,
202408,Erskine Park Reservoir,,,,,,,,,,,,,,,,,,,,,,,,,,,,,,,
202408,Faulconbridge (Great Western Hwy),,,,,,,,,,,,,5.0,6.0,8.0,,,,,,,,,,,,,,,,
202408,Faulconbridge (St Georges Crescent),,0.4,,,,,,,,0.2,,1.0,5.0,7.4,8.2,,0.4,,,,,,,,0.4,,,,,,
202408,Gosford AWS,1.0,1.2,,0.2,,0.4,0.2,,,,,9.0,5.8,1.2,15.8,3.0,0.2,,0.4,0.2,,,,0.6,0.2,,,,,,
202408,Holsworthy Aerodrome AWS,,,,,,,,,0.2,,,1.2,4.0,1.6,6.6,0.6,22.0,,,,,,,0.4,,0.2,,,,,
202408,Holsworthy Defence AWS,,0.2,,,,,,,,,,1.8,4.0,2.6,6.4,,17.2,,,,,,,0.4,0.2,,,,,,
202408,Hornsby (Swimming Pool),,2.2,1.4,,,,,,,1.0,0.2,1.8,2.0,0.2,8.8,3.2,3.4,,0.8,0.2,,,,0.2,,,,,,,
202408,Horsley Park Equestrian Centre AWS,,,,,,,,,,,,1.2,2.4,2.0,6.2,,,,,,,,,,,,,,,,
202408,Katoomba (Farnells Rd),,1.6,,,,,,,,,0.2,0.2,4.8,6.6,4.4,1.4,0.8,0.4,,,,,,,,3.4,,,,,
202408,Kurrajong Heights (Bells Line of Road),,,,,,,,,,0.4,3.5,0.6,4.8,4.5,17.4,0.5,,,,,,,,→,→,0.4,,,,,
202408,Lucas Heights (ANSTO),,0.2,,,,,,,,,,1.0,3.2,1.8,5.2,0.2,7.2,,,,,,,,,,,,,,
202408,Mangrove Mountain AWS,,1.4,,,,3.8,,,,,0.2,1.4,7.2,0.6,12.8,3.2,0.6,0.2,0.8,,0.2,,,2.2,0.8,1.8,,,,,
202408,Marrickville Golf Club,,2.0,,,,,,1.0,,,,8.0,3.0,1.0,9.0,,6.0,,,,,,,,,,,,,,
202408,Menangle Bridge (Nepean River),,,,,,,,,,,,,3.0,5.0,7.0,1.0,3.0,,,,,,,,,,,,,,
202408,Mona Vale Golf Club,0.8,5.0,0.4,0.2,0.2,,0.2,0.4,,25.0,0.4,5.6,6.8,1.0,17.0,2.8,0.2,,0.8,0.2,,,,1.4,,,,,,,
202408,Mount Boyce AWS,,0.2,0.4,,,,,,0.2,0.6,0.2,0.4,4.8,7.6,5.6,2.8,0.6,,,,0.2,,,,,1.2,0.2,,,,
202408,Mount Wilson (Clarine),,2.6,,,,,,,,,2.4,,6.6,7.6,7.0,1.4,,,,,,,,,,,,,,,
202408,Norah Head AWS,1.4,9.0,0.2,0.2,,6.4,,,,0.2,,30.4,3.8,1.4,17.6,2.6,0.6,,1.2,0.4,,,,0.8,1.4,0.4,0.2,,,,
202408,North Parramatta (Burnside Homes),,,,0.5,,,,,,0.5,,1.0,1.5,0.5,5.5,,,,,,,,,,,,,,,,
202408,North Rocks (Muirfield Golf Club),,0.5,0.5,,,,,,,0.5,,0.5,1.5,0.5,5.0,0.5,,,,,,,,,,,0.5,,,,
202408,North Ryde Golf Club,,1.0,,,,,,,,,,3.0,1.0,,7.0,1.0,4.0,,,,,,,,,,,,,,
202408,Parramatta North (Masons Drive),,0.4,,,,,,,,0.8,,0.6,2.2,1.0,6.0,0.2,,,,,,,,,,,,,,,
202408,Peakhurst Golf Club,,,1.0,,,,,,,,,5.0,3.0,1.0,8.0,,5.0,,,,,,,,,,,,,,
202408,Penrith Lakes AWS,,,,,,,,,,0.2,,0.2,1.6,3.8,3.8,,0.2,,,,,,,0.2,,,,,,,
202408,Prospect Reservoir,,,,,,,,,,,,,3.0,2.0,7.0,,,,,,,,,,,,,,,,
202408,Putty (The Gibba),,,,,,3.0,,,,,,1.0,3.0,1.0,7.0,,5.0,,,,,,,,,,,,,,
202408,Randwick (Randwick St),3.0,12.4,0.8,,,,,0.2,,0.2,,6.2,2.6,1.4,20.6,0.6,4.0,,1.4,0.1,,,,1.2,,,,,,,
202408,Richmond - UWS Hawkesbury,,,,,,,,,,→,→,4.2,2.8,,,6.0,,,,,,,,,,,,,,,
202408,Richmond RAAF,,,0.2,,,,,,,3.8,0.4,0.8,3.4,2.4,4.2,,,,,,,,,0.2,,,,,,,
202408,Rose Bay (Royal Sydney Golf Club),3.0,13.4,5.2,0.2,,,,,,0.2,,17.4,3.2,1.6,22.0,1.4,7.4,,1.2,,,,,0.4,,,,,,,
202408,Rossmore (South Creek),,,,,,,,,,,,1.0,2.0,4.0,7.0,,13.0,,,,,,,,,,,,,,
202408,Sans Souci (Public School),,2.0,,,,,,,,,,4.0,2.0,,9.0,,4.0,,,,,,,,,,,,,,
202408,Seven Hills (Radio FM 103.2),,,,,,,,,,,,1.0,3.0,0.5,3.5,,,,,,,,,,,,,0.5,,,
202408,Shanes Park (South Creek Road),,,,,,,,0.2,,,,0.2,3.0,2.6,11.4,,,,,,,,,0.2,,0.2,,,,,
202408,Sydney (Observatory Hill),0.6,8.6,1.4,0.2,,,,,,,,8.4,3.2,0.8,12.8,0.4,8.2,,0.4,,,,,0.2,,,,,,,
202408,Sydney Airport AMO,0.4,4.8,,,,,,,,,,2.4,2.4,1.0,8.4,0.2,2.8,,1.2,0.2,0.2,,,0.4,,,,,,,
202408,Sydney Botanic Gardens,0.4,8.0,1.2,,,,,,,,0.1,11.2,4.8,0.8,13.4,1.8,9.2,,,0.2,,,,0.6,0.4,,,,,,
202408,Sydney Olympic Park AWS (Archery Centre),,1.0,0.2,,,,,,,,,1.2,1.2,0.8,9.2,0.8,5.4,0.2,,,,,,0.2,0.2,,,,,,
202408,Terrey Hills AWS,0.2,3.8,0.8,,,,,,,5.2,0.2,3.4,5.8,0.6,12.6,4.6,0.6,0.2,0.2,0.2,,,,1.0,,,,,,,
202408,Wahroonga (Ada Avenue),,3.6,0.6,,,,0.2,,,0.8,,2.4,2.2,0.8,9.6,2.8,1.8,,1.0,0.2,,,,0.4,,0.2,,,,,
202408,Wedderburn (Booalbyn),,,,,,,,,,1.0,,1.0,5.0,5.0,4.0,,10.0,,,,,,,,,,,,,,
202408,Wyong (Kulnura (Jeavons)),,,,,,5.0,,,,,,2.0,9.0,1.0,11.0,2.0,,,,,,,,2.0,2.0,2.0,,,,,
202408,Yarramalong (Lewensbrook),,2.0,,,,4.0,,,,,,2.0,9.0,1.0,12.5,1.0,1.0,,,,,,,2.0,3.0,,,,,,
202408,"Most values are the precipitation in the 24 hoursto9 am on the day indicated.
Days marked with → are part of a longer accumulation, which is shown on the final day.Values over  100  mm have been rounded to the nearest whole millimetre.Days marked with - have a rainfall report of zero;
days left blank have no rainfall report (which often indicates no rain fell).",,,,,,,,,,,,,,,,,,,,,,,,,,,,,,,
202408,Rainfalls colouredaccording to the amount,0,1.0,5.0,10.0,15.0,25.0,50.0,100,150,200,300,400,600,millimetres,,,,,,,,,,,,,,,,,
202409,Abbotsford (Blackwall Point Rd),,,,,,,,,,,,,4.4,,,,,,,,,,,,,7.6,29.2,4.0,1.6,2.0,
202409,Audley (Royal National Park),,,,,,,,,,,,,1.0,,,,,,,,,,,,,7.0,18.0,7.0,1.0,3.0,
202409,Badgerys Creek AWS,,,,,,,,,,,,,,,,,,,,,,,,,,13.2,14.0,4.4,0.4,7.6,
202409,Bankstown Airport AWS,,,,,,,,,,,,,,,,,,,,,,,,,,10.6,14.0,1.2,0.2,6.2,
202409,Baulkham Hills Eucalyptus Ct,,,,,,,,,,,,,,,,,,,,,,,,,,12.5,30.0,2.5,0.5,3.5,
202409,Bilpin Post Office,,,,,,,,,,,,,,,,,,,,,,,,,,13.0,37.8,8.0,→,6.0,
202409,Blackheath (Wombat Street),,,,,,,,,,,,,2.0,,,,,,,,,,,,,13.0,16.0,7.0,2.0,5.0,
202409,Camden (Brownlow Hill),,,,,,,,,,,,,,,,,,,,,,,,,,11.2,8.8,2.0,0.2,6.2,
202409,Camden Airport AWS,,,,,,,,,,,,,,,,,,,,,,,,,,12.6,9.2,1.4,0.4,9.8,
202409,Campbelltown (Kentlyn (Georges River Roa,,,,,,,,,,,,,,,,,,,,,,,,,,8.0,10.0,5.0,1.0,7.0,
202409,Campbelltown (Mount Annan),,,,,,,,,,,,,,,,,,,,,,,,,,12.2,12.0,1.4,0.4,7.8,
202409,Canterbury Racecourse AWS,,,,,,,,,,,,,1.0,,,,,,,,,,,,,7.0,35.0,0.6,0.4,8.2,
202409,Centennial Park,,,,,,,,,,,,,1.4,,,,0.8,,,,,,,,,5.8,,,,,
202409,Chatswood Bowling Club,,,,,,,,,,,,,1.0,,,,,,,,,,,,,12.0,,,,,
202409,Collaroy (Long Reef Golf Club),,,,,,,,,,,,,6.2,,,,,,,,,,,,,10.0,26.6,,0.4,7.0,
202409,Colo Heights (Mountain Pines),,,,,,,,,,,,,2.2,,,,,,,,,,,,,7.8,25.0,6.2,3.8,5.0,
202409,Concord (Brays Rd),,,,,,,,,,,,,2.6,,,,,,,,,,,,,8.0,28.0,1.8,1.4,2.0,
202409,Concord Golf Club,,,,,,,,,,,,,1.6,,,,,,,,,,,,,,,,,,
202409,Cooranbong (Lake Macquarie AWS),,,,,,,,,0.4,0.2,,,28.0,,,,0.2,,,,,,,,,19.2,33.8,1.8,4.6,6.6,
202409,Cronulla South Bowling Club,,,,,,,,,,1.0,,,3.0,,,,,,,,,,,,,6.0,20.0,,1.0,4.0,
202409,Darkes Forest (Kintyre),,,,,,,,,,,,,2.0,,,,,,,,,,,,,13.0,30.0,6.0,3.0,9.0,
202409,Erskine Park Reservoir,,,,,,,,,,,,,,,,,,,,,,,,,,,,,,,
202409,Faulconbridge (Great Western Hwy),,,,,,,,,,,,,,,,,,,,,,,,,,14.0,13.0,3.0,,10.0,
202409,Faulconbridge (St Georges Crescent),,,,,,,,,,,,,0.2,,,,,,,,,,,,,13.6,13.6,5.8,0.6,10.6,
202409,Gosford AWS,,,,,,,,,,,,,10.4,,,,,,,,,,,,,14.6,37.0,0.6,2.4,9.2,
202409,Holsworthy Aerodrome AWS,,,,,,,,,,,,,,,,,,,,,,,,,,8.6,12.2,7.8,0.6,7.4,
202409,Holsworthy Defence AWS,,,,,,,,,,,,,,,,,,,,,,,,,,10.4,12.2,6.6,1.0,11.0,
202409,Hornsby (Swimming Pool),,,,,,,,,,,,,5.8,0.2,,,,,,,,,,,,11.8,38.8,1.8,1.4,6.4,
202409,Horsley Park Equestrian Centre AWS,,,,,,,,,,,,,,,,,,,,,,,,,,13.0,17.2,2.6,0.2,9.2,
202409,Katoomba (Farnells Rd),,,,,,,,,,,,,5.8,,,,,,,,,,,,,14.8,→,9.6,1.1,5.0,
202409,Kurrajong Heights (Bells Line of Road),,,,,,,,,,,,,,,,,,,,,,,,,,12.4,20.0,8.2,1.8,2.4,
202409,Lucas Heights (ANSTO),,,,,,,,,,,,,0.3,,,,,,,,,,,,,,15.8,10.6,,8.4,
202409,Mangrove Mountain AWS,,,,,,,,,0.8,,,,10.0,0.2,,,,,,,,,,,,14.8,41.2,1.6,3.8,8.8,
202409,Marrickville Golf Club,,,,,,,,,,,,,3.0,,,,,,,,,,,,,9.0,28.0,,,8.0,
202409,Menangle Bridge (Nepean River),,,,,,,,,,,,,,,,,,,,,,,,,,8.0,9.0,2.0,,12.0,
202409,Mona Vale Golf Club,,,,,,,,,,,0.4,,10.8,0.2,,,,,,,,,,,,10.6,38.6,0.4,0.4,8.8,
202409,Mount Boyce AWS,,,,,,,,,,,,0.2,2.0,0.2,,,,,,,,,,,,11.0,16.2,6.0,1.4,4.2,
202409,Norah Head AWS,,,,,,,,,0.4,,0.2,,21.4,,,7.6,3.6,,,,,,,,,11.8,18.2,0.8,0.4,7.8,
202409,North Parramatta (Burnside Homes),,,,,,,,,,,,,,,,,,,,,,,,,,12.5,28.0,2.0,0.5,3.0,
202409,North Rocks (Muirfield Golf Club),,,,,,,,,,,,,,,,,,,,,,,0.5,,,11.5,27.5,2.5,0.5,2.5,
202409,North Ryde Golf Club,,,,,,,,,,,,,4.0,,,,,,,,,,,,,11.0,27.0,5.0,1.0,3.0,
202409,Parramatta North (Masons Drive),,,,,,,,,,,,,,,,,,,,,,,,,,10.0,27.0,1.6,0.2,3.0,
202409,Peakhurst Golf Club,,,,,,,,,,,,,,,,,,,,,,,,,,7.0,13.0,1.0,1.0,4.0,
202409,Penrith Lakes AWS,,,,,,,,,,,,,,,,,,,,,,,,,,12.8,8.0,1.8,0.2,2.6,
202409,Prospect Reservoir,,,,,,,,,,,,,,,,,,,,,,,,,,11.0,17.0,2.0,,6.0,
202409,Putty (The Gibba),,,,,,,,,,,,,,,,,,,,,,,,,,5.0,12.0,3.0,1.0,5.0,
202409,Randwick (Randwick St),,,,,,,,0.1,,,,,4.0,,,0.2,1.4,,,,,,,,,8.8,29.6,1.0,0.6,4.4,
202409,Richmond RAAF,,,,,,,,,,,,,0.2,,,,,,,,,,,,,14.8,15.2,4.0,1.6,3.8,
202409,Rose Bay (Royal Sydney Golf Club),,,,,,,,,,,,,3.2,,,1.0,1.2,,,,,,,,,8.6,25.2,4.0,0.2,3.2,
202409,Rossmore (South Creek),,,,,,,,,,,,,,,,,,,,,,,,,,11.0,12.0,5.0,1.0,6.0,
202409,Sans Souci (Public School),,,,,,,,,,,,,,,,,,,,,,,,,,2.0,14.0,,1.0,4.0,
202409,Seven Hills (Radio FM 103.2),,,,,,,,,,,,,,,,,,,,,,,,,,10.0,20.0,2.5,,3.0,
202409,Shanes Park (South Creek Road),0.2,,,,,,,,,,,,,,,,,,,,,,,,,14.6,15.4,2.8,0.2,7.6,
202409,Sydney (Observatory Hill),,,,,,,,,,,,,2.0,,,,,,,,,,,,,11.6,40.4,2.6,1.2,4.4,
202409,Sydney Airport AMO,,,,,,,,,,,,,7.4,,,,,,,,,,,,,6.6,19.8,1.2,1.6,8.2,
202409,Sydney Botanic Gardens,,,,,,,,,,,,,1.8,,,,,,,,,,,,,4.6,42.6,,,,
202409,Sydney Olympic Park AWS (Archery Centre),,,,,,,,,,,,,0.6,0.2,,,,,,,,,,,,9.6,28.0,1.4,0.2,3.0,
202409,Terrey Hills AWS,,,,,,,,,,,,,13.2,,,,,,,,,,,,,10.8,55.0,2.0,1.2,4.0,
202409,Wahroonga (Ada Avenue),,,,,,,,,,,,,6.6,,,,,,,,,,,,,13.8,39.6,2.0,2.0,5.0,
202409,Wedderburn (Booalbyn),,,,,,,,,,,,,,,,,,,,,,,,,,9.0,8.0,4.0,1.0,14.0,
202409,Wyong (Kulnura (Jeavons)),,,,,,,,,,,,,6.0,,,,,,,,,,,,,12.0,25.0,3.0,3.0,8.0,
202409,"Most values are the precipitation in the 24 hoursto9 am on the day indicated.
Days marked with → are part of a longer accumulation, which is shown on the final day.Values over  100  mm have been rounded to the nearest whole millimetre.Days marked with - have a rainfall report of zero;
days left blank have no rainfall report (which often indicates no rain fell).",,,,,,,,,,,,,,,,,,,,,,,,,,,,,,,
202409,Rainfalls colouredaccording to the amount,0,1.0,5.0,10.0,15.0,25.0,50.0,100,150,200,300,400,600,millimetres,,,,,,,,,,,,,,,,,
202410,Abbotsford (Blackwall Point Rd),0.2,,0.6,,1.4,,,0.1,0.2,0.1,,,0.9,,35.4,0.6,,1.2,5.0,0.6,,,,,10.6,,,,,,
202410,Audley (Royal National Park),,10.0,,,2.0,,,,,,,7.0,,1.0,13.0,1.0,,2.0,5.0,1.0,,,,,6.0,,,,,,
202410,Badgerys Creek AWS,,7.6,3.2,,1.8,,,,1.0,0.4,,,,,13.0,0.4,,1.2,7.8,0.6,,,,,5.2,,,,0.6,,
202410,Bankstown Airport AWS,0.2,2.0,0.6,,,,,,,,,,,,12.4,0.8,,1.4,10.2,1.6,,,,,9.0,,,,,,
202410,Baulkham Hills Eucalyptus Ct,,1.0,1.5,,1.5,,,,,1.0,,,0.5,,10.5,6.5,,0.5,2.5,1.0,,,,,1.0,,,,,,
202410,Bilpin Post Office,,2.0,2.6,,,,,1.8,7.6,2.4,0.2,1.4,→,4.8,14.0,3.0,,2.0,0.4,→,4.8,5.4,,,,,,,,,
202410,Blackheath (Wombat Street),,4.0,8.0,,1.0,,,,4.0,5.0,,,1.0,,23.0,6.0,,1.0,2.0,4.0,,,,,,,,,2.0,,
202410,Camden (Brownlow Hill),,0.6,0.2,,0.4,,,,,,,0.2,,,6.2,,,2.2,4.4,1.6,,,,,3.2,,,,,,
202410,Camden Airport AWS,,1.0,1.4,,0.8,,,,0.2,,,,,,7.8,,,,5.4,1.4,,,,,3.4,,,,,,
202410,Campbelltown (Kentlyn (Georges River Roa,,12.0,,1.0,1.0,,,,,,,1.0,,,8.0,,,2.0,5.0,1.0,,,,,7.0,,,,,,
202410,Campbelltown (Mount Annan),0.2,2.2,0.8,,1.2,,,,,,0.2,0.6,,,7.4,,,,5.0,2.2,,,,,3.4,,,,,,
202410,Canterbury Racecourse AWS,,0.4,0.4,,1.2,,,,,,,,,,30.2,0.2,,,6.8,,,,,,,,,,,,
202410,Centennial Park,0.1,,0.3,,1.4,,,,,0.4,,,1.1,1.4,39.2,0.5,,1.0,2.6,,0.2,,,,,,,,,,
202410,Chatswood Bowling Club,,,4.0,,2.0,,,1.0,,1.0,,,1.0,,7.0,,,,12.0,1.0,,,,,5.0,,,,,,
202410,Collaroy (Long Reef Golf Club),,,,,1.2,,,,,,,,,,18.8,2.8,,2.0,1.0,0.8,,,,,4.0,,,,,,
202410,Colo Heights (Mountain Pines),,1.6,,,,,,1.4,5.2,2.8,,0.4,0.4,,21.2,8.8,0.2,0.8,,8.2,,,,,4.4,,,,2.0,,
202410,Concord (Brays Rd),,0.4,,,1.8,,,,0.2,,,,0.8,,27.0,1.0,,1.0,4.2,0.8,,,,,13.4,,,,,,
202410,Concord Golf Club,,3.0,1.0,,1.8,,,,,,,0.4,0.8,34.0,,,,,5.2,1.4,,,,,,,,,,,
202410,Cooranbong (Lake Macquarie AWS),0.8,0.8,0.8,,,,,0.6,2.6,6.8,,0.4,4.8,0.2,24.0,2.4,0.6,0.4,2.2,1.0,,,,,44.8,,,,,,
202410,Cronulla South Bowling Club,,,1.0,,1.0,,,,,,,6.0,,,20.0,1.0,,1.0,5.0,1.0,,,,,11.0,,,,,,
202410,Darkes Forest (Kintyre),,10.0,,,1.0,,,1.0,,,,7.0,,,18.0,1.0,,2.0,10.0,,,,,,1.0,,,,1.0,,
202410,Erskine Park Reservoir,,,,,,,,,,,,,,,,,,,,,,,,,1.0,,,,,,
202410,Faulconbridge (Great Western Hwy),,2.0,5.0,,,,,1.0,5.0,2.0,,,,,13.0,1.0,,1.0,3.0,,,,,,,,,,2.0,,
202410,Faulconbridge (St Georges Crescent),0.2,1.4,8.6,0.4,,,,,6.2,2.2,,0.8,,,13.0,1.2,,1.2,3.6,0.2,,,,,0.4,,,,2.6,0.2,
202410,Gosford AWS,,0.2,0.4,,0.6,,,0.4,2.2,0.6,,,0.2,,14.2,0.4,,0.2,2.2,,0.2,,,,24.8,,,,,,
202410,Holsworthy Aerodrome AWS,0.2,5.2,0.4,0.2,2.0,,,,,,,5.0,,,7.8,0.2,,,3.2,0.8,,,,,8.4,,,,,,
202410,Holsworthy Defence AWS,0.2,10.0,0.4,,2.2,0.2,,,,,,,,,11.4,,,1.6,5.4,0.6,,,,,5.6,,,,,,
202410,Hornsby (Swimming Pool),,1.2,0.8,,0.8,,,0.8,0.8,2.6,,,,,9.2,2.0,,,1.4,2.0,,,,,0.2,,,,,,
202410,Horsley Park Equestrian Centre AWS,,1.8,2.8,,1.4,,,,0.2,0.2,,,,,13.6,0.4,0.2,1.4,6.4,0.2,,,,,2.6,,,,,,
202410,Katoomba (Farnells Rd),,3.6,8.0,,0.8,,,,5.0,3.4,,2.6,2.8,0.4,6.2,4.2,,→,11.2,2.2,,,,→,→,0.2,,,→,→,0.8
202410,Kurrajong Heights (Bells Line of Road),,1.2,→,→,2.6,,,2.2,8.2,1.8,,1.6,1.6,,31.8,,,3.2,,1.2,,,,,,,,,2.6,,
202410,Lucas Heights (ANSTO),,→,20.8,,1.8,,,,,,,2.4,,,13.8,1.0,,1.6,8.8,0.6,,,,,7.0,,,,,,
202410,Mangrove Mountain AWS,0.2,2.0,1.6,,0.4,,,,2.8,6.2,,0.2,0.2,,14.6,2.4,,1.6,1.0,1.4,0.2,,,,14.8,0.2,,,,,
202410,Marrickville Golf Club,,,,,2.0,,,,,,,,,,36.0,,,1.0,6.0,1.0,,,,,3.0,,,,,,
202410,Menangle Bridge (Nepean River),,5.0,,,1.0,,,,,,,,,,10.0,,,2.0,10.0,1.0,,,,,3.0,,,,,,
202410,Mona Vale Golf Club,0.2,,0.2,0.2,0.2,0.2,,1.4,0.6,4.8,0.2,,0.2,,15.4,0.8,0.2,1.6,0.8,1.0,,,0.2,0.2,2.8,,,,,,0.2
202410,Mount Boyce AWS,,2.0,6.6,0.2,0.4,0.2,,,3.8,3.6,,0.4,1.6,,20.6,3.2,,1.4,1.0,1.4,0.2,,,,,,,,0.8,0.2,
202410,Mount Wilson (Clarine),,5.0,4.0,,,,,0.6,8.0,4.0,,1.0,5.4,,19.0,,,1.6,,6.0,,,,,,,,,2.0,,
202410,Norah Head AWS,1.4,4.8,,,0.2,,,0.8,3.4,2.8,0.2,0.2,1.2,,19.6,0.4,,,1.2,3.6,1.2,1.6,0.2,,32.8,,,,,,
202410,North Parramatta (Burnside Homes),,5.5,1.0,,1.0,,,,,0.5,,,,,5.5,1.5,,1.0,0.5,3.5,,,,,3.5,0.5,,,,,
202410,North Rocks (Muirfield Golf Club),,1.5,1.5,,2.0,,,,,1.0,,,0.5,0.5,9.0,1.0,,1.0,6.0,2.0,,,,,0.5,,,,,,
202410,North Ryde Golf Club,,1.0,3.0,,1.0,,,,1.0,,,,,,12.0,,,1.0,5.0,1.0,,,,,1.0,,,,,,
202410,Parramatta North (Masons Drive),,4.0,0.4,,1.8,,,,0.2,0.8,,,0.4,,7.6,4.0,,1.4,1.0,4.0,,,,,3.2,,,,,,
202410,Peakhurst Golf Club,,3.0,,,2.0,,,,,,,,,,8.0,,,,7.0,,,,,,6.0,,,,,,
202410,Penrith Lakes AWS,0.2,,,0.2,,,,,0.6,0.6,,,,,14.6,1.2,,1.4,2.2,,,,,,0.8,0.2,,,,0.2,
202410,Prospect Reservoir,,2.0,2.0,,1.0,,,,,,,,,,7.0,1.0,,1.0,2.0,,,,,,2.0,,,,,,
202410,Putty (The Gibba),,,18.0,,,,,,,1.0,,,1.0,,18.0,1.0,1.0,1.0,,,,,,,5.0,,,,,,
202410,Randwick (Randwick St),1.0,0.4,0.6,,1.6,,,0.4,0.6,1.6,,,0.6,,34.8,0.8,,1.0,3.2,0.2,0.6,,,,4.0,,,,,,
202410,Richmond RAAF,0.2,,,0.2,0.2,0.2,,,0.4,,0.2,,,,0.2,,,,,,,,,,,,,,,,
202410,Rose Bay (Royal Sydney Golf Club),1.4,,2.8,,1.4,,,0.6,0.4,0.2,,,1.4,,29.0,,,1.2,4.3,,0.8,,,,1.6,,,,,,
202410,Rossmore (South Creek),,6.0,2.0,,2.0,,,,,,,,,,5.0,,,1.0,6.0,1.0,,,,,4.0,,,,,,
202410,Sans Souci (Public School),,,,,2.0,,,,,,,,,,7.0,,,1.0,4.0,,,,,,5.0,,,,,,
202410,Seven Hills (Radio FM 103.2),0.5,,1.0,,1.5,,,,,,,,,,7.0,1.5,,1.0,1.0,0.5,,,,,2.0,,,,,,
202410,Shanes Park (South Creek Road),0.2,,,,0.4,,,,0.4,,0.2,,,,7.8,0.2,,,2.6,,,,,,,,,,0.2,,
202410,Sydney (Observatory Hill),0.4,,1.4,,1.0,,,,,0.8,,,1.6,0.2,38.8,0.2,,0.6,6.4,0.6,,,,,3.2,,,,,,
202410,Sydney Airport AMO,0.8,,0.2,,1.0,0.2,,,,,,,,,23.4,0.2,,0.6,7.8,0.4,,,,,5.4,,,,,,
202410,Sydney Botanic Gardens,0.2,,1.0,,1.4,,,,0.4,0.6,,,2.1,,32.9,0.4,,,5.8,0.6,,,,,2.0,,,,,,
202410,Sydney Olympic Park AWS (Archery Centre),,3.0,,,1.8,0.2,,,0.2,,0.2,,0.4,,9.0,1.0,,,4.4,1.4,0.2,,,,3.6,,,,,,
202410,Terrey Hills AWS,0.2,,1.4,,0.4,,,0.2,1.2,2.6,,,0.2,,11.2,2.0,0.2,1.2,0.6,0.8,,0.2,,,0.2,0.2,,,,,
202410,Wahroonga (Ada Avenue),0.2,2.4,3.8,,1.6,,,0.8,1.2,1.0,,,,,12.2,1.8,,2.0,3.0,2.4,,,,,3.0,,,,,,
202410,Wedderburn (Booalbyn),1.0,6.0,,,1.0,,,1.0,,,,1.0,,,18.0,,,1.0,14.0,2.0,,,,,,,,,,,
202410,Wyong (Kulnura (Jeavons)),,5.0,,,,,,,2.0,4.0,,,1.0,,13.0,2.0,,1.0,1.0,,,,,,32.0,,,,,,
202410,Yarramalong (Lewensbrook),8.4,,,,,,,,4.0,4.0,,,2.0,,16.0,2.0,,2.0,2.0,1.0,,,,,18.0,,,,,,
202410,"Most values are the precipitation in the 24 hoursto9 am on the day indicated.
Days marked with → are part of a longer accumulation, which is shown on the final day.Values over  100  mm have been rounded to the nearest whole millimetre.Days marked with - have a rainfall report of zero;
days left blank have no rainfall report (which often indicates no rain fell).",,,,,,,,,,,,,,,,,,,,,,,,,,,,,,,
202410,Rainfalls colouredaccording to the amount,0,1.0,5.0,10.0,15.0,25.0,50.0,100,150,200,300,400,600,millimetres,,,,,,,,,,,,,,,,,
202411,Abbotsbury (Fairfield (City Farm)),,,,,,,,3.0,,,,,,,,1.0,,16.0,2.0,,,,,,,,,,2.0,11.0,
202411,Abbotsford (Blackwall Point Rd),6.0,1.0,1.8,,0.2,,,3.4,,,,0.4,1.8,3.0,0.1,0.2,,17.2,5.6,,0.1,,,,,,,0.1,5.0,35.0,
202411,Audley (Royal National Park),1.0,2.0,1.0,,1.0,,,4.0,,,,,4.0,12.0,,1.0,,30.0,3.0,,,,,,,,,,1.0,115.0,
202411,Badgerys Creek AWS,4.4,,1.0,,0.8,,0.2,2.8,0.2,,,,27.2,0.6,,0.8,,19.6,0.4,0.4,,,,,,,,,8.0,24.8,
202411,Bankstown Airport AWS,2.4,,1.0,,0.4,,,6.4,,,,,,0.6,,0.6,,18.8,,,,,,,,,,0.6,0.8,21.2,
202411,Baulkham Hills Eucalyptus Ct,9.0,,1.0,,,,,7.5,,,,,,,2.0,1.5,,20.5,,,,,,,,,,1.5,4.0,9.0,
202411,Blackheath (Wombat Street),1.0,6.0,,,1.0,1.0,,6.0,,,1.0,,,5.0,2.0,3.0,1.0,31.0,5.0,2.0,,1.0,,,,,,,33.0,42.0,
202411,Bringelly (Maryland),,,,,,,,4.0,,,,,3.0,,,,,19.0,,,,,,,,,,,3.0,26.0,
202411,Camden (Brownlow Hill),2.6,5.8,0.2,,1.6,,,1.8,,,,,3.8,0.2,,3.4,,,,,,,,,,,,0.2,4.4,30.6,
202411,Camden Airport AWS,1.0,3.2,,,,,,2.4,,,,,4.0,,,3.2,0.2,15.4,3.2,0.2,,,,,,,,,3.2,42.2,
202411,Campbelltown (Kentlyn (Georges River Roa,2.0,,2.0,,1.0,,,10.0,,,,,,5.0,,,,23.0,,,,,,,,,,,5.0,31.0,
202411,Campbelltown (Mount Annan),0.4,0.6,1.4,,1.0,,,3.6,0.2,,,,,0.6,,0.2,,19.2,,,,,,,,,,,22.6,20.2,
202411,Canterbury Racecourse AWS,1.2,0.4,0.8,,0.4,,,3.0,,,,,1.0,3.6,,0.8,,22.0,3.2,3.0,,,,,,,,7.6,1.6,38.4,
202411,Centennial Park,7.3,0.4,1.0,,0.8,,,3.2,,,,1.2,15.9,8.2,0.1,1.2,0.5,17.1,2.1,2.4,,,,,,,,,2.6,49.4,
202411,Chatswood Bowling Club,3.0,2.0,3.0,,1.0,,,3.0,,,,,3.0,1.0,1.0,2.0,,18.0,,1.0,,,,,,,,,4.0,32.0,
202411,Collaroy (Long Reef Golf Club),,,,,,,,5.0,,,,,19.8,,2.0,5.2,,17.6,4.6,,,,,,,,,,2.6,27.2,
202411,Colo Heights (Mountain Pines),3.4,10.8,,,3.4,,,1.0,,,,,0.4,2.4,1.0,2.8,1.0,11.8,,,,,,,,,,,5.4,42.0,
202411,Concord (Brays Rd),5.6,0.4,1.4,,,,,3.8,,,,,1.4,1.0,0.4,,0.2,16.0,10.0,,,,,,,,,0.2,7.2,27.8,
202411,Concord Golf Club,4.8,1.2,1.6,,,,,4.6,,,,,1.4,1.2,,1.8,,18.2,3.0,,,,,,,,,,,,
202411,Cooranbong (Lake Macquarie AWS),4.4,25.0,0.4,0.2,0.8,,0.2,6.2,,,1.4,8.2,2.8,15.4,0.4,5.0,,16.0,1.4,0.2,,,,,,,,,2.8,5.2,
202411,Cronulla South Bowling Club,7.0,1.0,1.0,,1.0,,,3.0,,,,,29.0,16.0,,3.0,,24.0,,,,,,,,,,3.0,,85.0,
202411,Darkes Forest (Kintyre),4.0,10.0,1.0,,3.0,,,5.0,3.0,2.0,,,1.0,15.0,1.0,,,25.0,1.0,1.0,,,,,,,,5.0,5.0,76.0,
202411,Erskine Park Reservoir,1.0,,,,,,,,,,,,,,,,,,,,,,,,,,,,,,
202411,Faulconbridge (Great Western Hwy),4.0,18.0,,,3.0,,,3.0,,,,,1.0,2.0,4.0,9.0,,14.0,7.0,,,,,,,,,,10.0,47.0,
202411,Faulconbridge (St Georges Crescent),2.2,,,,4.6,0.2,,2.6,,,1.0,,1.1,1.9,1.8,5.2,1.0,19.2,6.0,2.6,,,,,,,,,11.2,48.2,
202411,Gosford AWS,9.2,14.4,5.0,,0.8,,0.2,3.4,,,,16.4,6.2,3.0,0.4,0.4,0.2,11.0,0.2,0.6,,,,,,,,0.2,1.0,8.4,
202411,Holsworthy Aerodrome AWS,1.4,0.2,3.0,,0.8,,,8.2,,,,,,0.8,0.2,0.4,,22.4,1.8,,,,,,,,,,2.2,27.0,
202411,Holsworthy Defence AWS,1.0,,1.2,,0.8,,,9.4,,,,,,14.2,,,0.2,22.6,,,,,,,,,,,2.2,67.2,
202411,Hornsby (Swimming Pool),7.8,0.4,3.8,,0.4,,,4.6,,,,,3.2,0.8,0.8,2.6,,22.6,2.4,,,,,,,,,,1.4,14.8,
202411,Horsley Park Equestrian Centre AWS,1.6,0.2,2.2,0.2,,,,4.2,,,,,,0.4,,1.4,,20.4,0.4,,,,,,,,,,3.2,11.0,
202411,Katoomba (Farnells Rd),,8.4,,,2.8,0.6,,8.0,,,1.6,0.2,0.4,1.6,1.6,3.3,1.0,23.8,4.4,0.6,,,,,,,,,27.4,66.8,
202411,Kurrajong Heights (Bells Line of Road),2.4,11.8,0.3,,3.4,,→,2.4,,,,,,5.6,2.2,8.5,2.0,18.8,8.2,0.4,,,,,,,,,6.0,47.8,
202411,Lucas Heights (ANSTO),1.6,,2.5,,1.0,,,6.6,,,,,,7.6,0.2,,,26.4,2.8,,,,,,,,,,,57.2,
202411,Mangrove Mountain AWS,9.2,13.4,6.2,,1.6,,,,0.2,,1.0,1.2,1.8,3.2,0.4,3.2,0.6,26.2,0.2,0.2,,,,,,,,1.2,1.8,6.6,
202411,Marrickville Golf Club,2.0,,1.0,,,,,3.0,,,,,3.0,5.0,,1.0,,21.0,2.0,1.0,,,,,,,,7.0,1.0,73.0,
202411,Menangle Bridge (Nepean River),,1.0,1.0,,,,1.0,3.0,,,,,1.0,,,1.0,,17.0,,,,,,,,,,,3.0,28.0,
202411,Mona Vale Golf Club,50.2,3.0,2.4,,0.2,,0.4,4.8,,,,,5.4,1.0,1.6,3.6,,18.8,0.2,,,,,0.2,,,,,1.4,18.2,
202411,Mount Boyce AWS,0.4,5.8,0.4,,1.2,0.4,,4.6,,,1.4,,0.2,5.2,1.2,1.4,0.6,24.0,3.2,1.2,0.2,,,,,,,,39.2,34.6,
202411,Norah Head AWS,26.4,19.2,4.4,,,,,8.2,,,,16.2,5.6,1.2,0.8,,,19.4,0.2,,,,,,0.2,,0.2,0.4,1.6,5.0,
202411,North Parramatta (Burnside Homes),9.5,0.5,1.5,0.5,,,,6.0,,,,,,,1.5,2.0,,21.5,0.5,,,,,,,,,2.0,3.0,13.5,
202411,North Rocks (Muirfield Golf Club),12.5,,1.5,,,,,5.0,,,,,,,2.0,1.0,0.5,18.5,,,,,,,,,,,3.5,10.0,
202411,North Ryde Golf Club,5.0,,2.0,,,,,3.0,,,,,,,4.0,2.0,,18.0,6.0,,,,,,,,,,5.0,21.0,
202411,Parramatta North (Masons Drive),8.0,0.4,1.6,,0.2,,,6.2,,,,,,,1.6,1.4,,14.6,0.8,,,,,,,,,2.0,3.8,14.6,
202411,Peakhurst Golf Club,2.0,2.0,1.0,,,,,4.0,,,,,,10.0,,,,16.0,4.0,,,,,,,,,,1.0,34.0,
202411,Penrith Lakes AWS,,0.2,0.2,,,,,,0.2,,,,,,,,,0.2,0.2,,,,,,,,,,8.6,21.6,
202411,Prospect Reservoir,1.0,,4.0,,,,,6.0,,,,,,,,1.0,,21.0,,,,,,,,,,2.0,3.0,9.0,
202411,Putty (The Gibba),2.0,8.0,1.0,,1.0,,,,,,,,2.0,6.0,,2.0,,15.0,,,,,,,,,,,1.0,16.0,
202411,Randwick (Randwick St),8.4,0.4,1.0,,1.0,,0.2,3.2,,,,0.8,23.2,15.0,,2.4,0.2,17.8,3.2,4.0,0.4,,,,,,,,2.0,57.4,
202411,Richmond RAAF,,,,,,,,1.2,,,,,,0.8,,2.6,0.4,18.6,,,,,,,,,,,16.8,17.6,
202411,Rose Bay (Royal Sydney Golf Club),10.6,,,0.2,1.0,,0.2,3.4,,,,1.6,13.4,9.4,0.6,9.2,0.2,21.0,7.4,1.2,,,,,,,,,,,
202411,Rossmore (South Creek),3.0,,1.0,,,,,4.0,,,,,5.0,,,1.0,,23.0,,,,,,,,,,,4.0,16.0,
202411,Sans Souci (Public School),1.0,,1.0,,,,,3.0,,,,,14.0,9.0,,1.0,,13.0,,,,,,,,,,2.0,,97.0,
202411,Seven Hills (Radio FM 103.2),3.5,,4.5,,,,,5.0,,,,,,,1.0,,,16.5,,,,,,,,,,5.5,6.5,7.5,
202411,Shanes Park (South Creek Road),5.8,3.6,,,,,,1.6,,,,,,1.0,,1.4,,13.2,,0.4,,,,,,,,,11.0,13.8,
202411,Sydney (Observatory Hill),2.6,0.8,2.0,,0.4,,0.2,3.0,,,,0.6,13.8,2.8,0.2,1.4,0.2,21.0,1.0,2.0,,,,,,,,,2.4,45.8,
202411,Sydney Airport AMO,2.0,0.2,0.4,0.2,0.4,,,2.2,,,,,14.8,9.0,0.2,,,20.4,,0.2,,,,,,,,4.8,0.6,74.4,
202411,Sydney Botanic Gardens,9.0,1.0,1.2,,0.4,,,3.0,,,0.4,,10.0,2.4,1.0,1.2,0.2,21.8,0.2,1.8,,,,,,,,,2.8,57.2,
202411,Sydney Olympic Park AWS (Archery Centre),4.8,,1.2,,,,,4.2,0.2,,,,,0.2,0.4,1.4,,18.8,0.4,,,,,,,,,1.4,3.6,27.6,
202411,Terrey Hills AWS,9.0,8.4,7.6,,0.6,,,4.4,,0.8,,,1.2,1.4,1.8,1.4,0.4,18.6,0.4,,,,,,,,,0.4,1.6,20.8,
202411,Wahroonga (Ada Avenue),6.2,1.2,5.4,,0.6,,0.6,3.4,,,,,1.0,1.0,1.0,1.2,0.2,26.0,6.0,,,,,,,,,,1.6,20.4,
202411,Wedderburn (Booalbyn),1.0,,1.0,,,,,4.0,,,,,,5.0,,1.0,,18.0,,,,,,,,,,,60.0,44.0,
202411,Wyong (Kulnura (Jeavons)),5.0,23.0,,,,,,5.0,,,,3.0,,3.0,,6.0,,18.0,,,,,,,,,,,2.0,3.0,
202411,"Most values are the precipitation in the 24 hoursto9 am on the day indicated.
Days marked with → are part of a longer accumulation, which is shown on the final day.Values over  100  mm have been rounded to the nearest whole millimetre.Days marked with - have a rainfall report of zero;
days left blank have no rainfall report (which often indicates no rain fell).",,,,,,,,,,,,,,,,,,,,,,,,,,,,,,,
202411,Rainfalls colouredaccording to the amount,0,1.0,5.0,10.0,15.0,25.0,50.0,100,150,200,300,400,600,millimetres,,,,,,,,,,,,,,,,,
202412,Abbotsbury (Fairfield (City Farm)),9.0,13.0,,,,,13.0,11.0,1.0,,,,,,,,,8.0,2.0,,,,,,,,3.0,4.0,,,
202412,Abbotsford (Blackwall Point Rd),1.2,8.0,,0.4,,,9.0,12.0,0.1,,,,,,,,,10.0,2.2,,,,,,,,1.6,0.4,,,
202412,Audley (Royal National Park),4.0,6.0,,,,,9.0,9.0,1.0,,,,,,,,,3.0,,,,,,,,,1.0,1.0,,,
202412,Badgerys Creek AWS,11.0,2.2,,2.0,,,0.8,21.4,1.4,0.2,,,,,,,,1.6,0.6,0.2,,,,,,,3.2,,,,
202412,Bankstown Airport AWS,6.2,11.8,,,,,7.6,20.8,0.4,,,,,,,,,3.6,0.4,0.2,,,,,,,2.0,3.0,,,
202412,Baulkham Hills Eucalyptus Ct,1.0,3.0,,,,,11.0,12.5,0.5,0.5,,,,,,,,5.0,1.0,,,,,,,,1.5,,,,
202412,Blackheath (Wombat Street),13.0,,,2.0,,,8.0,26.0,,,1.0,,,,,,,2.0,3.0,,,,,,,,4.0,,,,
202412,Bringelly (Maryland),20.0,2.0,,2.0,,,7.0,15.0,1.0,,1.0,,,,,,,3.0,,,,,,,,,1.0,,,,
202412,Camden (Brownlow Hill),4.6,3.0,,1.6,,,4.6,12.8,3.6,,,,,,,,,,0.8,,,,,,,,1.2,,,,
202412,Camden Airport AWS,3.8,2.0,,1.4,,,4.8,12.0,2.8,,1.4,,,,,,,,0.6,,,,,,,,1.0,0.4,,,
202412,Campbelltown (Kentlyn (Georges River Roa,29.0,3.0,,,,,4.0,14.0,1.0,,,,,,,,,2.0,,,,,,,,,2.0,,,,
202412,Campbelltown (Mount Annan),30.2,7.4,,0.6,0.2,,4.8,9.0,0.6,0.2,0.2,,,,,,,0.4,1.0,0.2,,,,,,,1.0,0.8,,,
202412,Canterbury Racecourse AWS,0.8,11.4,,,,,12.8,14.8,0.2,0.2,,,,,,,,6.8,0.6,,,,,,,,1.2,8.8,,,
202412,Castlereagh (Castlereagh Road),0.3,,,,,4.2,,,,,,,,,,,,,,,,,,,,,,,,,
202412,Centennial Park,1.0,29.6,,,,,11.8,11.7,,,,,,,,,,1.3,,,,,,,,,2.0,7.8,,,
202412,Chatswood Bowling Club,1.0,1.0,,,,,11.0,10.0,,,,,,,,,,9.0,1.0,,,,,,,,1.0,,,,
202412,Collaroy (Long Reef Golf Club),2.8,,,,,,15.2,10.0,0.6,1.0,,,,,,,,1.6,0.8,,,,,,,,1.0,,,,
202412,Colo Heights (Mountain Pines),3.2,,,0.4,0.2,,2.0,7.4,6.8,0.2,0.4,,,,,,,1.2,2.2,,,,,,,,2.4,,,,0.6
202412,Concord (Brays Rd),0.4,8.2,,,,,9.0,11.8,,,,,,,,,,11.0,1.4,0.2,,,,,,,1.6,1.4,,,
202412,Concord Golf Club,0.6,6.0,,,,,8.8,11.8,,,,,,,,,,5.6,5.4,,,,,,,,,,,,
202412,Cooranbong (Lake Macquarie AWS),2.0,2.4,,,,,,7.8,2.8,0.2,,,,,,,,7.6,3.4,0.2,,,,,,,,1.8,0.2,,
202412,Cronulla South Bowling Club,1.0,19.0,,,,,9.0,6.0,,,,,,,,,,5.0,,,,,,,,,1.0,2.0,,,
202412,Darkes Forest (Kintyre),7.0,5.0,,,,,10.0,2.0,1.0,,,,,,,,,16.0,2.0,,,1.0,,,,,,,,,
202412,Erskine Park Reservoir,,,,,,,,,,,,,,,,,,,,,,,,,,,,,,,
202412,Faulconbridge (Great Western Hwy),6.0,1.0,,2.0,,,6.0,14.0,5.0,,1.0,1.0,,,,,,1.0,1.0,,,,,,,,2.0,,,,
202412,Faulconbridge (St Georges Crescent),6.6,0.2,0.4,1.8,0.6,,3.0,10.4,7.0,,0.4,,,,,,,1.8,1.4,,,0.2,,,,,2.0,,,,
202412,Gosford AWS,5.0,3.4,0.2,0.2,0.4,,,1.0,0.6,,,,,,,,,3.6,1.8,,,,,,,,,0.6,,,
202412,Holsworthy Aerodrome AWS,8.6,10.8,0.2,,,,5.6,10.0,0.2,,,,,,,,,2.2,0.6,,,,,,,,2.0,0.2,,,
202412,Holsworthy Defence AWS,27.8,5.4,,0.4,,,5.2,9.0,0.4,0.4,,,,,,,,3.4,0.2,,,,,,,,1.6,,,,
202412,Hornsby (Swimming Pool),0.6,2.4,,,,,11.0,10.2,0.6,,0.2,,,,,,,10.4,2.2,,,,,,,,1.4,,,,
202412,Horsley Park Equestrian Centre AWS,10.4,10.0,0.2,,,,16.0,12.2,0.6,,0.6,0.2,,,,,,6.0,2.4,,,,,,,,3.2,3.8,,,
202412,Katoomba (Farnells Rd),,0.6,,→,6.4,→,18.2,,0.6,,→,0.8,,,,,,7.0,2.8,,,1.4,,,,,3.8,0.3,,,
202412,Kurrajong Heights (Bells Line of Road),18.0,,,1.2,0.6,,→,18.8,10.0,3.0,1.6,,,,,,,3.0,2.0,,,,,,,,1.7,,,,
202412,Lucas Heights (ANSTO),7.0,19.8,,,,,4.2,14.0,0.4,,,,,,,,,6.6,1.4,,,,,,,,,,,,
202412,Mangrove Mountain AWS,1.8,1.0,,,1.8,0.2,1.8,1.4,0.8,0.4,,,,,,,,8.8,2.8,,,,,,,,0.8,1.0,,,
202412,Marrickville Golf Club,1.0,13.0,,,,,10.0,15.0,,,,,,,,,,4.0,1.0,,,,,,,,,4.0,,,
202412,Menangle Bridge (Nepean River),7.0,17.0,,,,,7.0,6.0,1.0,,,,,,,,,1.0,,,,,,,,,,,,,
202412,Mona Vale Golf Club,4.0,1.2,,0.2,,,7.4,7.2,0.6,0.2,,,,,,,0.2,2.4,2.0,,,,,,,,1.0,0.8,,,
202412,Mount Boyce AWS,14.4,0.4,,1.8,,0.4,5.0,17.4,0.2,,0.6,,,,,,,2.0,2.4,0.2,,0.2,0.2,,,,3.2,,,,
202412,Norah Head AWS,6.4,0.6,,,0.8,,,,0.8,,,,,0.2,,,0.2,4.4,2.2,,,,,,,,,2.4,0.2,,
202412,North Parramatta (Burnside Homes),0.5,5.0,,,,,10.5,12.5,0.5,,,,,,,,,4.5,1.0,,,,,,,,1.0,,,,
202412,North Rocks (Muirfield Golf Club),0.5,6.0,,,,,10.0,11.5,,1.0,,,,,,,,5.5,2.0,,,,,,,,1.0,,,,
202412,North Ryde Golf Club,1.0,6.0,,,,,10.0,9.0,2.0,,,,,,,,,6.0,,,,,,,,,1.0,,,,
202412,Parramatta North (Masons Drive),1.4,5.2,,,0.2,,9.2,12.0,0.6,,0.2,,,,,,,3.0,1.4,,,,,,,,1.4,0.2,,,
202412,Peakhurst Golf Club,4.0,6.0,,,,,7.0,11.0,,,1.0,,,,,,,1.0,1.0,,,,,,,,1.0,2.0,,,
202412,Penrith Lakes AWS,11.0,2.0,,0.6,0.2,,5.0,12.2,3.6,,,,,,,,,0.4,0.6,,,,,,,,2.6,,,,
202412,Prospect Reservoir,4.0,,,,,,9.0,11.0,,,,,,,,,,4.0,1.0,,,,,,,,2.0,,,,
202412,Putty (The Gibba),2.0,,,2.0,,,,1.0,4.0,,,,,,,,,,1.0,,,,,,,,,,,,
202412,Randwick (Randwick St),1.0,16.2,,0.4,,,11.8,13.4,0.2,,,,,,,,,3.6,,,,,,,,,1.6,11.2,,,
202412,Richmond RAAF,2.8,,0.2,,,,5.2,15.0,0.6,0.2,0.2,,,,,,,0.2,,,,,,,,,0.2,,,,
202412,Rose Bay (Royal Sydney Golf Club),,36.2,,,0.2,,11.0,10.8,,,,,,,,,,4.0,2.2,,,,,,,,2.6,1.0,,,
202412,Rossmore (South Creek),7.0,1.0,,,,,,18.0,1.0,,,,,,,,,,,,,,,,,,3.0,,,,
202412,Sans Souci (Public School),1.0,15.0,,,,,10.0,8.0,,,,,,,,,,,,,,,,,,,2.0,2.0,,,
202412,Seven Hills (Radio FM 103.2),2.5,4.5,,,,,8.5,12.5,,2.0,,,,,,,,4.5,1.0,,,,,,,,1.0,,,,
202412,Shanes Park (South Creek Road),10.0,,,0.2,,,6.2,13.6,1.4,,,,,,,,,2.0,1.0,,,,,,,,3.2,,,,
202412,Sydney (Observatory Hill),1.0,23.8,0.2,0.2,,,10.8,11.8,0.4,,,,,,,,,8.8,1.4,,,,,,,,1.8,0.4,,,
202412,Sydney Airport AMO,0.4,14.6,,,,,10.2,10.6,0.8,,,,,,,,,1.0,0.2,,,,,,,,0.6,0.6,0.2,,
202412,Sydney Botanic Gardens,1.2,34.8,,0.4,,,10.0,13.0,6.0,,,,,,,,,,,,,,,,,,,,,,
202412,Sydney Olympic Park AWS (Archery Centre),0.8,5.6,,,,,9.6,11.8,0.2,,,,,,,,,7.0,2.6,0.2,,,,,,,1.4,0.2,,,
202412,Terrey Hills AWS,1.4,0.8,,,0.2,,11.2,8.2,0.8,,,,,,,,,5.4,1.4,,,,,,,,1.2,0.8,,,
202412,Wahroonga (Ada Avenue),1.2,0.4,,0.2,0.4,,9.4,13.8,1.8,0.2,,,,,,,,7.6,2.6,,,,,,,,1.6,,,,
202412,Wedderburn (Booalbyn),7.0,14.0,,,,,13.0,4.0,,,,,,,,,,14.0,,,,,,,,,,,,,
202412,Wyong (Kulnura (Jeavons)),4.0,3.0,,,1.0,,15.0,,1.0,,,,,,,,,3.0,3.0,,,,,,,,1.0,,,,
202412,Yarramalong (Lewensbrook),3.0,,,1.0,,,2.0,,,,,,,,,,,11.0,4.0,,,,,,,,2.0,,,,
202412,"Most values are the precipitation in the 24 hoursto9 am on the day indicated.
Days marked with → are part of a longer accumulation, which is shown on the final day.Values over 100 mm have been rounded to the nearest whole millimetre.Days marked with - have a rainfall report of zero;
days left blank have no rainfall report (which often indicates no rain fell).",,,,,,,,,,,,,,,,,,,,,,,,,,,,,,,
202412,Rainfalls colouredaccording to the amount,0,1.0,5.0,10.0,15.0,25.0,50.0,100,150,200,300,400,600,millimetres,,,,,,,,,,,,,,,,,
202501,Abbotsbury (Fairfield (City Farm)),,,,,,,11.0,5.0,15.0,1.0,33.0,,,,,33.0,4.0,,1.0,,,,,,,,,3.0,,,1.0
202501,Abbotsford (Blackwall Point Rd),,,0.4,,,,15.6,3.6,56.0,2.0,10.8,0.2,,,,53.8,7.8,14.4,7.4,0.2,,,0.2,0.2,0.2,,,16.8,6.4,5.0,0.4
202501,Audley (Royal National Park),,,,,,,9.0,5.0,25.0,1.0,29.0,14.0,,,,45.0,2.0,15.0,7.0,,,,,,,,,10.0,6.0,,2.0
202501,Badgerys Creek AWS,,,,,,1.6,12.0,3.8,4.2,0.6,20.6,7.0,,0.6,0.6,20.0,2.2,,1.0,,,0.8,,,,,,1.6,1.6,0.2,
202501,Bankstown Airport AWS,,,0.4,,,,11.4,4.0,14.8,0.8,18.8,22.4,,,,54.4,7.8,4.4,3.0,,,1.4,,,,,,5.0,14.2,0.2,
202501,Baulkham Hills Eucalyptus Ct,,,,,,,13.0,3.5,24.5,1.0,23.0,2.0,0.5,0.5,,29.0,7.0,3.5,6.0,0.5,,2.0,2.5,0.5,,,,6.0,3.0,1.5,0.5
202501,Blackheath (Wombat Street),,,6.0,,3.0,9.0,29.0,13.0,5.0,20.0,24.0,9.0,2.0,,,22.0,,5.0,11.0,,,,2.0,1.0,1.0,,1.0,,2.0,1.0,6.0
202501,Bringelly (Maryland),,,,,,,33.0,2.0,2.0,,33.0,1.0,,,,26.0,3.0,,1.0,,,,,,,,,3.0,5.0,,
202501,Camden (Brownlow Hill),,,,,,0.2,19.6,,0.4,0.6,34.2,9.8,,1.0,,33.4,2.0,,1.0,,,,0.2,,,,,25.0,,,
202501,Camden Airport AWS,,,,,,0.2,21.2,,,0.8,52.8,3.0,,0.8,,30.4,6.0,,1.4,,,3.4,,0.2,0.2,,,19.2,,,
202501,Campbelltown (Kentlyn (Georges River Roa,,,,,,1.0,17.0,3.0,3.0,1.0,31.0,8.0,,,,38.0,3.0,6.0,6.0,,,,,,,,,9.0,6.0,,
202501,Campbelltown (Mount Annan),,,,,,0.6,21.8,1.8,0.4,0.8,37.4,0.2,,0.2,,33.8,4.2,0.4,4.0,,,4.0,,,,,0.8,10.6,2.8,,
202501,Canterbury Racecourse AWS,,,,1.2,,,17.2,2.4,40.8,1.4,11.8,,,,,40.0,7.0,13.8,7.8,,,1.2,,,0.2,,,17.2,5.0,0.8,0.6
202501,Centennial Park,,,0.8,,,,13.8,0.6,31.0,0.8,14.6,0.2,,,,40.8,8.0,7.6,0.4,0.2,,,,0.4,,,,,,,
202501,Chatswood Bowling Club,,,3.0,,,,13.0,5.0,53.0,,33.0,,,,,41.0,12.0,25.0,4.0,,,1.0,,,,,,9.0,20.0,2.0,1.0
202501,Collaroy (Long Reef Golf Club),,,10.4,,,,8.6,2.6,21.6,5.6,25.2,,,,,17.0,6.0,2.0,5.0,,,,3.0,,,,,5.2,19.4,,0.4
202501,Colo Heights (Mountain Pines),,,,,,,14.6,18.4,6.0,4.6,13.0,1.4,42.6,,5.8,29.4,0.4,8.4,24.6,,,,2.4,,,,,1.4,14.2,0.9,14.0
202501,Concord (Brays Rd),,,0.8,,,,12.0,3.0,51.0,0.8,17.4,0.2,,,,33.0,,11.4,6.6,,,1.0,,0.2,0.2,,,12.0,4.8,4.0,
202501,Concord Golf Club,,,1.0,,,,13.4,3.2,45.0,1.2,18.6,2.2,,,,39.0,9.2,13.4,4.2,,,1.0,,,,,,17.2,5.0,,
202501,Cooranbong (Lake Macquarie AWS),,,2.2,0.4,,,6.0,8.6,,4.2,0.8,0.2,0.4,0.2,,,,,,,,,,,0.2,,,1.8,19.4,2.8,19.6
202501,Cronulla South Bowling Club,,,3.0,,,,8.0,1.0,32.0,,9.0,5.0,,,,22.0,1.0,4.0,1.0,,,,,,,,,5.0,3.0,,4.0
202501,Darkes Forest (Kintyre),,1.0,1.0,,,1.0,25.0,13.0,15.0,4.0,19.0,2.0,,,,37.0,3.0,35.0,14.0,,,1.0,2.0,1.0,1.0,,,17.0,,,5.0
202501,Faulconbridge (Great Western Hwy),,,1.0,,,2.0,18.0,9.0,7.0,9.0,17.0,1.0,2.0,5.0,12.0,37.0,,4.0,8.0,,,,1.0,,1.0,,,,1.0,1.0,7.0
202501,Faulconbridge (St Georges Crescent),,,2.0,0.2,,1.2,19.4,10.0,7.0,9.8,18.8,4.2,0.6,0.8,17.2,29.8,0.2,3.2,9.4,,,,2.4,0.6,0.6,,0.6,1.0,1.0,0.6,9.0
202501,Gosford AWS,,,1.2,1.8,,,5.4,14.6,40.0,9.6,0.2,0.2,,0.2,1.6,15.2,26.4,33.6,22.2,0.4,,,,,,,,1.4,16.6,3.4,3.4
202501,Holsworthy Aerodrome AWS,,,0.2,,,,10.6,0.8,7.8,0.6,23.4,30.8,,,,59.4,7.0,6.8,4.0,,,0.4,,,,,,3.0,9.8,0.4,
202501,Holsworthy Defence AWS,,,,,,,18.0,4.0,3.8,2.6,40.4,13.0,,,,59.2,2.8,13.8,12.2,,,0.2,,0.4,,,,16.2,4.0,,
202501,Hornsby (Swimming Pool),,,0.4,,,,15.2,19.6,56.8,4.0,9.0,,,,,34.0,27.4,50.8,19.4,,,0.6,1.6,,,,0.2,7.2,5.2,1.4,2.2
202501,Horsley Park Equestrian Centre AWS,,,,,,,12.4,7.4,16.6,1.4,26.8,0.2,,,,38.2,5.4,0.4,2.0,,,0.4,,,,,,2.4,0.4,0.4,1.6
202501,Katoomba (Farnells Rd),0.6,3.8,3.4,,3.0,3.0,20.6,36.2,21.8,11.0,14.6,4.2,4.3,1.6,6.0,16.0,2.6,10.6,→,15.7,,,4.0,0.9,1.0,,0.8,1.6,1.2,9.0,8.0
202501,Kurrajong Heights (Bells Line of Road),,,0.3,,,0.6,→,46.4,→,→,36.0,18.2,7.2,,→,30.2,1.2,8.4,20.2,,,,1.2,,1.0,,,4.5,5.8,1.6,11.0
202501,Lucas Heights (ANSTO),,,,,,,→,13.4,7.8,2.2,43.0,17.7,,,0.2,→,48.4,16.0,0.9,0.2,,,,0.2,,,,9.4,6.8,,
202501,Mangrove Mountain AWS,,,1.2,,,,5.8,16.2,37.4,5.4,14.6,0.2,1.4,0.2,0.4,25.6,25.2,65.6,35.2,0.2,,,,0.2,,,,8.2,,2.4,3.2
202501,Marrickville Golf Club,,,,,,,16.0,3.0,43.0,1.0,19.0,1.0,,,,36.0,4.0,14.0,5.0,,,,,,,,,11.0,5.0,1.0,1.0
202501,Menangle Bridge (Nepean River),,,,,,,25.0,2.0,,1.0,8.0,7.0,,,,43.0,4.0,,,,,1.0,,,,,,20.0,7.0,,
202501,Mona Vale Golf Club,0.2,,3.6,,,0.2,14.8,6.6,49.2,15.2,18.6,,,,0.2,18.4,11.8,11.0,2.4,0.4,,0.6,0.4,2.4,,,,16.6,9.2,1.0,2.6
202501,Mount Boyce AWS,,0.2,4.8,,2.6,8.6,,13.2,4.4,15.8,25.6,7.4,3.2,0.2,,13.4,,3.4,9.6,0.2,,,2.0,0.8,0.4,0.2,0.4,0.6,1.4,0.6,5.2
202501,Norah Head AWS,0.2,,0.2,,,,3.4,9.6,54.4,7.2,0.2,,,,0.2,10.6,29.8,18.6,9.2,0.2,,,,0.2,,,,,12.6,2.8,10.0
202501,North Parramatta (Burnside Homes),,,,0.5,,,13.0,2.5,29.5,1.0,17.0,2.0,,,,37.0,8.0,8.5,5.0,,,,3.0,,,,,7.5,2.5,1.0,
202501,North Rocks (Muirfield Golf Club),,,,,,,14.0,4.5,35.0,1.0,16.5,2.5,,,,24.0,8.0,10.0,4.5,,,,1.0,,0.5,,,5.5,6.0,2.0,0.5
202501,North Ryde Golf Club,,,,,,,12.0,4.0,41.0,,29.0,,,,,27.0,12.0,11.0,4.0,,,1.0,,,,,,6.0,7.0,2.0,
202501,Parramatta North (Masons Drive),,,,,,,12.6,1.4,21.6,1.6,16.0,1.4,,,,30.0,6.0,4.6,4.4,,,0.2,4.8,0.4,,,,4.8,2.2,0.8,0.2
202501,Peakhurst Golf Club,,,4.0,,,,8.0,2.0,17.0,1.0,39.0,,,,,44.0,4.0,8.0,3.0,,,,1.0,,,,,2.0,14.0,1.0,
202501,Penrith Lakes AWS,,0.2,,,,0.4,,,,3.2,33.0,0.2,,,2.2,20.2,4.8,1.6,0.6,,,,,0.2,,,,0.2,,0.2,0.6
202501,Prospect Reservoir,,,,,,,11.0,5.0,18.0,3.0,11.0,4.0,8.0,,,43.0,8.0,2.0,3.0,,,,6.0,,,,,6.0,,,
202501,Putty (The Gibba),,,,,,,8.0,4.0,5.0,1.0,2.0,13.0,19.0,,2.0,14.0,,2.0,25.0,,,,1.0,,,,,,6.0,1.0,2.0
202501,Randwick (Randwick St),,,3.8,,,,13.6,1.4,38.2,1.2,19.0,,,,,35.6,6.4,12.6,1.4,,,0.4,,0.4,,,,24.0,7.0,1.4,1.0
202501,Richmond RAAF,,,,,,,0.2,,3.8,1.2,22.2,0.4,,,,,2.8,4.8,,,,,0.2,,,,,0.6,,0.4,0.6
202501,Rose Bay (Royal Sydney Golf Club),,,2.0,,,0.4,12.6,4.0,43.2,2.2,16.2,,,,,35.4,4.4,8.2,2.8,,,0.2,,0.4,,,,16.6,11.8,3.2,0.6
202501,Rossmore (South Creek),,,,,,,12.0,3.0,3.0,1.0,30.0,,,,,29.0,5.0,,,,,,,,,,,5.0,5.0,1.0,
202501,Sans Souci (Public School),,,6.0,,,,6.0,,12.0,1.0,21.0,1.0,,,,30.0,,1.0,,,,1.0,,,,,,1.0,5.0,,
202501,Seven Hills (Radio FM 103.2),,,,,,,11.0,3.5,16.0,1.0,16.5,10.0,13.0,,,39.0,5.5,3.5,4.0,,,2.5,3.0,0.5,,,,2.5,2.5,0.5,
202501,Shanes Park (South Creek Road),,,,,,10.0,12.2,4.4,10.2,2.2,12.6,0.6,4.0,0.2,,11.0,,2.8,1.4,1.2,0.8,0.2,0.2,,,,,0.2,,0.2,0.6
202501,Sydney (Observatory Hill),,,1.0,,,,13.0,2.0,45.0,1.8,5.2,,,,,48.4,6.6,17.0,9.0,,,0.6,0.2,,,,,24.4,10.0,2.6,0.6
202501,Sydney Airport AMO,,,4.8,0.2,,,14.0,0.4,37.2,1.0,23.6,0.2,,,,35.6,1.6,11.0,5.4,,,,,,,,,7.6,8.2,0.6,1.0
202501,Sydney Olympic Park AWS (Archery Centre),,,0.8,,,,13.2,3.0,40.2,0.2,23.4,,,,,39.4,11.8,11.4,5.2,,,0.4,,0.2,,,,13.4,5.6,1.2,0.2
202501,Terrey Hills AWS,,,3.4,,,,13.2,16.6,28.6,7.4,13.0,0.2,,,,22.8,21.4,34.4,4.6,0.2,,1.4,,1.0,,,,11.0,7.4,4.6,0.6
202501,Wahroonga (Ada Avenue),,,1.8,0.2,,,11.6,9.6,63.6,,9.6,,,,,21.4,28.2,43.8,9.6,0.2,,,0.6,0.2,,,,0.2,6.6,1.4,0.8
202501,Wedderburn (Booalbyn),,,,,,,20.0,4.0,1.0,,13.0,28.0,,,,38.0,1.0,10.0,7.0,,,,,,,,,13.0,5.0,,
202501,Wyong (Kulnura (Jeavons)),,,,,,,7.0,8.0,22.0,3.0,1.0,,3.0,,,36.0,17.0,26.0,27.0,,,,,,,,,10.0,29.0,4.0,7.0
202501,"Most values are the precipitation in the 24 hoursto9 am on the day indicated.
Days marked with → are part of a longer accumulation, which is shown on the final day.Values over 100 mm have been rounded to the nearest whole millimetre.Days marked with - have a rainfall report of zero;
days left blank have no rainfall report (which often indicates no rain fell).",,,,,,,,,,,,,,,,,,,,,,,,,,,,,,,
202501,Rainfalls colouredaccording to the amount,0,1.0,5.0,10.0,15.0,25.0,50.0,100,150,200,300,400,600,millimetres,,,,,,,,,,,,,,,,,
202502,Abbotsbury (Fairfield (City Farm)),,,,,,,,,6.0,1.0,,,,,,,,,,,,,,,,,,,,,
202502,Abbotsford (Blackwall Point Rd),,,,,,0.2,,,8.5,,64.2,0.1,2.8,,5.6,,,,,,,4.2,0.1,0.1,,,,,,,
202502,Audley (Royal National Park),,,,,,,,,12.0,,19.0,,3.0,,18.0,,,,,,,4.0,,,,,,,,,
202502,Badgerys Creek AWS,,,,,,,,,15.8,0.2,18.0,,,,10.6,0.2,,,,,,5.8,,0.2,,,,,,,
202502,Bankstown Airport AWS,,,,,,,,,19.4,,22.6,,0.4,0.8,20.6,,,,,,,4.6,,0.4,,,,,,,
202502,Baulkham Hills Eucalyptus Ct,,,,,0.5,,,,11.0,,33.5,,,,1.0,,,,,,,2.5,,0.5,0.5,,,,,,
202502,Bilpin Post Office,2.0,→,3.0,,0.8,0.8,,,→,17.0,43.0,1.0,0.4,0.2,1.8,,,,,,3.0,2.4,,,,9.2,1.8,,,,
202502,Blackheath (Wombat Street),7.0,3.0,,,16.0,,,,18.0,18.0,33.0,3.0,1.0,,4.0,,,,,,2.0,,,1.0,2.0,2.0,1.0,,,,
202502,Bringelly (Maryland),,,,,,,,,7.0,,51.0,,,,19.0,,,,,,,3.0,,,,,,,,,
202502,Camden (Brownlow Hill),,,,,,,,,9.4,,31.2,1.2,0.2,,8.4,,,,,,,2.8,,,,,,,,,
202502,Camden Airport AWS,,,,,,,,,9.2,,22.2,1.6,0.4,,8.4,,,,,,,2.8,,,,,,,,,
202502,Campbelltown (Kentlyn (Georges River Roa,,,,,,,,,11.0,,14.0,,4.0,,10.0,,,,,,,6.0,,,,,,,,,
202502,Campbelltown (Mount Annan),,,,,,,,,7.8,,,,0.2,,13.6,,,,,,,2.2,,,,,,,,,
202502,Canterbury Racecourse AWS,,,,,,,,,10.0,,28.8,,6.0,,18.0,,,,,,,3.2,,0.2,,,,,,,
202502,Centennial Park,,0.3,,,,0.5,,,13.4,0.1,44.9,,5.6,,4.2,,,,,,,6.6,,,,,,,,,
202502,Chatswood Bowling Club,,,,,,,,,6.0,,45.0,,3.0,,9.0,,,,,,,5.0,,1.0,1.0,2.0,,,,,
202502,Collaroy (Long Reef Golf Club),,,,,,1.8,,,8.0,,31.2,,,,,,,,,,4.0,11.2,,,,,,,,,
202502,Colo Heights (Mountain Pines),1.2,,,,,2.4,,,22.6,2.4,7.2,,,0.4,2.0,,,,,,0.8,1.4,,3.2,0.2,0.2,2.6,,,,
202502,Concord (Brays Rd),,,,,,,,,7.8,,30.4,,1.4,10.4,0.2,,,,,,,3.0,,0.2,,,,,,,
202502,Concord Golf Club,,,,,,,,,9.6,,55.2,,1.4,,,,,,,,,,,,,,,,,,
202502,Cooranbong (Lake Macquarie AWS),9.8,0.2,,,,13.2,0.2,,,,0.6,0.8,,,0.8,,,,,,8.8,1.0,0.2,,,2.6,,,,,
202502,Cronulla South Bowling Club,,,,,,1.0,,,59.0,,11.0,2.0,2.0,,7.0,,,2.0,,4.0,,11.0,,,,,,,,,
202502,Darkes Forest (Kintyre),,,,,,,,,11.0,,19.0,1.0,2.0,3.0,12.0,,,,,1.0,1.0,3.0,,,1.0,,,1.0,,,
202502,Erskine Park Reservoir,,,,,,,,,,,,,,,,,,,,,,,,,,,,,,,
202502,Faulconbridge (Great Western Hwy),1.0,1.0,,,,,,,6.0,3.0,31.0,8.0,1.0,,3.0,,,,,,,3.0,,1.0,3.0,2.0,,,,,
202502,Faulconbridge (St Georges Crescent),0.4,1.0,,0.8,,0.4,,,7.0,1.8,34.6,12.2,2.0,,2.4,,,,,,,0.4,,6.4,1.8,3.0,0.8,0.2,,,
202502,Gosford AWS,0.8,,,,,1.4,,,3.2,0.2,12.6,0.2,,,5.8,,,,,,14.4,11.8,,,,1.0,,,,,
202502,Holsworthy Aerodrome AWS,,,,,,,,,6.4,,34.6,,16.8,0.8,5.0,,,,,,,3.2,,,,,,,,,
202502,Holsworthy Defence AWS,,,,,,0.4,,,23.2,,12.8,,5.4,0.4,14.4,,,,,,,6.2,0.2,,,,,,,,
202502,Hornsby (Swimming Pool),0.2,,,,,,,,8.2,,27.4,,0.4,,2.6,,,,,,,4.8,0.4,,1.0,0.2,,,,,
202502,Horsley Park Equestrian Centre AWS,,,,,,,,,7.6,,88.2,0.2,1.4,,1.8,,,,,,,2.0,,1.0,0.2,,,,,,
202502,Katoomba (Farnells Rd),4.2,2.1,1.0,,2.4,0.2,,,16.2,3.0,26.3,2.2,0.9,,3.8,,,,,0.3,1.5,0.4,,0.8,3.7,2.0,0.6,,,,
202502,Kurrajong Heights (Bells Line of Road),2.2,1.2,,,,12.4,,,40.2,1.8,42.0,3.0,1.2,0.2,20.6,,,,,→,1.4,→,→,3.6,1.0,3.8,9.0,,,,
202502,Lucas Heights (ANSTO),,,,,,,,,11.0,0.2,15.2,0.4,3.8,0.2,6.0,,,,,,,4.6,,,,,,,,,
202502,Mangrove Mountain AWS,2.6,,,,,0.4,,,2.2,0.6,5.6,0.2,0.2,,0.6,0.2,,,,,3.8,11.0,0.2,,0.2,1.0,,,,,
202502,Marrickville Golf Club,,,,,,,,,8.0,,22.0,,6.0,,30.0,,,,,,,3.0,,,,,,,,,
202502,Menangle Bridge (Nepean River),,,,,,,,,8.0,,19.0,2.0,,,14.0,,,,,,,1.0,,,,,,,,,
202502,Mona Vale Golf Club,1.0,0.2,,,,5.2,0.2,,9.0,0.4,27.6,,,,0.6,,,,,,,,,,,,,,,,
202502,Mount Boyce AWS,3.6,1.0,0.2,,17.4,0.4,,,14.2,16.6,,,0.4,,4.2,0.2,,,,,,0.6,,,,1.0,,,,,
202502,Norah Head AWS,3.4,,,,,,,0.2,,,,,0.2,,5.8,,,,,,6.2,4.6,,,,15.0,0.2,,,,
202502,North Parramatta (Burnside Homes),,,,,,,,,8.0,,44.0,0.5,,,7.0,,,,,,,2.0,,1.0,3.5,,,,,,
202502,North Rocks (Muirfield Golf Club),,,,,0.5,,,,11.5,,39.5,,,,4.5,,,,,,,1.0,,0.5,1.0,,,,,,
202502,North Ryde Golf Club,,,,,,,,,7.0,,41.0,,,,5.0,,,,,,,5.0,,,2.0,2.0,,,,,
202502,Parramatta North (Masons Drive),,,,,,,,,6.8,,22.0,,,,5.0,,,,,,,2.0,,0.6,2.0,0.2,,,,,
202502,Peakhurst Golf Club,,,,,,,,,9.0,,7.0,,,2.0,4.0,,,,,,,3.0,,,,,,,,,
202502,Penrith Lakes AWS,,0.8,,,,0.8,0.2,,14.4,,46.2,0.2,2.0,0.2,2.8,0.2,,,,,,4.0,,,,,,,,,
202502,Prospect Reservoir,,,,,,,,,23.0,,23.0,,1.0,,1.0,,,,,,,1.0,,,,,,,,,
202502,Putty (The Gibba),1.0,,,,2.0,2.0,,,2.0,11.0,7.0,,,,5.0,,,,,,,,,1.0,,,11.0,,,,
202502,Randwick (Randwick St),,,,,,2.2,,,12.0,,38.4,0.1,3.6,,5.4,,,,,0.8,,8.4,,,,,,,,,
202502,Richmond RAAF,,0.4,,,,,,,,2.6,26.0,0.2,0.2,,21.8,,,,,,,0.6,0.2,,,,,,,,
202502,Rose Bay (Royal Sydney Golf Club),,,,,,0.8,,,4.4,,26.0,,5.0,,10.0,,,,,1.4,,6.2,,,,,,,,,
202502,Rossmore (South Creek),,,,,,,,,11.0,,56.0,,4.0,,12.0,,,,,,,2.0,,,,5.0,,,,,
202502,Sans Souci (Public School),,,,,,,,,22.0,,4.0,,4.0,,1.0,,,,,,,5.0,,,,,,,,,
202502,Seven Hills (Radio FM 103.2),,,,,,0.5,,,10.0,,27.0,0.5,,,6.0,0.5,,,,,,1.0,,0.5,,,,,,,
202502,Shanes Park (South Creek Road),,0.2,,,,0.2,,,0.2,0.4,2.0,0.8,0.4,0.4,0.4,0.4,0.4,0.2,,,,1.4,1.6,0.4,,,,,,,
202502,Sydney (Observatory Hill),0.2,,,,,1.0,,,8.6,,53.2,,2.2,0.2,3.0,0.2,,,,,,6.0,,,,,,,,,
202502,Sydney Airport AMO,,,,,,0.6,0.2,,13.0,0.2,6.8,0.2,5.0,,22.8,0.2,,,,,,4.0,,,,,,,,,
202502,Sydney Botanic Gardens,,,,,,1.4,,,8.2,,,,,,,,,,,,,,,,,,,,,,
202502,Sydney Olympic Park AWS (Archery Centre),,,,,,0.2,,,8.8,,36.8,,,,11.0,,,,,,,4.6,,0.2,0.2,0.2,0.2,,,,
202502,Terrey Hills AWS,0.8,0.2,,,,0.2,,,5.4,0.2,31.6,,,,,0.2,,,,,,1.4,,,,0.2,,,,,
202502,Wahroonga (Ada Avenue),0.2,0.2,,,,,,,7.2,,29.6,,,,1.2,,,,,,,4.4,,,3.2,,,,,,
202502,Wedderburn (Booalbyn),,,,,,,,,9.0,,15.0,,11.0,,16.0,,,,,,,2.0,,,,,,,,,
202502,Wyong (Kulnura (Jeavons)),2.0,,,,,,,,1.0,,4.0,,,,11.0,,,,,,1.0,1.0,,,,1.0,,,,,
202502,"Most values are the precipitation in the 24 hoursto9 am on the day indicated.
Days marked with → are part of a longer accumulation, which is shown on the final day.Values over 100 mm have been rounded to the nearest whole millimetre.Days marked with - have a rainfall report of zero;
days left blank have no rainfall report (which often indicates no rain fell).",,,,,,,,,,,,,,,,,,,,,,,,,,,,,,,
202502,Rainfalls colouredaccording to the amount,0,1.0,5.0,10.0,15.0,25.0,50.0,100,150,200,300,400,600,millimetres,,,,,,,,,,,,,,,,,
202503,Abbotsford (Blackwall Point Rd),,,,7.5,11.6,0.1,1.2,0.7,3.2,,15.8,7.0,,,,,,,,,,0.7,43.4,6.4,,1.0,,4.0,44.0,23.0,20.8
202503,Audley (Royal National Park),,,,7.0,10.0,,4.0,4.0,1.0,,17.0,13.0,1.0,,,,,,,,,2.0,19.0,1.0,,10.0,,3.0,26.0,20.0,25.0
202503,Badgerys Creek AWS,,,,3.8,3.0,0.4,4.2,1.4,3.4,,1.4,8.0,0.2,,,,,,,44.0,,0.8,0.4,13.2,0.2,0.2,,1.4,21.0,8.6,1.8
202503,Bankstown Airport AWS,,,,5.0,5.6,2.2,2.4,1.2,3.8,0.6,10.8,9.0,,,,,,,,,,0.6,1.4,5.6,,3.6,,2.6,26.6,13.6,11.0
202503,Baulkham Hills Eucalyptus Ct,,,,12.0,8.0,,3.5,1.5,0.5,,6.5,3.0,,,,,,,,,,0.5,15.0,1.0,6.5,1.5,,1.5,24.5,10.0,5.5
202503,Bilpin Post Office,,→,1.3,13.0,18.8,1.8,,13.0,,,9.6,2.8,14.2,1.0,,,,,,,,5.2,→,23.0,1.0,5.0,0.2,4.6,,→,40.0
202503,Blackheath (Wombat Street),,,1.0,8.0,15.0,1.0,8.0,8.0,21.0,3.0,3.0,22.0,,,,,,,,,5.0,2.0,10.0,7.0,1.0,2.0,,10.0,3.0,7.0,7.0
202503,Bringelly (Maryland),,,,13.0,,,2.0,3.0,,,2.0,9.0,,,,,,,,,,6.0,1.0,3.0,,1.0,,2.0,22.0,6.0,1.0
202503,Camden (Brownlow Hill),,,,8.6,0.6,,1.0,6.0,2.8,2.2,,12.2,,,,,,,,0.2,0.8,2.8,,1.8,0.2,1.0,,2.6,20.0,13.8,
202503,Camden Airport AWS,,,,10.6,1.6,,1.0,5.6,4.4,,2.2,12.8,,,,,,,,,,13.0,0.2,2.2,,1.4,,2.2,21.8,9.4,4.0
202503,Campbelltown (Kentlyn (Georges River Roa,,,,15.0,1.0,,2.0,5.0,3.0,,6.0,10.0,,,,,,,,4.0,1.0,4.0,2.0,4.0,,1.0,,4.0,21.0,5.0,11.0
202503,Campbelltown (Mount Annan),,,,5.2,3.6,0.2,0.4,1.0,0.8,0.6,0.4,0.4,0.4,0.6,0.6,0.2,,,,,,0.2,,,0.2,,,0.2,,0.2,1.2
202503,Canterbury Racecourse AWS,,,,4.0,6.0,1.6,0.4,0.6,0.4,0.2,,,,,,,,,0.4,,,1.0,14.2,3.0,,,0.2,9.8,30.8,11.4,22.6
202503,Centennial Park,,,,6.4,3.4,0.6,1.4,1.2,0.4,,22.0,4.6,,0.1,,,,,,,,,,,,,,,,,
202503,Chatswood Bowling Club,,,,8.0,22.0,1.0,4.0,2.0,1.0,,7.0,6.0,1.0,,,,,,,,,,13.0,2.0,,2.0,,6.0,41.0,21.0,35.0
202503,Collaroy (Long Reef Golf Club),,,,6.2,9.4,4.2,1.2,,1.4,4.2,3.4,5.6,,,,,,,,,2.0,,3.8,,1.2,,0.4,5.6,24.6,42.0,19.2
202503,Colo Heights (Mountain Pines),,,0.8,7.8,8.6,2.0,4.0,4.8,8.6,1.2,3.4,8.4,,,,,,,,,,14.0,8.4,11.6,0.6,8.4,0.2,4.8,29.8,7.6,2.2
202503,Concord (Brays Rd),,,,5.6,4.6,0.4,0.2,0.8,1.6,,11.8,6.4,5.6,1.0,,,,,,,,0.6,28.8,5.6,1.0,0.6,,5.2,29.6,18.8,10.0
202503,Concord Golf Club,,,,13.2,8.4,0.4,1.2,0.8,2.0,,11.0,8.8,,,,,,,,,,0.8,26.8,4.6,,,,,,,
202503,Cooranbong (Lake Macquarie AWS),,,,8.2,5.2,4.6,,13.2,,,5.0,3.2,,,,,,,,,,7.0,6.2,13.4,0.4,0.2,0.2,1.4,48.4,19.8,1.2
202503,Cronulla South Bowling Club,,,1.0,7.0,2.0,1.0,2.0,,1.0,,23.0,7.0,,,,,1.0,,,,,3.0,6.0,2.0,,4.0,,5.0,27.0,16.0,20.0
202503,Darkes Forest (Kintyre),,,,43.0,6.0,,9.0,5.0,7.0,,11.0,18.0,,,,,,,,2.0,,13.0,5.0,3.0,2.0,1.0,,30.0,20.0,18.0,41.0
202503,Faulconbridge (Great Western Hwy),,,1.0,11.0,8.0,,4.0,6.0,5.0,,4.0,33.0,,,,,,,,1.0,2.0,2.0,13.0,5.0,,1.0,,7.0,23.0,4.0,9.0
202503,Faulconbridge (St Georges Crescent),,0.2,0.8,10.6,10.2,0.8,3.8,1.0,6.2,6.4,4.2,33.8,,0.2,,,,,,,,6.1,10.1,3.2,,1.2,,6.2,25.0,4.0,7.8
202503,Gosford AWS,,,0.6,10.0,8.4,1.0,1.4,12.4,2.6,,4.6,3.8,0.8,,,,,,,,,2.8,9.4,5.4,0.6,0.4,0.4,11.2,36.0,13.0,12.6
202503,Holsworthy Aerodrome AWS,,,,6.8,3.2,,2.4,2.6,1.4,,9.0,8.0,,,,,,,,,,1.4,4.0,3.6,,1.0,,1.4,19.0,11.8,14.6
202503,Holsworthy Defence AWS,,,,16.8,2.0,0.2,7.8,5.4,5.2,0.2,9.2,13.0,,,,,,,,4.8,0.2,9.0,3.4,3.8,0.2,5.0,0.2,9.0,23.8,5.4,12.8
202503,Hornsby (Swimming Pool),,,,3.8,17.4,0.2,5.0,3.6,0.8,,4.4,4.8,,0.2,,,,,,,,1.0,26.6,1.6,,2.2,,2.2,33.6,13.6,11.0
202503,Horsley Park Equestrian Centre AWS,,,,5.2,3.6,0.4,1.0,3.8,1.4,,4.6,4.0,,0.2,,,,,,,,0.8,5.4,3.0,,1.4,,5.8,26.2,6.8,5.2
202503,Katoomba (Farnells Rd),,,2.0,18.0,17.8,1.2,13.8,10.4,12.4,1.6,2.8,27.2,0.8,,,,,,,,8.1,4.8,9.2,5.4,0.4,→,2.4,6.0,18.4,11.8,
202503,Kurrajong Heights (Bells Line of Road),,,0.8,10.4,8.4,0.5,→,→,20.0,4.0,8.0,31.6,,,,,,,,,1.0,5.6,13.2,→,→,→,→,→,→,→,53.2
202503,Lucas Heights (ANSTO),,,,11.0,5.8,0.2,6.4,3.0,3.4,0.2,13.6,11.6,,,,,,,,,,7.0,17.0,1.8,,4.2,,4.8,23.4,9.0,21.6
202503,Mangrove Mountain AWS,,,0.6,12.4,8.0,4.8,2.0,13.6,13.6,0.4,2.6,6.0,0.8,0.2,,,,,,,,4.2,9.8,8.2,6.4,6.8,1.8,0.2,44.6,14.4,4.6
202503,Marrickville Golf Club,,,,4.0,8.0,2.0,,1.0,1.0,,17.0,10.0,,,,,,,,,,2.0,7.0,3.0,,4.0,,8.0,30.0,13.0,23.0
202503,Menangle Bridge (Nepean River),,,,7.0,,,,2.0,4.0,,3.0,7.0,,,,,,,,,,14.0,2.0,7.0,1.0,,,4.0,17.0,4.0,3.0
202503,Mount Boyce AWS,,,0.6,7.6,13.8,0.6,8.4,8.2,16.0,2.2,2.6,18.6,,,,,,,,,4.2,1.2,9.8,4.4,0.4,3.0,,6.0,21.2,8.2,5.4
202503,Norah Head AWS,,,0.2,11.4,6.4,1.6,3.2,1.4,1.8,,3.6,1.6,,0.2,,,,,,,0.2,2.8,3.2,2.8,0.6,1.2,,3.8,35.0,18.0,32.2
202503,North Parramatta (Burnside Homes),,,,9.0,12.5,,2.0,2.0,1.5,,10.0,3.0,,,,,,1.5,,,,0.5,11.0,1.0,8.5,2.5,,3.0,23.0,12.5,6.5
202503,North Rocks (Muirfield Golf Club),,,,10.5,9.5,,3.0,2.0,1.5,,7.0,2.0,0.5,,,,,,,,,0.5,20.5,1.5,13.0,2.0,,2.0,24.5,11.5,6.0
202503,North Ryde Golf Club,,,,11.0,15.0,1.0,4.0,3.0,,,8.0,3.0,,,,,,,,,,,31.0,2.0,,1.0,,11.0,27.0,17.0,11.0
202503,Parramatta North (Masons Drive),,,,10.0,8.8,0.4,1.2,1.2,1.2,,8.8,7.8,0.2,,,,,,,,,1.2,13.0,1.3,5.0,1.8,,3.0,20.0,7.4,3.2
202503,Peakhurst Golf Club,,,,11.0,3.0,2.0,2.0,1.0,3.0,,16.0,8.0,,,,,,,,,,1.0,6.0,3.0,,2.0,,,,,
202503,Penrith Lakes AWS,,,,4.2,1.8,,,1.0,8.4,0.2,1.2,8.6,,,,,,,,,0.8,2.4,7.6,1.6,,,,6.4,20.8,5.2,0.4
202503,Prospect Reservoir,,,,5.0,1.0,,1.0,,,,3.0,5.0,,,,,,,,,,,16.0,3.0,,,,5.0,22.0,7.0,8.0
202503,Putty (The Gibba),,,,5.0,2.0,1.0,9.0,4.0,11.0,1.0,2.0,1.0,,,,,,,,,1.0,10.0,2.0,7.0,5.0,6.0,1.0,,32.0,6.0,3.0
202503,Randwick (Randwick St),,,,6.2,2.2,0.4,1.2,1.0,1.6,,25.8,8.2,,,,,,,,,,1.2,3.6,3.2,0.1,2.4,,9.4,31.0,26.0,36.4
202503,Richmond RAAF,,,,6.8,6.2,,,2.6,6.4,0.2,0.2,,,,,,,,,,,2.8,7.6,6.6,,,,0.8,34.6,6.8,
202503,Rose Bay (Royal Sydney Golf Club),,,,7.2,3.4,2.8,0.8,0.8,0.4,,22.4,7.4,,,,,,,,,,0.8,3.2,1.0,,6.0,,9.2,27.4,22.0,40.2
202503,Rossmore (South Creek),,,,5.0,3.0,,4.0,2.0,1.0,,1.0,10.0,,,,,,,,15.0,2.0,5.0,,3.0,,1.0,,3.0,10.0,21.0,1.0
202503,Sans Souci (Public School),,,,5.0,,,,1.0,2.0,,31.0,5.0,,,,,,,,,,1.0,14.0,1.0,,7.0,,7.0,23.0,5.0,8.0
202503,Seven Hills (Radio FM 103.2),,,,4.5,5.0,,1.0,1.5,0.5,,3.5,3.5,0.5,,,,,,,,,0.5,8.0,1.0,,,,2.0,20.0,6.0,9.0
202503,Shanes Park (South Creek Road),,,,0.6,0.6,0.4,0.2,,0.2,0.2,0.2,0.2,0.2,0.2,0.2,,,,,,,0.2,,0.2,0.2,0.2,,0.2,,0.2,0.2
202503,Sydney (Observatory Hill),,,,8.2,11.6,2.0,2.2,0.8,1.8,0.2,14.0,9.4,,,,,,,,,,0.6,8.2,2.8,,1.0,,9.0,34.0,20.2,37.6
202503,Sydney Airport AMO,,,,3.0,3.6,,,0.2,5.0,,20.4,7.2,0.2,,,,,,,,,1.2,2.4,2.0,,1.8,,8.0,24.0,13.0,26.0
202503,Sydney Botanic Gardens,,,,9.6,8.4,2.2,2.4,1.0,0.4,,15.4,10.8,,,,,,,,,,0.8,6.4,2.4,,1.2,,10.6,32.2,24.0,40.8
202503,Sydney Olympic Park AWS (Archery Centre),,,,6.8,9.2,0.6,0.4,0.4,1.6,0.2,10.8,3.0,,,,,,,,,,0.6,21.4,4.0,,2.2,,5.2,27.4,21.8,11.8
202503,Terrey Hills AWS,,,,1.6,2.6,1.0,0.2,3.6,0.2,,7.8,9.0,,0.2,,,,,,,,1.6,12.8,,2.0,5.8,,0.6,35.8,16.6,22.4
202503,Wahroonga (Ada Avenue),,,,7.0,0.8,1.2,,0.2,0.4,,5.8,6.4,,,,,,,,,,1.2,17.2,1.4,,,,1.4,34.4,16.2,12.2
202503,Wedderburn (Booalbyn),,,,8.0,,,3.0,3.0,4.0,,4.0,16.0,1.0,,,,,,,,,8.0,3.0,7.0,1.0,3.0,,12.0,19.0,5.0,12.0
202503,Wyong (Kulnura (Jeavons)),,,,5.0,2.0,5.0,7.0,11.0,21.0,,4.0,7.0,9.0,,,,,,,,,5.0,18.0,10.0,19.0,4.0,1.0,1.0,39.0,14.0,3.0
202503,Yarramalong (Lewensbrook),,,,9.0,2.0,11.0,8.0,11.0,22.0,,3.0,7.0,2.0,,,,,,,,,5.0,18.0,8.0,14.0,4.0,1.0,1.0,29.0,16.0,3.0
202503,"Most values are the precipitation in the 24 hoursto9 am on the day indicated.
Days marked with → are part of a longer accumulation, which is shown on the final day.Values over 100 mm have been rounded to the nearest whole millimetre.Days marked with - have a rainfall report of zero;
days left blank have no rainfall report (which often indicates no rain fell).",,,,,,,,,,,,,,,,,,,,,,,,,,,,,,,
202503,Rainfalls colouredaccording to the amount,0,1.0,5.0,10.0,15.0,25.0,50.0,100,150,200,300,400,600,millimetres,,,,,,,,,,,,,,,,,
202504,Abbotsford (Blackwall Point Rd),0.8,,,,,,,3.4,6.6,,,,2.0,,6.4,1.7,1.6,,,,,0.4,19.6,,3.4,0.8,30.0,14.6,4.4,11.5,
202504,Audley (Royal National Park),,,,,,,,,5.0,,,,,,8.0,,,,,,,,15.0,1.0,3.0,2.0,8.0,4.0,6.0,6.0,
202504,Badgerys Creek AWS,,0.2,,,,,,,,,,,,,,,,,,,,,11.4,1.6,1.4,,30.4,4.4,0.2,14.2,
202504,Bankstown Airport AWS,,,,,,,,,6.2,,,,,,2.2,,,,,,,,10.6,0.4,0.4,0.4,32.6,10.2,0.6,15.0,
202504,Baulkham Hills Eucalyptus Ct,,,,,,,,,,,,,,,5.5,,1.0,,,,,,14.0,1.0,,7.5,13.5,2.0,0.5,26.0,
202504,Bilpin Post Office,3.0,0.2,,,,,,,,,0.2,,,,3.0,,,,,,,,,26.0,2.0,1.0,→,40.0,,15.0,
202504,Blackheath (Wombat Street),1.0,1.0,,,,,,,,,1.0,,,,,,,,,,,,,,,,,,,,
202504,Bringelly (Maryland),,,,,,,,,,,,,,,,,,,,,,,15.0,1.0,2.0,,24.0,7.0,,16.0,
202504,Camden (Brownlow Hill),,,,,,,,,,,,,,,,,,,,,,1.4,13.4,1.4,,0.2,28.0,12.4,,20.0,
202504,Camden Airport AWS,,,,,,,,,1.0,,,,,,,,,,,,,0.4,6.4,2.2,0.4,0.2,,,,0.2,
202504,Campbelltown (Kentlyn (Georges River Roa,,,,,,,,,2.0,,,,,,1.0,,,,,,,,17.0,1.0,8.0,3.0,15.0,1.0,,7.0,
202504,Campbelltown (Mount Annan),0.2,0.2,,,,,,,1.2,,,,,,0.2,0.2,,,,,,0.4,11.4,0.2,0.6,1.8,7.8,6.4,,10.8,
202504,Canterbury Racecourse AWS,0.4,0.2,,,,,,1.4,5.2,,,,,,6.2,0.8,1.8,,,,,0.2,33.0,2.6,9.6,3.8,44.6,8.0,2.2,10.8,
202504,Centennial Park,3.8,,,,,,,5.4,6.5,0.2,,0.3,,,8.8,0.2,15.3,,,,,,,,,,,,,,
202504,Chatswood Bowling Club,1.0,,,,,,,4.0,4.0,,,,1.0,,8.0,,4.0,,,,,,13.0,,11.0,,41.0,31.0,11.0,5.0,
202504,Collaroy (Long Reef Golf Club),1.4,,,,,,,12.0,18.0,,,3.2,,,11.2,,10.0,4.5,,,,5.0,5.6,,12.4,3.6,18.2,12.0,4.0,15.0,
202504,Colo Heights (Mountain Pines),0.2,,,,,,,,,,,,,,3.2,0.2,,,,,,,34.0,9.8,0.4,0.8,11.8,7.2,1.0,16.2,
202504,Concord (Brays Rd),0.4,,,,,,,1.2,4.6,,,,1.0,,5.0,1.2,2.0,,,,,,20.6,0.2,4.0,1.2,30.6,8.4,3.0,10.0,
202504,Concord Golf Club,,,,,,,,0.2,5.6,,,,1.0,,5.8,,1.6,,,,,,22.6,0.4,8.8,0.6,36.8,4.8,3.0,8.6,
202504,Cooranbong (Lake Macquarie AWS),,,,,,,,,4.4,,,,,0.2,5.6,2.4,0.8,1.6,,,,2.4,18.8,7.6,0.2,8.4,21.8,135.4,3.6,14.8,
202504,Cronulla South Bowling Club,3.0,,,,,,,8.0,11.0,,,,,,16.0,3.0,,,,,,2.0,18.0,,15.0,,11.0,7.0,11.0,31.0,
202504,Darkes Forest (Kintyre),,,,,,,,,,,,,1.0,,1.0,,,,1.0,,,1.0,23.0,,2.0,1.0,6.0,5.0,4.0,7.0,
202504,Faulconbridge (Great Western Hwy),1.0,,,,,,,,,,,,,,,,,,,,,,10.0,15.0,1.0,,26.0,28.0,1.0,16.0,
202504,Faulconbridge (St Georges Crescent),1.2,,,,,,,,,,0.6,,,,,0.3,,,,,,,34.6,7.8,0.5,,20.7,,,13.2,
202504,Gosford AWS,0.2,,,,,,,6.2,6.4,0.2,,,,,6.0,1.2,5.6,1.0,0.2,,,11.0,40.8,0.2,0.2,,63.4,48.4,1.2,12.4,
202504,Holsworthy Aerodrome AWS,,,,,,,,,1.2,,,,,,2.2,0.2,,,,,,,17.6,,4.8,1.4,9.8,2.2,0.8,12.4,
202504,Holsworthy Defence AWS,,,,,,,,,1.0,,,,,,1.2,1.0,,,,,,,16.6,0.8,0.4,0.8,15.2,2.6,1.2,9.0,
202504,Hornsby (Swimming Pool),1.0,,,,,,,0.6,,,,,,,2.6,0.4,3.0,,,,,0.4,23.4,3.4,1.2,1.0,16.6,20.6,1.4,11.2,
202504,Horsley Park Equestrian Centre AWS,0.2,,,,,,,,,,,,0.2,,2.8,,,,,,,,12.2,1.0,1.8,8.2,,12.6,,8.4,
202504,Katoomba (Farnells Rd),10.6,0.4,,,,,,,,,,,,,3.0,0.2,,,,,,,36.2,9.8,0.6,,18.4,23.0,0.2,23.0,
202504,Kurrajong Heights (Bells Line of Road),3.0,,,,,,,0.8,,,,,,,0.8,0.4,,,,,,,17.4,5.2,0.2,2.2,31.4,13.8,0.5,6.2,
202504,Lucas Heights (ANSTO),,,,,,,,,1.6,,,,,0.4,5.0,0.4,,,,,,,20.8,0.4,4.5,3.0,9.0,0.6,1.8,4.8,
202504,Mangrove Mountain AWS,,,,,,,,,,,,,,0.2,2.8,0.4,1.8,0.2,,0.2,,,13.4,4.4,0.2,3.6,27.0,59.0,4.0,47.0,
202504,Marrickville Golf Club,,,,,,,,4.0,1.0,,,,,,10.0,3.0,3.0,,,,,,32.0,,5.0,1.0,53.0,11.0,6.0,18.0,
202504,Menangle Bridge (Nepean River),,,,,,,,,,,,,,,,,,,,,,1.0,18.0,,,1.0,5.0,8.0,,14.0,
202504,Mount Boyce AWS,1.8,,0.2,,,,,,0.2,0.2,,,,0.2,1.2,0.2,,0.4,,,,,27.0,9.8,1.4,0.2,20.0,19.0,0.2,14.4,
202504,Norah Head AWS,4.0,0.4,,0.2,,,,7.0,1.4,0.2,,,,14.6,12.0,1.2,12.8,7.4,,,,6.0,17.6,,10.2,0.2,39.6,63.0,,45.0,
202504,North Parramatta (Burnside Homes),,,,,,,,,,,,,,,2.0,,2.0,,,,,,13.0,0.5,2.5,2.5,17.0,3.0,1.0,11.5,
202504,North Rocks (Muirfield Golf Club),,0.5,,,,,,,,,,,,,2.0,,2.0,,,,,,15.0,2.0,3.0,4.0,12.0,9.0,1.0,14.5,
202504,North Ryde Golf Club,,,,,,,,1.0,4.0,,,,,,4.0,1.0,2.0,,,,,,13.0,,7.0,1.0,25.0,11.0,2.0,9.0,
202504,Parramatta North (Masons Drive),,,,,,,,,,,,,,,4.2,0.4,1.6,,,,,0.2,13.4,0.2,3.2,3.0,15.0,3.0,1.0,10.0,
202504,Penrith Lakes AWS,,,,,,,,,,,,,,,0.2,0.2,,,,,,,8.4,13.4,0.6,,17.4,7.8,,11.2,
202504,Prospect Reservoir,,,,,,,,,,,,,,,2.0,,,,,,,,16.0,2.0,,3.0,12.0,14.0,1.0,18.0,
202504,Putty (The Gibba),,,,,,,,,,,,,,,1.0,,,,,,,,17.0,9.0,,15.0,10.0,8.0,,5.0,
202504,Randwick (Randwick St),7.0,,,,,,,5.4,8.0,,,,,,8.2,0.4,15.0,0.4,,,,2.2,10.0,,4.6,,53.6,10.0,14.2,22.6,
202504,Richmond RAAF,0.2,,,,,,,,,,,,,0.2,1.4,,,,,,,,28.2,0.8,0.4,0.4,26.4,7.8,,16.4,
202504,Rose Bay (Royal Sydney Golf Club),5.0,,,,,,,5.2,13.0,,,2.2,,,9.0,0.8,10.4,0.5,,,,0.8,5.2,0.2,4.0,0.2,44.8,10.4,7.0,18.4,
202504,Rossmore (South Creek),1.0,,,,,,,,,,,,,,,,,,,,,,4.0,5.0,2.0,,1.0,2.0,1.0,6.0,
202504,Sans Souci (Public School),,,,,,,,1.0,8.0,,,,,,4.0,,1.0,,,,,,7.0,,4.0,,10.0,6.0,2.0,11.0,
202504,Seven Hills (Radio FM 103.2),,0.5,,,,,,,,,,,,,2.0,,,,,,,,10.0,0.5,,6.5,12.5,4.5,,8.0,
202504,Shanes Park (South Creek Road),,0.2,0.2,0.2,,0.2,,,,,,,,,,,,,,,,,,0.2,,0.4,0.6,13.0,0.8,0.2,
202504,Sydney (Observatory Hill),2.2,,,,,,,3.4,19.4,,,,,,7.6,0.8,7.0,,0.2,,,1.6,16.4,0.6,17.2,0.8,38.0,25.0,9.4,16.8,
202504,Sydney Airport AMO,1.0,,,,,,,3.2,5.0,0.2,,,,,10.2,0.4,4.6,0.2,,,,0.8,19.6,0.2,13.2,,36.0,12.6,4.4,16.0,
202504,Sydney Botanic Gardens,3.4,,,,,,,3.6,13.6,,,0.2,,,7.5,0.2,8.0,0.4,,,,,19.8,,19.4,,43.6,21.6,12.2,8.0,
202504,Sydney Olympic Park AWS (Archery Centre),,,,,,,,,3.2,0.2,,,,0.2,1.6,,2.0,0.2,,,,0.2,16.8,2.4,4.6,3.4,26.0,6.0,0.8,8.2,
202504,Terrey Hills AWS,1.2,,,,,,,2.2,2.6,,,1.4,,,6.6,0.2,1.2,,,,,1.6,22.6,0.4,7.2,2.0,20.4,16.4,2.4,5.2,
202504,Wahroonga (Ada Avenue),0.6,,,,0.2,,,1.6,,,,,0.2,,4.0,0.4,3.4,,0.2,,,,10.4,7.8,2.0,0.2,19.2,8.6,,10.6,
202504,Wedderburn (Booalbyn),,,,,,,,,1.0,,,,,,,,,,,,,2.0,32.0,2.0,1.0,4.0,8.0,10.0,1.0,13.0,
202504,Wyong (Kulnura (Jeavons)),,,,,,,,,1.0,,,,,,1.0,1.0,,,,,,7.0,35.0,11.0,1.0,,22.0,47.0,1.0,26.0,
202504,Yarramalong (Lewensbrook),,,,,,,,,1.0,,,,,,4.4,2.0,3.0,,,,,,40.0,3.0,1.0,5.0,14.0,60.0,1.0,19.0,
202504,"Most values are the precipitation in the 24 hoursto9 am on the day indicated.
Days marked with → are part of a longer accumulation, which is shown on the final day.Values over 100 mm have been rounded to the nearest whole millimetre.Days marked with - have a rainfall report of zero;
days left blank have no rainfall report (which often indicates no rain fell).",,,,,,,,,,,,,,,,,,,,,,,,,,,,,,,
202504,Rainfalls colouredaccording to the amount,0,1.0,5.0,10.0,15.0,25.0,50.0,100,150,200,300,400,600,millimetres,,,,,,,,,,,,,,,,,
202505,Abbotsford (Blackwall Point Rd),6.4,14.4,4.0,,0.2,,,,2.0,1.0,0.4,1.0,0.1,,0.2,23.0,0.7,3.0,25.8,2.5,2.0,11.2,82.8,2.6,,,3.0,0.1,,,
202505,Audley (Royal National Park),4.0,13.0,3.0,,,,,,,,,,1.0,,,31.0,3.0,,21.0,3.0,5.0,25.0,74.0,5.0,,,10.0,,,,
202505,Badgerys Creek AWS,1.2,0.2,,,,,,,,,0.2,4.0,,,,1.8,0.2,,0.4,0.8,1.4,10.8,73.6,1.0,,,2.4,,0.2,,
202505,Bankstown Airport AWS,4.0,7.6,,,2.0,,,,,,,3.0,,10.2,,14.6,2.4,1.4,41.8,1.2,2.0,13.8,99.0,2.4,,,4.4,,,,
202505,Baulkham Hills Eucalyptus Ct,2.0,11.5,0.5,,0.5,,,,,1.0,1.0,6.0,0.5,2.0,,7.0,4.0,1.5,18.0,3.0,2.5,20.0,86.5,2.0,,,3.0,,,,
202505,Berambing,0.8,3.6,,,,,,,,,,14.4,1.2,0.8,4.0,9.0,,7.0,7.4,1.2,7.6,50.8,116.8,,,,,,,,
202505,Bringelly (Maryland),3.0,,,,,,,,,,,3.0,,,,1.0,,,,2.0,3.0,9.0,65.0,3.0,,,10.0,,,,
202505,Camden (Brownlow Hill),4.0,0.4,,,,,,,,,,2.2,0.2,3.3,,2.0,,,,0.2,3.4,13.6,63.4,0.8,,,13.8,,,,
202505,Camden Airport AWS,,,,,,,,,,,,3.4,,3.8,,,0.6,,,0.4,5.0,13.6,75.4,4.6,,,13.4,,,,
202505,Campbelltown (Kentlyn (Georges River Roa,7.0,1.0,,,,,,,,,1.0,2.0,1.0,7.0,,5.0,,1.0,2.0,1.0,9.0,21.0,92.0,8.0,,,12.0,,,,1.0
202505,Campbelltown (Mount Annan),5.8,0.6,,,0.2,,0.2,,,,0.2,4.4,0.2,6.4,,0.4,2.8,,0.6,1.2,4.6,17.8,72.8,9.8,,,12.0,,,,
202505,Canterbury Racecourse AWS,10.2,26.8,0.8,0.2,,,,,,,,,,,2.4,9.2,1.8,2.0,20.4,4.4,1.2,17.4,95.4,2.8,,,3.8,0.2,,,
202505,Castlereagh (Castlereagh Road),,,,,,,,,,3.0,8.0,0.5,1.0,1.5,1.8,0.8,26.0,13.8,0.8,1.2,12.6,138.2,,,,,,,,,
202505,Centennial Park,16.8,9.2,12.6,,2.9,,,1.0,0.8,4.5,2.4,6.0,0.4,0.6,8.8,32.0,1.0,24.0,16.8,1.8,2.6,12.0,64.4,,,,,,,,
202505,Chatswood Bowling Club,,,,,,,,,2.0,3.0,1.0,1.0,,,,3.0,,,,,,,,,,,,,,,
202505,Collaroy (Long Reef Golf Club),23.0,27.4,12.0,,4.4,,,8.0,1.4,3.2,2.0,8.8,0.2,0.4,4.0,36.0,,16.4,44.6,2.0,0.2,20.0,83.2,4.2,,,4.6,,,,
202505,Colo Heights (Mountain Pines),0.2,2.0,0.2,,,,,,,0.8,1.8,8.2,0.2,,3.4,2.8,0.8,13.4,19.0,4.8,3.6,34.0,56.0,0.4,,,11.6,0.2,,,
202505,Concord (Brays Rd),4.8,8.8,1.6,,1.0,,,,0.4,1.2,0.6,1.2,0.4,2.6,,14.0,0.8,2.8,25.0,3.0,2.0,10.2,102.0,3.2,,,4.0,,,,
202505,Concord Golf Club,6.4,13.4,,,1.2,,,,2.2,1.8,0.8,2.2,,3.4,,12.8,1.4,3.2,37.2,4.8,4.3,7.4,86.6,7.0,,,3.6,,,,
202505,Cooranbong (Lake Macquarie AWS),2.2,17.6,6.4,,0.4,,0.2,,2.2,1.4,9.8,16.8,3.2,0.2,,10.0,,3.2,120.0,21.2,28.8,36.0,153.6,,,,13.6,,,,
202505,Cronulla South Bowling Club,18.0,22.0,,,,,,1.0,1.0,,,,1.0,,6.0,43.0,2.0,9.0,25.0,,5.0,14.0,51.0,6.0,,,8.0,,,,
202505,Darkes Forest (Kintyre),6.0,12.0,,,,,,,,3.0,,,2.0,,,8.0,1.0,,9.0,2.0,9.0,29.0,156.0,17.0,,,8.0,,,,
202505,Faulconbridge (Great Western Hwy),1.0,,,,,,,,,,2.0,12.0,1.0,,2.0,7.0,1.0,,4.0,1.0,5.0,27.0,131.0,,,,2.0,,,,
202505,Faulconbridge (St Georges Crescent),0.8,0.6,,,,,,,,0.4,3.0,11.4,,1.0,3.8,5.4,,1.0,3.4,0.6,4.0,25.8,138.4,1.0,,,4.0,,,,
202505,Gosford AWS,3.2,13.4,5.8,0.2,,0.2,,0.2,3.6,0.6,7.0,20.6,3.2,,0.4,21.4,0.4,22.0,74.4,4.6,2.0,20.4,145.8,1.6,0.2,,16.0,,,,
202505,Holsworthy Aerodrome AWS,6.0,3.0,0.2,,0.2,,0.2,,,0.2,0.2,1.0,6.0,3.4,,8.0,6.0,1.2,7.2,1.4,2.4,9.4,81.8,11.2,,,8.0,,,,
202505,Holsworthy Defence AWS,5.4,1.8,0.4,,0.4,,,,,,0.6,1.0,0.4,22.0,,10.2,0.4,0.2,3.6,2.4,5.8,30.6,105.0,19.0,0.2,,10.6,,,,
202505,Hornsby (Swimming Pool),1.8,7.0,3.0,,1.4,,,,0.6,0.4,1.8,8.8,0.8,2.4,1.4,3.2,0.4,8.0,58.4,6.4,2.4,24.0,116.0,1.0,,,4.4,,,,
202505,Horsley Park Equestrian Centre AWS,2.8,3.8,,,0.8,,,,,0.6,0.4,4.6,0.2,1.4,,5.0,0.4,1.6,20.2,0.4,1.2,18.8,,,,,1.8,0.6,,,
202505,Katoomba (Farnells Rd),10.8,5.4,0.4,,,,,,,0.4,7.4,10.8,0.8,0.8,→,7.4,0.9,6.0,9.2,3.0,11.8,42.2,143.0,1.0,,,,6.8,,,0.3
202505,Kurrajong Heights (Bells Line of Road),0.6,4.4,2.2,,,,,,,,2.8,11.6,0.2,,2.4,5.0,→,27.0,17.0,4.0,7.2,→,141.0,,,,5.2,,,,
202505,Lucas Heights (ANSTO),3.8,2.4,0.8,,0.8,0.2,,,,0.4,,1.0,0.4,1.8,0.2,13.6,12.0,1.4,7.6,4.2,6.8,26.4,94.2,9.2,0.2,,11.6,,,,
202505,Mangrove Mountain AWS,1.8,15.4,4.4,,0.2,0.2,,0.2,0.6,0.2,10.4,9.0,1.2,0.4,2.0,8.2,0.6,4.8,72.8,23.2,16.0,52.8,131.0,1.4,,,15.6,,0.2,,
202505,Marrickville Golf Club,10.0,30.0,1.0,,1.0,,,,,1.0,3.0,2.0,1.0,2.0,17.0,14.0,2.0,2.0,24.0,4.0,3.0,14.0,88.0,3.0,,,4.0,,,,
202505,Menangle Bridge (Nepean River),2.0,1.0,,,,,,,,,,2.0,,3.0,,,6.0,,,,2.0,16.0,76.0,10.0,,,9.0,,,,
202505,Mount Boyce AWS,5.0,1.2,0.6,,,0.4,,,,0.4,5.0,9.4,0.8,0.2,2.4,3.8,1.2,7.2,3.6,2.8,6.0,49.0,99.8,0.6,,,7.4,0.8,,0.2,
202505,Norah Head AWS,32.0,14.2,11.4,,2.4,0.2,0.2,,4.2,6.6,10.0,15.8,1.2,0.4,0.2,34.6,1.6,24.0,69.6,3.2,4.2,18.6,73.2,1.2,0.2,,13.0,,,3.4,
202505,North Parramatta (Burnside Homes),2.5,15.5,,1.0,2.0,,,,,1.0,1.0,3.5,,0.5,,10.0,2.5,2.5,25.0,3.5,3.0,20.5,117.5,,0.5,,3.5,,,,
202505,North Rocks (Muirfield Golf Club),2.0,13.0,,0.5,1.5,,,,,1.5,1.0,4.5,0.5,4.5,,8.0,2.0,2.0,26.0,2.0,3.0,21.5,96.0,1.0,,,3.5,,,,
202505,North Ryde Golf Club,4.0,17.0,5.0,,1.0,,,,3.0,,1.0,3.0,1.0,,,9.0,,2.0,25.0,3.0,3.0,26.0,96.0,3.0,,,3.0,,,,
202505,Parramatta North (Masons Drive),2.0,14.0,0.6,,2.2,,,,,1.0,1.0,4.0,0.2,,,14.6,2.4,2.2,19.0,2.4,3.0,20.8,103.0,0.8,,,4.0,,,,
202505,Penrith Lakes AWS,0.6,1.2,0.2,,,,,,,,2.0,6.6,0.6,0.2,0.2,1.4,0.2,1.6,5.2,0.8,2.2,8.6,115.6,0.2,,,1.8,,,,
202505,Prospect Reservoir,2.0,7.0,,,1.0,,,,,,,3.0,2.0,2.0,,8.0,7.0,2.0,34.0,2.0,2.0,22.0,93.0,3.0,,,3.0,,,,
202505,Putty (The Gibba),,1.0,2.0,,,,,,,,4.0,8.0,2.0,,,2.0,,,15.0,4.0,2.0,31.0,41.0,,,,15.0,1.0,,,
202505,Randwick (Randwick St),23.4,9.6,10.8,,2.8,,,0.4,4.8,4.2,1.0,3.4,0.2,0.8,10.8,30.4,1.6,23.8,30.6,4.2,3.0,10.6,58.8,10.0,,,4.2,,,,
202505,Richmond RAAF,0.4,4.4,0.8,,,,,,,,2.2,,,,,1.4,,20.2,25.4,0.4,2.2,25.8,181.4,,,,,0.2,,,
202505,Rose Bay (Royal Sydney Golf Club),24.0,16.0,9.4,,6.8,,,1.0,3.0,5.8,1.2,5.8,0.4,0.4,17.0,24.2,0.6,16.0,18.0,1.4,4.2,7.6,59.0,12.0,,,3.8,,,,
202505,Rossmore (South Creek),1.0,1.0,,1.0,,1.0,,,,,,1.0,,,,,,,,,1.0,,52.0,43.0,,,,1.0,,,
202505,Sans Souci (Public School),7.0,35.0,,,1.0,,,,,,,,1.0,,4.0,41.0,3.0,1.0,8.0,,,10.0,45.0,8.0,,,5.0,,,,
202505,Seven Hills (Radio FM 103.2),1.0,7.5,1.0,,1.0,,,,,,0.5,6.0,0.5,5.0,,12.5,2.5,2.0,26.0,1.5,3.5,10.0,75.5,1.5,,,3.0,,,,
202505,Shanes Park (South Creek Road),0.2,0.2,0.2,,0.4,,0.2,0.2,0.2,,0.2,0.2,0.2,0.2,,0.2,0.2,,0.2,0.2,,0.2,0.2,0.2,0.2,0.2,0.2,,0.2,0.2,0.2
202505,Sydney (Observatory Hill),13.8,18.8,10.4,0.2,1.4,0.2,,,2.0,2.0,0.6,3.2,0.2,,3.4,19.8,,11.8,28.6,4.2,3.6,5.2,72.2,6.2,0.2,,3.6,,,,
202505,Sydney Airport AMO,8.0,21.4,3.6,,0.6,,,0.4,0.6,1.8,1.4,1.2,1.0,,35.4,23.8,0.6,4.4,16.0,2.6,3.0,14.6,60.2,6.2,,,4.4,,,,
202505,Sydney Botanic Gardens,24.2,16.6,6.8,,3.4,,,,2.2,3.6,0.8,1.4,2.2,,3.8,22.0,1.4,15.6,31.0,2.2,3.4,6.4,85.6,14.2,,,4.2,,,,
202505,Sydney Olympic Park AWS (Archery Centre),5.6,18.0,0.8,0.2,1.2,0.2,,,,1.0,0.2,3.2,,1.8,0.8,18.8,1.0,1.6,23.2,3.2,1.6,20.0,118.0,2.4,,,3.4,,,,
202505,Terrey Hills AWS,6.6,31.8,6.6,,0.4,,,,1.2,2.6,5.8,9.2,0.4,0.6,0.4,13.8,0.2,24.2,58.4,5.6,1.8,15.4,120.2,4.6,,,5.6,,,,
202505,Wahroonga (Ada Avenue),2.6,3.0,1.4,,1.4,0.2,0.2,,,1.0,1.8,8.6,,0.4,1.0,5.8,,9.6,70.2,,,1.6,30.6,,,,,,,,
202505,Wedderburn (Booalbyn),2.0,3.0,,,,1.0,,,,,,1.0,1.0,12.0,,2.0,4.0,,,1.0,4.0,22.0,82.0,9.0,,,9.0,,,,
202505,Wyong (Kulnura (Jeavons)),1.0,3.0,5.0,,,,,,4.0,1.0,7.0,8.0,3.0,2.0,,7.0,2.0,2.0,72.0,20.0,19.0,58.0,88.0,1.0,,,13.0,,,,
202505,Yarramalong (Lewensbrook),,8.0,3.0,,,,,,1.0,1.0,6.0,14.0,2.0,,,10.0,2.0,6.0,39.0,21.0,30.0,79.0,99.0,2.0,,,14.0,,,,
202505,"Most values are the precipitation in the 24 hoursto9 am on the day indicated.
Days marked with → are part of a longer accumulation, which is shown on the final day.Values over 100 mm have been rounded to the nearest whole millimetre.Days marked with - have a rainfall report of zero;
days left blank have no rainfall report (which often indicates no rain fell).",,,,,,,,,,,,,,,,,,,,,,,,,,,,,,,
202505,Rainfalls colouredaccording to the amount,0,1.0,5.0,10.0,15.0,25.0,50.0,100,150,200,300,400,600,millimetres,,,,,,,,,,,,,,,,,
202506,Abbotsford (Blackwall Point Rd),,,,1.8,0.6,,,,,1.0,,,,0.6,0.1,6.0,,,,,,,,,0.8,,,,,,
202506,Audley (Royal National Park),,,,4.0,6.0,,,,,,,,,,,,,,,,,,,1.0,2.0,,,,,,
202506,Badgerys Creek AWS,,,,0.6,,,,,,,,,,,,,,,,,,,,,0.2,0.2,,,,,
202506,Bankstown Airport AWS,,0.2,,0.8,0.6,0.2,,,,1.6,,,,,0.2,0.6,0.2,,,,,0.2,,,2.6,,,,,,
202506,Baulkham Hills Eucalyptus Ct,,,,1.5,,,,,,1.0,,,,0.5,,4.0,,0.5,,,,,,0.5,1.5,,,,,,
202506,Bilpin Post Office,,,,,2.0,2.2,,,,,,,,,,,,,,,,,,,2.8,1.4,,,,,
202506,Bringelly (Maryland),,1.0,,,,,,,,,,,,,,,,,,1.0,,,,,1.0,,,,,,
202506,Camden (Brownlow Hill),,,,0.6,,,,,,,,,,,,0.2,,,,,,,,,0.6,0.4,,,,,
202506,Camden Airport AWS,,,,0.8,,,,,,,,,,,,1.6,0.2,,,,0.2,0.2,,0.2,0.6,0.2,,,0.2,,
202506,Campbelltown (Kentlyn (Georges River Roa,,,,1.0,,,,,,,,,,1.0,,2.0,,,,,,,,1.0,1.0,,,,,,
202506,Campbelltown (Mount Annan),0.2,0.2,,1.0,,,,,,0.2,,,,,,3.8,0.2,0.2,,0.2,0.2,0.2,,,1.0,,,,,,
202506,Canterbury Racecourse AWS,,,,0.6,,,,,,0.4,,,,,,,,,,,,,,,1.4,0.8,,,,,
202506,Centennial Park,,,,1.8,14.6,,,,,1.4,,,1.0,0.4,1.2,6.1,,,,,,,,,,,,1.2,,,
202506,Collaroy (Long Reef Golf Club),,,,,10.0,,,,,,,,,,,4.0,,,,,,,,,,,,,,,
202506,Colo Heights (Mountain Pines),0.4,0.2,,2.0,,,,,,,,,,,,1.0,,,,,,,,3.0,3.4,1.2,,,,,
202506,Concord (Brays Rd),,,,2.0,0.4,,,,,1.2,,,,0.2,,6.4,,,,,,,,,1.8,,,,,,
202506,Cooranbong (Lake Macquarie AWS),,,,,6.4,,,,,,,,,,,0.2,,,,,,,,,1.2,0.2,,,0.4,0.2,
202506,Cronulla South Bowling Club,,,,3.0,11.0,,,,,,,,,,,,,,,,,,,,2.0,,,,,,
202506,Darkes Forest (Kintyre),,,1.0,1.0,2.0,,,,,,,,,1.0,,,,,,,,,,,2.0,,,,,,
202506,Faulconbridge (Great Western Hwy),,,,,1.0,,,,,,,,,,,,,,,,,,,,1.0,1.0,,,,,
202506,Faulconbridge (St Georges Crescent),,,,0.8,0.2,,,,,,,,,,,,,,,,,,,,2.0,0.6,,,,0.2,
202506,Gosford AWS,0.2,,0.2,0.8,3.6,,0.2,,,0.6,,,0.2,0.4,0.2,,0.2,,,,0.2,,,0.2,0.4,,,,,,
202506,Holsworthy Aerodrome AWS,,0.2,,0.6,1.0,,,,,0.8,,,,0.2,,0.4,,,,,0.2,,,,2.0,,,,,,
202506,Holsworthy Defence AWS,,,0.2,0.2,2.0,,,,,0.4,,,,0.4,,1.4,0.2,,,,0.2,,,,2.4,,,,,,
202506,Hornsby (Swimming Pool),,,,2.6,0.2,,,,,1.2,,0.8,,0.2,,6.2,,,,1.6,,,,,3.0,,,,0.4,,
202506,Horsley Park Equestrian Centre AWS,,0.2,,,,,,,,2.2,,,,0.2,,0.2,,,,,,,,,1.8,,,,,,
202506,Katoomba (Farnells Rd),,→,0.2,0.8,1.8,,,0.4,0.2,,,,0.4,0.3,,0.4,,,,,,,→,1.6,6.6,2.2,,,,0.4,
202506,Kurrajong Heights (Bells Line of Road),,→,→,→,2.8,,0.1,,,,,,,,,,,,,,,,,,1.8,,,,,,
202506,Lucas Heights (ANSTO),0.2,0.2,0.2,0.8,3.2,,,,,0.6,,,,0.4,,0.8,0.2,,,0.2,,,,,2.4,,,,,0.2,
202506,Mangrove Mountain AWS,,,0.2,0.4,1.2,,,,,1.6,,,,,0.2,,,,0.2,,,,0.2,,0.8,0.2,,,,,
202506,Marrickville Golf Club,,,,2.0,1.0,1.0,,,,,,,,1.0,,3.0,,,,,1.0,,,,1.0,,,,,,
202506,Menangle Bridge (Nepean River),,,,,,,,,,,,,,,,1.0,,,,,1.0,,,1.0,,,,,,,
202506,Mount Boyce AWS,0.2,0.2,0.2,,0.8,,,0.6,,,,,,,0.2,0.2,,,,,,,,2.8,3.8,2.0,,,0.2,,
202506,Norah Head AWS,,,0.2,0.8,32.2,,,,,,,,4.4,3.8,0.6,,0.2,,,,,,0.2,,0.4,,,2.4,,0.2,
202506,North Parramatta (Burnside Homes),,,,1.5,,,,,,1.5,,,,,,5.0,,,,,,,,,2.0,,,,,,
202506,North Rocks (Muirfield Golf Club),,,,1.0,0.5,,,,,1.0,,,,0.5,,3.0,,,,,,,,,1.5,,,,,,
202506,North Ryde Golf Club,,,,2.0,,,,,,1.0,,,,,,5.0,,,,,,1.0,,,1.0,,,,,,
202506,Parramatta North (Masons Drive),,,,1.0,0.2,,,,,1.4,,,,0.4,,5.2,,,,,,,,,2.0,,,,,,
202506,Penrith Lakes AWS,0.2,,,1.2,0.4,,,,,,,0.2,,,,,,,,0.2,0.2,0.2,,,0.8,,,,,,
202506,Prospect Reservoir,,,,2.0,,,,,,1.0,,,,,,3.0,,,,,,1.0,,,,,,,,,
202506,Putty (The Gibba),,,,,2.0,,,,,,,,,,,,,,,,,,,,8.0,,,,,,
202506,Randwick (Randwick St),,0.2,,2.0,16.8,,,,,1.4,,,3.8,0.6,2.0,6.0,,,,,,,,,1.8,,,,,,
202506,Richmond RAAF,,,0.2,0.6,1.6,,,,,,,,,,,,,,,0.2,,0.2,,,0.2,,,,,0.2,
202506,Rose Bay (Royal Sydney Golf Club),,,,2.2,17.0,,,,,1.6,,,4.0,1.0,0.8,3.2,,,,,,,,0.4,1.4,,,,,,
202506,Rossmore (South Creek),,,,,,,,,,,,,,,,1.0,,,,,,,,,1.0,,,,,,
202506,Sans Souci (Public School),,,,,,,,,,,,,,,,2.0,,,,,,,,,1.0,,,,,,
202506,Seven Hills (Radio FM 103.2),,,,1.5,0.5,,,,,1.0,,,,,,5.0,,,,,,,,,1.0,,,,,,
202506,Shanes Park (South Creek Road),,0.2,0.2,,0.2,,0.2,,0.2,,,0.4,,,0.2,,,0.8,1.0,,0.2,0.2,,,1.0,,,,,,
202506,Sydney (Observatory Hill),,,,0.8,8.8,0.2,,,,0.6,,,,,0.2,7.0,,,,,,,,,1.0,,,,,,
202506,Sydney Airport AMO,,,,1.6,5.8,,,,,0.6,,,,0.2,0.2,3.8,0.2,,,,,,,,1.4,,,,,,
202506,Sydney Botanic Gardens,,,,,13.0,,2.0,,,0.8,,,,0.2,0.4,6.2,,,,,,,,,1.2,,,,,,
202506,Sydney Olympic Park AWS (Archery Centre),,,,2.2,0.2,,,,,1.8,,,,0.2,,4.6,,,,,0.2,,,,1.6,,,,,,
202506,Terrey Hills AWS,,,0.2,1.4,4.4,,,,,1.0,,,,,,7.6,,,,,0.2,,,,3.0,,,,,,
202506,Wahroonga (Ada Avenue),0.2,0.2,,2.8,0.4,,,,,1.8,,,,0.4,,4.0,,0.2,,0.2,,0.4,,0.4,3.2,,,,,,
202506,Wedderburn (Booalbyn),,,1.0,,,,,,,,,,,,,1.0,,,,1.0,,,,1.0,,,,,,,
202506,Wyong (Kulnura (Jeavons)),,,,,1.0,,,,,,,,,,,,,,,,,,,,,,,,,,
202506,Yarramalong (Lewensbrook),,,,,3.0,,,,,,,,3.0,,,,,,1.0,,,1.0,,,,,,,,,
202506,"Most values are the precipitation in the 24 hoursto9 am on the day indicated.
Days marked with → are part of a longer accumulation, which is shown on the final day.Values over 100 mm have been rounded to the nearest whole millimetre.Days marked with - have a rainfall report of zero;
days left blank have no rainfall report (which often indicates no rain fell).",,,,,,,,,,,,,,,,,,,,,,,,,,,,,,,
202506,Rainfalls colouredaccording to the amount,0,1.0,5.0,10.0,15.0,25.0,50.0,100,150,200,300,400,600,millimetres,,,,,,,,,,,,,,,,,
202507,Abbotsford (Blackwall Point Rd),16.0,85.0,3.8,,,,1.4,,,,,,,,,,,,0.4,,,,22.0,,,2.8,,,,1.4,31.2
202507,Audley (Royal National Park),11.0,101.0,4.0,,,,6.0,,,,,,,,,,,,,,,1.0,2.0,1.0,,2.0,,,,1.0,32.0
202507,Badgerys Creek AWS,5.8,48.0,2.4,,,,2.8,,,0.2,,,,,,,,,0.6,0.2,,0.2,2.8,,,2.2,,,,0.2,14.4
202507,Bankstown Airport AWS,10.6,50.2,1.0,0.2,,,5.6,0.2,,,,,,,,,,,0.4,,0.6,0.2,2.0,,,2.4,,,,0.6,17.0
202507,Baulkham Hills Eucalyptus Ct,9.5,50.0,1.5,0.5,,,3.0,0.5,,,,,,,,,,,,,,,2.0,,,3.5,,,,1.0,16.0
202507,Bilpin Post Office,1.8,33.0,0.2,,,→,7.0,,,,,,,,,,,,,,,,3.2,,,2.0,,,,1.4,15.0
202507,Blackheath (Wombat Street),,,,,,,,,,,,,,,,,,,,,1.0,,10.0,,,2.0,1.0,1.0,,1.0,16.0
202507,Bringelly (Maryland),5.0,44.0,1.0,,,,2.0,,,,,,,,,,,,,,,,2.0,,,1.0,,,,,14.0
202507,Camden (Brownlow Hill),4.6,48.6,0.4,,,,1.0,,,,,,,,,,,,,,,,3.6,,,1.6,,,,1.2,10.2
202507,Camden Airport AWS,5.6,56.6,0.4,,,,1.8,,,,,,,,,0.2,,,,0.2,,,3.8,,,1.6,,,,1.2,11.8
202507,Campbelltown (Kentlyn (Georges River Roa,9.0,62.0,2.0,,,1.0,2.0,,,,1.0,,,,,,,,,,,,3.0,,,2.0,,,,1.0,20.0
202507,Campbelltown (Mount Annan),6.4,61.0,1.8,,0.2,,1.4,0.2,0.2,,,,,,,,,,0.2,,,0.2,2.2,,,1.2,,,,0.4,12.4
202507,Canterbury Racecourse AWS,14.0,62.6,3.2,,,0.2,5.4,,,0.2,,,,,,,,,0.4,,,,2.4,0.2,,2.8,,,,2.0,25.4
202507,Centennial Park,18.4,76.6,6.4,0.2,,,1.1,1.4,1.6,,,,,,,,,,,,0.5,0.1,4.4,0.1,,6.5,,,,5.8,66.0
202507,Collaroy (Long Reef Golf Club),14.0,53.0,6.0,,,,9.0,,,,,,,,,,,,19.0,,,2.0,,,,4.0,,,,,80.0
202507,Colo Heights (Mountain Pines),2.4,41.6,3.0,,,,3.2,,,,,,,,,,,,,,,,5.0,,,5.8,,,,0.8,6.0
202507,Concord (Brays Rd),16.0,80.6,2.8,,,,3.2,,,,,,,,,,,,,,,,2.6,,,3.6,,,,1.0,28.0
202507,Concord Golf Club,8.2,84.0,2.2,,,,4.0,,,,,,,,,,,,,,,,3.0,,,4.2,,,,,
202507,Cooranbong (Lake Macquarie AWS),19.0,19.4,13.8,,,,,,,,,,,,,1.8,,,3.8,,,,2.2,1.2,,2.6,,,,1.4,20.4
202507,Cronulla South Bowling Club,16.0,96.0,6.0,,,,5.0,,,,,,,,,,,2.0,,,,1.0,2.0,1.0,,3.0,,,,6.0,29.0
202507,Darkes Forest (Kintyre),13.0,100.0,7.0,,,1.0,2.0,,,,,,,,,,,,,,4.0,,5.0,,,2.0,,,,1.0,34.0
202507,Faulconbridge (Great Western Hwy),3.0,40.0,,,,,2.0,,,,,,,2.0,,,,,,,,,,,,,,,,,
202507,Faulconbridge (St Georges Crescent),3.0,35.8,0.4,,,,2.4,,,,,,,,,,,,,,0.4,,1.4,,,2.0,,,,0.4,12.8
202507,Gosford AWS,15.6,25.0,7.4,,,,8.4,,,,,,,,,1.0,,0.2,0.4,0.2,,0.2,2.2,,,3.2,,0.2,,,40.8
202507,Holsworthy Aerodrome AWS,9.2,45.6,1.2,,,0.4,3.8,,,,,,,,,,,,,,0.2,0.2,2.0,,,1.4,,,,0.2,16.6
202507,Holsworthy Defence AWS,8.6,65.6,3.2,,,0.6,3.6,0.2,,,,,,,,,,,,,0.2,,3.8,,,2.2,,,,0.2,26.6
202507,Hornsby (Swimming Pool),14.2,69.8,4.6,,,,0.6,,,,,,,,,,,,0.4,,,,6.2,,,4.0,,,,0.6,27.8
202507,Horsley Park Equestrian Centre AWS,8.6,43.4,2.0,,,,4.4,,,0.2,,,,,,,,,,,,0.2,1.8,,,2.4,,,,0.4,17.4
202507,Katoomba (Farnells Rd),3.8,44.8,1.4,,,,1.4,0.6,,→,1.6,,,,,,,,→,→,→,0.8,10.0,,,2.4,0.4,1.0,→,0.8,23.2
202507,Kurrajong Heights (Bells Line of Road),3.0,46.0,1.8,,,,7.0,,,,,,,,,,,,,,,,3.6,,,2.6,,,,1.2,12.4
202507,Lucas Heights (ANSTO),10.6,65.6,3.2,,,0.2,5.4,0.2,,,,,,,,,,,,,1.0,0.2,2.4,,,2.4,,,,0.6,26.0
202507,Mangrove Mountain AWS,18.8,44.0,7.8,,,,8.4,,0.2,,,,,,0.2,0.4,,,,,0.2,,5.0,,,4.0,,,,,21.4
202507,Marrickville Golf Club,15.0,65.0,3.0,,,,3.0,1.0,,,,,,,,,,,,,1.0,,3.0,,,3.0,,,,4.0,40.0
202507,Menangle Bridge (Nepean River),5.0,63.0,1.0,,,,1.0,,,,,,,,,,,,,,,,4.0,,,2.0,,,,,14.0
202507,Mount Boyce AWS,1.8,48.8,4.6,,,,2.0,,,,0.6,,,,,,,,0.2,,,0.2,8.0,,0.2,1.6,0.2,0.8,,0.6,15.4
202507,Mount Wilson (Clarine),0.6,50.0,1.3,,,,1.0,,,,1.0,,,,,,,,,,,,6.6,,,3.8,1.0,,,,14.0
202507,Norah Head AWS,44.0,21.2,27.2,,,,9.8,,,,,,,,0.6,1.6,,,13.2,,,,2.0,7.2,,3.4,0.2,,,1.2,51.8
202507,North Parramatta (Burnside Homes),10.5,61.0,2.0,,,,3.0,,,,,,,,,,,,,,,,2.0,0.5,,3.0,,,,1.5,18.0
202507,North Rocks (Muirfield Golf Club),10.5,57.5,2.0,,,,2.5,,,,,,,,,,,,,,,,2.5,,2.5,3.0,,,,1.0,18.0
202507,North Ryde Golf Club,13.0,71.0,2.0,,,,1.0,,,,,,,,,,,,,,,,3.0,,,3.0,,,,1.0,27.0
202507,Parramatta North (Masons Drive),7.4,34.0,0.6,,,,3.4,,,,,,,,,,,,0.2,,,,2.4,,,3.0,,0.2,,0.8,14.4
202507,Penrith Lakes AWS,2.2,38.0,5.2,,,,4.0,,,,,,,,,,,0.2,,0.2,0.8,,0.6,0.2,,2.4,,,,,11.2
202507,Prospect Reservoir,9.0,47.0,1.0,,,,4.0,,,,,,,,,,,,,,,,2.0,,,2.0,,,,1.0,16.0
202507,Putty (The Gibba),2.0,43.0,,,,,3.0,,,,,,,,,,,,,,,,9.0,,,4.0,,,,,5.0
202507,Randwick (Randwick St),18.0,80.4,8.2,,,,1.6,0.2,,,,,,,,,,,1.0,,,0.4,4.6,,,4.0,,,,5.6,61.2
202507,Richmond RAAF,3.6,38.2,3.8,0.2,,,8.4,,,,,,,,,,,,,,,0.2,2.0,,,2.6,,,,0.4,9.6
202507,Rose Bay (Royal Sydney Golf Club),15.8,87.4,10.4,,,0.4,1.2,,,,,,,,,,,,,,1.2,0.2,3.8,,,4.0,,,,3.0,61.6
202507,Rossmore (South Creek),,1.0,,,,,,,,,,,,,,,,,,,,,,,,,,,,,
202507,Sans Souci (Public School),4.0,3.0,,,,,,,,,,,,,,,,,,,,,,,,,,,,,
202507,Seven Hills (Radio FM 103.2),5.5,37.0,1.5,,,,5.0,,,,,,,,,,,,,,0.5,,2.5,,,,,,,1.0,0.5
202507,Shanes Park (South Creek Road),2.6,39.4,6.6,2.8,,,1.4,1.8,2.0,,,,,,,,0.2,,,,,,1.2,0.4,,1.6,1.6,,,0.4,15.4
202507,Sydney (Observatory Hill),16.6,73.0,4.4,,,,0.6,,,,,,,,,,,,0.4,,,,3.4,,,3.6,,,,2.2,54.8
202507,Sydney Airport AMO,12.2,72.4,3.4,0.2,,,2.0,0.2,,,,,,,,,,0.2,3.4,,,0.6,2.4,0.2,,2.8,,,,5.6,33.0
202507,Sydney Botanic Gardens,16.6,84.8,9.2,,,,1.0,0.2,,,,,,,,,,,0.6,1.0,,0.6,4.0,,,4.0,,,0.2,,50.0
202507,Sydney Olympic Park AWS (Archery Centre),13.8,72.8,2.0,,,,4.8,,,,,,,,,,,,,,,,2.2,0.2,,3.4,,,,0.8,28.2
202507,Terrey Hills AWS,15.2,58.6,6.4,,,,5.8,,,,,,,,,,,,3.2,,,,2.4,0.2,,4.6,,,,,42.4
202507,Wahroonga (Ada Avenue),16.4,75.2,4.8,,0.2,,0.8,,,,,,,,,,,,0.2,,,,,,,,,,,,
202507,Wedderburn (Booalbyn),5.0,79.0,3.0,,,,1.0,1.0,,,,,,,,,,,,,,,4.0,,,2.0,,,,1.0,21.0
202507,Wyong (Kulnura (Jeavons)),14.0,52.0,9.0,,,,1.0,,,,,,,,,,,,,,,,2.0,,,4.0,,,,,9.0
202507,"Most values are the precipitation in the 24 hoursto9 am on the day indicated.
Days marked with → are part of a longer accumulation, which is shown on the final day.Values over 100 mm have been rounded to the nearest whole millimetre.Days marked with - have a rainfall report of zero;
days left blank have no rainfall report (which often indicates no rain fell).",,,,,,,,,,,,,,,,,,,,,,,,,,,,,,,
202507,Rainfalls colouredaccording to the amount,0,1.0,5.0,10.0,15.0,25.0,50.0,100,150,200,300,400,600,millimetres,,,,,,,,,,,,,,,,,
202508,Abbotsford (Blackwall Point Rd),6.0,19.4,21.2,40.5,0.6,,1.6,,34.0,38.6,17.0,,,13.2,12.0,0.1,0.2,,24.4,20.8,64.4,29.2,8.0,0.2,0.2,,,,,0.4,
202508,Audley (Royal National Park),5.0,29.0,17.0,21.0,1.0,,4.0,,12.0,29.0,7.0,2.0,,14.0,12.0,,,,47.0,14.0,51.0,26.0,4.0,,,,,,,,
202508,Badgerys Creek AWS,,21.6,16.8,2.4,0.4,,,,0.8,3.2,2.4,4.0,,0.2,2.6,,0.2,0.2,7.4,7.4,34.0,16.2,0.6,,,,0.2,,,0.6,0.2
202508,Bankstown Airport AWS,0.8,26.4,30.6,12.8,2.6,,0.2,,16.8,12.4,1.6,0.2,,4.6,9.2,0.2,0.4,,24.2,19.0,44.4,32.8,2.8,0.2,,,,,,0.2,0.2
202508,Baulkham Hills Eucalyptus Ct,1.0,20.0,28.0,16.5,2.5,,0.5,,14.0,14.5,8.5,1.0,0.5,1.5,7.5,,,,11.5,12.0,37.5,18.0,4.5,,,,,,,,
202508,Bilpin Post Office,0.2,25.0,→,81.0,1.0,,0.8,1.0,3.0,→,16.6,,,,1.6,,,,2.0,6.6,55.2,17.8,0.4,,,,,1.0,,,
202508,Blackheath (Wombat Street),2.0,18.0,37.0,10.0,,,1.0,,4.0,10.0,3.0,,1.0,1.0,2.0,,,,2.0,10.0,64.0,27.0,1.0,,,,,3.0,,3.0,
202508,Bringelly (Maryland),,18.0,20.0,1.0,,,,,,4.0,1.0,4.0,1.0,,,,,,8.0,10.0,34.0,23.0,,,,,,,,,
202508,Camden (Brownlow Hill),,14.0,26.8,2.4,1.1,,,,,3.2,1.0,2.8,,,0.4,,,,8.2,11.0,35.0,26.4,,,,,,,,,
202508,Camden Airport AWS,,16.6,26.6,3.6,1.0,,,,,2.0,2.6,4.0,,0.2,0.8,,,,10.8,9.6,35.6,27.2,0.8,,,,,,,0.4,
202508,Campbelltown (Kentlyn (Georges River Roa,,19.0,30.0,4.0,4.0,,,,1.0,7.0,4.0,,,1.0,2.0,,,,18.0,9.0,40.0,25.0,1.0,,,,,,,,
202508,Campbelltown (Mount Annan),,18.4,29.6,1.2,1.8,,0.2,,,2.4,2.4,,0.2,0.2,1.2,,,,11.6,12.4,38.0,23.8,0.8,0.2,,,,,,0.2,
202508,Canterbury Racecourse AWS,4.8,17.2,13.0,32.4,0.4,,1.0,,30.2,25.2,18.2,,,10.0,12.4,,,0.2,21.8,21.0,60.2,24.0,5.2,0.2,,,,,,0.2,0.2
202508,Castlereagh (Castlereagh Road),0.1,16.4,18.8,6.8,,,,,,,,,,,,,,,,,,,,,,,,,,,
202508,Centennial Park,10.0,41.4,12.0,11.2,1.8,,12.2,0.2,25.0,34.1,25.5,5.0,0.2,16.3,16.0,0.2,1.1,,22.0,29.3,68.7,33.6,27.0,,0.2,,,,,,
202508,Chatswood Bowling Club,,,,,,,,,,,,,,,,,,,,,,,,,,,,,,,
202508,Collaroy (Long Reef Golf Club),24.0,64.0,,49.0,,,7.0,,22.2,48.5,10.0,,,15.0,,,,23.6,42.0,80.0,28.2,18.0,,,,,,,,,
202508,Concord (Brays Rd),4.2,17.8,18.4,21.2,1.0,,1.4,,29.0,23.6,12.0,,0.2,9.8,10.0,,,,25.0,17.4,54.0,26.8,5.8,,,,,,,,
202508,Concord Golf Club,8.4,15.4,25.4,24.2,1.0,,,,35.6,24.0,11.6,,,10.2,12.2,,,,20.2,19.4,53.4,25.0,7.0,,,,,,,,
202508,Cooranbong (Lake Macquarie AWS),6.6,19.2,60.8,16.2,0.8,0.2,1.8,2.6,9.8,25.6,0.6,0.2,0.2,6.2,4.6,0.2,0.2,,21.2,2.0,29.4,15.6,15.8,0.2,,,,0.2,,0.4,
202508,Cronulla South Bowling Club,7.0,33.0,8.0,22.0,1.0,,8.0,,43.0,30.0,27.0,16.0,,28.0,58.0,1.0,,,27.0,26.0,53.0,21.0,4.0,,,,,,,,
202508,Darkes Forest (Kintyre),1.0,47.0,40.0,33.0,1.0,,,,2.0,26.0,4.0,,,,4.0,,,,38.0,19.0,63.0,23.0,3.0,1.0,,,,,,,
202508,Faulconbridge (St Georges Crescent),0.2,17.8,26.8,7.6,,,,,2.4,9.6,1.0,,,0.8,3.2,,,,1.4,5.6,57.4,21.0,0.6,,,,,1.2,,2.0,
202508,Gosford AWS,10.2,37.0,67.6,9.4,0.8,,1.6,0.4,28.6,15.6,12.4,0.2,,11.8,8.8,0.2,0.2,,3.6,8.4,54.6,46.6,16.2,,,0.2,,,,0.2,
202508,Holsworthy Aerodrome AWS,0.6,24.6,17.4,5.2,1.0,,,,5.4,12.0,1.6,0.2,0.2,1.4,3.4,,,,25.6,13.4,40.4,22.4,2.8,0.2,,,,,,0.2,
202508,Holsworthy Defence AWS,0.6,23.2,32.6,8.0,0.2,,0.2,,1.0,9.8,4.4,,0.2,0.4,2.8,,,,26.2,8.8,38.4,25.2,8.0,,,,,,,0.2,
202508,Hornsby (Swimming Pool),6.4,32.8,58.6,26.4,1.0,,4.0,,16.0,23.2,3.6,,,9.4,6.2,,,,15.6,16.4,49.2,27.8,8.0,,,,,,,,
202508,Horsley Park Equestrian Centre AWS,0.4,18.6,22.6,5.4,0.6,,,,6.2,4.8,2.4,1.6,0.2,0.2,7.0,,,,12.4,11.2,34.8,15.0,2.0,0.2,,,,,,,
202508,Katoomba (Farnells Rd),,43.8,54.2,25.0,0.6,→,0.8,0.8,6.0,18.0,8.8,0.4,0.2,1.6,6.2,,,,3.4,→,74.6,26.0,1.4,,,,→,2.0,,2.6,
202508,Kurrajong Heights (Bells Line of Road),,16.6,→,60.0,0.6,,,,1.8,9.4,2.4,→,→,→,→,10.0,,,2.8,7.6,54.2,17.0,0.6,,,,,,,1.8,
202508,Lucas Heights (ANSTO),2.0,37.0,16.0,13.8,1.4,,1.0,,6.0,22.0,3.2,,,2.8,5.6,0.2,,,28.4,6.4,38.0,23.0,3.0,,,,,,,0.6,
202508,Mangrove Mountain AWS,3.2,22.4,100.6,14.6,0.6,,0.2,,10.6,9.8,3.2,0.2,,7.6,3.2,,1.6,,1.8,4.4,31.6,13.2,3.0,,,,,,,0.2,
202508,Marrickville Golf Club,5.0,18.0,12.0,31.0,,,2.0,,36.0,30.0,15.0,1.0,,17.0,14.0,,,,26.0,26.0,30.0,,1.0,,,,,,,,
202508,Menangle Bridge (Nepean River),,16.0,40.0,3.0,2.0,,,,,2.0,1.0,,,,,1.0,,,7.0,6.0,34.0,21.0,1.0,,,,,,,,
202508,Mount Boyce AWS,1.8,18.0,38.8,9.6,1.6,,0.2,1.0,3.0,10.8,2.4,0.4,,1.4,2.0,,,,1.8,10.4,64.2,28.0,0.8,,,,,2.0,,2.2,
202508,Mount Wilson (Clarine),,20.4,9.0,19.0,,,,2.0,2.6,19.0,2.4,,,,3.4,,,,2.0,8.6,7.3,33.0,0.4,,,,2.6,,,3.0,
202508,Norah Head AWS,14.0,44.4,42.8,8.6,4.0,,0.8,5.4,34.8,47.8,15.8,2.8,0.2,30.6,10.6,0.4,0.8,,57.4,8.6,50.4,23.6,31.4,,,0.2,0.2,,,,
202508,North Parramatta (Burnside Homes),1.5,20.0,24.5,20.5,0.5,,0.5,,18.5,17.5,9.5,0.5,,2.5,10.0,,,,1.0,12.5,44.0,17.0,3.0,,,,,,,,
202508,North Rocks (Muirfield Golf Club),1.5,20.5,37.0,21.5,1.5,,1.0,,15.5,17.0,10.0,0.5,,3.5,8.5,,,,11.5,15.5,41.0,20.0,5.5,,,,,,,,
202508,North Ryde Golf Club,4.0,31.0,24.0,24.0,1.0,,2.0,,24.0,25.0,7.0,,1.0,9.0,9.0,,,,15.0,18.0,50.0,12.0,9.0,,,,,,,,
202508,Parramatta North (Masons Drive),2.0,17.2,24.2,20.0,1.0,,0.8,,21.0,17.0,8.4,1.4,,2.4,11.6,,,,13.2,13.6,44.0,17.4,5.0,,,,,,,,
202508,Peakhurst Golf Club,,,,,,,,,,,,,,,12.0,,,,14.0,25.0,50.0,23.0,4.0,,,,,,,,
202508,Penrith Lakes AWS,,15.6,14.0,3.2,0.6,0.2,,,2.2,2.2,1.4,1.2,0.2,,1.8,,,,2.6,4.4,40.4,10.2,0.2,,,,,,,,
202508,Prospect Reservoir,,16.0,19.0,9.0,1.0,,,,4.0,7.0,3.0,,,2.0,10.0,,,,14.0,7.0,35.0,16.0,3.0,,,,,,,,
202508,Putty (The Gibba),,14.0,80.0,13.0,1.0,,,,1.0,6.0,1.0,,,,,,,,,3.0,40.0,22.0,1.0,,,,,,,3.0,
202508,Randwick (Randwick St),10.4,35.4,19.6,19.2,1.8,,9.8,0.2,50.0,31.4,29.8,7.8,,17.6,17.0,0.2,0.8,,32.4,27.0,68.0,32.0,27.6,,,,,,,,
202508,Richmond RAAF,,15.6,59.8,7.2,0.2,0.2,0.2,,2.4,13.0,0.6,,,0.8,1.0,,,,4.6,5.2,45.6,10.0,0.4,,,,,,,0.4,
202508,Rose Bay (Royal Sydney Golf Club),8.6,27.0,14.0,8.8,3.2,,19.8,,59.6,31.2,16.0,7.0,,25.8,14.4,0.2,,,27.8,47.0,66.8,33.4,17.6,,0.4,,,,,,
202508,Sans Souci (Public School),,,,,,,,,,,,,,,,,,,,,,,,,,,,,,,
202508,Seven Hills (Radio FM 103.2),,15.5,22.0,18.5,0.5,,,,8.0,8.5,2.0,0.5,,,7.0,,,,10.5,7.5,32.5,13.5,4.0,,,,,,,,
202508,Shanes Park (South Creek Road),,1.4,36.2,5.8,0.4,0.2,,,0.8,8.4,0.4,,,0.4,6.6,,,,1.4,2.6,2.2,60.2,0.6,,,,,,,,
202508,Sydney (Observatory Hill),9.6,38.8,17.0,20.0,2.2,,10.2,0.2,42.0,38.2,16.6,1.2,,10.0,9.6,,,,25.4,21.8,82.4,23.6,20.8,,,,,,,,
202508,Sydney Airport AMO,3.0,22.0,8.6,27.0,1.2,,1.2,0.2,49.6,25.2,17.6,5.4,,21.6,14.8,,,,26.6,18.8,48.8,28.0,6.4,0.2,,,,,,0.4,
202508,Sydney Botanic Gardens,47.0,14.3,22.5,2.0,,,6.0,5.6,48.0,50.4,7.0,5.0,,10.4,9.8,4.0,,,24.4,28.0,74.4,25.0,31.2,0.2,,,,,,,
202508,Sydney Olympic Park AWS (Archery Centre),4.0,16.6,25.2,21.2,0.4,,1.0,0.2,32.8,23.2,9.4,,0.2,6.8,10.4,,,,18.0,14.6,49.8,36.2,4.4,,,,,,,,
202508,Terrey Hills AWS,11.8,47.0,51.4,16.2,1.6,,1.6,,20.6,28.2,8.2,0.2,,8.4,6.8,,,,11.0,26.8,52.8,36.4,12.0,,,,,,,,
202508,Wedderburn (Booalbyn),,24.0,49.0,8.0,1.0,,,,,3.0,,,1.0,,1.0,1.0,,,9.0,3.0,41.0,23.0,1.0,,,,,,,,
202508,Wyong (Kulnura (Jeavons)),1.0,21.0,80.0,14.0,2.0,,,1.0,5.0,7.0,2.0,,,7.0,2.0,,,,7.0,2.0,32.0,12.0,4.0,,,,,,,,
202508,Yarramalong (Lewensbrook),,,,,,,,,,,,,,,,,,,,,,,,,,,,,,2.0,
202508,"Most values are the precipitation in the 24 hoursto9 am on the day indicated.
Days marked with → are part of a longer accumulation, which is shown on the final day.Values over 100 mm have been rounded to the nearest whole millimetre.Days marked with - have a rainfall report of zero;
days left blank have no rainfall report (which often indicates no rain fell).",,,,,,,,,,,,,,,,,,,,,,,,,,,,,,,
202508,Rainfalls colouredaccording to the amount,0,1.0,5.0,10.0,15.0,25.0,50.0,100,150,200,300,400,600,millimetres,,,,,,,,,,,,,,,,,
202509,Abbotsbury (Fairfield (City Farm)),,,,,,,,,,,30.0,,,,,,,,,1.0,,,10.0,,,,,,,,
202509,Abbotsford (Blackwall Point Rd),,3.4,,,,,,,3.2,5.4,52.8,4.4,,,,,,,,3.8,,,4.6,,,,,,,,
202509,Audley (Royal National Park),,,,,,,,,,12.0,127.0,5.0,,,,,,,,5.0,,,,,,,,,,,
202509,Badgerys Creek AWS,,,,,,,,,2.6,11.2,48.8,0.2,,,,,,,,0.4,0.2,,3.8,0.2,,,,,0.6,0.2,
202509,Bankstown Airport AWS,,,,0.2,,,,,2.0,5.6,51.6,0.8,0.2,,0.2,,,,,2.8,,,0.8,,,,,,,0.2,
202509,Baulkham Hills Eucalyptus Ct,,,,,,,,,3.5,7.0,46.0,0.5,,,,,,,,2.5,,,11.0,,,,,,,,
202509,Bilpin Post Office,,,,,,,,,5.2,10.0,19.2,0.2,,,,,2.0,,,,,,,,,,,→,2.0,,
202509,Blackheath (Wombat Street),,1.0,,,,,,,25.0,14.0,35.0,,,,,,5.0,,,,,,,,,,,,,,
202509,Bringelly (Maryland),,,,,,,,,,10.0,63.0,,,,,,,,,,,,,,,,,,,,
202509,Camden (Brownlow Hill),,,,,,,,,0.6,11.6,68.4,,,,,,0.4,,,0.2,,,,,,,,,0.4,,
202509,Camden Airport AWS,,,,,,,,,0.2,11.6,77.8,,,,,,0.8,,,,,,,,,,,,1.2,,
202509,Campbelltown (Kentlyn (Georges River Roa,,,,,,,,,,7.0,99.0,,,,,,,,,3.0,,,,,,,,,,,
202509,Campbelltown (Mount Annan),,,,,,,,,,9.0,99.6,,,,,,0.6,0.2,,0.6,,,,,,,,,0.2,,
202509,Canterbury Racecourse AWS,,2.6,,,,,,,1.8,4.6,75.0,5.4,,,,,,,,4.0,0.2,,1.2,,,,,,4.6,,
202509,Castlereagh (Castlereagh Road),,,,,,,,,5.0,11.2,25.8,,,,,,0.2,,,,,,,,,,,,,,
202509,Centennial Park,,14.6,,,,,,,2.6,7.8,137.0,13.4,0.2,,,,0.2,,,4.5,,,1.0,,,,,,,,
202509,Chatswood Bowling Club,,31.0,,,,,,,2.0,13.0,88.0,6.0,,,,,,,,3.0,,,6.0,,,,,,,,
202509,Collaroy (Long Reef Golf Club),,37.0,,,,,,,,,108.0,13.0,,,,,,,,,,,3.0,,,,,,,,
202509,Colo Heights (Mountain Pines),,,,,,,,,,10.0,34.8,0.4,,,,,0.4,,,0.8,,,,,,,,,,,
202509,Concord (Brays Rd),,2.6,,,,,,,3.4,6.0,60.6,4.0,,,,,,,,,,,5.0,,,,,,,,
202509,Concord Golf Club,,3.2,,,,,,,3.4,6.2,56.8,2.0,,,,,,,,4.0,,,6.0,,,,,,,,
202509,Cooranbong (Lake Macquarie AWS),,,,,0.2,,,,,8.8,47.4,0.8,0.2,,,,0.2,,0.2,1.0,0.2,,6.0,,,,,,,,
202509,Cronulla South Bowling Club,,1.0,,,,1.0,,,,5.0,147.0,7.0,,,,,,,,3.0,,1.0,1.0,,,,,,,,
202509,Darkes Forest (Kintyre),,,,,,,,,,3.0,98.0,1.0,,,,,1.0,,,2.0,,,,,,,,,,,
202509,Faulconbridge (Great Western Hwy),,,,,,,,,,,,,,,,,,,,,,,,,,,,,1.0,,
202509,Faulconbridge (St Georges Crescent),,,,,,,,,7.6,8.4,37.4,0.4,,,,,,,,,,,,,,,,,,,
202509,Gosford AWS,,,,,,,,,,4.4,37.0,4.2,,,,,,,,2.2,,,3.6,,,,,,,,
202509,Holsworthy Aerodrome AWS,,,,,,,,,,6.8,63.8,1.0,,,,,0.2,,,2.8,,,1.6,,,,,,,0.2,
202509,Holsworthy Defence AWS,,,,,,,,,,5.4,95.4,0.8,,,,,0.6,,,3.6,,,,,,,,,,,
202509,Hornsby (Swimming Pool),,,,,,,,,1.6,6.4,81.8,2.0,,,,,0.6,,,4.2,,,8.4,,,,,,,0.2,
202509,Horsley Park Equestrian Centre AWS,,,,,,,,,5.4,9.4,32.0,0.2,,,,,,,0.2,1.8,,,9.6,,,,,,,,
202509,Katoomba (Farnells Rd),,1.0,,,,0.6,,,14.6,7.2,→,32.6,,,,,,→,4.2,0.6,,,,,,,,,0.4,,
202509,Kurrajong Heights (Bells Line of Road),,,,,,,,,2.4,,43.2,,,,,,0.8,,,,,,,,,,,,1.2,,
202509,Lucas Heights (ANSTO),,0.2,,,,,,,,8.2,94.8,2.4,,,,,0.4,,,4.0,,,,,,,,,0.4,,
202509,Mangrove Mountain AWS,,,,,,,,,,6.0,21.8,1.6,,,0.2,,0.4,0.2,,2.2,0.2,,4.2,0.2,,,,,,,
202509,Marrickville Golf Club,,1.0,,,,,,,1.0,4.0,81.0,5.0,,,,,,,,4.0,,,1.0,,,,,,1.0,,
202509,Menangle Bridge (Nepean River),,,,,,,,,,10.0,84.0,,,,,,,,,,,,,,,,,,,,
202509,Mount Boyce AWS,,0.4,0.2,,,0.2,,,20.6,11.2,32.2,,0.2,,,,3.6,,,,,,,,,,,,,,
202509,Norah Head AWS,,,,,,,,,,3.6,33.0,8.0,,,0.2,,,,0.2,2.2,,,15.4,0.2,,,,,,,
202509,North Parramatta (Burnside Homes),,,,,,,,,2.5,7.0,51.0,1.5,,,,,,,,3.0,0.5,,11.0,,,,,,,,
202509,North Rocks (Muirfield Golf Club),,,,,,,,,3.0,7.5,48.0,1.5,,,,,,,,3.0,,,10.0,,,,,,,,
202509,North Ryde Golf Club,,1.0,,,,,,,2.0,9.0,59.0,3.0,,,,,,,,3.0,,,8.0,,,,,,,,
202509,Parramatta North (Masons Drive),,,,,,,,,2.6,6.8,36.0,0.6,,,,,,,,3.8,,,10.0,,,,,,,,
202509,Peakhurst Golf Club,,1.0,,,,,,,,4.0,113.0,3.0,,,,,,,,4.0,,,,,,,,,,,
202509,Penrith Lakes AWS,0.2,0.2,,,,,,,4.0,11.4,22.0,,,,,,,,,,,,0.2,,,,,,0.4,,
202509,Prospect Reservoir,,,,,,,,,4.0,8.0,39.0,,,,,,,,,2.0,,,6.0,,,,,,,,
202509,Putty (The Gibba),,,,,,,,,,9.0,19.0,,,,,,,,,1.0,,,,,,,,,,,
202509,Randwick (Randwick St),,13.4,,,,0.4,,,1.8,6.6,145.8,15.2,,,,,0.1,,,4.4,,,1.5,,,,,,,,
202509,Richmond RAAF,,,,,,,,,1.2,10.6,34.8,,,,,,,,,0.4,,,8.2,,,,,,,,
202509,Rose Bay (Royal Sydney Golf Club),,12.8,,,,1.0,,,2.0,7.4,110.0,13.8,,,,,,,,3.5,,,6.8,,,,,,,,
202509,Rossmore (South Creek),,,,,,,,,,,,,,,,,,,,1.0,,,,,,,,,,,
202509,Sans Souci (Public School),,,,,,,,,,,,,,,,,,,,4.0,,,,,,,,,,,
202509,Seven Hills (Radio FM 103.2),,,,,,,,,3.0,6.5,24.5,0.5,,,,,,,,2.0,,,7.5,,,,,,,,
202509,Shanes Park (South Creek Road),,,,,,,,,0.2,1.0,1.8,10.8,,,,,,,,0.4,,,1.8,,,,,,,,
202509,Sydney (Observatory Hill),0.2,32.8,,0.2,,,,,2.2,6.8,122.0,8.4,,,,,,0.2,,3.6,,,2.2,,,,,,,,
202509,Sydney Airport AMO,,0.8,,,,,,,0.2,4.0,97.2,5.0,,,,,0.4,,,4.6,,,,0.2,,,,,1.2,,
202509,Sydney Botanic Gardens,,28.0,,,,,,,2.4,6.0,116.0,32.0,0.2,,,,0.2,,,4.0,,,,,,,,,,,
202509,Sydney Olympic Park AWS (Archery Centre),,1.0,,,,,,,3.0,5.6,56.6,2.4,,,,,,,,3.6,0.2,,6.0,,,,,,,,
202509,Terrey Hills AWS,,6.8,,,,,,,0.8,5.6,100.0,8.2,,,,,0.4,,,2.6,,,11.4,,,,,,,,
202509,Wahroonga (Ada Avenue),,,,,,,,,,,,0.4,,,,,0.6,,0.2,4.2,,,8.4,,,,,,,,
202509,Wedderburn (Booalbyn),,,,,,,,,,10.0,87.0,,,,,,1.0,,,1.0,,,,,,,,,,,
202509,Wyong (Kulnura (Jeavons)),,,,,,,,,,7.0,37.0,1.0,,,,,,,,1.0,,,17.0,,,,,,,,
202509,Yarramalong (Lewensbrook),,,,,,,,,,4.0,36.0,1.0,,,,,,,,,2.0,,9.4,,,,,,,,
202509,"Most values are the precipitation in the 24 hoursto9 am on the day indicated.
Days marked with → are part of a longer accumulation, which is shown on the final day.Values over 100 mm have been rounded to the nearest whole millimetre.Days marked with - have a rainfall report of zero;
days left blank have no rainfall report (which often indicates no rain fell).",,,,,,,,,,,,,,,,,,,,,,,,,,,,,,,
202509,Rainfalls colouredaccording to the amount,0,1.0,5.0,10.0,15.0,25.0,50.0,100,150,200,300,400,600,millimetres,,,,,,,,,,,,,,,,,
202510,Abbotsbury (Fairfield (City Farm)),,,,,,,1.0,,,,,,,,,,,,,,,,,,,,,,1.0,6.0,
202510,Abbotsford (Blackwall Point Rd),,,,,,,5.1,,0.2,,,,0.6,,,,,4.0,,,,,,,,,0.8,0.1,3.0,7.8,
202510,Audley (Royal National Park),,,,,,,,,,,,,1.0,,,,,3.0,,,,,,,,,,,4.0,10.0,1.0
202510,Badgerys Creek AWS,,,,,,,0.8,,,,,,0.2,,,,,,,,,,,,,,0.2,,0.2,9.2,10.6
202510,Bankstown Airport AWS,,,,,,,0.4,,,,,,0.2,0.2,,,,0.8,,,,,,,,,,,0.6,14.0,
202510,Baulkham Hills Eucalyptus Ct,,,,,,,1.5,,,,,,,,,,,,,,0.5,,,,,,,,2.5,8.0,
202510,Bilpin Post Office,,,,,,,0.2,,0.2,,,→,1.8,,,,,4.4,→,1.2,,,,,,→,,0.8,14.2,5.0,0.2
202510,Blackheath (Wombat Street),,,,,,,,,2.0,,,,5.0,,,,,1.0,1.0,,,,,,,,1.0,4.0,8.0,2.0,
202510,Bringelly (Maryland),,,,,,,,,,,,,,,,,,,,,,,,,,,,,1.0,11.0,
202510,Camden (Brownlow Hill),,,,,,,0.2,,0.8,,→,→,2.8,,,,,,,,,,,,,,,,0.4,8.4,5.0
202510,Camden Airport AWS,,,,,,,,,0.6,,,,2.2,,,,,1.2,,,,,,,,,,,0.4,10.6,0.4
202510,Campbelltown (Kentlyn (Georges River Roa,,,,,,,,,2.0,,,,1.0,,,,,2.0,,,,,,,,,,,1.0,13.0,
202510,Campbelltown (Mount Annan),,,,,,,,,0.8,,,,1.2,,,,,3.2,0.2,,,,,,,,,,1.2,8.6,0.2
202510,Canterbury Racecourse AWS,,,,,,,1.0,,,,,,0.4,,,,,1.4,0.2,,,,,,,,0.4,,1.4,11.2,0.2
202510,Centennial Park,,,,,,,2.2,,,,,,0.2,,,,,1.0,,,,,,,,,1.0,,8.0,18.4,
202510,Chatswood Bowling Club,,,,,,,2.0,,,,,,,,,,,,,,,,,,,,,,5.0,10.0,
202510,Collaroy (Long Reef Golf Club),,,,,,,2.2,,,,,,,,,,,0.5,0.6,,,,,,,,0.4,,8.8,,
202510,Colo Heights (Mountain Pines),,,,,,,,,,,,,,,,,,4.4,,,,,,,,,,1.6,7.2,1.6,1.0
202510,Concord (Brays Rd),,,,,,,3.0,,,,,,0.4,,,,,2.8,,,,,,,,,0.2,,1.0,7.4,
202510,Concord Golf Club,,,,,,,3.6,,,,,,0.6,,,,,3.6,,,,,,,,,1.2,,,,
202510,Cooranbong (Avondale),,,,,,,,,,,,,,,,,,,,,,,,,,,,3.0,20.0,1.0,
202510,Cooranbong (Lake Macquarie AWS),,,,,,,5.0,,,1.6,,,1.0,,,,,2.8,,0.2,,,,,,,,3.6,22.6,1.2,
202510,Cronulla South Bowling Club,,,,,,,,,,,,,,,,,,9.0,,,,,,,,,,,5.0,14.0,
202510,Darkes Forest (Kintyre),,,,,,,,,2.0,,,,,,,,,1.0,,,,,,,,,,3.0,3.0,14.0,
202510,Faulconbridge (Great Western Hwy),,,,,,,,,,,,,,,,,,4.0,,,,,,,,,,,7.0,3.0,
202510,Faulconbridge (St Georges Crescent),,,,,,,0.2,,,,,0.2,0.8,,,,,5.0,,,,,,,,,,1.0,6.2,5.0,0.2
202510,Gosford AWS,,,,,,,5.4,,0.8,,,,0.2,,,0.2,,2.2,0.2,,,,,,,,0.4,,14.8,4.6,
202510,Holsworthy Aerodrome AWS,,,,,,,,,,,,,0.4,,,,,0.2,,,,,,,,,,,1.6,15.4,
202510,Holsworthy Defence AWS,,,,,,,,,2.8,,,,1.4,,,,,5.6,,,,,,,,,0.2,,1.6,11.0,
202510,Hornsby (Swimming Pool),,,,,,0.4,0.6,,,,,,0.4,,,,,0.4,,0.8,,,,,,,,1.6,2.6,10.0,
202510,Horsley Park Equestrian Centre AWS,,,,,,,2.2,,,,,,,,,,,,,,,,,,,,0.2,,0.4,9.4,
202510,Katoomba (Farnells Rd),,,,,,,,,4.3,,,,3.2,,,→,→,0.8,,,,,,,,,1.2,6.0,6.0,5.2,
202510,Kurrajong Heights (Bells Line of Road),,,,,,,1.0,,,,,,,,,,,4.6,,,,,,,,,,1.0,→,14.2,
202510,Lucas Heights (ANSTO),,,0.2,,,,,,0.2,,,,0.8,,,,,2.6,,,,,,,,,0.2,,2.0,9.2,
202510,Mangrove Mountain AWS,,,,,,,4.0,,,,,,0.4,,,,,4.8,0.2,,,,,,,,1.0,0.2,11.8,2.0,0.2
202510,Marrickville Golf Club,,,,,,,1.0,,,,,,,,,,,2.0,,,,,,,,,,,2.0,10.0,
202510,Menangle Bridge (Nepean River),,,,,,,,,1.0,,,,,,,,,1.0,,,,,,,,,,,,3.0,
202510,Mount Boyce AWS,,,,,,,,,2.0,,,,3.2,,0.2,,,0.6,0.2,0.2,,,,,,,1.2,2.0,6.6,3.6,0.2
202510,Norah Head AWS,,0.2,,,,,5.8,,,,,,0.4,,,0.4,,9.4,,,,,,,,,0.6,,22.6,7.0,
202510,North Parramatta (Burnside Homes),,,,,,,3.0,,,,,,,,,,,,,,,,,,,,,,2.0,13.5,
202510,North Rocks (Muirfield Golf Club),,,,,,,1.5,,,,,,,,,,,0.5,,,1.0,,,,,,,,2.5,8.5,
202510,North Ryde Golf Club,,,,,,,2.0,,,,,,,,,,,,,,,,,,,,,,3.0,7.0,
202510,Parramatta North (Masons Drive),,,,,,,3.2,,,,,,0.4,,,,,,,,,,,,,,0.6,,3.0,16.0,
202510,Peakhurst Golf Club,,,,,,,,,,,,,,,,,,1.0,,,,,,,,,,,3.0,11.0,
202510,Penrith Lakes AWS,,,,,,,2.2,,,,,,,,,,,0.6,,,,,,,,,,,3.4,2.4,
202510,Prospect Reservoir,,,,,,,3.0,,,,,,,,,,,,,,,,,,,,,,1.0,10.0,
202510,Putty (The Gibba),,,,,,,1.0,,,,,,,,,,,1.0,,,,,,,,,,,10.0,1.0,
202510,Randwick (Randwick St),,,,,,,2.0,,,,,,0.4,,,0.1,,1.2,,,,,,,,,1.2,,7.4,16.6,
202510,Richmond RAAF,,,,,,,0.6,,,,,,,,,,,0.4,,,,,,,,,,0.2,7.2,3.6,0.4
202510,Rose Bay (Royal Sydney Golf Club),,,,,,,3.4,,,,,,0.4,,,,,,,,,,,,,,1.0,,4.2,22.0,
202510,Rossmore (South Creek),,,,,,,,,,,,,,,,,,,,,,,,,,,,,1.0,11.0,
202510,Sans Souci (Public School),,,,,,,,,,,,,,,,,,1.0,,,,,,,,,,,3.0,21.0,
202510,Seven Hills (Radio FM 103.2),,,,,,,,,,,,,,,,,,,,,,,,,,,,,1.5,6.0,
202510,Shanes Park (South Creek Road),,,,,,,1.2,,,,,,,,,,,,,,,,,,,,,,,0.8,
202510,Sydney (Observatory Hill),,,,,,,3.8,,,,,,0.2,0.2,,,,0.6,,,,,,,,,0.6,0.2,4.6,17.8,0.4
202510,Sydney Airport AMO,,,,,,,0.6,,,,,,0.4,,,,,0.6,,,,,,,,,1.4,0.2,4.4,10.2,
202510,Sydney Botanic Gardens,,,,,,,3.4,,,,,,0.8,,,,1.0,,,,,,,,,,,,,,
202510,Sydney Olympic Park AWS (Archery Centre),,,,,,,4.0,,,,,,0.4,,,,,,,,,,,,,,0.6,,2.2,7.8,0.2
202510,Terrey Hills AWS,,,,,,,1.2,,,,,,0.2,0.2,,,,0.8,0.2,,,,,,,,0.2,1.4,6.6,12.4,0.2
202510,Wahroonga (Ada Avenue),,,,,,,1.0,,,,,,0.8,,,,,2.0,,,,,,,,,0.2,2.0,3.0,12.0,
202510,Wedderburn (Booalbyn),,,,,,,,,1.0,,,,,,,,,,,,,,,,,,,,1.0,9.0,
202510,Wyong (Kulnura (Jeavons)),,,,,,,2.0,,,,,,,,,,,7.0,,,,,,,,,,,16.0,1.0,
202510,"Most values are the precipitation in the 24 hoursto9 am on the day indicated.
Days marked with → are part of a longer accumulation, which is shown on the final day.Values over 100 mm have been rounded to the nearest whole millimetre.Days marked with - have a rainfall report of zero;
days left blank have no rainfall report (which often indicates no rain fell).",,,,,,,,,,,,,,,,,,,,,,,,,,,,,,,
202510,Rainfalls colouredaccording to the amount,0,1.0,5.0,10.0,15.0,25.0,50.0,100,150,200,300,400,600,millimetres,,,,,,,,,,,,,,,,,
202511,Abbotsbury (Fairfield (City Farm)),20.0,1.0,,12.0,,,,,,,,,,,,2.0,,,,,,1.0,13.0,,1.0,,2.0,,,,
202511,Abbotsford (Blackwall Point Rd),10.0,0.5,0.1,17.6,,,,,,,,,,,,0.6,,,,,1.6,2.0,19.0,,,,2.6,,,,
202511,Audley (Royal National Park),24.0,2.0,,17.0,,,,,,,,,,,,,,,,,,,37.0,,,,1.0,,,,
202511,Badgerys Creek AWS,18.8,2.0,0.2,11.8,1.0,,,,,,,,,,,6.6,,,,,,1.4,16.0,,,,,,,,
202511,Bankstown Airport AWS,15.2,1.2,,3.6,,,,,,,,,,,,7.2,,,,,,0.2,9.4,,,,,,,,
202511,Baulkham Hills Eucalyptus Ct,17.0,2.0,,,1.0,,,,1.0,,,,,,,2.5,,,,,1.0,2.5,9.0,0.5,,,6.5,,,,
202511,Berambing,,,10.6,6.4,,,,,,,,,,,,,,,,,5.6,13.4,15.8,,,,4.8,,,,
202511,Bilpin Post Office,4.6,→,6.4,3.2,0.4,,,,,,,,,,,→,0.2,,,,3.6,14.0,→,15.0,,,3.6,,,,
202511,Blackheath (Wombat Street),14.0,6.0,,1.0,1.0,,,,,,,,,,,1.0,,,,,4.0,12.0,14.0,,,,11.0,,2.0,1.0,
202511,Bringelly (Maryland),12.0,1.0,,8.0,,,,,,,,,,,,11.0,,,,,,,7.0,,,,,,,,
202511,Camden (Brownlow Hill),10.0,2.2,,,,,,,,,,,,,,2.2,,,,,,,7.8,,,,0.8,,,,
202511,Camden Airport AWS,9.4,1.6,,4.0,,,,,,,,,,,,5.6,,,,,,,9.2,,,,3.0,,,,
202511,Campbelltown (Kentlyn (Georges River Roa,20.0,2.0,,15.0,1.0,,,,,,,,,,,4.0,,,,,,,12.0,,,,,,,,
202511,Campbelltown (Mount Annan),14.4,1.4,,4.0,0.2,,,,,,,,,,,12.0,,,,,,,8.0,0.2,,,0.4,,,,
202511,Canterbury Racecourse AWS,14.0,1.0,,17.2,0.2,,,,,,,,,,,5.4,0.2,,,,,0.2,27.4,0.2,,,6.2,,,,
202511,Castlereagh (Castlereagh Road),14.8,5.0,,12.0,,,,,,,,,,,,,,,,,,,,,,,,,,,
202511,Centennial Park,13.0,0.2,1.0,8.2,,,,,0.4,,,,,,,,,,,,,,7.4,,,,5.6,,,1.4,
202511,Chatswood Bowling Club,13.0,,,10.0,,,,,2.0,,,,,,,1.0,,,,,2.0,4.0,20.0,,,,8.0,,,,
202511,Collaroy (Long Reef Golf Club),9.2,2.2,,,,,,,4.2,,,,,,,,,,,,,,1.8,4.0,,,,,,,
202511,Colo Heights (Mountain Pines),15.6,4.2,,,,,,,0.6,,,,,,,15.0,,,,,1.2,6.0,6.6,,,,,,,,
202511,Concord (Brays Rd),14.0,0.6,,14.8,,,,,,,,,,,,0.4,,,,,1.4,1.2,24.2,,,,1.8,,,,
202511,Concord Golf Club,13.0,0.6,,11.4,,,,,,,,,,,,1.0,,,,,1.0,2.2,33.2,,,,,,,,
202511,Cooranbong (Avondale),5.0,2.0,,1.0,,,,2.0,,,,,,,,,,,,,,1.0,4.0,,,,1.0,,,1.0,
202511,Cooranbong (Lake Macquarie AWS),4.2,2.8,,1.4,0.2,,,1.8,0.2,,,,,,,,,,,,,2.2,4.0,,,,1.6,,,0.4,
202511,Cronulla South Bowling Club,22.0,1.0,1.0,7.0,,,,,,,,,,,,1.0,,,,,,,21.0,,,,,,,,
202511,Darkes Forest (Kintyre),20.0,,,4.0,,,,,,,,,,,,4.0,,,,,2.0,1.0,13.0,,1.0,,3.0,,,,
202511,Faulconbridge (Great Western Hwy),15.0,6.0,1.0,8.0,,,,,,,,,,,,4.0,,,,,3.0,6.0,10.0,,,,1.0,,,,
202511,Faulconbridge (St Georges Crescent),17.2,8.0,0.2,7.2,,,,,,,,,,,,5.4,,,,,5.2,0.9,14.9,0.2,,,2.2,,,,
202511,Gears (Wyong River),,,,,,,,,,,,,,,,,,,,,,,,,,,,,,,
202511,Gosford AWS,4.0,1.6,,0.2,0.2,,,,,,,,,,,,0.2,,,,0.6,8.0,4.0,,,,5.8,0.2,,,
202511,Holsworthy Aerodrome AWS,19.4,1.4,,20.8,,,,,,,,,,,,0.8,,,,,,,19.2,,,,,,,,
202511,Holsworthy Defence AWS,36.6,1.6,0.2,14.4,0.8,,,,,,,,,,,5.4,,,,,,,4.0,6.4,,,,,,,
202511,Hornsby (Swimming Pool),9.8,3.4,,7.4,,,,,1.4,,,,,,,1.0,,,,,0.8,4.8,16.6,0.2,,,5.6,,,,
202511,Horsley Park Equestrian Centre AWS,15.0,,0.2,3.2,,,,,,,,,,,,3.2,0.2,,,,0.2,1.2,14.4,,,,6.4,,,,
202511,Katoomba (Farnells Rd),10.8,8.4,,3.4,0.4,,,,0.4,,,,,,0.2,3.2,,,→,→,3.2,13.8,20.4,0.2,,,3.2,,1.1,0.9,
202511,Kurrajong Heights (Bells Line of Road),17.4,6.0,,→,9.8,,,,,,,,,,3.4,,,,,,3.4,5.2,13.6,0.3,,5.2,,,,,
202511,Lucas Heights (ANSTO),28.2,,,11.8,,,,,,,,,,,,1.8,,,,,,,31.6,,,,,,,,
202511,Mangrove Mountain AWS,3.4,1.4,0.2,2.2,0.2,,,0.4,0.2,,,,,,,8.6,0.2,,,,8.0,6.6,4.6,0.2,,,,,,,
202511,Marrickville Golf Club,1.0,,,12.0,,,,,,,,,,,,5.0,,,,,,1.0,13.0,,,,3.0,,,,
202511,Menangle Bridge (Nepean River),17.0,,,4.0,,,,,,,,,,,,4.0,,,,,,,10.0,,,,1.0,,,,
202511,Mount Boyce AWS,12.0,5.4,0.2,0.2,0.8,,,,,,0.2,,,,,1.0,,,,,2.4,9.6,14.2,,,,8.0,,1.6,0.6,
202511,Norah Head AWS,7.0,0.8,0.2,0.6,,,,2.0,,,,,,,,2.0,,,,,1.0,6.8,2.6,0.2,,,0.4,,,,
202511,North Parramatta (Burnside Homes),15.0,1.5,,0.5,1.0,,,,,,,,,,,2.0,,,,,2.0,2.5,14.5,,,,14.0,,,,
202511,North Rocks (Muirfield Golf Club),17.5,2.0,,0.5,,,,,2.0,,,,,,,1.0,,,,,1.0,3.0,16.0,,,,7.5,,,,
202511,North Ryde Golf Club,14.0,,,15.0,,,,,,,,,,,,,,,,,1.0,2.0,25.0,1.0,,,7.0,,,,
202511,Parramatta North (Masons Drive),12.0,1.0,,0.8,,,,,0.4,,,,,,,3.2,,,,,1.0,1.6,18.0,,,,4.4,,,,
202511,Peakhurst Golf Club,19.0,1.0,,8.0,,,,,,,,,,,,10.0,,,,,,,18.0,,,,,,,,
202511,Penrith Lakes AWS,15.0,6.0,,12.0,,,,,,,,,,,,6.0,0.2,,,,0.4,0.6,7.8,0.2,,,1.0,,,,
202511,Prospect Reservoir,16.0,,,1.0,,,,,,,,,,,,5.0,,,,,,,13.0,,,,2.0,,,,
202511,Putty (The Gibba),5.0,3.0,,,,,,1.0,,,,,,,,3.0,,,,,,1.0,9.0,,,,,,,,
202511,Randwick (Randwick St),13.0,1.0,,8.6,,,,,0.4,,,,,,,0.6,,,,,0.4,4.8,6.4,,,,7.4,,,0.5,
202511,Richmond RAAF,17.6,4.4,,0.4,0.2,,,,,,,,,,,4.6,,,,,0.2,1.2,7.8,,,,11.0,,,,
202511,Rose Bay (Royal Sydney Golf Club),11.0,0.4,,2.6,0.4,,,,0.8,,,,,,,1.0,,,,,1.2,2.5,9.5,1.0,,,6.8,,,0.6,
202511,Rossmore (South Creek),11.0,1.0,,9.0,1.0,,,,,,,,,,,3.0,,,,,,,13.0,,,,,,,,
202511,Sans Souci (Public School),28.0,1.0,,11.0,,,,,,,,,,,,14.0,,,,,,,19.0,,,,,,,,
202511,Seven Hills (Radio FM 103.2),16.5,1.5,,0.5,,,,,,,,,,,,3.0,,,,,1.5,0.5,7.0,,,,5.5,,,,
202511,Shanes Park (South Creek Road),13.2,5.4,,0.2,0.2,,,,,,,,,,,6.8,,,,,,1.6,13.2,,,,2.2,,,,
202511,Sydney (Observatory Hill),11.4,1.0,,8.4,,,,,0.4,,,,,,,0.4,,,,,2.6,4.8,11.2,,,,1.8,,,,
202511,Sydney Airport AMO,15.2,0.8,,19.8,0.2,,,,0.4,,,,,,,3.4,,,,,,1.0,10.4,,,,0.4,,,,
202511,Sydney Botanic Gardens,11.6,0.8,,8.0,,,,,0.7,,,,,,,0.8,,,,,3.0,4.8,13.8,,,,3.8,,,,
202511,Sydney Olympic Park AWS (Archery Centre),12.8,0.4,,8.2,0.2,,,,,,,,,,,0.8,,,,,0.4,0.6,26.8,,,,2.4,,,,
202511,Terrey Hills AWS,9.2,2.8,,5.8,0.2,,,,3.2,,,,,,,0.8,0.2,,,,0.6,3.6,16.2,0.2,,,6.0,,,,
202511,Wahroonga (Ada Avenue),11.0,3.2,0.2,10.4,,,,,2.8,,,,,,2.4,1.4,,,,,1.6,6.0,27.0,,,,3.4,,,,
202511,Wedderburn (Booalbyn),28.0,1.0,,2.0,,,,,,,,,,,,7.0,,,,,,,12.0,,,,4.0,,,,
202511,Wyong (Kulnura (Jeavons)),11.0,4.0,,2.0,,,,1.0,,,,,,,,,,,,,3.0,4.0,7.0,,,,1.0,,,,
202511,Yarramalong (Lewensbrook),4.0,1.5,,1.0,,,,1.0,3.0,,,,,,,0.4,,,,,3.0,4.0,13.4,3.0,,,1.0,,,,
202511,"Most values are the precipitation in the 24 hoursto9 am on the day indicated.
Days marked with → are part of a longer accumulation, which is shown on the final day.Values over 100 mm have been rounded to the nearest whole millimetre.Days marked with - have a rainfall report of zero;
days left blank have no rainfall report (which often indicates no rain fell).",,,,,,,,,,,,,,,,,,,,,,,,,,,,,,,
202511,Rainfalls colouredaccording to the amount,0,1.0,5.0,10.0,15.0,25.0,50.0,100,150,200,300,400,600,millimetres,,,,,,,,,,,,,,,,,
202512,Abbotsbury (Fairfield (City Farm)),,,,,,,,,,,3.0,18.0,8.0,8.0,,1.0,,,,2.0,,1.0,,,,,,1.0,,,
202512,Abbotsford (Blackwall Point Rd),,,,,,,,,,,1.4,4.8,3.5,6.4,,0.6,,,,2.2,0.2,1.6,0.1,,,,,,,,
202512,Audley (Royal National Park),,,,,,,,,,,1.0,5.0,11.0,9.0,,,,,,5.0,,2.0,,,,,,,,,
202512,Badgerys Creek AWS,,,,,,,,,,,8.4,21.0,8.8,12.0,,0.4,,,,3.0,0.2,0.2,,,,,,,,,
202512,Bankstown Airport AWS,,,,,,,,,,,1.4,13.2,7.6,6.2,,,,0.2,,4.0,0.2,3.2,0.2,,,0.4,,,,,
202512,Baulkham Hills Eucalyptus Ct,,,,,,,,,,0.5,4.0,15.0,1.5,10.5,,1.0,,,,4.5,,0.5,,,,,,,,,
202512,Bilpin Post Office,,,,,,,→,4.8,,,6.0,8.0,22.0,→,40.2,6.6,3.8,,,9.0,→,0.2,0.4,,,1.8,2.4,,,,
202512,Blackheath (Wombat Street),,,,,,,,2.0,,,8.0,11.0,,14.0,,6.0,2.0,,,1.0,,6.0,,,,1.0,,,,,
202512,Bringelly (Maryland),,,,,,,,,,,8.0,10.0,14.0,9.0,,,,,,4.0,1.0,,,,,,,,,,
202512,Camden (Brownlow Hill),,,,,,,,,,,2.8,9.0,,,,0.4,,,,8.0,,5.2,,,,0.4,,,,,
202512,Camden Airport AWS,,,,,,,,,,,0.2,7.0,8.4,13.8,,0.2,,,,4.2,0.2,3.2,,,,0.4,,,,,
202512,Campbelltown (Kentlyn (Georges River Roa,,,,,,,,,,,3.0,8.0,8.0,8.0,,,,,,7.0,1.0,2.0,,,,1.0,,,,,
202512,Campbelltown (Mount Annan),,,,,,,,,,,,6.4,4.4,9.8,0.2,,,,,7.0,0.4,2.6,,,,2.2,,,,,
202512,Canterbury Racecourse AWS,,,,,0.2,,,,,,2.8,5.8,4.4,7.2,,0.2,,,,2.6,0.4,2.2,0.2,,,0.4,,,,,
202512,Centennial Park,,,,,,,,,,,2.4,4.0,3.8,9.8,,,,,,2.5,2.0,1.4,1.4,,,,,,,,
202512,Chatswood Bowling Club,,,,,,,1.0,,,,1.0,9.0,2.0,7.0,,1.0,,,,3.0,,1.0,,,,,,,,,
202512,Collaroy (Long Reef Golf Club),,,,,,,3.0,,,,3.0,6.0,3.2,5.4,,2.0,,,,,,,,,,,,,,,
202512,Colo Heights (Mountain Pines),,,,,,,,4.8,,,1.4,7.0,5.4,34.0,,9.2,4.8,,,8.0,,,1.2,,,0.4,,,,,
202512,Concord (Brays Rd),,,,,,,,,,,1.4,6.4,4.6,8.8,,0.8,,,,2.6,,1.6,,,,,,,,,
202512,Concord Golf Club,,,,,,,,,,,0.2,11.2,,8.8,,,,,,3.4,0.4,2.2,,,,,,,,,
202512,Cooranbong (Avondale),,,,,,,,1.0,,,,45.0,45.0,4.0,,7.0,,,,2.0,,,4.0,,,,,,,,
202512,Cooranbong (Lake Macquarie AWS),,,,,,,1.0,,,,0.8,48.6,47.4,4.4,0.2,7.2,0.8,,,2.0,,,4.6,,,,,,,,
202512,Cronulla South Bowling Club,,,5.0,,,,,,,1.0,1.0,2.0,11.0,8.0,,,3.0,,,2.0,,2.0,,,,,2.0,,,,
202512,Darkes Forest (Kintyre),,,,,,,,,,,3.0,18.0,23.0,7.0,,,,,,3.0,,4.0,,,,3.0,,,,,
202512,Faulconbridge (Great Western Hwy),,,,,,,,3.0,,,4.0,46.0,1.0,14.0,,10.0,1.0,,,1.0,,,,,,3.0,,,,,
202512,Faulconbridge (St Georges Crescent),,,,,,,,4.2,,,4.2,48.6,2.8,13.8,0.2,7.2,2.0,0.2,,1.2,,0.2,,,,3.6,1.4,,,,
202512,Gosford AWS,,,,,,,2.8,0.6,,0.6,1.2,29.0,10.4,2.4,,2.0,,,,0.4,0.2,,2.6,0.2,,3.4,1.6,,,,
202512,Holsworthy Aerodrome AWS,,0.2,,,,,,,,,,8.0,2.6,9.2,,,,,,3.0,1.4,0.4,0.4,,,0.2,,,,,
202512,Holsworthy Defence AWS,,,,,,,,,,,,4.4,40.0,0.4,0.2,,,,,0.4,0.6,,0.4,,,,,,,,
202512,Hornsby (Swimming Pool),,,,,,,0.8,,,0.6,8.6,25.8,2.0,6.8,,2.4,,,,5.0,,,,,,,0.4,,,,
202512,Horsley Park Equestrian Centre AWS,,,,,,,,,,,2.6,22.2,9.6,9.2,,0.4,,,,3.6,0.4,0.8,,,,,,,,,
202512,Katoomba (Farnells Rd),,,,,,,,→,1.2,0.4,6.2,8.2,5.0,26.6,,4.4,1.4,,,0.9,,→,13.6,,,1.2,1.0,,,,
202512,Kurrajong Heights (Bells Line of Road),,1.6,,,,,,5.6,,,1.8,11.8,10.8,21.5,,12.6,3.2,,,14.4,,0.1,0.3,→,→,→,→,3.0,,,
202512,Lucas Heights (ANSTO),,0.2,,,,,,,,,1.6,8.0,2.2,8.0,,,,,,7.2,,2.8,,,,,,,,,
202512,Mangrove Mountain AWS,,,,,,,1.6,0.8,,,3.2,32.0,23.0,4.8,,3.2,0.2,0.2,,,,,11.8,0.2,,0.6,,,,,
202512,Marrickville Golf Club,,,,,,,,,,,2.0,3.0,2.0,,,,,,,1.0,,1.0,,,,,,,,,
202512,Menangle Bridge (Nepean River),,,,,,,,,,,,6.0,20.0,8.0,,,,,,14.0,,7.0,,,,,,,,,
202512,Mount Boyce AWS,,,,,,,,0.8,0.2,,8.0,9.2,0.6,13.4,0.2,3.8,1.2,0.2,,1.2,0.2,4.2,,,,0.8,,0.2,,,
202512,Norah Head AWS,,,,,,,,1.6,,,,73.6,13.4,2.4,,1.8,,,,,,,7.0,0.2,,,0.8,,0.4,,
202512,North Parramatta (Burnside Homes),,,,,,,,,,,2.0,9.0,1.5,10.0,,1.0,,,,3.5,,1.5,,,,,,,,,
202512,North Rocks (Muirfield Golf Club),,,,,,,0.5,,,0.5,2.5,12.0,0.5,9.5,,0.5,,,,3.5,0.5,1.0,,,,,,,,,
202512,North Ryde Golf Club,,,,,,,,,,,,7.0,2.0,6.0,,2.0,,,,2.0,,1.0,,,,,,,,,
202512,Parramatta North (Masons Drive),,,,,,,0.4,,,,2.6,9.0,3.0,0.8,,0.2,,,,3.8,0.4,3.4,0.2,,,,,,,,
202512,Peakhurst Golf Club,,,,,,,,,,,4.0,6.0,3.0,7.0,,,,,,7.0,,3.0,,,,,,,,,
202512,Penrith Lakes AWS,,,,,,,,,,,1.8,12.8,1.6,11.6,0.2,3.2,,0.2,,6.2,0.2,,,,,1.8,,,,,
202512,Prospect Reservoir,,,,,,,,,,,1.0,20.0,2.0,8.0,,,,,,1.0,1.0,2.0,,,,,,,,,
202512,Putty (The Gibba),,,,,,,,2.0,,,5.0,3.0,3.0,10.0,,4.0,1.0,,,,,,,,,,,,,,
202512,Randwick (Randwick St),,,,,,,,,,,3.0,4.0,3.8,6.0,,0.6,,,,2.8,1.8,1.6,0.4,,,0.6,,,0.4,,
202512,Richmond RAAF,,,,,,,,,,,0.4,19.8,4.6,18.2,0.2,3.0,,,,10.4,0.2,,,,,0.2,,,,,
202512,Rose Bay (Royal Sydney Golf Club),,,,,,,0.4,,,,1.0,3.2,6.2,6.0,,1.4,,,,1.4,1.6,1.0,,,,0.4,0.2,,,,
202512,Rossmore (South Creek),,,,,,,,,,,4.0,16.0,5.0,12.0,,,,,,3.0,,,,,,,,,,,
202512,Sans Souci (Public School),,,,,,,,,,,,2.0,2.0,4.0,,,,,,3.0,,1.0,,,,,,,,,
202512,Seven Hills (Radio FM 103.2),,,,,,,,,,1.0,1.5,15.0,2.5,9.5,,,,,,2.0,,1.5,,,,,,,,,
202512,Shanes Park (South Creek Road),,,,,,,,,,,1.8,20.4,6.4,19.2,,2.6,,,,6.8,,,,,,1.6,0.2,,,,
202512,Sydney (Observatory Hill),,,,,,,1.6,,,,0.8,3.0,1.6,6.2,0.2,0.6,0.2,,,2.4,0.6,1.0,0.4,0.2,,,0.2,,,,
202512,Sydney Airport AMO,,,,,,,0.8,,,,3.2,1.4,4.2,5.8,,,,,,3.0,,2.2,0.4,,,,,0.4,,,
202512,Sydney Botanic Gardens,,,,,,,2.0,,,,0.8,1.4,3.2,7.2,,1.2,,,,0.7,3.1,1.4,0.4,,,,,,,,
202512,Sydney Olympic Park AWS (Archery Centre),,,,,,,,,,,1.0,13.0,3.8,8.6,0.2,0.4,,,,2.4,0.4,2.8,,,,,,,,,
202512,Terrey Hills AWS,,,,,,,0.4,,,,4.8,22.2,1.8,5.4,,6.6,,,,5.0,,,0.2,0.2,,,,,,,
202512,Wahroonga (Ada Avenue),,,,,,,1.6,,,0.8,8.6,27.8,4.6,8.8,,2.4,,,,5.4,,0.6,0.2,,0.2,,0.8,,,,
202512,Wedderburn (Booalbyn),,,,,,,,,,,,7.0,33.0,9.0,,,,,,4.0,,8.0,,,,,,,,,
202512,Wyong (Kulnura (Jeavons)),,,,,,,,,,,,49.0,28.0,14.0,,6.0,1.0,,,,,,15.0,,,,,,,,
202512,Yarramalong (Lewensbrook),,,,,,,0.4,,,,,66.0,49.0,5.0,,8.4,,,,4.0,,,13.0,,,,,,,,
202512,"Most values are the precipitation in the 24 hoursto9 am on the day indicated.
Days marked with → are part of a longer accumulation, which is shown on the final day.Values over 100 mm have been rounded to the nearest whole millimetre.Days marked with - have a rainfall report of zero;
days left blank have no rainfall report (which often indicates no rain fell).",,,,,,,,,,,,,,,,,,,,,,,,,,,,,,,
202512,Rainfalls colouredaccording to the amount,0,1.0,5.0,10.0,15.0,25.0,50.0,100,150,200,300,400,600,millimetres,,,,,,,,,,,,,,,,,
202601,Abbotsbury (Fairfield (City Farm)),,,,1.0,3.0,1.0,,,,,,3.0,1.0,,12.0,1.0,34.0,89.0,6.0,10.0,3.0,,,,,,,,5.0,,
202601,Abbotsford (Blackwall Point Rd),9.0,0.4,2.0,0.6,3.0,0.1,,,,,,6.0,3.2,,9.0,0.4,→,→,68.0,3.2,0.1,,0.1,,,,,,,,
202601,Audley (Royal National Park),9.0,,1.0,12.0,5.0,2.0,,,,,,2.0,5.0,,2.0,1.0,21.0,113.0,4.0,2.0,,,,,,,,,,,
202601,Badgerys Creek AWS,0.2,,,1.2,0.6,1.6,,,,,,5.2,2.6,,8.6,0.2,18.4,100.8,6.0,3.8,0.2,,,0.2,,,,,,,
202601,Bankstown Airport AWS,1.8,,0.6,2.6,1.0,1.0,,,,,,2.6,1.8,,17.8,0.4,34.6,108.0,8.8,5.6,1.0,,,,,,,,,,
202601,Baulkham Hills Eucalyptus Ct,1.5,,0.5,1.0,1.5,0.5,,,,,,4.5,3.5,,5.0,,18.5,71.5,23.0,1.5,,,,,,,,,,,
202601,Blackheath (Wombat Street),11.0,1.0,2.0,2.0,1.0,16.0,,,,,,9.0,2.0,1.0,2.0,15.0,5.0,164.0,31.0,17.0,,,2.0,,,,,,,,
202601,Bringelly (Maryland),,,,5.0,1.0,,,,,,,3.0,1.0,,,,,,,,,,,,,,,,,,
202601,Camden (Brownlow Hill),0.6,,0.2,1.2,1.2,0.8,,,,,,2.0,3.0,,6.8,5.4,34.4,141.4,2.2,2.4,,,,,,,,,,,
202601,Camden Airport AWS,,,0.2,0.4,,1.4,,,,,,2.8,2.2,,3.0,2.6,15.0,140.2,1.2,5.4,,,,,,,,,,,
202601,Campbelltown (Kentlyn (Georges River Roa,,,,3.0,2.0,2.0,,,,,,1.0,1.0,,1.0,1.0,13.0,71.0,4.0,9.0,,,,,,,,,,,
202601,Campbelltown (Mount Annan),,,0.6,0.6,0.6,4.0,0.2,,,,,3.2,1.0,0.2,1.0,0.8,8.6,126.0,1.0,4.8,2.2,,,,,,,,,,
202601,Canterbury Racecourse AWS,5.8,0.8,1.6,2.6,3.0,,0.2,,,,,2.6,5.8,,16.2,,5.8,81.6,21.0,9.0,,,,,,,,,,,
202601,Centennial Park,5.0,0.6,1.3,1.2,0.6,,,,,,,,3.0,0.1,2.4,1.0,,,,,,,,,,,,,,,
202601,Chatswood Bowling Club,6.0,4.0,3.0,,2.0,,,,,,,7.0,2.0,,9.0,,7.0,105.0,14.0,3.0,,,,,,,,,,,
202601,Collaroy (Long Reef Golf Club),3.0,2.0,5.0,0.7,2.2,,,,,,,5.8,4.0,,23.0,,121.2,49.0,6.0,,,,,,,,,,,,
202601,Colo Heights (Mountain Pines),,3.0,,14.4,9.2,2.2,,,,,,24.8,2.0,,2.2,3.4,0.6,51.0,44.6,7.8,1.6,,,,,,,,,,
202601,Concord (Brays Rd),4.8,0.4,1.8,0.6,4.0,,,,,,,5.8,,14.0,,,1.2,87.4,20.0,2.0,,,,,,,,,,,
202601,Concord Golf Club,3.6,0.4,1.8,1.4,4.8,0.2,,,,,,5.0,3.6,,13.2,,1.2,84.2,24.4,1.6,0.6,,,,,,,,,,
202601,Cooranbong (Avondale),,9.0,,1.0,16.0,,,,,,,41.0,3.0,,4.0,8.0,,75.0,33.0,1.0,,,,,,,,,,,
202601,Cooranbong (Lake Macquarie AWS),,9.6,0.2,1.6,16.4,,,,,,,43.4,3.4,0.2,4.0,9.0,,80.6,34.2,1.4,,0.2,0.2,,,,,,,,
202601,Cronulla South Bowling Club,6.0,,1.0,6.0,2.0,2.0,,,,,,1.0,6.0,,1.0,2.0,1.0,113.0,2.0,1.0,,,,,,,,,,,
202601,Darkes Forest (Kintyre),3.0,,2.0,3.0,24.0,3.0,,,,,,3.0,2.0,,3.0,,33.0,178.0,11.0,9.0,1.0,,,,,,,,,,
202601,Faulconbridge (Great Western Hwy),5.0,,1.0,1.0,9.0,4.0,,,,,,13.0,5.0,1.0,1.0,9.0,5.0,138.0,26.0,11.0,,,,,,,,,,,
202601,Faulconbridge (St Georges Crescent),7.0,0.4,1.4,1.2,5.6,5.0,,,,,,12.8,13.0,0.4,0.6,2.4,12.2,134.0,26.2,11.4,0.2,,0.8,0.2,,0.2,,,,,
202601,Gosford AWS,2.0,3.0,1.0,4.8,13.0,,,,,,,14.2,7.6,0.2,1.4,2.2,2.2,124.8,23.4,1.8,0.4,,0.4,,,,,,,,
202601,Holsworthy Aerodrome AWS,,,0.2,0.4,0.4,0.6,0.4,,,,,1.4,0.6,,0.4,,,,0.2,0.2,0.8,,,,,,,,,,
202601,Holsworthy Defence AWS,,,0.6,4.4,3.2,3.6,,,,,,,,0.4,,,,,,,0.4,,,,,,,,,,
202601,Hornsby (Swimming Pool),8.8,5.4,0.6,0.4,0.8,,,,,,,,8.2,,7.0,,0.8,,41.2,5.0,,,,,,,,,,,
202601,Horsley Park Equestrian Centre AWS,,,0.2,2.0,5.0,1.4,,,,,,4.2,1.2,0.2,9.2,0.6,12.6,83.6,14.8,4.6,2.2,,,,,,,,,,
202601,Katoomba (Farnells Rd),7.8,1.4,1.9,0.6,1.2,→,11.2,,,,,→,17.6,0.6,2.4,4.2,33.4,219.8,45.6,11.8,,,→,1.4,,,,,,,
202601,Kurrajong Heights (Bells Line of Road),2.2,,,11.6,17.8,7.0,,,,,,11.4,3.2,,10.0,8.4,,128.0,50.0,9.8,,,,,,,,,,,
202601,Lucas Heights (ANSTO),1.6,,1.6,16.0,2.4,2.0,,,,,,2.4,2.4,,2.0,1.0,44.0,70.0,4.0,2.8,,,,,,,,,,,
202601,Mangrove Mountain AWS,0.4,5.6,0.2,2.6,21.8,0.4,,,,,,24.2,3.0,,8.6,29.6,1.2,148.6,35.2,2.8,2.4,,,,0.2,,,,,,
202601,Marrickville Golf Club,,,,,,,,,,,,,,,,,,3.0,,,,,,,,,,,,,
202601,Menangle Bridge (Nepean River),,,,1.0,1.0,3.0,,,,,,,,,,,,,,,,,,,,,,,,,
202601,Mount Boyce AWS,8.8,1.6,1.8,3.0,1.4,12.2,,,,,,8.4,1.2,1.6,1.8,13.4,3.8,141.8,34.0,15.4,0.4,,1.2,0.2,,,0.2,,0.2,,
202601,Norah Head AWS,0.2,4.2,0.4,5.4,6.0,,,0.2,0.2,0.2,,19.0,1.8,0.2,2.4,17.0,,129.0,5.2,,,,,,,,,,,,
202601,North Parramatta (Burnside Homes),2.5,,0.5,1.0,1.0,,,,,,,4.5,3.5,,14.0,,38.5,97.5,28.0,2.5,1.0,,,,,,,,,,
202601,North Rocks (Muirfield Golf Club),1.5,,,1.0,1.0,0.5,,,,,,5.0,3.5,,6.0,,19.0,60.5,20.0,1.0,,,,,,,,,,,
202601,North Ryde Golf Club,6.0,1.0,1.0,,2.0,,,,,,,5.0,4.0,,10.0,,2.0,73.0,16.0,3.0,,,,,,,,,,,
202601,Parramatta North (Masons Drive),6.4,,0.4,2.6,2.0,,,,,,,4.4,3.0,,18.0,,26.0,100.0,14.0,2.0,1.0,,,,,,,,,,
202601,Peakhurst Golf Club,4.0,,1.0,1.0,2.0,2.0,,,,,,2.0,3.0,,,,17.0,115.0,5.0,2.0,1.0,,,,,,,,,,
202601,Penrith Lakes AWS,0.2,,0.2,0.2,11.2,2.8,0.2,,,,,8.0,6.4,,0.6,3.0,1.8,105.0,4.8,4.2,0.2,,,,,,,,,,
202601,Prospect Reservoir,1.0,,,3.0,5.0,,,,,,,4.0,2.0,,15.0,,24.0,86.0,18.0,4.0,,,,,,,,,,,
202601,Putty (The Gibba),,,,16.0,6.0,6.0,,,,,,9.0,1.0,,7.0,20.0,1.0,26.0,24.0,5.0,,,,,,,,,,,
202601,Randwick (Randwick St),5.4,1.2,2.0,2.8,0.8,0.2,,,,,,6.2,8.0,,2.0,0.6,0.1,96.0,13.4,2.6,,,,,,,,,,,
202601,Richmond RAAF,1.0,,0.2,1.2,2.2,4.2,,,,,,7.8,1.6,0.2,0.4,4.2,,53.4,20.6,5.8,,,,,,,,,,,
202601,Rose Bay (Royal Sydney Golf Club),3.8,1.6,,,,,,,,,,,,,,,,,,,,,,,,,,,,,
202601,Rossmore (South Creek),,,,2.0,,2.0,,,,,,3.0,,,13.0,,20.0,80.0,5.0,2.0,,,,,,,,,,,
202601,Sans Souci (Public School),5.0,,1.0,13.0,,,,,,,,1.0,4.0,,,,7.0,73.0,4.0,1.0,,,,,,,,,,,
202601,Seven Hills (Radio FM 103.2),,0.5,,0.5,8.5,0.5,,,,,,3.0,0.5,,7.5,0.5,7.0,63.5,9.0,8.5,,,,,,,,,,,
202601,Shanes Park (South Creek Road),0.8,,,,4.6,1.8,,,,,,6.6,7.8,,0.6,1.2,8.2,104.8,15.2,6.6,,,,,,,,,,,
202601,Sydney (Observatory Hill),2.8,3.0,2.4,0.2,1.2,,,,,,,5.2,3.6,0.2,3.6,0.2,1.2,126.8,7.6,2.8,,,,,,,,,,,
202601,Sydney Airport AMO,1.6,4.2,0.8,3.0,1.6,0.4,0.2,,,,,2.2,5.2,,0.8,0.4,2.4,75.8,19.8,3.0,,,,,,,,,,,
202601,Sydney Botanic Gardens,2.5,4.4,3.0,0.1,1.4,,,,,,,4.8,5.6,,6.6,0.4,0.5,128.5,14.9,3.8,0.6,,,,,,,,,,
202601,Sydney Olympic Park AWS (Archery Centre),3.0,,0.6,1.2,4.6,,,,,,,5.6,4.8,,19.4,0.2,9.4,92.8,18.8,1.8,0.2,,,,,,,,,,
202601,Terrey Hills AWS,3.2,3.6,4.8,0.4,2.0,,,,,,,10.2,5.6,,4.0,,3.2,179.6,41.6,5.4,0.2,,,,,,,,,,
202601,Wahroonga (Ada Avenue),5.0,6.2,1.0,0.4,2.6,0.2,,,,,,9.0,9.6,,7.2,,17.0,123.2,38.4,6.6,0.2,,,,,,,,,,
202601,Wedderburn (Booalbyn),,,,,6.0,4.0,,,,,,1.0,,,4.0,,34.0,92.0,11.0,4.0,,,,,,,,,,,
202601,Wyong (Kulnura (Jeavons)),1.0,5.0,,11.0,26.0,1.0,,,,,,31.0,6.0,,,27.0,,119.0,40.0,4.0,,,,,,,,,,,
202601,"Most values are the precipitation in the 24 hoursto9 am on the day indicated.
Days marked with → are part of a longer accumulation, which is shown on the final day.Values over 100 mm have been rounded to the nearest whole millimetre.Days marked with - have a rainfall report of zero;
days left blank have no rainfall report (which often indicates no rain fell).",,,,,,,,,,,,,,,,,,,,,,,,,,,,,,,
202601,Rainfalls colouredaccording to the amount,0,1.0,5.0,10.0,15.0,25.0,50.0,100,150,200,300,400,600,millimetres,,,,,,,,,,,,,,,,,
202602,Abbotsbury (Fairfield (City Farm)),,14.0,,,,,,1.0,8.0,10.0,,,1.0,,,3.0,,,8.0,,,,6.0,,,4.0,79.0,,,,
202602,Abbotsford (Blackwall Point Rd),,11.4,1.4,,,,,0.5,6.0,1.6,0.4,,1.1,5.2,0.1,9.8,,,13.0,0.5,,,0.1,,,0.2,134.0,4.0,,,
202602,Audley (Royal National Park),,9.0,,,,,,,8.0,4.0,,,1.0,5.0,4.0,3.0,,,,,,,1.0,,,5.0,91.0,1.0,,,
202602,Badgerys Creek AWS,1.4,10.6,,,,,,1.8,7.4,1.6,0.2,0.2,0.6,0.6,0.4,7.0,0.2,,3.0,,0.2,1.2,0.4,,,1.8,43.6,0.4,,,
202602,Bankstown Airport AWS,,12.2,1.8,0.2,,,,1.0,8.6,2.4,0.8,,2.2,2.2,,2.2,,,4.0,0.2,,,7.2,,,1.2,95.2,1.6,,,
202602,Baulkham Hills Eucalyptus Ct,0.5,11.5,0.5,,,,,1.0,7.0,1.5,0.5,,,2.5,3.5,5.5,,,2.5,,,,,0.5,,,59.0,6.5,,,
202602,Blackheath (Wombat Street),,2.0,3.0,1.0,,4.0,2.0,9.0,9.0,13.0,,,3.0,7.0,12.0,16.0,3.0,,,5.0,,5.0,,,,12.0,36.0,23.0,,,
202602,Bringelly (Maryland),,,,,,,,1.0,12.0,2.0,,,1.0,3.0,,3.0,,,3.0,,,2.0,,,,1.0,35.0,,,,
202602,Camden (Brownlow Hill),7.6,15.0,,,,0.2,,1.8,13.2,5.4,0.2,,,3.6,0.4,2.0,,,,,,0.8,0.2,,,2.6,28.2,3.2,,,
202602,Camden Airport AWS,2.8,16.2,,,,1.0,,1.8,13.8,5.0,0.2,,0.2,5.4,,1.8,,,,,,1.6,,,,2.6,31.0,2.2,,,
202602,Campbelltown (Kentlyn (Georges River Roa,2.0,12.0,,,,,,1.0,12.0,2.0,,,2.0,6.0,,3.0,,,,,,,,,,2.0,42.0,,,,
202602,Campbelltown (Mount Annan),1.8,12.2,0.2,,,,,1.2,13.0,2.2,0.4,,0.8,4.4,0.2,2.0,0.2,,,,,1.8,1.2,,,1.2,26.4,0.6,,,
202602,Canterbury Racecourse AWS,,5.6,2.2,,,,,0.4,6.8,1.6,,,2.0,0.8,1.0,1.4,0.2,,2.4,0.2,,,0.4,0.2,,1.4,97.4,2.6,,,
202602,Centennial Park,0.4,5.0,0.4,,,,,0.5,5.2,1.4,,,,,3.4,8.4,1.0,,10.3,,,,0.3,,,48.8,,,,,
202602,Chatswood Bowling Club,,5.0,2.0,,,,,,5.0,2.0,,,1.0,2.0,1.0,,2.0,,10.0,1.0,,,,,,,65.0,12.0,,,
202602,Collaroy (Long Reef Golf Club),,,2.0,,,,,,5.8,2.0,,,,,,6.0,,,,,,,,,,,,,,,
202602,Colo Heights (Mountain Pines),2.6,40.8,0.2,0.6,,,11.4,0.6,7.0,2.0,,,3.4,1.2,5.2,7.2,,,3.2,2.2,,10.2,,,,5.4,21.2,34.6,,,
202602,Concord (Brays Rd),,10.4,0.4,0.2,,,,0.4,6.2,1.6,0.8,,1.0,3.6,0.6,6.4,,,12.6,0.6,,,0.4,,,0.2,90.6,2.2,,,
202602,Concord Golf Club,,9.0,1.0,,,,,0.6,6.2,,1.2,,1.2,3.6,2.8,5.6,,,13.0,0.4,,,0.4,,,,,,,,
202602,Cooranbong (Avondale),,10.0,,,,,2.0,,2.0,1.0,,,7.0,6.0,2.0,2.0,2.0,,1.0,,,2.0,,,,13.0,,18.0,,,
202602,Cooranbong (Lake Macquarie AWS),0.2,10.2,,0.2,,,2.6,,1.6,1.4,,,8.0,4.8,3.2,1.4,2.2,,1.2,,,2.4,,,,13.6,,18.8,,,
202602,Cronulla South Bowling Club,,3.0,2.0,,,,,1.0,5.0,2.0,,,1.0,3.0,3.0,4.0,,,,,,1.0,5.0,,,3.0,40.0,,,,
202602,Darkes Forest (Kintyre),1.0,18.0,2.0,,,,1.0,1.0,5.0,4.0,1.0,1.0,2.0,2.0,2.0,6.0,,,,2.0,,,,,,4.0,122.0,2.0,,,
202602,Faulconbridge (Great Western Hwy),,23.0,2.0,,,2.0,5.0,3.0,5.0,2.0,2.0,,3.0,3.0,7.0,5.0,,,,3.0,,4.0,7.0,,,6.0,84.0,16.0,,,
202602,Faulconbridge (St Georges Crescent),,18.8,1.6,,,1.6,3.6,6.4,5.6,4.4,2.4,,2.4,2.4,3.2,9.6,,0.2,0.2,4.6,0.2,2.0,6.8,0.2,,3.8,81.4,14.6,,,
202602,Gosford AWS,,5.0,3.0,,,,0.6,,10.8,4.0,,,1.6,1.8,1.4,18.8,0.2,,3.2,,,5.2,,,,0.4,59.0,24.0,,,
202602,Holsworthy Aerodrome AWS,0.4,5.2,0.2,0.6,,,,0.6,7.4,2.2,0.6,,0.8,2.8,0.2,1.0,,,5.0,0.2,,,1.0,,,7.0,61.4,1.8,,,
202602,Holsworthy Defence AWS,2.4,9.6,,0.2,,,,1.2,11.6,1.8,0.6,,1.6,5.2,1.4,1.6,,,0.2,,,,0.4,,,1.6,56.8,,,,
202602,Hornsby (Swimming Pool),2.0,8.4,2.6,,0.2,2.6,,0.4,5.6,1.2,0.6,,0.4,0.2,2.4,5.8,,,0.2,,,,0.4,,,,50.2,6.2,,,
202602,Horsley Park Equestrian Centre AWS,0.6,7.0,2.2,1.0,,,,,0.4,6.0,0.4,,1.4,,1.6,2.0,,,0.6,0.2,,,3.8,,0.2,3.8,88.4,0.6,,,
202602,Katoomba (Farnells Rd),2.2,3.8,→,→,4.0,→,→,8.4,4.6,41.0,0.2,→,4.2,5.2,4.6,13.4,0.8,,0.2,→,3.2,0.8,0.8,→,→,22.0,61.0,17.8,,,
202602,Kurrajong Heights (Bells Line of Road),,42.0,,0.2,,6.4,2.2,3.0,4.4,1.5,,,3.0,,49.0,10.2,,,→,8.2,0.6,→,30.4,,,3.2,86.6,30.2,,,
202602,Lucas Heights (ANSTO),3.2,14.6,,,,,,0.8,8.6,3.6,0.4,,1.0,5.2,5.2,2.4,,,,,,,2.4,,,3.8,93.4,,,,
202602,Mangrove Mountain AWS,,8.2,1.8,0.2,,,2.0,,9.4,3.8,0.2,,5.0,3.4,2.2,6.0,,,,5.0,0.2,,,,,,,44.8,,,
202602,Marrickville Golf Club,,,,,,,,1.0,5.0,2.0,,,3.0,2.0,2.0,2.0,,,2.0,,,,,,,2.0,87.0,2.0,,,
202602,Mount Boyce AWS,0.4,1.4,4.2,0.8,,2.8,1.6,11.0,8.4,14.0,1.0,,2.0,5.2,7.2,11.0,4.2,0.2,2.2,3.2,0.2,6.8,0.6,,,10.6,34.4,21.4,,,
202602,Norah Head AWS,,5.0,0.4,0.8,,,2.2,,3.4,2.6,,,2.0,3.6,0.4,6.4,,,0.6,0.2,,2.4,,,,,20.8,42.6,,,
202602,North Parramatta (Burnside Homes),,13.5,1.0,,,,,1.0,5.5,1.0,0.5,,,3.0,3.0,7.5,,,6.5,,,,0.5,,,0.5,66.5,4.5,,,
202602,North Rocks (Muirfield Golf Club),1.5,8.0,1.0,,,,,1.0,7.0,1.0,0.5,,,3.0,2.0,6.0,,,2.0,,,,0.5,,,,69.5,5.0,,,
202602,North Ryde Golf Club,,4.0,2.0,,,,,,6.0,1.0,1.0,,,3.0,,2.0,,,8.0,,,,,,,,53.0,7.0,,,
202602,Parramatta North (Masons Drive),,13.0,0.6,,,,,0.6,4.6,3.2,1.2,,0.8,3.6,0.4,3.6,,,15.6,,,,1.0,,,0.8,72.0,2.0,,,
202602,Peakhurst Golf Club,,8.0,4.0,,,,,1.0,7.0,2.0,,,1.0,8.0,1.0,2.0,,,1.0,,,,20.0,,,3.0,57.0,2.0,,,
202602,Penrith Lakes AWS,0.8,33.0,0.4,,,0.2,0.8,1.8,6.0,1.6,,,0.2,1.0,2.6,3.6,,,,,,13.0,0.8,,,2.6,75.4,3.4,,,
202602,Prospect Reservoir,,9.0,2.0,,,,,1.0,5.0,1.0,1.0,,1.0,,1.0,1.0,,,,,,,,,,,88.0,2.0,,,
202602,Putty (The Gibba),,10.0,2.0,,,,7.0,,8.0,1.0,,,1.0,2.0,6.0,4.0,2.0,,,3.0,10.0,14.0,,,,2.0,4.0,8.0,,,
202602,Randwick (Randwick St),0.4,6.2,0.6,,,,,0.6,6.6,1.2,,,3.8,1.2,4.8,6.8,1.6,,8.2,,,,0.4,,,0.3,50.2,3.0,,,
202602,Richmond RAAF,2.0,20.2,1.2,,,1.2,0.2,1.2,5.4,1.0,,,1.4,1.4,12.8,4.0,,,6.2,,,2.0,0.2,0.2,,0.2,42.8,5.4,,,
202602,Rose Bay (Royal Sydney Golf Club),,3.8,2.4,,,,,0.8,5.2,0.2,,,0.4,6.0,4.0,8.2,0.8,,10.6,,,,0.8,,,0.4,57.4,,,,
202602,Rossmore (South Creek),1.0,17.0,,,,,,1.0,8.0,2.0,,,3.0,3.0,,9.0,,,3.0,,,2.0,1.0,,,2.0,49.0,,,,
202602,Sans Souci (Public School),,1.0,3.0,,,,,,5.0,2.0,,,,9.0,3.0,1.0,,,,,,,16.0,,,,42.0,1.0,,,
202602,Seven Hills (Radio FM 103.2),,14.0,2.0,,,,,1.0,5.0,2.5,1.0,,,,,2.0,,,,,,,,,,,36.0,2.0,,,
202602,Shanes Park (South Creek Road),0.2,29.2,1.6,,,4.2,0.6,2.2,10.4,5.2,0.2,,0.6,2.0,3.6,2.4,,,,,,13.8,0.6,0.2,,1.4,114.6,3.0,,,
202602,Sydney (Observatory Hill),,8.0,1.8,,,,,0.2,4.4,1.4,,,1.2,5.0,0.6,5.6,0.8,,15.0,0.2,,0.2,0.2,,,,85.8,4.0,,,
202602,Sydney Airport AMO,,6.2,3.0,0.2,,,,0.2,6.0,1.8,,,1.8,6.2,2.2,1.6,0.8,0.4,0.8,,,,0.4,,0.2,0.8,45.2,4.2,,,
202602,Sydney Botanic Gardens,,9.6,2.0,,,,,1.2,3.2,2.6,0.2,,1.2,5.0,2.2,3.2,2.0,,,,,,,,,,,,,,
202602,Sydney Olympic Park AWS (Archery Centre),,12.2,0.6,0.2,,,,0.4,6.6,1.4,1.0,0.2,0.6,3.4,0.2,5.4,,,15.6,,,,0.6,,,0.6,72.0,2.4,,,
202602,Terrey Hills AWS,,6.4,1.2,,,,,0.2,4.6,1.2,0.4,,0.8,1.8,3.2,3.6,,,1.0,,0.6,,0.4,,,0.6,77.4,7.0,,,
202602,Wahroonga (Ada Avenue),2.6,9.8,2.4,,,,,1.0,6.2,1.4,0.8,,0.6,3.0,5.0,7.6,,,,2.0,,0.2,0.8,,,0.2,76.2,11.6,,,
202602,Wedderburn (Booalbyn),,17.0,,,,,,1.0,8.0,4.0,,,1.0,1.0,3.0,3.0,,,,,,1.0,,,,,30.0,,,,
202602,Wyong (Kulnura (Jeavons)),,9.0,3.0,,,,3.0,,12.0,2.0,,,2.0,1.0,4.0,9.0,,,1.0,1.0,,1.0,,,,2.0,6.0,19.0,,,
202602,Yarramalong (Lewensbrook),,2.0,1.0,,,,1.0,,8.0,4.0,,,2.0,6.0,3.0,,,,4.6,3.0,,,,,,1.0,4.0,60.0,,,
202602,"Most values are the precipitation in the 24 hoursto9 am on the day indicated.
Days marked with → are part of a longer accumulation, which is shown on the final day.Values over 100 mm have been rounded to the nearest whole millimetre.Days marked with - have a rainfall report of zero;
days left blank have no rainfall report (which often indicates no rain fell).",,,,,,,,,,,,,,,,,,,,,,,,,,,,,,,
202602,Rainfalls colouredaccording to the amount,0,1.0,5.0,10.0,15.0,25.0,50.0,100,150,200,300,400,600,millimetres,,,,,,,,,,,,,,,,,
202603,Abbotsbury (Fairfield (City Farm)),,,5.0,,5.0,,,13.0,5.0,1.0,,,1.0,,,,,25.0,3.0,1.0,,12.0,1.0,10.0,,,10.0,5.0,,,
202603,Abbotsford (Blackwall Point Rd),7.0,0.1,2.0,,6.6,,,3.0,16.0,12.0,2.4,,5.4,,,,,1.0,5.0,6.8,,4.0,10.4,0.3,,,12.4,6.2,,,
202603,Audley (Royal National Park),2.0,,4.0,,5.0,,,4.0,20.0,3.0,1.0,,2.0,,,,,1.0,3.0,3.0,,3.0,12.0,,,,9.0,7.0,,,
202603,Badgerys Creek AWS,0.4,,6.2,,7.0,,,8.4,5.4,0.6,,,,,,,,1.0,,0.4,,26.2,2.4,1.4,,,10.0,4.6,,,
202603,Bankstown Airport AWS,1.8,,3.8,,29.4,,,1.0,11.4,2.6,,,,,,,0.2,0.8,0.8,54.4,,1.0,5.0,8.8,,,11.2,5.0,,,
202603,Baulkham Hills Eucalyptus Ct,2.0,,3.0,,9.0,,,3.0,14.0,6.5,,,1.0,,,,,3.5,0.5,16.5,0.5,1.5,0.5,3.0,,,9.5,3.0,,,
202603,Bilpin Post Office,,32.4,21.0,8.4,72.8,0.8,0.2,→,14.0,14.6,0.2,,,0.6,,,,1.8,1.2,,,→,22.4,4.0,,12.6,3.8,1.6,,,
202603,Blackheath (Wombat Street),11.0,5.0,44.0,3.0,1.0,,,3.0,15.0,3.0,,,1.0,,1.0,,,,,12.0,,9.0,3.0,6.0,,1.0,7.0,4.0,,,
202603,Bringelly (Maryland),,,5.0,,5.0,,,3.0,3.0,,,,,,,,,,4.0,1.0,4.0,19.0,,5.0,,,9.0,6.0,,,
202603,Camden (Brownlow Hill),0.2,,7.4,,2.6,,,17.4,2.4,,,,,,,,,0.2,0.2,4.2,,4.0,2.4,5.8,,1.4,12.4,6.4,,,
202603,Camden Airport AWS,,,7.0,,1.0,,,10.6,3.8,0.2,,,,,,,,,3.2,4.6,,1.8,1.6,2.4,,0.4,19.8,7.8,,,
202603,Campbelltown (Kentlyn (Georges River Roa,3.0,,5.0,,22.0,,,8.0,2.0,,,,,,,,,,5.0,6.0,,4.0,6.0,3.0,,,11.0,8.0,,,
202603,Campbelltown (Mount Annan),,0.2,5.6,,,,,1.8,2.0,,,,,,,,,,1.6,1.8,,14.0,0.6,16.0,0.2,,40.0,7.0,0.2,,
202603,Canterbury Racecourse AWS,5.4,,2.8,,15.2,0.2,,3.2,10.8,11.2,0.8,,1.6,0.2,,,,,6.0,3.0,1.0,3.4,13.8,3.0,0.2,,17.2,4.6,,,
202603,Centennial Park,8.4,,2.4,,,,,,0.2,,,,,,,,,,,,,,,,,,,,,,
202603,Chatswood Bowling Club,2.0,,1.0,,11.0,,,13.0,12.0,15.0,16.0,,,,,,,31.0,2.0,2.0,6.0,4.0,5.0,1.0,,,18.0,5.0,,,
202603,Collaroy (Long Reef Golf Club),2.0,,3.0,,,,,46.0,10.4,3.4,,,3.0,,,,,67.6,8.2,,60.0,,13.0,3.2,,,24.2,4.8,,,
202603,Colo Heights (Mountain Pines),4.8,3.6,14.0,5.8,2.0,,,2.4,8.6,9.0,,,,,,,,1.4,1.0,7.8,,14.6,2.2,2.4,,1.2,4.6,0.8,,,
202603,Concord (Brays Rd),5.4,,3.4,1.4,10.2,,,2.2,20.6,11.4,,,3.6,,,,,0.4,13.0,10.0,,1.4,12.0,0.4,,,9.8,,,,
202603,Concord Golf Club,4.4,,3.0,,9.0,,,3.6,19.8,8.0,2.6,,1.4,,,,,,8.2,12.0,,1.2,14.0,0.4,,,13.6,5.4,,,
202603,Cooranbong (Avondale),2.0,,3.0,1.0,,,,12.0,39.0,33.0,,,,,,1.0,,22.0,,1.0,1.0,,3.0,,,,3.0,,,,
202603,Cooranbong (Lake Macquarie AWS),2.0,0.2,2.8,1.4,0.4,,,12.4,37.4,33.0,,,,0.4,,,,23.4,,0.4,1.0,,2.8,0.2,,,3.2,0.6,,,
202603,Cronulla South Bowling Club,6.0,,2.0,,,,,23.0,22.0,10.0,,,7.0,,,,,37.0,9.0,18.0,,1.0,20.0,2.0,,,13.0,6.0,,,
202603,Darkes Forest (Kintyre),3.0,,5.0,7.0,6.0,,,10.0,22.0,3.0,,,,,,,,,,9.0,,1.0,7.0,,,,17.0,8.0,,,
202603,Faulconbridge (Great Western Hwy),14.0,2.0,19.0,,12.0,,,5.0,5.0,6.0,,,,,,,,32.0,,4.0,,6.0,1.0,8.0,,7.0,2.0,4.0,,,
202603,Faulconbridge (St Georges Crescent),17.6,0.2,19.0,0.6,13.6,0.2,,9.6,5.6,4.2,0.4,,0.2,,,,,41.6,0.8,,1.2,3.6,1.6,6.2,,9.2,1.2,3.0,,,
202603,Gosford AWS,13.0,,2.0,,8.8,,,10.2,14.2,45.8,2.6,,1.0,,,,,60.4,0.4,13.8,18.2,1.4,11.4,3.6,,,3.6,1.8,,,
202603,Holsworthy Aerodrome AWS,1.4,,4.2,0.2,19.0,,,1.8,11.2,0.6,,,,,,,,,0.2,10.8,,2.4,2.8,10.4,,,11.6,5.8,,,
202603,Holsworthy Defence AWS,5.6,,5.2,,16.8,0.2,,15.6,5.4,0.2,,,,,,,,,10.0,10.8,0.2,8.2,3.8,3.6,0.2,,19.4,8.8,,,
202603,Hornsby (Swimming Pool),10.8,,2.2,,8.6,,,9.2,15.8,9.8,,,,,,,,45.6,0.8,4.0,0.6,3.0,3.8,17.8,,,15.0,4.6,,,
202603,Horsley Park Equestrian Centre AWS,0.6,,6.6,,20.0,0.2,,14.6,6.8,0.8,,,0.2,,,,,19.6,1.6,1.8,,20.4,2.0,3.2,0.8,,10.0,5.2,,,
202603,Katoomba (Farnells Rd),6.8,4.8,→,46.4,5.2,,2.0,2.6,22.0,17.0,0.2,,→,0.4,,,,0.6,0.2,→,3.4,10.0,4.2,5.0,,,14.0,5.6,,,
202603,Kurrajong Heights (Bells Line of Road),7.2,2.2,16.0,0.6,5.6,,→,→,→,→,→,→,22.8,,,,,3.2,0.6,9.4,,31.4,4.0,10.2,,9.4,2.2,,,,
202603,Lucas Heights (ANSTO),1.6,,3.8,,19.8,,,2.2,10.0,1.0,1.2,,,,,,,,6.0,52.0,,5.0,7.8,5.0,,,6.6,5.8,,,
202603,Mangrove Mountain AWS,7.0,2.0,4.2,0.8,5.0,0.2,,6.2,23.6,20.2,,0.2,,,0.2,,,0.2,3.4,5.0,5.4,5.0,6.4,3.4,0.2,,5.4,0.4,,,
202603,Marrickville Golf Club,4.0,,2.0,,9.0,,,4.0,12.0,14.0,,,3.0,,,,,,11.0,4.0,,4.0,9.0,2.0,,,17.0,4.0,,,
202603,Mount Boyce AWS,7.2,3.2,47.8,3.2,1.2,,,2.2,13.8,3.2,0.2,,0.2,,,,,0.2,0.2,5.6,0.2,12.8,2.8,6.0,,2.4,6.2,3.2,,,
202603,Norah Head AWS,9.8,1.4,2.4,0.2,,,,3.0,38.6,33.4,,0.2,,,,,,49.4,0.8,6.8,6.6,2.0,1.4,4.0,,,4.0,2.0,,,
202603,North Parramatta (Burnside Homes),2.5,,2.5,,8.5,0.5,,1.5,17.5,5.0,0.5,,,,,,,0.5,1.5,4.5,,1.5,1.0,6.5,,,11.0,4.5,,,
202603,North Rocks (Muirfield Golf Club),4.0,,2.5,,8.0,,,2.0,14.0,8.5,,,,,,,,2.0,0.5,4.5,0.5,1.0,1.0,3.5,,,10.0,4.0,,,
202603,North Ryde Golf Club,2.0,,2.0,,7.0,,,6.0,9.0,6.0,14.0,,1.0,,,,,19.0,1.0,27.0,3.0,1.0,2.0,2.0,,,13.0,4.0,,,
202603,Parramatta North (Masons Drive),3.0,,3.2,,18.0,,,3.0,20.0,6.8,,,0.6,,,,,0.2,1.8,4.8,0.2,2.2,1.0,6.4,,,12.6,4.6,,,
202603,Peakhurst Golf Club,2.0,,3.0,,6.0,,,12.0,11.0,7.0,3.0,,1.0,,,,,,4.0,1.0,,,1.0,2.0,,,17.0,5.0,,,
202603,Penrith Lakes AWS,5.6,0.2,→,→,31.8,,,1.2,6.4,1.4,0.2,,1.0,,,,,52.2,,0.2,3.6,16.0,,19.0,0.2,,1.8,3.4,,,
202603,Prospect Reservoir,1.0,,3.0,,8.0,,,6.0,6.0,3.0,,,1.0,,,,,6.0,,2.0,,2.0,,4.0,,,11.0,4.0,,,
202603,Putty (The Gibba),3.0,1.0,16.0,4.0,,4.0,,1.0,6.0,4.0,,,,,,,,,,,,4.0,2.0,2.0,,,3.0,,,,
202603,Randwick (Randwick St),11.0,0.2,2.6,,1.0,,,20.0,8.8,20.6,,,7.0,0.2,,,,90.4,13.2,19.2,0.2,1.4,5.4,1.0,,,8.6,4.8,,,
202603,Richmond RAAF,5.2,0.2,9.4,0.2,5.4,0.2,,1.4,10.4,1.8,0.2,,,,,,,4.8,,11.4,1.4,4.4,0.6,2.0,0.6,,6.4,1.2,,,
202603,Rose Bay (Royal Sydney Golf Club),16.2,,2.0,,1.4,,,32.0,7.2,24.6,,,2.4,,,,,89.6,4.8,9.8,50.2,5.8,7.6,2.0,,,9.6,4.0,,,
202603,Rossmore (South Creek),,,6.0,,22.0,,,25.0,4.0,,,,,,,,,,1.0,1.0,,31.0,2.0,4.0,,,13.0,6.0,,,
202603,Sans Souci (Public School),3.0,,3.0,,7.0,,,6.0,4.0,3.0,,,2.0,,,,,16.0,7.0,,15.0,1.0,,1.0,,,12.0,6.0,,,
202603,Seven Hills (Radio FM 103.2),,,,,1.5,,,10.5,6.0,,,,,,,,,,,2.5,,,,,,,,,,,
202603,Shanes Park (South Creek Road),6.4,,8.4,,31.2,,,,6.6,0.6,0.2,,0.2,,,,,71.6,0.2,11.8,3.0,35.6,0.6,3.0,0.2,,4.2,2.6,,,
202603,Sydney (Observatory Hill),9.4,,2.4,0.2,2.4,,,15.4,8.0,9.2,1.6,,3.0,0.6,,,,55.0,3.4,4.2,2.4,1.0,8.6,0.4,0.2,,7.0,4.2,,,
202603,Sydney Airport AMO,4.2,0.2,1.8,,2.0,0.2,,3.4,11.0,15.8,0.2,,4.2,0.2,,,,4.2,14.4,2.8,0.6,1.6,18.0,1.4,0.8,0.2,24.2,5.8,0.2,,
202603,Sydney Botanic Gardens,15.2,,2.8,,1.2,,,18.0,7.0,11.4,0.2,,1.2,2.2,,,,65.0,4.6,6.2,6.8,0.7,9.2,4.6,0.2,,5.0,6.2,,,
202603,Sydney Olympic Park AWS (Archery Centre),3.6,,3.4,,18.0,,,3.6,20.4,5.6,,,0.8,,,,,0.2,1.8,3.8,,4.4,6.2,2.4,,,14.4,5.4,,,
202603,Terrey Hills AWS,4.6,,2.0,,3.2,,,16.0,9.4,7.4,1.2,,,,,,,12.2,6.8,3.0,2.0,1.8,1.2,1.2,0.8,0.4,,6.8,,,
202603,Wahroonga (Ada Avenue),5.8,,2.6,,6.6,,,9.0,20.4,13.8,0.2,0.2,0.2,,,,,51.6,0.4,4.4,8.8,1.0,6.4,7.8,0.2,,16.0,5.2,,0.2,
202603,Wedderburn (Booalbyn),9.0,,4.0,,25.0,,,2.0,6.0,,,,,,,,,,,25.0,,29.0,3.0,5.0,,,23.0,8.0,,,
202603,Wyong (Kulnura (Jeavons)),4.0,1.0,6.0,1.0,1.0,,,26.0,30.0,17.0,,,,,,,,,,6.0,3.0,4.0,7.0,4.0,,,5.0,,,,
202603,Yarramalong (Lewensbrook),7.0,5.0,,6.0,,,,26.0,36.0,18.0,,,,,,,,,5.0,2.0,9.0,4.0,7.0,,,,4.0,1.0,,,
202603,"Most values are the precipitation in the 24 hoursto9 am on the day indicated.
Days marked with → are part of a longer accumulation, which is shown on the final day.Values over 100 mm have been rounded to the nearest whole millimetre.Days marked with - have a rainfall report of zero;
days left blank have no rainfall report (which often indicates no rain fell).",,,,,,,,,,,,,,,,,,,,,,,,,,,,,,,
202603,Rainfalls colouredaccording to the amount,0,1.0,5.0,10.0,15.0,25.0,50.0,100,150,200,300,400,600,millimetres,,,,,,,,,,,,,,,,,
202604,Abbotsbury (Fairfield (City Farm)),,,,,10.0,,,,,,,,,,,,,,,,,,,,,,,,,,
202604,Abbotsford (Blackwall Point Rd),,,,4.4,8.3,,0.4,,,,,,,,,,,3.6,,,0.3,0.7,,,,,,,,9.0,
202604,Audley (Royal National Park),,,,2.0,20.0,,1.0,,,,,,,,,,,,,,,,,,1.0,,,,,,
202604,Badgerys Creek AWS,,,,3.2,5.8,,0.2,,,,,,,,,,,,,,,0.6,0.2,,,,,,,,
202604,Bankstown Airport AWS,,,0.2,1.4,15.0,,0.4,,,,,,,,,,,,,,,1.2,,,,,,,,2.8,
202604,Baulkham Hills Eucalyptus Ct,,,,,4.5,,,,,,,,,,,,,,,,,0.5,,,,,,,,0.5,
202604,Blackheath (Wombat Street),,,,4.0,10.0,2.0,,,,,,,,,,,,,,,,1.0,,,,,,,,,
202604,Bringelly (Maryland),,,,5.0,6.0,,1.0,,,,,,,,,,,,,,,,,,,,,,,,
202604,Camden (Brownlow Hill),,,,,2.4,,0.6,,,,,,,,,,,,,,,,,,,,,,,,
202604,Camden Airport AWS,,,,0.8,3.2,1.0,0.6,,,,,,,,,,,,,,,,,,,,,,,,
202604,Campbelltown (Kentlyn (Georges River Roa,,,,,12.0,1.0,,,,,,,,,,,,,,,,,,,,,,,,,
202604,Campbelltown (Mount Annan),,,,3.2,3.8,1.4,0.4,0.2,,,,,,,,,,,,,,0.4,,,,,0.2,,0.2,,
202604,Canterbury Racecourse AWS,,,,0.2,15.4,,0.2,0.2,,,,,,,,,,,0.2,,0.4,1.0,0.2,,0.2,,,,0.2,2.0,
202604,Centennial Park,,,,15.8,4.8,2.0,0.8,,,,,,,,,,,,,,,,0.2,,,,,,,,
202604,Chatswood Bowling Club,,,,15.0,11.0,,,,,,,,,,,,,1.0,,,,1.0,1.0,,,,,,,8.0,
202604,Collaroy (Long Reef Golf Club),,,,,19.6,,,,,,,,,,,,,5.0,,,,,,,4.0,,,,,10.6,
202604,Concord (Brays Rd),,,,0.6,6.0,,0.2,,,,,,,,,,,2.4,,,,0.6,,,,,,,,9.2,
202604,Concord Golf Club,,,,0.4,8.0,,0.4,,,,,,,,,,,2.4,,,0.4,1.4,,,,,,,,,
202604,Cooranbong (Avondale),1.0,,,12.0,7.0,,,,,,,,,1.0,,,,,,,,1.0,,1.0,2.0,,,,,,
202604,Cooranbong (Lake Macquarie AWS),,,,13.2,8.4,,0.2,,,,0.2,,,,,,,4.0,,,0.4,1.2,,0.8,2.2,,0.2,,,,
202604,Cronulla South Bowling Club,,,,2.0,6.0,2.0,2.0,,,,,,,,,,,,,,,1.0,,,1.0,,,,,,
202604,Darkes Forest (Kintyre),,,,4.0,8.0,,2.0,,,,,,,,,,,,,,,,1.0,,,,,,,,
202604,Faulconbridge (Great Western Hwy),,,,6.0,13.0,,,,,,,,,,,,,,,,,,,,,,,,,,
202604,Faulconbridge (St Georges Crescent),,,,4.6,11.8,,,,0.4,,,,,,,,,,,,,0.4,,,,,,,,,
202604,Gosford AWS,,,,9.2,25.8,0.2,0.4,,,,,,,,,,,1.4,0.2,,0.6,,,,0.2,,,,,,
202604,Holsworthy Aerodrome AWS,,,,0.2,13.2,0.2,0.4,,,,,,,,,,,,,,,0.4,,,,,,,,,
202604,Holsworthy Defence AWS,0.2,,0.2,,10.8,0.6,1.6,,,,,,,,,,,,,,,0.2,,,0.2,0.2,,0.2,0.2,,
202604,Hornsby (Swimming Pool),,,,5.2,16.4,,,,0.2,,,,,,,,,,,,,0.6,,,,,,,,3.2,
202604,Horsley Park Equestrian Centre AWS,,,0.2,,7.2,0.2,,,,,,,,,,,,0.4,,,,,,,,,,,,0.2,
202604,Katoomba (Farnells Rd),,,,7.1,10.6,3.0,1.0,,,,,,,,,,,,,,,2.4,,,1.0,0.2,,0.2,,,
202604,Kurrajong Heights (Bells Line of Road),,,,1.1,14.9,0.3,0.4,,,,,,,,,,,,,,,0.5,,,,,,,,,
202604,Lucas Heights (ANSTO),,0.2,,0.4,14.8,,1.0,,,,,,,,,,,0.8,,,,0.2,,,0.6,,0.2,,,,
202604,Mangrove Mountain AWS,,,0.2,12.0,11.8,0.4,0.4,,,,,,,,,,,1.0,0.2,,,0.4,,0.2,,,,,,,
202604,Marrickville Golf Club,,,,4.0,11.0,,1.0,,,,,,,,,,,,,,,1.0,,,1.0,,,,,2.0,
202604,Mount Boyce AWS,0.2,0.2,,4.6,8.4,2.2,0.2,,,,,,,,,,,,,,0.2,0.4,0.2,,,0.2,,,0.4,,
202604,Mount Wilson (Clarine),,,,7.0,12.0,3.0,,,,,,,,,,,,,,,,0.4,,,,,,,,,
202604,Norah Head AWS,,,0.2,23.4,13.8,,0.2,,,0.2,0.2,,,,,,,2.6,,,0.2,0.8,,,0.6,,,,,,
202604,North Parramatta (Burnside Homes),,,,,11.0,,,,,,,,,,,,,,,,,,0.5,,0.5,,,,,2.0,
202604,North Rocks (Muirfield Golf Club),,,,0.5,6.5,,,,,,,,,,,,,,,,,0.5,,,,,,,,0.5,
202604,North Ryde Golf Club,,,,6.0,11.0,,,,,,,,,,,,,2.0,,,,,,,,,,,,8.0,
202604,Parramatta North (Masons Drive),,,,0.4,4.4,,0.2,,,,,,,,,,,15.2,,,0.2,0.4,,,1.0,,,,,1.2,
202604,Peakhurst Golf Club,,,,,23.0,,,1.0,,,,,,,,,,,,,,,,,,,,,,1.0,
202604,Penrith Lakes AWS,0.2,,,0.6,4.0,,,,,0.2,,,0.2,0.6,,,,0.2,,,,0.2,,,,,,,,,
202604,Prospect Reservoir,,,,,7.0,,,,,,,,,,,,,,,,,,,,,,,,,,
202604,Putty (The Gibba),,,,,5.0,,1.0,,,,,,,,,,,,,,,,,,,,,,,,
202604,Randwick (Randwick St),,,,18.2,5.6,,0.8,,0.2,,,,,,,,,0.2,,,1.8,3.2,,,0.6,,,,,16.2,
202604,Richmond RAAF,,,,1.2,6.2,,0.4,0.2,,,,,,,,,,,,,,0.2,,,,,0.2,,,,
202604,Rose Bay (Royal Sydney Golf Club),,,,14.0,12.0,,0.6,,,,,,,,,,,2.0,,,6.0,2.0,0.2,,1.0,,,,,5.0,
202604,Rossmore (South Creek),,,,,8.0,,,,,,,,,,,,,,,,,,,,,,,,,,
202604,Sans Souci (Public School),,,,,16.0,,1.0,,,,,,,,,,,,,,,,,,,,,,,,
202604,Seven Hills (Radio FM 103.2),,,,,,,,,,,,,,,,,,,,,,,,,,,,,,,
202604,Shanes Park (South Creek Road),,,,,6.0,1.4,0.4,,,,,,,,,,,,,,,0.6,,,,,0.2,,,,
202604,Sydney (Observatory Hill),,,,15.4,10.2,,0.2,,,,,,,,,,,3.0,,,0.4,1.6,,,,,,,,2.8,
202604,Sydney Airport AMO,,,,9.2,15.8,0.2,0.6,,,,,,,,,,,,,,0.2,0.6,,,1.0,,,,,4.0,
202604,Sydney Botanic Gardens,,,,20.0,8.0,0.8,,,,,,,,,,,,4.6,0.2,,1.2,2.6,,,,,,,,,
202604,Sydney Olympic Park AWS (Archery Centre),,,,0.4,7.6,,0.2,,,,,,,,,,,3.2,,,,0.8,,,,,,,,10.0,
202604,Terrey Hills AWS,,,,13.8,22.4,,,,,,,,,,,,,12.8,0.2,,0.2,2.6,0.4,0.2,0.8,,,,,7.8,
202604,Wahroonga (Ada Avenue),,0.2,0.2,8.0,15.2,,,,0.2,,,,,,,0.2,,0.2,,,,0.6,0.2,,0.2,0.2,0.2,,0.2,7.6,
202604,Wedderburn (Booalbyn),,,1.0,,1.0,,2.0,,,,,,,,,,,,,,,1.0,,,1.0,,,,,,
202604,Wyong (Kulnura (Jeavons)),,,,2.0,13.0,,,,,,,,,,,,,,,,,,,,,,,,,,
202604,Yarramalong (Lewensbrook),,,,13.0,10.0,10.0,,,,,,,,,,,,5.0,,,,,,,,,,,,1.0,
202604,"Most values are the precipitation in the 24 hoursto9 am on the day indicated.
Days marked with → are part of a longer accumulation, which is shown on the final day.Values over 100 mm have been rounded to the nearest whole millimetre.Days marked with - have a rainfall report of zero;
days left blank have no rainfall report (which often indicates no rain fell).",,,,,,,,,,,,,,,,,,,,,,,,,,,,,,,
202604,Rainfalls colouredaccording to the amount,0,1.0,5.0,10.0,15.0,25.0,50.0,100,150,200,300,400,600,millimetres,,,,,,,,,,,,,,,,,
